dataset,method,metric,epoch,mean,min,max,n_seeds
checkerboard,fullKTA,test_accuracy,1.0,0.4333333333333333,0.3333333333333333,0.5666666666666667,10
checkerboard,fullKTA,test_accuracy,2.0,0.4633333333333334,0.36666666666666664,0.5333333333333333,10
checkerboard,fullKTA,test_accuracy,3.0,0.45999999999999996,0.4,0.5666666666666667,10
checkerboard,fullKTA,test_accuracy,4.0,0.4766666666666667,0.4,0.5666666666666667,10
checkerboard,fullKTA,test_accuracy,5.0,0.49000000000000005,0.4,0.6333333333333333,10
checkerboard,fullKTA,test_accuracy,6.0,0.5266666666666666,0.4,0.7666666666666667,10
checkerboard,fullKTA,test_accuracy,7.0,0.5700000000000001,0.4,0.7666666666666667,10
checkerboard,fullKTA,test_accuracy,8.0,0.5966666666666667,0.4,0.8333333333333334,10
checkerboard,fullKTA,test_accuracy,9.0,0.63,0.4,0.9,10
checkerboard,fullKTA,test_accuracy,10.0,0.6799999999999999,0.4,0.9666666666666667,10
checkerboard,fullKTA,test_accuracy,11.0,0.7266666666666667,0.4,1.0,10
checkerboard,fullKTA,test_accuracy,12.0,0.7566666666666666,0.4,1.0,10
checkerboard,fullKTA,test_accuracy,13.0,0.7866666666666667,0.4,1.0,10
checkerboard,fullKTA,test_accuracy,14.0,0.8,0.4,1.0,10
checkerboard,fullKTA,test_accuracy,15.0,0.8233333333333335,0.4,1.0,10
checkerboard,fullKTA,test_accuracy,16.0,0.8433333333333334,0.4,1.0,10
checkerboard,fullKTA,test_accuracy,17.0,0.85,0.4,1.0,10
checkerboard,fullKTA,test_accuracy,18.0,0.85,0.4,1.0,10
checkerboard,fullKTA,test_accuracy,19.0,0.8533333333333333,0.4,1.0,10
checkerboard,fullKTA,test_accuracy,20.0,0.8666666666666666,0.4,1.0,10
checkerboard,fullKTA,test_accuracy,21.0,0.8733333333333334,0.4,1.0,10
checkerboard,fullKTA,test_accuracy,22.0,0.8800000000000001,0.4,1.0,10
checkerboard,fullKTA,test_accuracy,23.0,0.89,0.4,1.0,10
checkerboard,fullKTA,test_accuracy,24.0,0.9066666666666666,0.4,1.0,10
checkerboard,fullKTA,test_accuracy,25.0,0.9199999999999999,0.4,1.0,10
checkerboard,fullKTA,test_accuracy,26.0,0.9333333333333333,0.4,1.0,10
checkerboard,fullKTA,test_accuracy,27.0,0.9333333333333333,0.4,1.0,10
checkerboard,fullKTA,test_accuracy,28.0,0.9333333333333333,0.4,1.0,10
checkerboard,fullKTA,test_accuracy,29.0,0.9400000000000001,0.4,1.0,10
checkerboard,fullKTA,test_accuracy,30.0,0.9400000000000001,0.4,1.0,10
checkerboard,fullKTA,test_accuracy,31.0,0.9400000000000001,0.4,1.0,10
checkerboard,fullKTA,test_accuracy,32.0,0.9400000000000001,0.4,1.0,10
checkerboard,fullKTA,test_accuracy,33.0,0.9433333333333334,0.43333333333333335,1.0,10
checkerboard,fullKTA,test_accuracy,34.0,0.9566666666666667,0.6,1.0,10
checkerboard,fullKTA,test_accuracy,35.0,0.9733333333333334,0.7666666666666667,1.0,10
checkerboard,fullKTA,test_accuracy,36.0,0.9766666666666666,0.8,1.0,10
checkerboard,fullKTA,test_accuracy,37.0,0.9833333333333334,0.8666666666666667,1.0,10
checkerboard,fullKTA,test_accuracy,38.0,0.9933333333333334,0.9666666666666667,1.0,10
checkerboard,fullKTA,test_accuracy,39.0,1.0,1.0,1.0,10
checkerboard,fullKTA,test_accuracy,40.0,1.0,1.0,1.0,10
checkerboard,fullKTA,test_accuracy,41.0,1.0,1.0,1.0,10
checkerboard,fullKTA,test_accuracy,42.0,1.0,1.0,1.0,10
checkerboard,fullKTA,test_accuracy,43.0,1.0,1.0,1.0,10
checkerboard,fullKTA,test_accuracy,44.0,1.0,1.0,1.0,10
checkerboard,fullKTA,test_accuracy,45.0,1.0,1.0,1.0,10
checkerboard,fullKTA,test_accuracy,46.0,1.0,1.0,1.0,10
checkerboard,fullKTA,test_accuracy,47.0,1.0,1.0,1.0,10
checkerboard,fullKTA,test_accuracy,48.0,1.0,1.0,1.0,10
checkerboard,fullKTA,test_accuracy,49.0,1.0,1.0,1.0,10
checkerboard,fullKTA,test_accuracy,50.0,1.0,1.0,1.0,10
checkerboard,fullKTA,test_accuracy,51.0,1.0,1.0,1.0,10
checkerboard,fullKTA,test_accuracy,52.0,1.0,1.0,1.0,10
checkerboard,fullKTA,test_accuracy,53.0,1.0,1.0,1.0,10
checkerboard,fullKTA,test_accuracy,54.0,1.0,1.0,1.0,10
checkerboard,fullKTA,test_accuracy,55.0,1.0,1.0,1.0,10
checkerboard,fullKTA,test_accuracy,56.0,1.0,1.0,1.0,10
checkerboard,fullKTA,test_accuracy,57.0,1.0,1.0,1.0,10
checkerboard,fullKTA,test_accuracy,58.0,1.0,1.0,1.0,10
checkerboard,fullKTA,test_accuracy,59.0,1.0,1.0,1.0,10
checkerboard,fullKTA,test_accuracy,60.0,1.0,1.0,1.0,10
checkerboard,fullKTA,test_accuracy,61.0,1.0,1.0,1.0,10
checkerboard,fullKTA,test_accuracy,62.0,1.0,1.0,1.0,10
checkerboard,fullKTA,test_accuracy,63.0,1.0,1.0,1.0,10
checkerboard,fullKTA,test_accuracy,64.0,1.0,1.0,1.0,10
checkerboard,fullKTA,test_accuracy,65.0,1.0,1.0,1.0,10
checkerboard,fullKTA,test_accuracy,66.0,1.0,1.0,1.0,10
checkerboard,fullKTA,test_accuracy,67.0,1.0,1.0,1.0,10
checkerboard,fullKTA,test_accuracy,68.0,0.9966666666666667,0.9666666666666667,1.0,10
checkerboard,fullKTA,test_accuracy,69.0,0.9966666666666667,0.9666666666666667,1.0,10
checkerboard,fullKTA,test_accuracy,70.0,0.9966666666666667,0.9666666666666667,1.0,10
checkerboard,fullKTA,test_accuracy,71.0,0.9966666666666667,0.9666666666666667,1.0,10
checkerboard,fullKTA,test_accuracy,72.0,0.9966666666666667,0.9666666666666667,1.0,10
checkerboard,fullKTA,test_accuracy,73.0,0.9966666666666667,0.9666666666666667,1.0,10
checkerboard,fullKTA,test_accuracy,74.0,0.9966666666666667,0.9666666666666667,1.0,10
checkerboard,fullKTA,test_accuracy,75.0,0.9966666666666667,0.9666666666666667,1.0,10
checkerboard,fullKTA,test_accuracy,76.0,0.9966666666666667,0.9666666666666667,1.0,10
checkerboard,fullKTA,test_accuracy,77.0,0.9966666666666667,0.9666666666666667,1.0,10
checkerboard,fullKTA,test_accuracy,78.0,0.9966666666666667,0.9666666666666667,1.0,10
checkerboard,fullKTA,test_accuracy,79.0,0.9966666666666667,0.9666666666666667,1.0,10
checkerboard,fullKTA,test_accuracy,80.0,0.9966666666666667,0.9666666666666667,1.0,10
checkerboard,fullKTA,test_accuracy,81.0,0.9966666666666667,0.9666666666666667,1.0,10
checkerboard,fullKTA,test_accuracy,82.0,0.9966666666666667,0.9666666666666667,1.0,10
checkerboard,fullKTA,test_accuracy,83.0,0.9966666666666667,0.9666666666666667,1.0,10
checkerboard,fullKTA,test_accuracy,84.0,0.9966666666666667,0.9666666666666667,1.0,10
checkerboard,fullKTA,test_accuracy,85.0,0.9966666666666667,0.9666666666666667,1.0,10
checkerboard,fullKTA,test_accuracy,86.0,0.9966666666666667,0.9666666666666667,1.0,10
checkerboard,fullKTA,test_accuracy,87.0,0.9966666666666667,0.9666666666666667,1.0,10
checkerboard,fullKTA,test_accuracy,88.0,0.9966666666666667,0.9666666666666667,1.0,10
checkerboard,fullKTA,test_accuracy,89.0,0.9966666666666667,0.9666666666666667,1.0,10
checkerboard,fullKTA,test_accuracy,90.0,0.9966666666666667,0.9666666666666667,1.0,10
checkerboard,fullKTA,test_accuracy,91.0,0.9966666666666667,0.9666666666666667,1.0,10
checkerboard,fullKTA,test_accuracy,92.0,0.9966666666666667,0.9666666666666667,1.0,10
checkerboard,fullKTA,test_accuracy,93.0,0.9966666666666667,0.9666666666666667,1.0,10
checkerboard,fullKTA,test_accuracy,94.0,0.9966666666666667,0.9666666666666667,1.0,10
checkerboard,fullKTA,test_accuracy,95.0,0.9966666666666667,0.9666666666666667,1.0,10
checkerboard,fullKTA,test_accuracy,96.0,0.9966666666666667,0.9666666666666667,1.0,10
checkerboard,fullKTA,test_accuracy,97.0,0.9966666666666667,0.9666666666666667,1.0,10
checkerboard,fullKTA,test_accuracy,98.0,0.9966666666666667,0.9666666666666667,1.0,10
checkerboard,fullKTA,test_accuracy,99.0,0.9966666666666667,0.9666666666666667,1.0,10
checkerboard,fullKTA,test_accuracy,100.0,0.9966666666666667,0.9666666666666667,1.0,10
checkerboard,randomKTA,test_accuracy,1.0,0.4366666666666667,0.36666666666666664,0.5333333333333333,10
checkerboard,randomKTA,test_accuracy,2.0,0.43,0.36666666666666664,0.5,10
checkerboard,randomKTA,test_accuracy,3.0,0.42666666666666664,0.36666666666666664,0.5,10
checkerboard,randomKTA,test_accuracy,4.0,0.42666666666666664,0.3,0.5666666666666667,10
checkerboard,randomKTA,test_accuracy,5.0,0.42666666666666664,0.3333333333333333,0.5,10
checkerboard,randomKTA,test_accuracy,6.0,0.45,0.3,0.5666666666666667,10
checkerboard,randomKTA,test_accuracy,7.0,0.45,0.3333333333333333,0.5666666666666667,10
checkerboard,randomKTA,test_accuracy,8.0,0.4533333333333333,0.4,0.6,10
checkerboard,randomKTA,test_accuracy,9.0,0.45666666666666667,0.4,0.5333333333333333,10
checkerboard,randomKTA,test_accuracy,10.0,0.4533333333333333,0.4,0.5333333333333333,10
checkerboard,randomKTA,test_accuracy,11.0,0.44000000000000006,0.36666666666666664,0.5,10
checkerboard,randomKTA,test_accuracy,12.0,0.44000000000000006,0.3333333333333333,0.5,10
checkerboard,randomKTA,test_accuracy,13.0,0.44666666666666666,0.3333333333333333,0.5,10
checkerboard,randomKTA,test_accuracy,14.0,0.45,0.3333333333333333,0.5333333333333333,10
checkerboard,randomKTA,test_accuracy,15.0,0.45,0.3333333333333333,0.5333333333333333,10
checkerboard,randomKTA,test_accuracy,16.0,0.4533333333333333,0.3333333333333333,0.5333333333333333,10
checkerboard,randomKTA,test_accuracy,17.0,0.4533333333333333,0.3333333333333333,0.5333333333333333,10
checkerboard,randomKTA,test_accuracy,18.0,0.4533333333333333,0.3333333333333333,0.5333333333333333,10
checkerboard,randomKTA,test_accuracy,19.0,0.45,0.3333333333333333,0.5333333333333333,10
checkerboard,randomKTA,test_accuracy,20.0,0.44000000000000006,0.3333333333333333,0.5333333333333333,10
checkerboard,randomKTA,test_accuracy,21.0,0.45666666666666667,0.36666666666666664,0.5333333333333333,10
checkerboard,randomKTA,test_accuracy,22.0,0.48,0.4,0.6333333333333333,10
checkerboard,randomKTA,test_accuracy,23.0,0.4966666666666667,0.4,0.7333333333333333,10
checkerboard,randomKTA,test_accuracy,24.0,0.5,0.4,0.7666666666666667,10
checkerboard,randomKTA,test_accuracy,25.0,0.5033333333333333,0.4,0.7333333333333333,10
checkerboard,randomKTA,test_accuracy,26.0,0.5166666666666667,0.4,0.8333333333333334,10
checkerboard,randomKTA,test_accuracy,27.0,0.5166666666666667,0.4,0.8333333333333334,10
checkerboard,randomKTA,test_accuracy,28.0,0.53,0.4,0.8333333333333334,10
checkerboard,randomKTA,test_accuracy,29.0,0.5433333333333333,0.4,0.9,10
checkerboard,randomKTA,test_accuracy,30.0,0.5566666666666666,0.4,0.9666666666666667,10
checkerboard,randomKTA,test_accuracy,31.0,0.5733333333333334,0.4,1.0,10
checkerboard,randomKTA,test_accuracy,32.0,0.5933333333333334,0.4,1.0,10
checkerboard,randomKTA,test_accuracy,33.0,0.6066666666666667,0.4,1.0,10
checkerboard,randomKTA,test_accuracy,34.0,0.6133333333333333,0.4,1.0,10
checkerboard,randomKTA,test_accuracy,35.0,0.6233333333333333,0.36666666666666664,1.0,10
checkerboard,randomKTA,test_accuracy,36.0,0.6433333333333333,0.4,1.0,10
checkerboard,randomKTA,test_accuracy,37.0,0.6533333333333333,0.36666666666666664,1.0,10
checkerboard,randomKTA,test_accuracy,38.0,0.6599999999999999,0.36666666666666664,1.0,10
checkerboard,randomKTA,test_accuracy,39.0,0.6666666666666667,0.3333333333333333,1.0,10
checkerboard,randomKTA,test_accuracy,40.0,0.6766666666666666,0.3333333333333333,1.0,10
checkerboard,randomKTA,test_accuracy,41.0,0.6833333333333333,0.3333333333333333,1.0,10
checkerboard,randomKTA,test_accuracy,42.0,0.71,0.36666666666666664,1.0,10
checkerboard,randomKTA,test_accuracy,43.0,0.72,0.4,1.0,10
checkerboard,randomKTA,test_accuracy,44.0,0.7233333333333334,0.36666666666666664,1.0,10
checkerboard,randomKTA,test_accuracy,45.0,0.7333333333333333,0.36666666666666664,1.0,10
checkerboard,randomKTA,test_accuracy,46.0,0.7433333333333334,0.36666666666666664,1.0,10
checkerboard,randomKTA,test_accuracy,47.0,0.7666666666666667,0.4,1.0,10
checkerboard,randomKTA,test_accuracy,48.0,0.78,0.4,1.0,10
checkerboard,randomKTA,test_accuracy,49.0,0.7866666666666667,0.4,1.0,10
checkerboard,randomKTA,test_accuracy,50.0,0.79,0.4,1.0,10
checkerboard,randomKTA,test_accuracy,51.0,0.7966666666666666,0.4,1.0,10
checkerboard,randomKTA,test_accuracy,52.0,0.8166666666666667,0.4666666666666667,1.0,10
checkerboard,randomKTA,test_accuracy,53.0,0.8333333333333334,0.5333333333333333,1.0,10
checkerboard,randomKTA,test_accuracy,54.0,0.8400000000000001,0.5333333333333333,1.0,10
checkerboard,randomKTA,test_accuracy,55.0,0.8400000000000001,0.5333333333333333,1.0,10
checkerboard,randomKTA,test_accuracy,56.0,0.8533333333333333,0.6,1.0,10
checkerboard,randomKTA,test_accuracy,57.0,0.8733333333333333,0.6666666666666666,1.0,10
checkerboard,randomKTA,test_accuracy,58.0,0.8866666666666667,0.7,1.0,10
checkerboard,randomKTA,test_accuracy,59.0,0.8866666666666667,0.7,1.0,10
checkerboard,randomKTA,test_accuracy,60.0,0.8966666666666667,0.7,1.0,10
checkerboard,randomKTA,test_accuracy,61.0,0.9066666666666666,0.7,1.0,10
checkerboard,randomKTA,test_accuracy,62.0,0.9266666666666667,0.7,1.0,10
checkerboard,randomKTA,test_accuracy,63.0,0.9333333333333333,0.7,1.0,10
checkerboard,randomKTA,test_accuracy,64.0,0.9400000000000001,0.7333333333333333,1.0,10
checkerboard,randomKTA,test_accuracy,65.0,0.9333333333333333,0.7,1.0,10
checkerboard,randomKTA,test_accuracy,66.0,0.93,0.7,1.0,10
checkerboard,randomKTA,test_accuracy,67.0,0.9366666666666668,0.7666666666666667,1.0,10
checkerboard,randomKTA,test_accuracy,68.0,0.9533333333333334,0.8,1.0,10
checkerboard,randomKTA,test_accuracy,69.0,0.9533333333333334,0.8333333333333334,1.0,10
checkerboard,randomKTA,test_accuracy,70.0,0.9533333333333334,0.8666666666666667,1.0,10
checkerboard,randomKTA,test_accuracy,71.0,0.9533333333333334,0.9,1.0,10
checkerboard,randomKTA,test_accuracy,72.0,0.96,0.9,1.0,10
checkerboard,randomKTA,test_accuracy,73.0,0.95,0.8333333333333334,1.0,10
checkerboard,randomKTA,test_accuracy,74.0,0.95,0.8333333333333334,1.0,10
checkerboard,randomKTA,test_accuracy,75.0,0.9533333333333334,0.8333333333333334,1.0,10
checkerboard,randomKTA,test_accuracy,76.0,0.9633333333333333,0.8333333333333334,1.0,10
checkerboard,randomKTA,test_accuracy,77.0,0.97,0.8333333333333334,1.0,10
checkerboard,randomKTA,test_accuracy,78.0,0.9833333333333334,0.8333333333333334,1.0,10
checkerboard,randomKTA,test_accuracy,79.0,0.9833333333333334,0.8333333333333334,1.0,10
checkerboard,randomKTA,test_accuracy,80.0,0.9833333333333334,0.8333333333333334,1.0,10
checkerboard,randomKTA,test_accuracy,81.0,0.9833333333333334,0.8333333333333334,1.0,10
checkerboard,randomKTA,test_accuracy,82.0,0.9833333333333334,0.8333333333333334,1.0,10
checkerboard,randomKTA,test_accuracy,83.0,0.9833333333333334,0.8333333333333334,1.0,10
checkerboard,randomKTA,test_accuracy,84.0,0.9833333333333334,0.8333333333333334,1.0,10
checkerboard,randomKTA,test_accuracy,85.0,0.9800000000000001,0.8333333333333334,1.0,10
checkerboard,randomKTA,test_accuracy,86.0,0.9800000000000001,0.8333333333333334,1.0,10
checkerboard,randomKTA,test_accuracy,87.0,0.9766666666666668,0.8333333333333334,1.0,10
checkerboard,randomKTA,test_accuracy,88.0,0.9766666666666668,0.8333333333333334,1.0,10
checkerboard,randomKTA,test_accuracy,89.0,0.9800000000000001,0.8666666666666667,1.0,10
checkerboard,randomKTA,test_accuracy,90.0,0.9800000000000001,0.8666666666666667,1.0,10
checkerboard,randomKTA,test_accuracy,91.0,0.9800000000000001,0.8666666666666667,1.0,10
checkerboard,randomKTA,test_accuracy,92.0,0.9933333333333334,0.9666666666666667,1.0,10
checkerboard,randomKTA,test_accuracy,93.0,0.9933333333333334,0.9666666666666667,1.0,10
checkerboard,randomKTA,test_accuracy,94.0,0.9966666666666667,0.9666666666666667,1.0,10
checkerboard,randomKTA,test_accuracy,95.0,1.0,1.0,1.0,10
checkerboard,randomKTA,test_accuracy,96.0,1.0,1.0,1.0,10
checkerboard,randomKTA,test_accuracy,97.0,1.0,1.0,1.0,10
checkerboard,randomKTA,test_accuracy,98.0,1.0,1.0,1.0,10
checkerboard,randomKTA,test_accuracy,99.0,1.0,1.0,1.0,10
checkerboard,randomKTA,test_accuracy,100.0,1.0,1.0,1.0,10
checkerboard,quackKTA,test_accuracy,1.0,0.45,0.4,0.5333333333333333,10
checkerboard,quackKTA,test_accuracy,2.0,0.45,0.4,0.5333333333333333,10
checkerboard,quackKTA,test_accuracy,3.0,0.45999999999999996,0.4,0.5666666666666667,10
checkerboard,quackKTA,test_accuracy,4.0,0.45999999999999996,0.4,0.5666666666666667,10
checkerboard,quackKTA,test_accuracy,5.0,0.47333333333333333,0.4,0.5666666666666667,10
checkerboard,quackKTA,test_accuracy,6.0,0.47333333333333333,0.4,0.5666666666666667,10
checkerboard,quackKTA,test_accuracy,7.0,0.45666666666666667,0.4,0.5,10
checkerboard,quackKTA,test_accuracy,8.0,0.45666666666666667,0.4,0.5,10
checkerboard,quackKTA,test_accuracy,9.0,0.4333333333333333,0.26666666666666666,0.5,10
checkerboard,quackKTA,test_accuracy,10.0,0.4333333333333333,0.26666666666666666,0.5,10
checkerboard,quackKTA,test_accuracy,11.0,0.44000000000000006,0.4,0.5,10
checkerboard,quackKTA,test_accuracy,12.0,0.44000000000000006,0.4,0.5,10
checkerboard,quackKTA,test_accuracy,13.0,0.45999999999999996,0.36666666666666664,0.6,10
checkerboard,quackKTA,test_accuracy,14.0,0.45999999999999996,0.36666666666666664,0.6,10
checkerboard,quackKTA,test_accuracy,15.0,0.4766666666666667,0.36666666666666664,0.6333333333333333,10
checkerboard,quackKTA,test_accuracy,16.0,0.4766666666666667,0.36666666666666664,0.6333333333333333,10
checkerboard,quackKTA,test_accuracy,17.0,0.5233333333333333,0.36666666666666664,0.8333333333333334,10
checkerboard,quackKTA,test_accuracy,18.0,0.5233333333333333,0.36666666666666664,0.8333333333333334,10
checkerboard,quackKTA,test_accuracy,19.0,0.5566666666666666,0.36666666666666664,0.9666666666666667,10
checkerboard,quackKTA,test_accuracy,20.0,0.5566666666666666,0.36666666666666664,0.9666666666666667,10
checkerboard,quackKTA,test_accuracy,21.0,0.58,0.3333333333333333,1.0,10
checkerboard,quackKTA,test_accuracy,22.0,0.58,0.3333333333333333,1.0,10
checkerboard,quackKTA,test_accuracy,23.0,0.6033333333333333,0.3,1.0,10
checkerboard,quackKTA,test_accuracy,24.0,0.6033333333333333,0.3,1.0,10
checkerboard,quackKTA,test_accuracy,25.0,0.6266666666666667,0.3,1.0,10
checkerboard,quackKTA,test_accuracy,26.0,0.6266666666666667,0.3,1.0,10
checkerboard,quackKTA,test_accuracy,27.0,0.6433333333333333,0.3333333333333333,1.0,10
checkerboard,quackKTA,test_accuracy,28.0,0.6433333333333333,0.3333333333333333,1.0,10
checkerboard,quackKTA,test_accuracy,29.0,0.6866666666666668,0.4,1.0,10
checkerboard,quackKTA,test_accuracy,30.0,0.6866666666666668,0.4,1.0,10
checkerboard,quackKTA,test_accuracy,31.0,0.6833333333333333,0.3333333333333333,1.0,10
checkerboard,quackKTA,test_accuracy,32.0,0.6833333333333333,0.3333333333333333,1.0,10
checkerboard,quackKTA,test_accuracy,33.0,0.6933333333333334,0.36666666666666664,1.0,10
checkerboard,quackKTA,test_accuracy,34.0,0.6933333333333334,0.36666666666666664,1.0,10
checkerboard,quackKTA,test_accuracy,35.0,0.71,0.36666666666666664,1.0,10
checkerboard,quackKTA,test_accuracy,36.0,0.71,0.36666666666666664,1.0,10
checkerboard,quackKTA,test_accuracy,37.0,0.73,0.36666666666666664,1.0,10
checkerboard,quackKTA,test_accuracy,38.0,0.73,0.36666666666666664,1.0,10
checkerboard,quackKTA,test_accuracy,39.0,0.7433333333333334,0.4,1.0,10
checkerboard,quackKTA,test_accuracy,40.0,0.7433333333333334,0.4,1.0,10
checkerboard,quackKTA,test_accuracy,41.0,0.7666666666666666,0.4,1.0,10
checkerboard,quackKTA,test_accuracy,42.0,0.7666666666666666,0.4,1.0,10
checkerboard,quackKTA,test_accuracy,43.0,0.7933333333333333,0.4,1.0,10
checkerboard,quackKTA,test_accuracy,44.0,0.7933333333333333,0.4,1.0,10
checkerboard,quackKTA,test_accuracy,45.0,0.8333333333333334,0.4,1.0,10
checkerboard,quackKTA,test_accuracy,46.0,0.8333333333333334,0.4,1.0,10
checkerboard,quackKTA,test_accuracy,47.0,0.8433333333333334,0.4,1.0,10
checkerboard,quackKTA,test_accuracy,48.0,0.8433333333333334,0.4,1.0,10
checkerboard,quackKTA,test_accuracy,49.0,0.8666666666666666,0.5,1.0,10
checkerboard,quackKTA,test_accuracy,50.0,0.8666666666666666,0.5,1.0,10
checkerboard,quackKTA,test_accuracy,51.0,0.8766666666666666,0.5333333333333333,1.0,10
checkerboard,quackKTA,test_accuracy,52.0,0.8766666666666666,0.5333333333333333,1.0,10
checkerboard,quackKTA,test_accuracy,53.0,0.8833333333333332,0.6,1.0,10
checkerboard,quackKTA,test_accuracy,54.0,0.8833333333333332,0.6,1.0,10
checkerboard,quackKTA,test_accuracy,55.0,0.8933333333333333,0.7,1.0,10
checkerboard,quackKTA,test_accuracy,56.0,0.8933333333333333,0.7,1.0,10
checkerboard,quackKTA,test_accuracy,57.0,0.8933333333333333,0.7,1.0,10
checkerboard,quackKTA,test_accuracy,58.0,0.8933333333333333,0.7,1.0,10
checkerboard,quackKTA,test_accuracy,59.0,0.8966666666666667,0.7,1.0,10
checkerboard,quackKTA,test_accuracy,60.0,0.8966666666666667,0.7,1.0,10
checkerboard,quackKTA,test_accuracy,61.0,0.9033333333333333,0.7,1.0,10
checkerboard,quackKTA,test_accuracy,62.0,0.9033333333333333,0.7,1.0,10
checkerboard,quackKTA,test_accuracy,63.0,0.9033333333333333,0.7,1.0,10
checkerboard,quackKTA,test_accuracy,64.0,0.9033333333333333,0.7,1.0,10
checkerboard,quackKTA,test_accuracy,65.0,0.9033333333333333,0.7,1.0,10
checkerboard,quackKTA,test_accuracy,66.0,0.9033333333333333,0.7,1.0,10
checkerboard,quackKTA,test_accuracy,67.0,0.9033333333333333,0.7,1.0,10
checkerboard,quackKTA,test_accuracy,68.0,0.9033333333333333,0.7,1.0,10
checkerboard,quackKTA,test_accuracy,69.0,0.9066666666666666,0.7,1.0,10
checkerboard,quackKTA,test_accuracy,70.0,0.9066666666666666,0.7,1.0,10
checkerboard,quackKTA,test_accuracy,71.0,0.9066666666666666,0.7,1.0,10
checkerboard,quackKTA,test_accuracy,72.0,0.9066666666666666,0.7,1.0,10
checkerboard,quackKTA,test_accuracy,73.0,0.9099999999999999,0.7,1.0,10
checkerboard,quackKTA,test_accuracy,74.0,0.9099999999999999,0.7,1.0,10
checkerboard,quackKTA,test_accuracy,75.0,0.9133333333333333,0.7,1.0,10
checkerboard,quackKTA,test_accuracy,76.0,0.9133333333333333,0.7,1.0,10
checkerboard,quackKTA,test_accuracy,77.0,0.9133333333333333,0.7,1.0,10
checkerboard,quackKTA,test_accuracy,78.0,0.9133333333333333,0.7,1.0,10
checkerboard,quackKTA,test_accuracy,79.0,0.9133333333333333,0.7,1.0,10
checkerboard,quackKTA,test_accuracy,80.0,0.9133333333333333,0.7,1.0,10
checkerboard,quackKTA,test_accuracy,81.0,0.9166666666666666,0.7,1.0,10
checkerboard,quackKTA,test_accuracy,82.0,0.9166666666666666,0.7,1.0,10
checkerboard,quackKTA,test_accuracy,83.0,0.9199999999999999,0.7,1.0,10
checkerboard,quackKTA,test_accuracy,84.0,0.9199999999999999,0.7,1.0,10
checkerboard,quackKTA,test_accuracy,85.0,0.9199999999999999,0.7,1.0,10
checkerboard,quackKTA,test_accuracy,86.0,0.9199999999999999,0.7,1.0,10
checkerboard,quackKTA,test_accuracy,87.0,0.9233333333333335,0.7,1.0,10
checkerboard,quackKTA,test_accuracy,88.0,0.9233333333333335,0.7,1.0,10
checkerboard,quackKTA,test_accuracy,89.0,0.9233333333333335,0.7,1.0,10
checkerboard,quackKTA,test_accuracy,90.0,0.9233333333333335,0.7,1.0,10
checkerboard,quackKTA,test_accuracy,91.0,0.9166666666666667,0.7,1.0,10
checkerboard,quackKTA,test_accuracy,92.0,0.9166666666666667,0.7,1.0,10
checkerboard,quackKTA,test_accuracy,93.0,0.9166666666666667,0.7,1.0,10
checkerboard,quackKTA,test_accuracy,94.0,0.9166666666666667,0.7,1.0,10
checkerboard,quackKTA,test_accuracy,95.0,0.9199999999999999,0.7,1.0,10
checkerboard,quackKTA,test_accuracy,96.0,0.9199999999999999,0.7,1.0,10
checkerboard,quackKTA,test_accuracy,97.0,0.9166666666666666,0.7,1.0,10
checkerboard,quackKTA,test_accuracy,98.0,0.9166666666666666,0.7,1.0,10
checkerboard,quackKTA,test_accuracy,99.0,0.9199999999999999,0.7,1.0,10
checkerboard,quackKTA,test_accuracy,100.0,0.9199999999999999,0.7,1.0,10
checkerboard,centroidBasedKTA,test_accuracy,1.0,0.5466666666666666,0.36666666666666664,0.8333333333333334,10
checkerboard,centroidBasedKTA,test_accuracy,2.0,0.6233333333333333,0.36666666666666664,1.0,10
checkerboard,centroidBasedKTA,test_accuracy,3.0,0.6333333333333333,0.4,0.8333333333333334,10
checkerboard,centroidBasedKTA,test_accuracy,4.0,0.6633333333333333,0.4,0.8,10
checkerboard,centroidBasedKTA,test_accuracy,5.0,0.6733333333333333,0.4,0.9,10
checkerboard,centroidBasedKTA,test_accuracy,6.0,0.7566666666666666,0.4,1.0,10
checkerboard,centroidBasedKTA,test_accuracy,7.0,0.6966666666666667,0.4,0.9,10
checkerboard,centroidBasedKTA,test_accuracy,8.0,0.6900000000000001,0.4,0.9,10
checkerboard,centroidBasedKTA,test_accuracy,9.0,0.67,0.4,0.8666666666666667,10
checkerboard,centroidBasedKTA,test_accuracy,10.0,0.7,0.4,0.9333333333333333,10
checkerboard,centroidBasedKTA,test_accuracy,11.0,0.6866666666666668,0.4,0.9,10
checkerboard,centroidBasedKTA,test_accuracy,12.0,0.6533333333333333,0.4,0.8666666666666667,10
checkerboard,centroidBasedKTA,test_accuracy,13.0,0.7233333333333334,0.4,0.8666666666666667,10
checkerboard,centroidBasedKTA,test_accuracy,14.0,0.7266666666666667,0.4,0.9333333333333333,10
checkerboard,centroidBasedKTA,test_accuracy,15.0,0.7466666666666667,0.4,0.9666666666666667,10
checkerboard,centroidBasedKTA,test_accuracy,16.0,0.7366666666666667,0.5333333333333333,0.9333333333333333,10
checkerboard,centroidBasedKTA,test_accuracy,17.0,0.71,0.4,0.9,10
checkerboard,centroidBasedKTA,test_accuracy,18.0,0.7033333333333334,0.4,1.0,10
checkerboard,centroidBasedKTA,test_accuracy,19.0,0.7066666666666667,0.4,0.9666666666666667,10
checkerboard,centroidBasedKTA,test_accuracy,20.0,0.6799999999999999,0.4,0.8666666666666667,10
checkerboard,centroidBasedKTA,test_accuracy,21.0,0.67,0.36666666666666664,0.8666666666666667,10
checkerboard,centroidBasedKTA,test_accuracy,22.0,0.6933333333333334,0.4,0.8666666666666667,10
checkerboard,centroidBasedKTA,test_accuracy,23.0,0.6966666666666667,0.3,0.9,10
checkerboard,centroidBasedKTA,test_accuracy,24.0,0.6866666666666668,0.3333333333333333,0.9333333333333333,10
checkerboard,centroidBasedKTA,test_accuracy,25.0,0.7166666666666667,0.5,0.9333333333333333,10
checkerboard,centroidBasedKTA,test_accuracy,26.0,0.7433333333333334,0.5,1.0,10
checkerboard,centroidBasedKTA,test_accuracy,27.0,0.72,0.4666666666666667,0.9333333333333333,10
checkerboard,centroidBasedKTA,test_accuracy,28.0,0.7033333333333334,0.5,0.9333333333333333,10
checkerboard,centroidBasedKTA,test_accuracy,29.0,0.73,0.4666666666666667,0.9333333333333333,10
checkerboard,centroidBasedKTA,test_accuracy,30.0,0.7266666666666667,0.4666666666666667,0.9,10
checkerboard,centroidBasedKTA,test_accuracy,31.0,0.74,0.43333333333333335,0.8666666666666667,10
checkerboard,centroidBasedKTA,test_accuracy,32.0,0.7433333333333334,0.43333333333333335,0.9,10
checkerboard,centroidBasedKTA,test_accuracy,33.0,0.7466666666666667,0.43333333333333335,0.9333333333333333,10
checkerboard,centroidBasedKTA,test_accuracy,34.0,0.7366666666666667,0.4666666666666667,0.8666666666666667,10
checkerboard,centroidBasedKTA,test_accuracy,35.0,0.7533333333333333,0.5666666666666667,0.9333333333333333,10
checkerboard,centroidBasedKTA,test_accuracy,36.0,0.7666666666666667,0.5333333333333333,0.9,10
checkerboard,centroidBasedKTA,test_accuracy,37.0,0.75,0.5333333333333333,0.9333333333333333,10
checkerboard,centroidBasedKTA,test_accuracy,38.0,0.73,0.4666666666666667,0.9,10
checkerboard,centroidBasedKTA,test_accuracy,39.0,0.76,0.4666666666666667,0.9333333333333333,10
checkerboard,centroidBasedKTA,test_accuracy,40.0,0.7333333333333334,0.4666666666666667,0.8666666666666667,10
checkerboard,centroidBasedKTA,test_accuracy,41.0,0.75,0.4666666666666667,0.9333333333333333,10
checkerboard,centroidBasedKTA,test_accuracy,42.0,0.75,0.4666666666666667,0.9333333333333333,10
checkerboard,centroidBasedKTA,test_accuracy,43.0,0.75,0.5,0.9,10
checkerboard,centroidBasedKTA,test_accuracy,44.0,0.75,0.4666666666666667,0.8666666666666667,10
checkerboard,centroidBasedKTA,test_accuracy,45.0,0.7766666666666666,0.5,1.0,10
checkerboard,centroidBasedKTA,test_accuracy,46.0,0.78,0.5,0.9333333333333333,10
checkerboard,centroidBasedKTA,test_accuracy,47.0,0.77,0.4666666666666667,0.8666666666666667,10
checkerboard,centroidBasedKTA,test_accuracy,48.0,0.7433333333333334,0.5,0.8333333333333334,10
checkerboard,centroidBasedKTA,test_accuracy,49.0,0.77,0.4666666666666667,0.9333333333333333,10
checkerboard,centroidBasedKTA,test_accuracy,50.0,0.7666666666666667,0.4666666666666667,1.0,10
checkerboard,centroidBasedKTA,test_accuracy,51.0,0.7633333333333334,0.4666666666666667,1.0,10
checkerboard,centroidBasedKTA,test_accuracy,52.0,0.7533333333333333,0.4666666666666667,1.0,10
checkerboard,centroidBasedKTA,test_accuracy,53.0,0.7566666666666666,0.4666666666666667,1.0,10
checkerboard,centroidBasedKTA,test_accuracy,54.0,0.7433333333333334,0.4666666666666667,0.9,10
checkerboard,centroidBasedKTA,test_accuracy,55.0,0.7666666666666667,0.4666666666666667,0.9333333333333333,10
checkerboard,centroidBasedKTA,test_accuracy,56.0,0.77,0.4666666666666667,0.9333333333333333,10
checkerboard,centroidBasedKTA,test_accuracy,57.0,0.7566666666666666,0.4666666666666667,0.9333333333333333,10
checkerboard,centroidBasedKTA,test_accuracy,58.0,0.7333333333333333,0.4666666666666667,0.8666666666666667,10
checkerboard,centroidBasedKTA,test_accuracy,59.0,0.7633333333333334,0.4666666666666667,0.9333333333333333,10
checkerboard,centroidBasedKTA,test_accuracy,60.0,0.78,0.4666666666666667,0.9333333333333333,10
checkerboard,centroidBasedKTA,test_accuracy,61.0,0.75,0.4666666666666667,0.8666666666666667,10
checkerboard,centroidBasedKTA,test_accuracy,62.0,0.77,0.4666666666666667,0.8666666666666667,10
checkerboard,centroidBasedKTA,test_accuracy,63.0,0.7533333333333333,0.4666666666666667,0.9,10
checkerboard,centroidBasedKTA,test_accuracy,64.0,0.7433333333333334,0.4666666666666667,0.9,10
checkerboard,centroidBasedKTA,test_accuracy,65.0,0.78,0.4666666666666667,0.9,10
checkerboard,centroidBasedKTA,test_accuracy,66.0,0.7866666666666667,0.4666666666666667,0.9333333333333333,10
checkerboard,centroidBasedKTA,test_accuracy,67.0,0.76,0.4666666666666667,0.8666666666666667,10
checkerboard,centroidBasedKTA,test_accuracy,68.0,0.7666666666666667,0.4666666666666667,0.9333333333333333,10
checkerboard,centroidBasedKTA,test_accuracy,69.0,0.7866666666666667,0.4666666666666667,0.9333333333333333,10
checkerboard,centroidBasedKTA,test_accuracy,70.0,0.78,0.4666666666666667,0.9,10
checkerboard,centroidBasedKTA,test_accuracy,71.0,0.76,0.4666666666666667,0.9,10
checkerboard,centroidBasedKTA,test_accuracy,72.0,0.7666666666666667,0.4666666666666667,0.9,10
checkerboard,centroidBasedKTA,test_accuracy,73.0,0.76,0.4666666666666667,0.8666666666666667,10
checkerboard,centroidBasedKTA,test_accuracy,74.0,0.7733333333333333,0.4666666666666667,0.9333333333333333,10
checkerboard,centroidBasedKTA,test_accuracy,75.0,0.7733333333333333,0.4666666666666667,0.9333333333333333,10
checkerboard,centroidBasedKTA,test_accuracy,76.0,0.7733333333333333,0.4666666666666667,0.9333333333333333,10
checkerboard,centroidBasedKTA,test_accuracy,77.0,0.7733333333333333,0.4666666666666667,1.0,10
checkerboard,centroidBasedKTA,test_accuracy,78.0,0.76,0.4666666666666667,0.9,10
checkerboard,centroidBasedKTA,test_accuracy,79.0,0.7733333333333333,0.4666666666666667,0.9333333333333333,10
checkerboard,centroidBasedKTA,test_accuracy,80.0,0.76,0.4666666666666667,0.9,10
checkerboard,centroidBasedKTA,test_accuracy,81.0,0.7933333333333333,0.4666666666666667,0.9333333333333333,10
checkerboard,centroidBasedKTA,test_accuracy,82.0,0.7666666666666667,0.4666666666666667,0.9333333333333333,10
checkerboard,centroidBasedKTA,test_accuracy,83.0,0.7633333333333334,0.4666666666666667,0.9,10
checkerboard,centroidBasedKTA,test_accuracy,84.0,0.76,0.4666666666666667,0.9,10
checkerboard,centroidBasedKTA,test_accuracy,85.0,0.76,0.5,0.9,10
checkerboard,centroidBasedKTA,test_accuracy,86.0,0.7766666666666666,0.4666666666666667,0.9333333333333333,10
checkerboard,centroidBasedKTA,test_accuracy,87.0,0.77,0.4666666666666667,0.9333333333333333,10
checkerboard,centroidBasedKTA,test_accuracy,88.0,0.79,0.5,1.0,10
checkerboard,centroidBasedKTA,test_accuracy,89.0,0.7866666666666667,0.4666666666666667,0.9666666666666667,10
checkerboard,centroidBasedKTA,test_accuracy,90.0,0.7966666666666666,0.4666666666666667,0.9666666666666667,10
checkerboard,centroidBasedKTA,test_accuracy,91.0,0.7633333333333334,0.4666666666666667,0.9,10
checkerboard,centroidBasedKTA,test_accuracy,92.0,0.7733333333333333,0.4666666666666667,0.9,10
checkerboard,centroidBasedKTA,test_accuracy,93.0,0.8133333333333332,0.4666666666666667,1.0,10
checkerboard,centroidBasedKTA,test_accuracy,94.0,0.8,0.43333333333333335,0.9666666666666667,10
checkerboard,centroidBasedKTA,test_accuracy,95.0,0.7966666666666666,0.4666666666666667,0.9,10
checkerboard,centroidBasedKTA,test_accuracy,96.0,0.7966666666666666,0.4666666666666667,0.9666666666666667,10
checkerboard,centroidBasedKTA,test_accuracy,97.0,0.8,0.43333333333333335,0.9666666666666667,10
checkerboard,centroidBasedKTA,test_accuracy,98.0,0.7866666666666667,0.5333333333333333,1.0,10
checkerboard,centroidBasedKTA,test_accuracy,99.0,0.79,0.43333333333333335,0.9,10
checkerboard,centroidBasedKTA,test_accuracy,100.0,0.7966666666666666,0.5333333333333333,0.9,10
checkerboard,greedyKTA,test_accuracy,1.0,0.42666666666666664,0.3333333333333333,0.5666666666666667,10
checkerboard,greedyKTA,test_accuracy,2.0,0.45,0.3333333333333333,0.5666666666666667,10
checkerboard,greedyKTA,test_accuracy,3.0,0.4533333333333333,0.26666666666666666,0.6,10
checkerboard,greedyKTA,test_accuracy,4.0,0.44000000000000006,0.26666666666666666,0.5333333333333333,10
checkerboard,greedyKTA,test_accuracy,5.0,0.45666666666666667,0.3,0.5666666666666667,10
checkerboard,greedyKTA,test_accuracy,6.0,0.48666666666666664,0.3,0.7333333333333333,10
checkerboard,greedyKTA,test_accuracy,7.0,0.5033333333333333,0.3,0.7,10
checkerboard,greedyKTA,test_accuracy,8.0,0.5,0.26666666666666666,0.7333333333333333,10
checkerboard,greedyKTA,test_accuracy,9.0,0.4966666666666667,0.26666666666666666,0.7,10
checkerboard,greedyKTA,test_accuracy,10.0,0.5166666666666667,0.3,0.7,10
checkerboard,greedyKTA,test_accuracy,11.0,0.5266666666666666,0.36666666666666664,0.7333333333333333,10
checkerboard,greedyKTA,test_accuracy,12.0,0.5266666666666666,0.36666666666666664,0.7333333333333333,10
checkerboard,greedyKTA,test_accuracy,13.0,0.54,0.36666666666666664,0.8,10
checkerboard,greedyKTA,test_accuracy,14.0,0.5666666666666667,0.36666666666666664,0.8,10
checkerboard,greedyKTA,test_accuracy,15.0,0.58,0.36666666666666664,0.8,10
checkerboard,greedyKTA,test_accuracy,16.0,0.5966666666666667,0.36666666666666664,0.8333333333333334,10
checkerboard,greedyKTA,test_accuracy,17.0,0.6066666666666667,0.36666666666666664,0.8333333333333334,10
checkerboard,greedyKTA,test_accuracy,18.0,0.6166666666666667,0.3333333333333333,0.9,10
checkerboard,greedyKTA,test_accuracy,19.0,0.6166666666666667,0.26666666666666666,0.9333333333333333,10
checkerboard,greedyKTA,test_accuracy,20.0,0.6266666666666667,0.3,0.9666666666666667,10
checkerboard,greedyKTA,test_accuracy,21.0,0.6433333333333333,0.36666666666666664,1.0,10
checkerboard,greedyKTA,test_accuracy,22.0,0.65,0.4,1.0,10
checkerboard,greedyKTA,test_accuracy,23.0,0.6599999999999999,0.4,1.0,10
checkerboard,greedyKTA,test_accuracy,24.0,0.6666666666666667,0.36666666666666664,1.0,10
checkerboard,greedyKTA,test_accuracy,25.0,0.6566666666666666,0.3333333333333333,1.0,10
checkerboard,greedyKTA,test_accuracy,26.0,0.6633333333333333,0.3333333333333333,1.0,10
checkerboard,greedyKTA,test_accuracy,27.0,0.6599999999999999,0.3333333333333333,0.9666666666666667,10
checkerboard,greedyKTA,test_accuracy,28.0,0.6599999999999999,0.3333333333333333,0.9666666666666667,10
checkerboard,greedyKTA,test_accuracy,29.0,0.6866666666666668,0.36666666666666664,0.9333333333333333,10
checkerboard,greedyKTA,test_accuracy,30.0,0.6866666666666668,0.3,0.9666666666666667,10
checkerboard,greedyKTA,test_accuracy,31.0,0.7,0.3,1.0,10
checkerboard,greedyKTA,test_accuracy,32.0,0.7033333333333334,0.3333333333333333,1.0,10
checkerboard,greedyKTA,test_accuracy,33.0,0.6933333333333334,0.3333333333333333,1.0,10
checkerboard,greedyKTA,test_accuracy,34.0,0.6900000000000001,0.36666666666666664,1.0,10
checkerboard,greedyKTA,test_accuracy,35.0,0.6900000000000001,0.36666666666666664,1.0,10
checkerboard,greedyKTA,test_accuracy,36.0,0.6966666666666667,0.36666666666666664,1.0,10
checkerboard,greedyKTA,test_accuracy,37.0,0.7066666666666667,0.36666666666666664,1.0,10
checkerboard,greedyKTA,test_accuracy,38.0,0.7066666666666667,0.36666666666666664,1.0,10
checkerboard,greedyKTA,test_accuracy,39.0,0.72,0.36666666666666664,1.0,10
checkerboard,greedyKTA,test_accuracy,40.0,0.7233333333333334,0.36666666666666664,1.0,10
checkerboard,greedyKTA,test_accuracy,41.0,0.7233333333333334,0.3333333333333333,1.0,10
checkerboard,greedyKTA,test_accuracy,42.0,0.7233333333333334,0.3,1.0,10
checkerboard,greedyKTA,test_accuracy,43.0,0.7333333333333333,0.3,1.0,10
checkerboard,greedyKTA,test_accuracy,44.0,0.7233333333333334,0.3,1.0,10
checkerboard,greedyKTA,test_accuracy,45.0,0.7233333333333334,0.26666666666666666,1.0,10
checkerboard,greedyKTA,test_accuracy,46.0,0.73,0.26666666666666666,1.0,10
checkerboard,greedyKTA,test_accuracy,47.0,0.7266666666666667,0.26666666666666666,1.0,10
checkerboard,greedyKTA,test_accuracy,48.0,0.75,0.26666666666666666,1.0,10
checkerboard,greedyKTA,test_accuracy,49.0,0.7533333333333333,0.3,1.0,10
checkerboard,greedyKTA,test_accuracy,50.0,0.76,0.3333333333333333,1.0,10
checkerboard,greedyKTA,test_accuracy,51.0,0.7533333333333333,0.3,1.0,10
checkerboard,greedyKTA,test_accuracy,52.0,0.75,0.3,1.0,10
checkerboard,greedyKTA,test_accuracy,53.0,0.7733333333333333,0.3,1.0,10
checkerboard,greedyKTA,test_accuracy,54.0,0.7833333333333334,0.3,1.0,10
checkerboard,greedyKTA,test_accuracy,55.0,0.7966666666666666,0.3,1.0,10
checkerboard,greedyKTA,test_accuracy,56.0,0.8066666666666666,0.3,1.0,10
checkerboard,greedyKTA,test_accuracy,57.0,0.8099999999999999,0.3,1.0,10
checkerboard,greedyKTA,test_accuracy,58.0,0.8099999999999999,0.3,1.0,10
checkerboard,greedyKTA,test_accuracy,59.0,0.8099999999999999,0.3,1.0,10
checkerboard,greedyKTA,test_accuracy,60.0,0.82,0.3,1.0,10
checkerboard,greedyKTA,test_accuracy,61.0,0.8166666666666667,0.3,1.0,10
checkerboard,greedyKTA,test_accuracy,62.0,0.8133333333333332,0.3,1.0,10
checkerboard,greedyKTA,test_accuracy,63.0,0.8033333333333333,0.3,1.0,10
checkerboard,greedyKTA,test_accuracy,64.0,0.7933333333333333,0.3,1.0,10
checkerboard,greedyKTA,test_accuracy,65.0,0.7866666666666667,0.3,1.0,10
checkerboard,greedyKTA,test_accuracy,66.0,0.7866666666666667,0.3,1.0,10
checkerboard,greedyKTA,test_accuracy,67.0,0.79,0.3,1.0,10
checkerboard,greedyKTA,test_accuracy,68.0,0.7933333333333333,0.23333333333333334,1.0,10
checkerboard,greedyKTA,test_accuracy,69.0,0.79,0.23333333333333334,1.0,10
checkerboard,greedyKTA,test_accuracy,70.0,0.7866666666666667,0.23333333333333334,1.0,10
checkerboard,greedyKTA,test_accuracy,71.0,0.7833333333333333,0.23333333333333334,1.0,10
checkerboard,greedyKTA,test_accuracy,72.0,0.78,0.23333333333333334,1.0,10
checkerboard,greedyKTA,test_accuracy,73.0,0.7766666666666666,0.23333333333333334,1.0,10
checkerboard,greedyKTA,test_accuracy,74.0,0.7733333333333333,0.23333333333333334,1.0,10
checkerboard,greedyKTA,test_accuracy,75.0,0.7766666666666666,0.23333333333333334,1.0,10
checkerboard,greedyKTA,test_accuracy,76.0,0.7833333333333333,0.23333333333333334,1.0,10
checkerboard,greedyKTA,test_accuracy,77.0,0.7966666666666666,0.23333333333333334,1.0,10
checkerboard,greedyKTA,test_accuracy,78.0,0.7966666666666666,0.23333333333333334,1.0,10
checkerboard,greedyKTA,test_accuracy,79.0,0.7966666666666666,0.23333333333333334,1.0,10
checkerboard,greedyKTA,test_accuracy,80.0,0.7966666666666666,0.23333333333333334,1.0,10
checkerboard,greedyKTA,test_accuracy,81.0,0.7966666666666666,0.23333333333333334,1.0,10
checkerboard,greedyKTA,test_accuracy,82.0,0.8066666666666666,0.26666666666666666,1.0,10
checkerboard,greedyKTA,test_accuracy,83.0,0.8066666666666666,0.26666666666666666,1.0,10
checkerboard,greedyKTA,test_accuracy,84.0,0.8033333333333333,0.26666666666666666,1.0,10
checkerboard,greedyKTA,test_accuracy,85.0,0.8033333333333333,0.26666666666666666,1.0,10
checkerboard,greedyKTA,test_accuracy,86.0,0.8099999999999999,0.26666666666666666,1.0,10
checkerboard,greedyKTA,test_accuracy,87.0,0.8133333333333332,0.26666666666666666,1.0,10
checkerboard,greedyKTA,test_accuracy,88.0,0.8099999999999999,0.26666666666666666,1.0,10
checkerboard,greedyKTA,test_accuracy,89.0,0.8099999999999999,0.26666666666666666,1.0,10
checkerboard,greedyKTA,test_accuracy,90.0,0.8099999999999999,0.26666666666666666,1.0,10
checkerboard,greedyKTA,test_accuracy,91.0,0.7966666666666666,0.26666666666666666,1.0,10
checkerboard,greedyKTA,test_accuracy,92.0,0.7966666666666666,0.26666666666666666,1.0,10
checkerboard,greedyKTA,test_accuracy,93.0,0.7866666666666667,0.26666666666666666,1.0,10
checkerboard,greedyKTA,test_accuracy,94.0,0.79,0.26666666666666666,1.0,10
checkerboard,greedyKTA,test_accuracy,95.0,0.79,0.26666666666666666,1.0,10
checkerboard,greedyKTA,test_accuracy,96.0,0.7933333333333333,0.26666666666666666,1.0,10
checkerboard,greedyKTA,test_accuracy,97.0,0.7966666666666666,0.3,1.0,10
checkerboard,greedyKTA,test_accuracy,98.0,0.7933333333333333,0.26666666666666666,1.0,10
checkerboard,greedyKTA,test_accuracy,99.0,0.7933333333333333,0.26666666666666666,1.0,10
checkerboard,greedyKTA,test_accuracy,100.0,0.7966666666666666,0.26666666666666666,1.0,10
checkerboard,fullKTA,global_kta,1.0,0.0017728866278039885,0.0006151913561643974,0.002814544339890867,10
checkerboard,fullKTA,global_kta,2.0,0.0021157711098902547,0.000800433089656789,0.003167200581016377,10
checkerboard,fullKTA,global_kta,3.0,0.002413385692695055,0.0009254902168620035,0.003556856373043623,10
checkerboard,fullKTA,global_kta,4.0,0.0026987358534028274,0.001015639271683198,0.004009155703436949,10
checkerboard,fullKTA,global_kta,5.0,0.0030217419590813305,0.0010804284558934823,0.004516500403039997,10
checkerboard,fullKTA,global_kta,6.0,0.003417883345871798,0.0011299275501899326,0.005160301342837644,10
checkerboard,fullKTA,global_kta,7.0,0.0039085800103243855,0.0011800298533969865,0.00589868225366496,10
checkerboard,fullKTA,global_kta,8.0,0.004498004260240037,0.0012304994748727088,0.006714672336621995,10
checkerboard,fullKTA,global_kta,9.0,0.005159149313229022,0.001273651978756453,0.0076854864545627104,10
checkerboard,fullKTA,global_kta,10.0,0.005877110712816205,0.0013316174702759287,0.00879105285735003,10
checkerboard,fullKTA,global_kta,11.0,0.006661095101248481,0.001403760343216216,0.010086460133086051,10
checkerboard,fullKTA,global_kta,12.0,0.007469113885659966,0.00146225654446859,0.011417895962743905,10
checkerboard,fullKTA,global_kta,13.0,0.008198613733849188,0.0015005734822649813,0.012501121682886548,10
checkerboard,fullKTA,global_kta,14.0,0.008841343166788234,0.0015328944241085702,0.01348208238442635,10
checkerboard,fullKTA,global_kta,15.0,0.009445795853292971,0.0015830642902158094,0.014602376600789708,10
checkerboard,fullKTA,global_kta,16.0,0.009970335795449887,0.0016606141448254706,0.015547375978515745,10
checkerboard,fullKTA,global_kta,17.0,0.01037345356928578,0.0017531949967900203,0.016134498935728617,10
checkerboard,fullKTA,global_kta,18.0,0.010689010196446982,0.0018547302619677556,0.016486503012824817,10
checkerboard,fullKTA,global_kta,19.0,0.010993413657850701,0.001984182742915634,0.016741548993184772,10
checkerboard,fullKTA,global_kta,20.0,0.0113213897878092,0.0021757965365484036,0.01697870960513801,10
checkerboard,fullKTA,global_kta,21.0,0.011676190257581941,0.002447217017370285,0.0172188707332825,10
checkerboard,fullKTA,global_kta,22.0,0.01205141691113373,0.0028086296715513653,0.0175041499469258,10
checkerboard,fullKTA,global_kta,23.0,0.012458097601601204,0.003315169505086507,0.017841994126335872,10
checkerboard,fullKTA,global_kta,24.0,0.012898112614220785,0.003432672324503929,0.018211213040610283,10
checkerboard,fullKTA,global_kta,25.0,0.013319304425403966,0.003466244547499045,0.018592100553167495,10
checkerboard,fullKTA,global_kta,26.0,0.013703596551173971,0.0035080251591108292,0.01898190967041709,10
checkerboard,fullKTA,global_kta,27.0,0.014057453378565371,0.0035608466512038355,0.019376783096108005,10
checkerboard,fullKTA,global_kta,28.0,0.014403422478586872,0.0036224649856624737,0.019746424811837752,10
checkerboard,fullKTA,global_kta,29.0,0.014749073026316607,0.003694703636630369,0.020044709291127352,10
checkerboard,fullKTA,global_kta,30.0,0.015063834315868638,0.0037882517237528756,0.020260582349317515,10
checkerboard,fullKTA,global_kta,31.0,0.015375645164868048,0.003921270052131698,0.020432900396615536,10
checkerboard,fullKTA,global_kta,32.0,0.015669461002557845,0.0041307631793367034,0.020590201886633984,10
checkerboard,fullKTA,global_kta,33.0,0.015954616153748827,0.004504283192497599,0.020730921136003787,10
checkerboard,fullKTA,global_kta,34.0,0.01628654925815953,0.005222487341563571,0.020858281305368685,10
checkerboard,fullKTA,global_kta,35.0,0.01669524231774789,0.006531740072229347,0.020995206034717773,10
checkerboard,fullKTA,global_kta,36.0,0.017165808873935644,0.008397898458123085,0.021151748993353515,10
checkerboard,fullKTA,global_kta,37.0,0.01764078013966351,0.010602676078157965,0.021300172646047076,10
checkerboard,fullKTA,global_kta,38.0,0.01806007491232042,0.012645427767597466,0.02140535261856861,10
checkerboard,fullKTA,global_kta,39.0,0.01843761460779486,0.014700658614192843,0.021469249278450616,10
checkerboard,fullKTA,global_kta,40.0,0.018727818547698078,0.01633839583048413,0.02151883448925339,10
checkerboard,fullKTA,global_kta,41.0,0.01891366063926477,0.0165781308534593,0.02156535750178015,10
checkerboard,fullKTA,global_kta,42.0,0.01904308020413133,0.01670678135123591,0.021607555005206003,10
checkerboard,fullKTA,global_kta,43.0,0.019123897746818674,0.016828950339497807,0.021650006691748023,10
checkerboard,fullKTA,global_kta,44.0,0.019190706382710192,0.016835381513056025,0.021691764292585444,10
checkerboard,fullKTA,global_kta,45.0,0.019273815012406215,0.016854131494256644,0.021723207561053295,10
checkerboard,fullKTA,global_kta,46.0,0.019382604786103673,0.01717073627600774,0.0217490398763019,10
checkerboard,fullKTA,global_kta,47.0,0.01950859491397407,0.017341499387936235,0.021784154532169794,10
checkerboard,fullKTA,global_kta,48.0,0.019645506392232906,0.017520981625878035,0.021827783920182555,10
checkerboard,fullKTA,global_kta,49.0,0.019781396048796564,0.01772326228425248,0.021869211520470094,10
checkerboard,fullKTA,global_kta,50.0,0.019897439727566302,0.017948685110113438,0.02190576386397468,10
checkerboard,fullKTA,global_kta,51.0,0.0199806704807629,0.01821372646441534,0.021936707804295724,10
checkerboard,fullKTA,global_kta,52.0,0.020053689386593528,0.018327440492816448,0.02195863531810725,10
checkerboard,fullKTA,global_kta,53.0,0.020141130250259615,0.018415635313409288,0.021975700017940965,10
checkerboard,fullKTA,global_kta,54.0,0.020231941308974353,0.018497780931420172,0.021994961573709837,10
checkerboard,fullKTA,global_kta,55.0,0.02032136146127216,0.018605242478849336,0.02201474805118978,10
checkerboard,fullKTA,global_kta,56.0,0.02040889347926142,0.018720156860994167,0.02203209238141236,10
checkerboard,fullKTA,global_kta,57.0,0.02048690968296276,0.018814524143211612,0.022048529844684542,10
checkerboard,fullKTA,global_kta,58.0,0.020548576753685852,0.018891633084555437,0.022063850029667164,10
checkerboard,fullKTA,global_kta,59.0,0.020600239223993053,0.018951452912536405,0.022078226561478297,10
checkerboard,fullKTA,global_kta,60.0,0.020645475593536904,0.018988267530481686,0.022093349008235126,10
checkerboard,fullKTA,global_kta,61.0,0.0206762460862787,0.019015598951655097,0.022107145090414976,10
checkerboard,fullKTA,global_kta,62.0,0.02070475693396212,0.019048906087980724,0.022117999706247254,10
checkerboard,fullKTA,global_kta,63.0,0.02073093097214291,0.019087646223432047,0.02212722319965542,10
checkerboard,fullKTA,global_kta,64.0,0.02075304256570653,0.019129897676959703,0.022134529269524708,10
checkerboard,fullKTA,global_kta,65.0,0.020779410703513173,0.01917669006448188,0.022140099992922182,10
checkerboard,fullKTA,global_kta,66.0,0.020800723775930452,0.01922633040251997,0.0221455876142426,10
checkerboard,fullKTA,global_kta,67.0,0.020824498801082787,0.019278440883289404,0.022151101318507706,10
checkerboard,fullKTA,global_kta,68.0,0.02084513080323252,0.019330209776889377,0.022157081299490424,10
checkerboard,fullKTA,global_kta,69.0,0.02086663825413374,0.019378694116689025,0.02216388897882642,10
checkerboard,fullKTA,global_kta,70.0,0.02088608080388559,0.01943009259028934,0.022170322159243663,10
checkerboard,fullKTA,global_kta,71.0,0.020905456394247048,0.019487641028840683,0.022176337159485967,10
checkerboard,fullKTA,global_kta,72.0,0.020925524309264035,0.019554034395124174,0.022182171659669004,10
checkerboard,fullKTA,global_kta,73.0,0.02094305214367929,0.019630668577148517,0.022187530417409194,10
checkerboard,fullKTA,global_kta,74.0,0.020961048702969363,0.019712181542844383,0.02219297410547021,10
checkerboard,fullKTA,global_kta,75.0,0.02097769147933179,0.019797215277965526,0.02219846413558018,10
checkerboard,fullKTA,global_kta,76.0,0.020997083405904907,0.0198013588279492,0.022203874556780814,10
checkerboard,fullKTA,global_kta,77.0,0.021016496071575148,0.019805986565268604,0.022209458231144747,10
checkerboard,fullKTA,global_kta,78.0,0.02103794327296369,0.019809843938362295,0.022214681255871283,10
checkerboard,fullKTA,global_kta,79.0,0.021058149971330382,0.019813259019858497,0.022219521887517715,10
checkerboard,fullKTA,global_kta,80.0,0.02108006661788263,0.019817326893714994,0.022224121199575574,10
checkerboard,fullKTA,global_kta,81.0,0.02110061406125483,0.019822122555913854,0.022228453619964946,10
checkerboard,fullKTA,global_kta,82.0,0.021120295358316214,0.019827089821003882,0.022232833472166598,10
checkerboard,fullKTA,global_kta,83.0,0.021135682627930856,0.019831905352228486,0.022237001199349418,10
checkerboard,fullKTA,global_kta,84.0,0.021148285504942067,0.0198369478247247,0.022240888729239416,10
checkerboard,fullKTA,global_kta,85.0,0.021158666838429166,0.019842265541037993,0.022244501250031096,10
checkerboard,fullKTA,global_kta,86.0,0.02116892465390157,0.01984740940660543,0.022247729904390022,10
checkerboard,fullKTA,global_kta,87.0,0.021179613909435076,0.019852432770053267,0.022250778373871426,10
checkerboard,fullKTA,global_kta,88.0,0.021190492431975034,0.01985712620593731,0.022253595604993428,10
checkerboard,fullKTA,global_kta,89.0,0.02120070690044471,0.01986091786912459,0.02225634482082589,10
checkerboard,fullKTA,global_kta,90.0,0.021209006803804088,0.019863984772168865,0.02226204407625527,10
checkerboard,fullKTA,global_kta,91.0,0.0212156188592093,0.01986682368314944,0.022268403043540906,10
checkerboard,fullKTA,global_kta,92.0,0.021221448729845653,0.019869634649327655,0.02227420498674067,10
checkerboard,fullKTA,global_kta,93.0,0.021228064126709266,0.019872527727492435,0.022280474121254782,10
checkerboard,fullKTA,global_kta,94.0,0.0212355917464801,0.01987543687894621,0.022286074491970658,10
checkerboard,fullKTA,global_kta,95.0,0.021242987991145608,0.019878126495970354,0.022291465809227803,10
checkerboard,fullKTA,global_kta,96.0,0.02124949745418171,0.01988054377619292,0.022296293120093798,10
checkerboard,fullKTA,global_kta,97.0,0.02125522514660251,0.019882946023527623,0.0223008971767327,10
checkerboard,fullKTA,global_kta,98.0,0.02126094492826853,0.019885493097242697,0.02230529792082513,10
checkerboard,fullKTA,global_kta,99.0,0.021267022443846977,0.019888094937383628,0.02230936384720391,10
checkerboard,fullKTA,global_kta,100.0,0.02127355485916705,0.019890737228340533,0.022313798264281752,10
checkerboard,randomKTA,global_kta,1.0,0.0014338060357636606,0.000243061194338303,0.002380697695780659,10
checkerboard,randomKTA,global_kta,2.0,0.0015256501907525443,0.00018031516869465534,0.0024028663778859383,10
checkerboard,randomKTA,global_kta,3.0,0.001603722083889245,0.00017957707795895124,0.002566228414830397,10
checkerboard,randomKTA,global_kta,4.0,0.001645596365378017,0.00019320047770315587,0.0026692232561925456,10
checkerboard,randomKTA,global_kta,5.0,0.0016949381840436692,0.00021113153042378642,0.0027883525653536237,10
checkerboard,randomKTA,global_kta,6.0,0.001743441015092577,0.00022599783882857892,0.002846516936471946,10
checkerboard,randomKTA,global_kta,7.0,0.0017750607362069025,0.00025465986579186893,0.0028373562938806235,10
checkerboard,randomKTA,global_kta,8.0,0.0017997227282213174,0.0002910448163161828,0.0027552814590837468,10
checkerboard,randomKTA,global_kta,9.0,0.0018125275735303224,0.0003412800273344804,0.0026927229076517244,10
checkerboard,randomKTA,global_kta,10.0,0.0018007472213435044,0.000382741899699764,0.0026776860045726143,10
checkerboard,randomKTA,global_kta,11.0,0.001785761923153776,0.0004356927408891064,0.002680178112653301,10
checkerboard,randomKTA,global_kta,12.0,0.0017941980657112378,0.0004753731245280864,0.002678760353231692,10
checkerboard,randomKTA,global_kta,13.0,0.0018094935254858624,0.0005016745375900332,0.002666572679814578,10
checkerboard,randomKTA,global_kta,14.0,0.0018211767690751736,0.00048065863885746695,0.002591190957010689,10
checkerboard,randomKTA,global_kta,15.0,0.0018496306131596107,0.0004718275258445679,0.0025855157440837664,10
checkerboard,randomKTA,global_kta,16.0,0.0018862916859087452,0.00046565584460348875,0.0027215983185948306,10
checkerboard,randomKTA,global_kta,17.0,0.00196274467316442,0.00046817903171078194,0.0028308926232785427,10
checkerboard,randomKTA,global_kta,18.0,0.0020299963798932653,0.0004631153794091052,0.0030179159449545906,10
checkerboard,randomKTA,global_kta,19.0,0.002073945283707416,0.0004545966078308011,0.0031854804850439803,10
checkerboard,randomKTA,global_kta,20.0,0.002116732359034865,0.000439714775992774,0.0033436378745578753,10
checkerboard,randomKTA,global_kta,21.0,0.0021955512272714512,0.00042557582881312585,0.0035557306217358633,10
checkerboard,randomKTA,global_kta,22.0,0.002266357289913255,0.0004141232608152745,0.0037743371195559793,10
checkerboard,randomKTA,global_kta,23.0,0.0023505280287493165,0.00042401609438697094,0.004141597022025492,10
checkerboard,randomKTA,global_kta,24.0,0.0024424602031097456,0.0004505954473930636,0.004598408752240602,10
checkerboard,randomKTA,global_kta,25.0,0.002565713856228765,0.0004771176766579286,0.005165471421606515,10
checkerboard,randomKTA,global_kta,26.0,0.002713962383634606,0.0005050386179708008,0.005740487482317767,10
checkerboard,randomKTA,global_kta,27.0,0.002867649543220153,0.0005353949986228547,0.006323716633217492,10
checkerboard,randomKTA,global_kta,28.0,0.003024908529225768,0.0005623787967926162,0.006831189770127559,10
checkerboard,randomKTA,global_kta,29.0,0.003196524493949264,0.000596787838437046,0.0074526318319347385,10
checkerboard,randomKTA,global_kta,30.0,0.0034009318457480725,0.000632239198763495,0.008221957701146915,10
checkerboard,randomKTA,global_kta,31.0,0.0036050953156781195,0.000663865805426811,0.008858547414714724,10
checkerboard,randomKTA,global_kta,32.0,0.0038262753622210813,0.0007085625311393515,0.009681024492189732,10
checkerboard,randomKTA,global_kta,33.0,0.004071003397342108,0.0007704938096802032,0.010701174951376069,10
checkerboard,randomKTA,global_kta,34.0,0.004335908410023478,0.00083336824809767,0.011709459640679591,10
checkerboard,randomKTA,global_kta,35.0,0.0045758541717622675,0.0008890784229961798,0.012331946672724426,10
checkerboard,randomKTA,global_kta,36.0,0.004794129546469952,0.0009477008448625706,0.012605894165098348,10
checkerboard,randomKTA,global_kta,37.0,0.004993542476876842,0.0009993152780016679,0.01280130450884735,10
checkerboard,randomKTA,global_kta,38.0,0.0051991531788458546,0.0010552645051998607,0.013007504557930519,10
checkerboard,randomKTA,global_kta,39.0,0.005439745485704289,0.0011533891808635803,0.013116645552620147,10
checkerboard,randomKTA,global_kta,40.0,0.005663186878029367,0.001257349415864045,0.013189376622930304,10
checkerboard,randomKTA,global_kta,41.0,0.005849327936430454,0.0013540785805164544,0.013204161777821473,10
checkerboard,randomKTA,global_kta,42.0,0.006014049421039877,0.001467575887422185,0.013151932866138173,10
checkerboard,randomKTA,global_kta,43.0,0.006192457127059287,0.0015575434083677049,0.013082668523452102,10
checkerboard,randomKTA,global_kta,44.0,0.0064299852577645615,0.0015860175033657502,0.013410973978858303,10
checkerboard,randomKTA,global_kta,45.0,0.0066625859871460875,0.0016098545059006937,0.013814446510849293,10
checkerboard,randomKTA,global_kta,46.0,0.006908654611220713,0.0016586690751348384,0.014316683750368538,10
checkerboard,randomKTA,global_kta,47.0,0.007150811816327152,0.0016714900380137344,0.014765645156218954,10
checkerboard,randomKTA,global_kta,48.0,0.0073314032390564676,0.0016759962425764259,0.014926278106223061,10
checkerboard,randomKTA,global_kta,49.0,0.007502891245288662,0.0016429917221732113,0.014869392061816622,10
checkerboard,randomKTA,global_kta,50.0,0.0076566621413858725,0.0016560496899925745,0.014491238506534408,10
checkerboard,randomKTA,global_kta,51.0,0.0078037816726564836,0.0016412618916220201,0.014251411824730737,10
checkerboard,randomKTA,global_kta,52.0,0.007915264475411367,0.0016328998217089027,0.013811091928455031,10
checkerboard,randomKTA,global_kta,53.0,0.008071744949903679,0.0016172049164936573,0.013720224340579993,10
checkerboard,randomKTA,global_kta,54.0,0.008301082233435675,0.001617196513827463,0.01418018685606274,10
checkerboard,randomKTA,global_kta,55.0,0.008547890623442996,0.0016436894924017984,0.01458834944096402,10
checkerboard,randomKTA,global_kta,56.0,0.008790475498045288,0.0016946379224065439,0.014924842662661518,10
checkerboard,randomKTA,global_kta,57.0,0.00899668619695616,0.0017777490478065126,0.014927969981539786,10
checkerboard,randomKTA,global_kta,58.0,0.009128770281124125,0.0019105401107890314,0.014733021181431785,10
checkerboard,randomKTA,global_kta,59.0,0.009227884106500505,0.00209517326751536,0.014563776221328024,10
checkerboard,randomKTA,global_kta,60.0,0.009313219635549631,0.00229879151545219,0.014679259533718342,10
checkerboard,randomKTA,global_kta,61.0,0.009396526066813725,0.00242834077562982,0.014978316471505472,10
checkerboard,randomKTA,global_kta,62.0,0.009517088174024236,0.0025838484145711514,0.01516277229212463,10
checkerboard,randomKTA,global_kta,63.0,0.009625892721326797,0.0027590028187983806,0.015234395819312576,10
checkerboard,randomKTA,global_kta,64.0,0.009730620921656743,0.002927326744048102,0.015216116053111852,10
checkerboard,randomKTA,global_kta,65.0,0.009838846686905262,0.0031372806543412766,0.015484381923580662,10
checkerboard,randomKTA,global_kta,66.0,0.009992683723396392,0.0033573832346601384,0.015629724871480434,10
checkerboard,randomKTA,global_kta,67.0,0.010210425083536973,0.0035690631025290355,0.015781789425413494,10
checkerboard,randomKTA,global_kta,68.0,0.01042032012359294,0.003789318930922653,0.015916716711064007,10
checkerboard,randomKTA,global_kta,69.0,0.010590400069353648,0.004019715818633942,0.015950168326850242,10
checkerboard,randomKTA,global_kta,70.0,0.0107146887048883,0.00416381840575327,0.015902565705854525,10
checkerboard,randomKTA,global_kta,71.0,0.010829148760778094,0.004319346339644373,0.015834847509086973,10
checkerboard,randomKTA,global_kta,72.0,0.010917733686287357,0.004432905200779038,0.015764171457112695,10
checkerboard,randomKTA,global_kta,73.0,0.010979262765996365,0.004502722683673443,0.01563982897474237,10
checkerboard,randomKTA,global_kta,74.0,0.011038812908177344,0.004563460791807871,0.015553264641972596,10
checkerboard,randomKTA,global_kta,75.0,0.01118933696337021,0.004637532162116938,0.015534315182723404,10
checkerboard,randomKTA,global_kta,76.0,0.011302121111753636,0.004674377588309194,0.01556334307236718,10
checkerboard,randomKTA,global_kta,77.0,0.011499854522868254,0.004703623585810595,0.015818834356779353,10
checkerboard,randomKTA,global_kta,78.0,0.011671209782554735,0.004741430990134732,0.01610686035922771,10
checkerboard,randomKTA,global_kta,79.0,0.011790727337085286,0.004758710194170652,0.016335228928938586,10
checkerboard,randomKTA,global_kta,80.0,0.01187835650070888,0.004831336345816586,0.01647076529104446,10
checkerboard,randomKTA,global_kta,81.0,0.01198874014336932,0.005001243220528559,0.01644553709714539,10
checkerboard,randomKTA,global_kta,82.0,0.012112446541234997,0.0050866574526893605,0.016409851743519374,10
checkerboard,randomKTA,global_kta,83.0,0.012250837186893893,0.005273859218266429,0.01662338741191961,10
checkerboard,randomKTA,global_kta,84.0,0.012348172799089379,0.005578609376214001,0.01678118100512221,10
checkerboard,randomKTA,global_kta,85.0,0.012451078595928412,0.0059604482685110885,0.016903335630154306,10
checkerboard,randomKTA,global_kta,86.0,0.012545278107560356,0.006285186063949275,0.016951084734766333,10
checkerboard,randomKTA,global_kta,87.0,0.012659565424672522,0.006560645746296859,0.016903093144265007,10
checkerboard,randomKTA,global_kta,88.0,0.012766764019809298,0.006754869998354367,0.016756336454397464,10
checkerboard,randomKTA,global_kta,89.0,0.012892380044389173,0.006899138525338006,0.016952754502681962,10
checkerboard,randomKTA,global_kta,90.0,0.01300262471078358,0.006994658540893426,0.017042144593836888,10
checkerboard,randomKTA,global_kta,91.0,0.01307425290120021,0.007079380197120224,0.01711406607754611,10
checkerboard,randomKTA,global_kta,92.0,0.013127459540560665,0.00709910904200603,0.017222219596107115,10
checkerboard,randomKTA,global_kta,93.0,0.013143719717457716,0.007150046728575927,0.017431178202721272,10
checkerboard,randomKTA,global_kta,94.0,0.013101953670572352,0.0072448613214078,0.01748210134468982,10
checkerboard,randomKTA,global_kta,95.0,0.012964342056831732,0.007346669012242223,0.017327818257183495,10
checkerboard,randomKTA,global_kta,96.0,0.012985494195281801,0.007492735536750218,0.01717596743602145,10
checkerboard,randomKTA,global_kta,97.0,0.013051804285100116,0.007629895399384907,0.01737142269850519,10
checkerboard,randomKTA,global_kta,98.0,0.013136699406885898,0.007810727830806574,0.01766415813864603,10
checkerboard,randomKTA,global_kta,99.0,0.013308796033174844,0.007945661817319495,0.017731202752679996,10
checkerboard,randomKTA,global_kta,100.0,0.013494834292260064,0.00803680527652142,0.017897934354652038,10
checkerboard,quackKTA,global_kta,1.0,0.0012933727003486529,0.0004894387700384321,0.002333008332915577,10
checkerboard,quackKTA,global_kta,2.0,0.0012933727003486529,0.0004894387700384321,0.002333008332915577,10
checkerboard,quackKTA,global_kta,3.0,0.0012772423286605008,0.00043332492126938485,0.00250995889722376,10
checkerboard,quackKTA,global_kta,4.0,0.0012772423286605008,0.00043332492126938485,0.00250995889722376,10
checkerboard,quackKTA,global_kta,5.0,0.0013049468146063043,0.00044718623203331625,0.0026802221384061437,10
checkerboard,quackKTA,global_kta,6.0,0.0013049468146063043,0.00044718623203331625,0.0026802221384061437,10
checkerboard,quackKTA,global_kta,7.0,0.0013683422726209014,0.0003843474232254782,0.002849908836822907,10
checkerboard,quackKTA,global_kta,8.0,0.0013683422726209014,0.0003843474232254782,0.002849908836822907,10
checkerboard,quackKTA,global_kta,9.0,0.001456985598958767,0.0003724893093479713,0.0030764697723788706,10
checkerboard,quackKTA,global_kta,10.0,0.001456985598958767,0.0003724893093479713,0.0030764697723788706,10
checkerboard,quackKTA,global_kta,11.0,0.0015768444593578072,0.0003585906268044501,0.0033987948798224134,10
checkerboard,quackKTA,global_kta,12.0,0.0015768444593578072,0.0003585906268044501,0.0033987948798224134,10
checkerboard,quackKTA,global_kta,13.0,0.0017562866538539713,0.0003466730245083716,0.00374213272193661,10
checkerboard,quackKTA,global_kta,14.0,0.0017562866538539713,0.0003466730245083716,0.00374213272193661,10
checkerboard,quackKTA,global_kta,15.0,0.0020829242458429696,0.0003396908524498579,0.004099853345654746,10
checkerboard,quackKTA,global_kta,16.0,0.0020829242458429696,0.0003396908524498579,0.004099853345654746,10
checkerboard,quackKTA,global_kta,17.0,0.002742023057003382,0.0003487910416309735,0.006333203672724633,10
checkerboard,quackKTA,global_kta,18.0,0.002742023057003382,0.0003487910416309735,0.006333203672724633,10
checkerboard,quackKTA,global_kta,19.0,0.003607624157423466,0.0003745189923445521,0.009830562722313078,10
checkerboard,quackKTA,global_kta,20.0,0.003607624157423466,0.0003745189923445521,0.009830562722313078,10
checkerboard,quackKTA,global_kta,21.0,0.004327249100486513,0.0004097195493619777,0.012580393811526116,10
checkerboard,quackKTA,global_kta,22.0,0.004327249100486513,0.0004097195493619777,0.012580393811526116,10
checkerboard,quackKTA,global_kta,23.0,0.004890474530557889,0.0004589646615846803,0.014444152566350864,10
checkerboard,quackKTA,global_kta,24.0,0.004890474530557889,0.0004589646615846803,0.014444152566350864,10
checkerboard,quackKTA,global_kta,25.0,0.0053684775020008905,0.0005277082664703275,0.015702632381529923,10
checkerboard,quackKTA,global_kta,26.0,0.0053684775020008905,0.0005277082664703275,0.015702632381529923,10
checkerboard,quackKTA,global_kta,27.0,0.005816622924158585,0.0006259538955541594,0.016466293885314377,10
checkerboard,quackKTA,global_kta,28.0,0.005816622924158585,0.0006259538955541594,0.016466293885314377,10
checkerboard,quackKTA,global_kta,29.0,0.006204179758168263,0.0007641540668043347,0.017040619961372152,10
checkerboard,quackKTA,global_kta,30.0,0.006204179758168263,0.0007641540668043347,0.017040619961372152,10
checkerboard,quackKTA,global_kta,31.0,0.006624840554568978,0.000955424824396139,0.017454738277278656,10
checkerboard,quackKTA,global_kta,32.0,0.006624840554568978,0.000955424824396139,0.017454738277278656,10
checkerboard,quackKTA,global_kta,33.0,0.0070896992375881806,0.0012104563685012043,0.01778177168792977,10
checkerboard,quackKTA,global_kta,34.0,0.0070896992375881806,0.0012104563685012043,0.01778177168792977,10
checkerboard,quackKTA,global_kta,35.0,0.007518792006869441,0.0015023246388997044,0.018039024302127244,10
checkerboard,quackKTA,global_kta,36.0,0.007518792006869441,0.0015023246388997044,0.018039024302127244,10
checkerboard,quackKTA,global_kta,37.0,0.0079171683614507,0.0018142891375175039,0.01824525555754939,10
checkerboard,quackKTA,global_kta,38.0,0.0079171683614507,0.0018142891375175039,0.01824525555754939,10
checkerboard,quackKTA,global_kta,39.0,0.00833939424835633,0.00225732458636938,0.018412895983164177,10
checkerboard,quackKTA,global_kta,40.0,0.00833939424835633,0.00225732458636938,0.018412895983164177,10
checkerboard,quackKTA,global_kta,41.0,0.00881774490174081,0.0025226108953771862,0.018557456981021677,10
checkerboard,quackKTA,global_kta,42.0,0.00881774490174081,0.0025226108953771862,0.018557456981021677,10
checkerboard,quackKTA,global_kta,43.0,0.009392887643668973,0.0026613885234936913,0.018683672329327515,10
checkerboard,quackKTA,global_kta,44.0,0.009392887643668973,0.0026613885234936913,0.018683672329327515,10
checkerboard,quackKTA,global_kta,45.0,0.010126044336659904,0.002887270361165963,0.01879343076002681,10
checkerboard,quackKTA,global_kta,46.0,0.010126044336659904,0.002887270361165963,0.01879343076002681,10
checkerboard,quackKTA,global_kta,47.0,0.010798531613532582,0.003308110351559573,0.018888542248237872,10
checkerboard,quackKTA,global_kta,48.0,0.010798531613532582,0.003308110351559573,0.018888542248237872,10
checkerboard,quackKTA,global_kta,49.0,0.011197889703002705,0.0036842599596672307,0.018970974873840692,10
checkerboard,quackKTA,global_kta,50.0,0.011197889703002705,0.0036842599596672307,0.018970974873840692,10
checkerboard,quackKTA,global_kta,51.0,0.011497205921892528,0.004033343430452285,0.019042103406249972,10
checkerboard,quackKTA,global_kta,52.0,0.011497205921892528,0.004033343430452285,0.019042103406249972,10
checkerboard,quackKTA,global_kta,53.0,0.011712110290092292,0.0043194573591428965,0.019103839001899454,10
checkerboard,quackKTA,global_kta,54.0,0.011712110290092292,0.0043194573591428965,0.019103839001899454,10
checkerboard,quackKTA,global_kta,55.0,0.011877752359312554,0.004660555462382476,0.019157598831958937,10
checkerboard,quackKTA,global_kta,56.0,0.011877752359312554,0.004660555462382476,0.019157598831958937,10
checkerboard,quackKTA,global_kta,57.0,0.012047068209957821,0.005190634751498391,0.019204490098300584,10
checkerboard,quackKTA,global_kta,58.0,0.012047068209957821,0.005190634751498391,0.019204490098300584,10
checkerboard,quackKTA,global_kta,59.0,0.012211440824834472,0.005802280781421379,0.019245445187502985,10
checkerboard,quackKTA,global_kta,60.0,0.012211440824834472,0.005802280781421379,0.019245445187502985,10
checkerboard,quackKTA,global_kta,61.0,0.012373150752332907,0.006404587590588601,0.019281246699513258,10
checkerboard,quackKTA,global_kta,62.0,0.012373150752332907,0.006404587590588601,0.019281246699513258,10
checkerboard,quackKTA,global_kta,63.0,0.01252584748131944,0.006739287423563472,0.019312646051110764,10
checkerboard,quackKTA,global_kta,64.0,0.01252584748131944,0.006739287423563472,0.019312646051110764,10
checkerboard,quackKTA,global_kta,65.0,0.012664066163710751,0.006824374160949206,0.019340339758540638,10
checkerboard,quackKTA,global_kta,66.0,0.012664066163710751,0.006824374160949206,0.019340339758540638,10
checkerboard,quackKTA,global_kta,67.0,0.012785864905090932,0.006897393088132621,0.019364948906306297,10
checkerboard,quackKTA,global_kta,68.0,0.012785864905090932,0.006897393088132621,0.019364948906306297,10
checkerboard,quackKTA,global_kta,69.0,0.012890711083397222,0.006960950140464514,0.01938699251274199,10
checkerboard,quackKTA,global_kta,70.0,0.012890711083397222,0.006960950140464514,0.01938699251274199,10
checkerboard,quackKTA,global_kta,71.0,0.012978366809504394,0.007017840221943575,0.01940691856676405,10
checkerboard,quackKTA,global_kta,72.0,0.012978366809504394,0.007017840221943575,0.01940691856676405,10
checkerboard,quackKTA,global_kta,73.0,0.013050829468632702,0.007069620610730746,0.01942508821924619,10
checkerboard,quackKTA,global_kta,74.0,0.013050829468632702,0.007069620610730746,0.01942508821924619,10
checkerboard,quackKTA,global_kta,75.0,0.013110121877557165,0.007116291453633726,0.019441812054555297,10
checkerboard,quackKTA,global_kta,76.0,0.013110121877557165,0.007116291453633726,0.019441812054555297,10
checkerboard,quackKTA,global_kta,77.0,0.013158019789557569,0.007157041216419527,0.019457335352544826,10
checkerboard,quackKTA,global_kta,78.0,0.013158019789557569,0.007157041216419527,0.019457335352544826,10
checkerboard,quackKTA,global_kta,79.0,0.013196638405597358,0.007191409431124244,0.019471865042875187,10
checkerboard,quackKTA,global_kta,80.0,0.013196638405597358,0.007191409431124244,0.019471865042875187,10
checkerboard,quackKTA,global_kta,81.0,0.013226799954598653,0.007219777834954934,0.019485555348209768,10
checkerboard,quackKTA,global_kta,82.0,0.013226799954598653,0.007219777834954934,0.019485555348209768,10
checkerboard,quackKTA,global_kta,83.0,0.013248519317903232,0.007243431762723253,0.019498535771940127,10
checkerboard,quackKTA,global_kta,84.0,0.013248519317903232,0.007243431762723253,0.019498535771940127,10
checkerboard,quackKTA,global_kta,85.0,0.013261660731981312,0.007264682228992615,0.019510909386628,10
checkerboard,quackKTA,global_kta,86.0,0.013261660731981312,0.007264682228992615,0.019510909386628,10
checkerboard,quackKTA,global_kta,87.0,0.01326701580304932,0.007286784535289921,0.01952275394993852,10
checkerboard,quackKTA,global_kta,88.0,0.01326701580304932,0.007286784535289921,0.01952275394993852,10
checkerboard,quackKTA,global_kta,89.0,0.013266372665770309,0.007313302537904049,0.019534139782445854,10
checkerboard,quackKTA,global_kta,90.0,0.013266372665770309,0.007313302537904049,0.019534139782445854,10
checkerboard,quackKTA,global_kta,91.0,0.013261744098989997,0.007347105789061225,0.019545120776119647,10
checkerboard,quackKTA,global_kta,92.0,0.013261744098989997,0.007347105789061225,0.019545120776119647,10
checkerboard,quackKTA,global_kta,93.0,0.013254386953484581,0.007389741845606156,0.019555746459331294,10
checkerboard,quackKTA,global_kta,94.0,0.013254386953484581,0.007389741845606156,0.019555746459331294,10
checkerboard,quackKTA,global_kta,95.0,0.013245208591642452,0.007441693144868171,0.01956605619689278,10
checkerboard,quackKTA,global_kta,96.0,0.013245208591642452,0.007441693144868171,0.01956605619689278,10
checkerboard,quackKTA,global_kta,97.0,0.013235362870534697,0.0075032145857947645,0.01957609500677659,10
checkerboard,quackKTA,global_kta,98.0,0.013235362870534697,0.0075032145857947645,0.01957609500677659,10
checkerboard,quackKTA,global_kta,99.0,0.013224705280430937,0.007574738894289189,0.01958589251545209,10
checkerboard,quackKTA,global_kta,100.0,0.013224705280430937,0.007574738894289189,0.01958589251545209,10
checkerboard,centroidBasedKTA,global_kta,1.0,0.003350851391729412,0.0012556454286087781,0.005213732071085183,10
checkerboard,centroidBasedKTA,global_kta,2.0,0.0035277391724985153,0.0006504291077912025,0.007186366412275918,10
checkerboard,centroidBasedKTA,global_kta,3.0,0.0037583106593672825,0.0013686785767133447,0.007170442420915584,10
checkerboard,centroidBasedKTA,global_kta,4.0,0.004108857267546553,0.0017537987072592765,0.007071565372890439,10
checkerboard,centroidBasedKTA,global_kta,5.0,0.00426611219702962,0.0018986192839053073,0.006723188550079974,10
checkerboard,centroidBasedKTA,global_kta,6.0,0.005296781681859845,0.0019029467754524893,0.009462909236213124,10
checkerboard,centroidBasedKTA,global_kta,7.0,0.005486154837271842,0.0023290530017701368,0.008142540596327921,10
checkerboard,centroidBasedKTA,global_kta,8.0,0.0053144417501485575,0.002027300462684332,0.00821032772579389,10
checkerboard,centroidBasedKTA,global_kta,9.0,0.004991449728410487,0.00218148790835546,0.009178992345189783,10
checkerboard,centroidBasedKTA,global_kta,10.0,0.0051158636508285985,0.0022708395017734593,0.00879103132950257,10
checkerboard,centroidBasedKTA,global_kta,11.0,0.004787588720739001,0.0018609554038511618,0.00879676023324217,10
checkerboard,centroidBasedKTA,global_kta,12.0,0.004864291411460142,0.0012980202777966223,0.008388519435359997,10
checkerboard,centroidBasedKTA,global_kta,13.0,0.00583323014829306,0.0014047699385732481,0.009586551149727616,10
checkerboard,centroidBasedKTA,global_kta,14.0,0.005181254058185806,0.0017221977232748213,0.007408794375475193,10
checkerboard,centroidBasedKTA,global_kta,15.0,0.005551590247248811,0.001506527133966378,0.007939336844835216,10
checkerboard,centroidBasedKTA,global_kta,16.0,0.005325844303386381,0.001124060476340246,0.008227826118309977,10
checkerboard,centroidBasedKTA,global_kta,17.0,0.005343333583588121,0.0014042801086050609,0.009073940239005682,10
checkerboard,centroidBasedKTA,global_kta,18.0,0.005490441892069253,0.001505295884239976,0.009174563595242873,10
checkerboard,centroidBasedKTA,global_kta,19.0,0.005217756540857997,0.0017386482404656638,0.008168300598071292,10
checkerboard,centroidBasedKTA,global_kta,20.0,0.005158586244148911,0.0017273855558060454,0.00841458275207752,10
checkerboard,centroidBasedKTA,global_kta,21.0,0.00544807908381043,0.00201022162434991,0.00932706915747561,10
checkerboard,centroidBasedKTA,global_kta,22.0,0.005118369579823948,0.0017032470777944015,0.007770433121128028,10
checkerboard,centroidBasedKTA,global_kta,23.0,0.005180779145583276,0.0016849970042114568,0.007734191977056138,10
checkerboard,centroidBasedKTA,global_kta,24.0,0.005100610170188115,0.0018567274526249328,0.008541011374830189,10
checkerboard,centroidBasedKTA,global_kta,25.0,0.005485765483969814,0.0018180086692187465,0.008690416283674524,10
checkerboard,centroidBasedKTA,global_kta,26.0,0.005244096352041554,0.0014920465486550137,0.008446783019289411,10
checkerboard,centroidBasedKTA,global_kta,27.0,0.0055274490371095605,0.001602472007734855,0.008425345773038889,10
checkerboard,centroidBasedKTA,global_kta,28.0,0.0052055842075425214,0.0013570941494128834,0.00815256871599692,10
checkerboard,centroidBasedKTA,global_kta,29.0,0.005145328589240268,0.0012488033413342995,0.008348246320203643,10
checkerboard,centroidBasedKTA,global_kta,30.0,0.005327300641190006,0.0013608855148184776,0.009228026948974786,10
checkerboard,centroidBasedKTA,global_kta,31.0,0.005513330610621468,0.0011788072681127326,0.009243226370966999,10
checkerboard,centroidBasedKTA,global_kta,32.0,0.005545135307439582,0.001436620140673606,0.009025983072796947,10
checkerboard,centroidBasedKTA,global_kta,33.0,0.005947673128168121,0.0018679147753554361,0.009497751076479084,10
checkerboard,centroidBasedKTA,global_kta,34.0,0.0058601734430307984,0.0017047896581811241,0.00900976022180492,10
checkerboard,centroidBasedKTA,global_kta,35.0,0.005716140456084642,0.0013649999117855477,0.008485780452865974,10
checkerboard,centroidBasedKTA,global_kta,36.0,0.0054211412239886176,0.0011731285420485342,0.008643991725318585,10
checkerboard,centroidBasedKTA,global_kta,37.0,0.005427686744151715,0.0018332533788971957,0.00861465962117904,10
checkerboard,centroidBasedKTA,global_kta,38.0,0.0053639644675981275,0.0011789052646610561,0.007982267723132123,10
checkerboard,centroidBasedKTA,global_kta,39.0,0.005198187104862636,0.0009414765520287816,0.009018448020919645,10
checkerboard,centroidBasedKTA,global_kta,40.0,0.005322903988145189,0.0008316861663189551,0.010165271996388042,10
checkerboard,centroidBasedKTA,global_kta,41.0,0.005565774612214702,0.0009473570189653664,0.009470179705068076,10
checkerboard,centroidBasedKTA,global_kta,42.0,0.005633248699967256,0.0010725207339407675,0.008876271959931138,10
checkerboard,centroidBasedKTA,global_kta,43.0,0.005616572730968253,0.0009226587976868839,0.008535211354179785,10
checkerboard,centroidBasedKTA,global_kta,44.0,0.005832348685910203,0.0008197417953669613,0.008658435988398647,10
checkerboard,centroidBasedKTA,global_kta,45.0,0.005698258399716454,0.0007646791383681597,0.008406910102654949,10
checkerboard,centroidBasedKTA,global_kta,46.0,0.0056125388822455035,0.0007461716661228951,0.008108100374335231,10
checkerboard,centroidBasedKTA,global_kta,47.0,0.005897324857279411,0.0007546277518028399,0.00930451501413365,10
checkerboard,centroidBasedKTA,global_kta,48.0,0.00553977165228293,0.0007141235047406129,0.00949596613540601,10
checkerboard,centroidBasedKTA,global_kta,49.0,0.005877698424821042,0.0006822943617322978,0.009384471161664118,10
checkerboard,centroidBasedKTA,global_kta,50.0,0.005809537541973357,0.000668227861179333,0.009331463767871721,10
checkerboard,centroidBasedKTA,global_kta,51.0,0.006282929676586136,0.000662636181920009,0.009820014206219285,10
checkerboard,centroidBasedKTA,global_kta,52.0,0.006184920021460967,0.0006502560467120668,0.01007010425285805,10
checkerboard,centroidBasedKTA,global_kta,53.0,0.00601564022233635,0.0006628362268892785,0.009208350493713898,10
checkerboard,centroidBasedKTA,global_kta,54.0,0.005879652883786044,0.0006453511121589981,0.009296910270641742,10
checkerboard,centroidBasedKTA,global_kta,55.0,0.00603033601682488,0.0006285518621516033,0.009793412958632175,10
checkerboard,centroidBasedKTA,global_kta,56.0,0.005866192074075894,0.0006186686788873637,0.009538729776485151,10
checkerboard,centroidBasedKTA,global_kta,57.0,0.005941643413189444,0.0006367551609270872,0.00872358950010956,10
checkerboard,centroidBasedKTA,global_kta,58.0,0.005652439538375325,0.0005748953659835164,0.008915192865521528,10
checkerboard,centroidBasedKTA,global_kta,59.0,0.005921239219564733,0.0005597439483096557,0.008960420194578326,10
checkerboard,centroidBasedKTA,global_kta,60.0,0.0058879624068308035,0.0005564205740149572,0.009329251099477043,10
checkerboard,centroidBasedKTA,global_kta,61.0,0.0056353599881595546,0.0005444589690236652,0.008652753405302225,10
checkerboard,centroidBasedKTA,global_kta,62.0,0.005923569433347271,0.0005388814034033359,0.008483133240892598,10
checkerboard,centroidBasedKTA,global_kta,63.0,0.005844226835260843,0.0005330239892575903,0.008916562226015577,10
checkerboard,centroidBasedKTA,global_kta,64.0,0.005377736177205484,0.0005184373136540999,0.008480737694085787,10
checkerboard,centroidBasedKTA,global_kta,65.0,0.005532401278200982,0.0005128436075440187,0.008215502317250838,10
checkerboard,centroidBasedKTA,global_kta,66.0,0.005488873001530766,0.000512301521394724,0.00886100047947199,10
checkerboard,centroidBasedKTA,global_kta,67.0,0.00532717744263558,0.0005109952798743855,0.0076516668514037016,10
checkerboard,centroidBasedKTA,global_kta,68.0,0.005485528747965542,0.0005047111659703224,0.009146589145501533,10
checkerboard,centroidBasedKTA,global_kta,69.0,0.005742759438033601,0.0004953252896343067,0.009415558646650835,10
checkerboard,centroidBasedKTA,global_kta,70.0,0.005885285185305831,0.000494925103030223,0.009093492298845231,10
checkerboard,centroidBasedKTA,global_kta,71.0,0.0061994185850040035,0.0004926017897550494,0.009760706051205348,10
checkerboard,centroidBasedKTA,global_kta,72.0,0.006126140790457904,0.0004860902473178228,0.009763433516374917,10
checkerboard,centroidBasedKTA,global_kta,73.0,0.006072313522031308,0.0004809948369658828,0.009153000756812513,10
checkerboard,centroidBasedKTA,global_kta,74.0,0.006052091277236107,0.0004777348912725324,0.01006797196215937,10
checkerboard,centroidBasedKTA,global_kta,75.0,0.006225461030325734,0.0004727343500302767,0.009338404132776125,10
checkerboard,centroidBasedKTA,global_kta,76.0,0.00624530898339414,0.00046888092849568076,0.010166130534605307,10
checkerboard,centroidBasedKTA,global_kta,77.0,0.00603013475193091,0.00046381540069116603,0.009974575004983834,10
checkerboard,centroidBasedKTA,global_kta,78.0,0.006079696222549063,0.0004606531885903097,0.009897305149472443,10
checkerboard,centroidBasedKTA,global_kta,79.0,0.005936500366857234,0.00045674449857973395,0.010053225925307751,10
checkerboard,centroidBasedKTA,global_kta,80.0,0.006080237659890212,0.00045250165939095716,0.009987719694700152,10
checkerboard,centroidBasedKTA,global_kta,81.0,0.006091467356374688,0.0004477810715598738,0.010331241714764988,10
checkerboard,centroidBasedKTA,global_kta,82.0,0.006253421353574429,0.000446330468804695,0.010327939835952928,10
checkerboard,centroidBasedKTA,global_kta,83.0,0.006205838791100397,0.0004440420453441676,0.009892783837693955,10
checkerboard,centroidBasedKTA,global_kta,84.0,0.006172465756397034,0.00044072866327637044,0.010289540104985725,10
checkerboard,centroidBasedKTA,global_kta,85.0,0.0059530902066345665,0.0004384158456602895,0.01018861006558069,10
checkerboard,centroidBasedKTA,global_kta,86.0,0.006031460304831807,0.00043816601349828905,0.010060895730060079,10
checkerboard,centroidBasedKTA,global_kta,87.0,0.006092274571382843,0.0004421934532636525,0.010146705667320937,10
checkerboard,centroidBasedKTA,global_kta,88.0,0.006533063358037811,0.00044049805146627915,0.009841800690800425,10
checkerboard,centroidBasedKTA,global_kta,89.0,0.0064780342814648355,0.00043499371465991285,0.009914108571394112,10
checkerboard,centroidBasedKTA,global_kta,90.0,0.006555193601365019,0.0004482674732734162,0.009995459535562853,10
checkerboard,centroidBasedKTA,global_kta,91.0,0.00629210420084751,0.00044498868047774414,0.009308360747201233,10
checkerboard,centroidBasedKTA,global_kta,92.0,0.005974555316745655,0.00045187245555696723,0.00924938773620724,10
checkerboard,centroidBasedKTA,global_kta,93.0,0.006102057527917766,0.00043850020297071557,0.009654666604902017,10
checkerboard,centroidBasedKTA,global_kta,94.0,0.006335626694182125,0.0004404464566737032,0.009572794192565518,10
checkerboard,centroidBasedKTA,global_kta,95.0,0.006252503443479267,0.00042337957427605405,0.009598161358240018,10
checkerboard,centroidBasedKTA,global_kta,96.0,0.006223696549703695,0.00042062611560776794,0.009573639347902013,10
checkerboard,centroidBasedKTA,global_kta,97.0,0.00612997989339017,0.00039984919680085076,0.009529020661990989,10
checkerboard,centroidBasedKTA,global_kta,98.0,0.005989458297967857,0.0004107661759738821,0.009461743378697858,10
checkerboard,centroidBasedKTA,global_kta,99.0,0.006156815044656564,0.00039895938422620456,0.009716414482273308,10
checkerboard,centroidBasedKTA,global_kta,100.0,0.006184468686658084,0.00040043505411626636,0.009920144056117401,10
checkerboard,greedyKTA,global_kta,1.0,0.0014224910403023547,0.00032960954532996,0.0024043025571650802,10
checkerboard,greedyKTA,global_kta,2.0,0.0015084187994046827,0.00039479885604644496,0.002241148947574118,10
checkerboard,greedyKTA,global_kta,3.0,0.0016644193739018503,0.00045566774613428585,0.002212410564191977,10
checkerboard,greedyKTA,global_kta,4.0,0.0018475064722575506,0.0005127534014533043,0.0023996372362766064,10
checkerboard,greedyKTA,global_kta,5.0,0.0020321296978795976,0.0005634806277718893,0.0026380503267779153,10
checkerboard,greedyKTA,global_kta,6.0,0.0021611129171430613,0.0005016706176371209,0.0029366083606246983,10
checkerboard,greedyKTA,global_kta,7.0,0.0022559985424399063,0.00039154437404973825,0.003262252096363962,10
checkerboard,greedyKTA,global_kta,8.0,0.0023043354598852863,0.00031451356921283983,0.0036103919364206937,10
checkerboard,greedyKTA,global_kta,9.0,0.0023649241269382447,0.00032733106732766844,0.003841783863508412,10
checkerboard,greedyKTA,global_kta,10.0,0.002444883792467513,0.00036264032501990103,0.003960566865053753,10
checkerboard,greedyKTA,global_kta,11.0,0.0025143024007367827,0.00040935865446829035,0.0038247762594048416,10
checkerboard,greedyKTA,global_kta,12.0,0.0025797661568592845,0.00047626737777293045,0.004043475777469539,10
checkerboard,greedyKTA,global_kta,13.0,0.002683703613558211,0.0005460909562893983,0.004488385319959623,10
checkerboard,greedyKTA,global_kta,14.0,0.0028376611745030756,0.0006087298503183151,0.0051631480230225815,10
checkerboard,greedyKTA,global_kta,15.0,0.0029881613759051013,0.0006594181366128375,0.005639219689150871,10
checkerboard,greedyKTA,global_kta,16.0,0.00313573228697194,0.0007020679851088119,0.00615961416462925,10
checkerboard,greedyKTA,global_kta,17.0,0.0033311757686565087,0.0007545416653587704,0.006977124680498482,10
checkerboard,greedyKTA,global_kta,18.0,0.00356955746148235,0.0008299100498782952,0.008080481967167662,10
checkerboard,greedyKTA,global_kta,19.0,0.0038077787595694975,0.0009377199756179905,0.009182960817935482,10
checkerboard,greedyKTA,global_kta,20.0,0.004006465404966945,0.001100655142771234,0.00993631004090321,10
checkerboard,greedyKTA,global_kta,21.0,0.004131705478691585,0.0012913140477238518,0.010164507552204103,10
checkerboard,greedyKTA,global_kta,22.0,0.004209585216447224,0.0014553630754920684,0.009846035775935388,10
checkerboard,greedyKTA,global_kta,23.0,0.004251172635078097,0.0015702173047456869,0.009222418608796894,10
checkerboard,greedyKTA,global_kta,24.0,0.00433197693508263,0.001665621058686142,0.009066845825543146,10
checkerboard,greedyKTA,global_kta,25.0,0.004461591203641791,0.00178537238307285,0.009618300210908927,10
checkerboard,greedyKTA,global_kta,26.0,0.004636029281667197,0.0019186894261108954,0.010143964905432094,10
checkerboard,greedyKTA,global_kta,27.0,0.004847550228021702,0.0018826536825900925,0.010543084460247877,10
checkerboard,greedyKTA,global_kta,28.0,0.005073670376504843,0.001848772082722406,0.010759892012925204,10
checkerboard,greedyKTA,global_kta,29.0,0.005306148654782062,0.001819180853768054,0.010819967515926515,10
checkerboard,greedyKTA,global_kta,30.0,0.005521727000320378,0.0017960055861463418,0.010705461780587431,10
checkerboard,greedyKTA,global_kta,31.0,0.005739805970935328,0.001776519780982508,0.010668571588086475,10
checkerboard,greedyKTA,global_kta,32.0,0.0059416143435957695,0.0017144475453216006,0.010791783855661156,10
checkerboard,greedyKTA,global_kta,33.0,0.006109144668867047,0.0016553704288078176,0.011085312569083907,10
checkerboard,greedyKTA,global_kta,34.0,0.006253467814410785,0.0016249876658649813,0.011517844031064694,10
checkerboard,greedyKTA,global_kta,35.0,0.006391604256176786,0.0016269442186362863,0.01195261011034403,10
checkerboard,greedyKTA,global_kta,36.0,0.0065422665866477535,0.0016650330697307613,0.012541019095795601,10
checkerboard,greedyKTA,global_kta,37.0,0.0066585501365647795,0.0017163680139401327,0.012988528645425155,10
checkerboard,greedyKTA,global_kta,38.0,0.006734860893113442,0.0017707162199231163,0.013249860132921655,10
checkerboard,greedyKTA,global_kta,39.0,0.0068156940601985395,0.0017758400682082564,0.01352102059247915,10
checkerboard,greedyKTA,global_kta,40.0,0.006873924026801445,0.0017620670583268648,0.013662311502849231,10
checkerboard,greedyKTA,global_kta,41.0,0.006887376388483408,0.0017745264094608355,0.013563663065214898,10
checkerboard,greedyKTA,global_kta,42.0,0.006842207394738832,0.00178596891204265,0.01372515183675273,10
checkerboard,greedyKTA,global_kta,43.0,0.006784507442566638,0.0017991006451609746,0.01387977030493467,10
checkerboard,greedyKTA,global_kta,44.0,0.006745610020496369,0.0018157118659601458,0.013841098620282327,10
checkerboard,greedyKTA,global_kta,45.0,0.006790741808250703,0.0018366078967688268,0.013764296198991157,10
checkerboard,greedyKTA,global_kta,46.0,0.006900998281900423,0.0018616245372508387,0.013934324281214942,10
checkerboard,greedyKTA,global_kta,47.0,0.006988128000766554,0.0018897592067507354,0.014109979881468743,10
checkerboard,greedyKTA,global_kta,48.0,0.007086287517042737,0.0019194638320051305,0.014426434300723438,10
checkerboard,greedyKTA,global_kta,49.0,0.007276019836719487,0.0019489706770540276,0.01501763798125066,10
checkerboard,greedyKTA,global_kta,50.0,0.007514043636470841,0.0019765919633693155,0.015600691611756437,10
checkerboard,greedyKTA,global_kta,51.0,0.007858092169280666,0.0020008907434885923,0.016538104950834066,10
checkerboard,greedyKTA,global_kta,52.0,0.00818782737286631,0.0020207967838018386,0.01755495473673145,10
checkerboard,greedyKTA,global_kta,53.0,0.008464091293919384,0.0020356277733804243,0.01836960549853293,10
checkerboard,greedyKTA,global_kta,54.0,0.008773434196501834,0.002045124875586829,0.018891409004094663,10
checkerboard,greedyKTA,global_kta,55.0,0.009059995230736171,0.002049439289488303,0.019370192582777637,10
checkerboard,greedyKTA,global_kta,56.0,0.009316763781324474,0.002049092379654142,0.019651665125553556,10
checkerboard,greedyKTA,global_kta,57.0,0.009519496173930001,0.002044889252024764,0.019931236969074097,10
checkerboard,greedyKTA,global_kta,58.0,0.009623197238316608,0.002037787751028493,0.01999559340341877,10
checkerboard,greedyKTA,global_kta,59.0,0.009721641488174799,0.002028769448796218,0.02008414311688986,10
checkerboard,greedyKTA,global_kta,60.0,0.009807549682545668,0.0020187153336038567,0.02023917172393552,10
checkerboard,greedyKTA,global_kta,61.0,0.009818357713936906,0.002008328330169207,0.020285390550523582,10
checkerboard,greedyKTA,global_kta,62.0,0.009704754816506338,0.001998117050382098,0.0203060126167484,10
checkerboard,greedyKTA,global_kta,63.0,0.00954479782996687,0.0019883774686799698,0.020244661325061742,10
checkerboard,greedyKTA,global_kta,64.0,0.009550179711754534,0.0019792459037441647,0.02042864209382341,10
checkerboard,greedyKTA,global_kta,65.0,0.009696119902925545,0.0019707328813045565,0.020704032029157902,10
checkerboard,greedyKTA,global_kta,66.0,0.009925325467061067,0.001962768786510415,0.020857317676861657,10
checkerboard,greedyKTA,global_kta,67.0,0.010202997344576817,0.001955254931450632,0.020945295516973692,10
checkerboard,greedyKTA,global_kta,68.0,0.010463435612565037,0.0019480839980137335,0.020999943013500742,10
checkerboard,greedyKTA,global_kta,69.0,0.010668467805567922,0.0019411658589952303,0.021041352162668243,10
checkerboard,greedyKTA,global_kta,70.0,0.010760357289528743,0.0019344246099741614,0.02108575770197844,10
checkerboard,greedyKTA,global_kta,71.0,0.010737788306734598,0.0019277885392226235,0.02110270070850933,10
checkerboard,greedyKTA,global_kta,72.0,0.01074407203460143,0.0019211741496982107,0.021126395701336294,10
checkerboard,greedyKTA,global_kta,73.0,0.010823003680702072,0.0019144781556817187,0.021212149523759185,10
checkerboard,greedyKTA,global_kta,74.0,0.01089292746404432,0.0019075685400659593,0.021251772021581614,10
checkerboard,greedyKTA,global_kta,75.0,0.010961787983037964,0.0019003155276239492,0.021244536676486448,10
checkerboard,greedyKTA,global_kta,76.0,0.011023115971404015,0.0018926020706650807,0.021221220150819512,10
checkerboard,greedyKTA,global_kta,77.0,0.011077130133164486,0.0018843584629872074,0.02122292500250593,10
checkerboard,greedyKTA,global_kta,78.0,0.011122227046060819,0.0018755680552967797,0.021216583466005093,10
checkerboard,greedyKTA,global_kta,79.0,0.011175204014153662,0.001866283425631826,0.02120985266453411,10
checkerboard,greedyKTA,global_kta,80.0,0.011285844544713125,0.0018566000622890306,0.021202601292148602,10
checkerboard,greedyKTA,global_kta,81.0,0.011403005351373218,0.0018466470052640959,0.02118768155588822,10
checkerboard,greedyKTA,global_kta,82.0,0.011485956830347473,0.0018365720466164386,0.02112583072856619,10
checkerboard,greedyKTA,global_kta,83.0,0.011556122811925622,0.0018265075613126333,0.021082213352741894,10
checkerboard,greedyKTA,global_kta,84.0,0.011648283925694485,0.0018165793539432385,0.021105949605289123,10
checkerboard,greedyKTA,global_kta,85.0,0.011757370493230567,0.0018068813122932622,0.02127861615894889,10
checkerboard,greedyKTA,global_kta,86.0,0.011797296732539158,0.0017974791069100306,0.02130819779125434,10
checkerboard,greedyKTA,global_kta,87.0,0.011841718441566168,0.0017884186986373174,0.02118876432726748,10
checkerboard,greedyKTA,global_kta,88.0,0.01190077827297056,0.0017797151967212513,0.021255542829496946,10
checkerboard,greedyKTA,global_kta,89.0,0.011963979317849725,0.001771376044540473,0.021229494213093798,10
checkerboard,greedyKTA,global_kta,90.0,0.011981876724142906,0.0017633881519030137,0.021127962223017632,10
checkerboard,greedyKTA,global_kta,91.0,0.011998571907275898,0.0017557378058762282,0.021156387035984867,10
checkerboard,greedyKTA,global_kta,92.0,0.012008875202940437,0.0017483967542698336,0.02120818065859505,10
checkerboard,greedyKTA,global_kta,93.0,0.011993391888222635,0.001741348454559608,0.021216663274133876,10
checkerboard,greedyKTA,global_kta,94.0,0.011946955951955735,0.0017345674128675913,0.021225168781474128,10
checkerboard,greedyKTA,global_kta,95.0,0.011940912784414821,0.0017280264218532677,0.02131162545966783,10
checkerboard,greedyKTA,global_kta,96.0,0.011961460768696279,0.0017145419932353193,0.021337676987087443,10
checkerboard,greedyKTA,global_kta,97.0,0.012020109262509142,0.0016954591154841395,0.021273929323891303,10
checkerboard,greedyKTA,global_kta,98.0,0.012177038020479213,0.0016724837635660795,0.02126473391326622,10
checkerboard,greedyKTA,global_kta,99.0,0.012256733455742871,0.0016475452872073038,0.02131766586295486,10
checkerboard,greedyKTA,global_kta,100.0,0.012350220944756404,0.0016226058127585406,0.021366916897850086,10
checkerboard,fullKTA,direction_diversity,1.0,5.187891468456327,1.7013613915805497,6.733169524093123,10
checkerboard,fullKTA,direction_diversity,2.0,5.622511253798867,1.350524979738262,8.82293725209015,10
checkerboard,fullKTA,direction_diversity,3.0,5.563920808647069,1.2880934231708432,8.398195589831909,10
checkerboard,fullKTA,direction_diversity,4.0,6.036941595277332,1.2964560087196897,8.895279414921916,10
checkerboard,fullKTA,direction_diversity,5.0,6.2576781742108025,1.290600688420454,9.431867262668158,10
checkerboard,fullKTA,direction_diversity,6.0,6.233831295681371,1.2892383226461095,10.009432460518468,10
checkerboard,fullKTA,direction_diversity,7.0,6.5540681220367745,1.2955985598133677,11.066770751799313,10
checkerboard,fullKTA,direction_diversity,8.0,6.173480084180185,1.2966876684036486,10.772434609503094,10
checkerboard,fullKTA,direction_diversity,9.0,5.89304979527695,1.2750451178248432,10.391931565841404,10
checkerboard,fullKTA,direction_diversity,10.0,5.535261531308916,1.2657307558615793,10.124206803617684,10
checkerboard,fullKTA,direction_diversity,11.0,5.377377297617929,1.2741567338418398,8.826647359785904,10
checkerboard,fullKTA,direction_diversity,12.0,4.835121427370129,1.2846036617211216,7.712766017550212,10
checkerboard,fullKTA,direction_diversity,13.0,4.767087107928299,1.2918571028999124,7.421744635003473,10
checkerboard,fullKTA,direction_diversity,14.0,3.9296720387424173,1.3014377766768528,6.858523385539722,10
checkerboard,fullKTA,direction_diversity,15.0,3.742486657469719,1.3132816322742669,6.4804728313357876,10
checkerboard,fullKTA,direction_diversity,16.0,3.484395737291508,1.3202463400523723,5.932450862526436,10
checkerboard,fullKTA,direction_diversity,17.0,3.318913579777488,1.3261153988233843,5.042234587756691,10
checkerboard,fullKTA,direction_diversity,18.0,3.41018984098678,1.3506095172695425,5.163830217444239,10
checkerboard,fullKTA,direction_diversity,19.0,3.4660223758086692,1.381019498721876,6.119678105125001,10
checkerboard,fullKTA,direction_diversity,20.0,3.5514818510029307,1.4121105634370004,7.608086244150572,10
checkerboard,fullKTA,direction_diversity,21.0,3.6989048968278646,1.4314347941781351,9.168363719757306,10
checkerboard,fullKTA,direction_diversity,22.0,3.5989137363700605,1.4513227375800608,8.635267665012373,10
checkerboard,fullKTA,direction_diversity,23.0,3.474949004370346,1.4890040708689578,8.42592239174705,10
checkerboard,fullKTA,direction_diversity,24.0,3.2017984643418864,1.528268342492978,6.925174952184114,10
checkerboard,fullKTA,direction_diversity,25.0,3.0478377937073238,1.5442437350514986,5.745753243025458,10
checkerboard,fullKTA,direction_diversity,26.0,2.8947536699967014,1.5301697703597141,4.656595910875474,10
checkerboard,fullKTA,direction_diversity,27.0,3.0325402203337073,1.5167905692292496,6.768144058959755,10
checkerboard,fullKTA,direction_diversity,28.0,2.560391549700105,1.4932668969399987,3.690928158350134,10
checkerboard,fullKTA,direction_diversity,29.0,2.4422893402859795,1.4631952423699484,3.6084658788937984,10
checkerboard,fullKTA,direction_diversity,30.0,2.385302549203031,1.430838084345631,3.52259348380384,10
checkerboard,fullKTA,direction_diversity,31.0,2.3447826494162918,1.403450015120778,3.437393459181503,10
checkerboard,fullKTA,direction_diversity,32.0,2.3050405612465417,1.3839228087477797,3.3453184276785537,10
checkerboard,fullKTA,direction_diversity,33.0,2.2768901843943476,1.2939111879861687,3.3419728940302345,10
checkerboard,fullKTA,direction_diversity,34.0,2.3122015773874223,1.2823885069827514,4.2486508806845205,10
checkerboard,fullKTA,direction_diversity,35.0,2.3617146624474588,1.1919575282386952,5.259383264083642,10
checkerboard,fullKTA,direction_diversity,36.0,2.3594513093776133,1.1118532591957087,5.707118056224159,10
checkerboard,fullKTA,direction_diversity,37.0,2.2714300931941027,1.0606680119459944,5.308373833307907,10
checkerboard,fullKTA,direction_diversity,38.0,2.0203224352428566,1.0405048780110546,3.2581744389471825,10
checkerboard,fullKTA,direction_diversity,39.0,1.891461767275206,1.0369766511063438,2.522186509599971,10
checkerboard,fullKTA,direction_diversity,40.0,1.8175255507699706,1.0350920599504776,2.40250152887546,10
checkerboard,fullKTA,direction_diversity,41.0,1.7785205873962853,1.0251427775357769,2.299659947771602,10
checkerboard,fullKTA,direction_diversity,42.0,1.7601441053815006,1.0165816385044932,2.3311095958495063,10
checkerboard,fullKTA,direction_diversity,43.0,1.725724419890683,1.0131861945213438,2.254981406112054,10
checkerboard,fullKTA,direction_diversity,44.0,1.7110079767797763,1.014632832585412,2.3486939979385246,10
checkerboard,fullKTA,direction_diversity,45.0,1.6913009648493031,1.0207374155917197,2.3635368207170084,10
checkerboard,fullKTA,direction_diversity,46.0,1.6677942182389967,1.0256043361074636,2.3144958579921746,10
checkerboard,fullKTA,direction_diversity,47.0,1.64045900866645,1.014769037733479,2.226849377804477,10
checkerboard,fullKTA,direction_diversity,48.0,1.6140029774137226,1.011391288577648,2.1981103821390917,10
checkerboard,fullKTA,direction_diversity,49.0,1.5908017929474019,1.010382800082098,2.1936468641842253,10
checkerboard,fullKTA,direction_diversity,50.0,1.5729749823832133,1.0108343764280237,2.1830574139738204,10
checkerboard,fullKTA,direction_diversity,51.0,1.5614796684757342,1.0119907271555422,2.16180915937369,10
checkerboard,fullKTA,direction_diversity,52.0,1.5542841742469768,1.0134593387628867,2.1339544550182494,10
checkerboard,fullKTA,direction_diversity,53.0,1.5497446080614399,1.015366511035772,2.1003150310314083,10
checkerboard,fullKTA,direction_diversity,54.0,1.5476385509267812,1.0170875572044376,2.0636797556074455,10
checkerboard,fullKTA,direction_diversity,55.0,1.54807975613347,1.0145356344306689,2.033846769407172,10
checkerboard,fullKTA,direction_diversity,56.0,1.5492965420180835,1.007933251064979,2.0100822735051582,10
checkerboard,fullKTA,direction_diversity,57.0,1.5516528821321924,1.0076844064286425,2.0043867423304462,10
checkerboard,fullKTA,direction_diversity,58.0,1.555629940170681,1.0060508205486152,2.0020695656788168,10
checkerboard,fullKTA,direction_diversity,59.0,1.5597839502656528,1.0048816013398953,1.998387202744394,10
checkerboard,fullKTA,direction_diversity,60.0,1.5627702069766427,1.0040487682484793,1.9937425834541336,10
checkerboard,fullKTA,direction_diversity,61.0,1.5649855313119763,1.0036629211544996,1.98837420084467,10
checkerboard,fullKTA,direction_diversity,62.0,1.566568909917513,1.0037608155747793,1.9830026066183115,10
checkerboard,fullKTA,direction_diversity,63.0,1.567179236203669,1.0040875811632268,1.9790121756141157,10
checkerboard,fullKTA,direction_diversity,64.0,1.5660786411432268,1.0044123225029673,1.9799667086971784,10
checkerboard,fullKTA,direction_diversity,65.0,1.5618650892188146,1.0044361336325467,1.9806318247419408,10
checkerboard,fullKTA,direction_diversity,66.0,1.5556050789639913,1.004305736218985,1.9805627944748627,10
checkerboard,fullKTA,direction_diversity,67.0,1.5491879853315793,1.004500194575807,1.979592136194618,10
checkerboard,fullKTA,direction_diversity,68.0,1.5451559190479596,1.005053333742076,1.9788116407687617,10
checkerboard,fullKTA,direction_diversity,69.0,1.5441760817887946,1.005649928515879,1.9793956057323274,10
checkerboard,fullKTA,direction_diversity,70.0,1.5438964150768433,1.0059826140455588,1.9819745937834632,10
checkerboard,fullKTA,direction_diversity,71.0,1.5424221655894645,1.006169177463599,1.9848789583785609,10
checkerboard,fullKTA,direction_diversity,72.0,1.5400668075494235,1.006454510738376,1.9868902867396343,10
checkerboard,fullKTA,direction_diversity,73.0,1.5373891194246447,1.0050437475548555,1.987588778867511,10
checkerboard,fullKTA,direction_diversity,74.0,1.533046398967563,1.0029461855250197,1.9873691816832098,10
checkerboard,fullKTA,direction_diversity,75.0,1.5249118563286161,1.0030265756867796,1.986932914610135,10
checkerboard,fullKTA,direction_diversity,76.0,1.5130692101586896,1.0045383086218524,1.9866149185980553,10
checkerboard,fullKTA,direction_diversity,77.0,1.5012440670559317,1.006290923625768,1.9863646944334452,10
checkerboard,fullKTA,direction_diversity,78.0,1.4921072044406896,1.006845701876489,1.9861589142718918,10
checkerboard,fullKTA,direction_diversity,79.0,1.4869835140517762,1.006168849140526,1.9873861150651433,10
checkerboard,fullKTA,direction_diversity,80.0,1.4873441615600211,1.005809263009879,1.9897093910739059,10
checkerboard,fullKTA,direction_diversity,81.0,1.4911900588198808,1.0059231369237773,1.9914731222867823,10
checkerboard,fullKTA,direction_diversity,82.0,1.4945895013009416,1.0065455748059884,1.992551737748234,10
checkerboard,fullKTA,direction_diversity,83.0,1.498217375122127,1.0056958093469712,1.9929289183039065,10
checkerboard,fullKTA,direction_diversity,84.0,1.5030034854386403,1.0046287845541315,1.9929360785584243,10
checkerboard,fullKTA,direction_diversity,85.0,1.5072502392832507,1.0040674775054286,1.992890165128594,10
checkerboard,fullKTA,direction_diversity,86.0,1.5094762209001498,1.0039352329303852,1.9929008814592488,10
checkerboard,fullKTA,direction_diversity,87.0,1.5104977617060906,1.004146231087623,1.9931367220685459,10
checkerboard,fullKTA,direction_diversity,88.0,1.5114376481346912,1.0047020685378905,1.9936218578952807,10
checkerboard,fullKTA,direction_diversity,89.0,1.5127576343630638,1.0055182000343166,1.9943084572993357,10
checkerboard,fullKTA,direction_diversity,90.0,1.514433546886894,1.00632058774013,1.9951838211639437,10
checkerboard,fullKTA,direction_diversity,91.0,1.5161678613762122,1.006805939277206,1.995913660577723,10
checkerboard,fullKTA,direction_diversity,92.0,1.517395934139809,1.0068533151104244,1.9962569569795734,10
checkerboard,fullKTA,direction_diversity,93.0,1.5184716550889308,1.0064975243401026,1.996254099117108,10
checkerboard,fullKTA,direction_diversity,94.0,1.5201806061163574,1.0059856576927058,1.9960553073907703,10
checkerboard,fullKTA,direction_diversity,95.0,1.5220067746637411,1.0056473436229585,1.995959364909547,10
checkerboard,fullKTA,direction_diversity,96.0,1.5229512116831865,1.005622407580265,1.9960785993314767,10
checkerboard,fullKTA,direction_diversity,97.0,1.5237376700744794,1.0057900566899893,1.9962451849237741,10
checkerboard,fullKTA,direction_diversity,98.0,1.5253452984428817,1.0059239441698582,1.9964311081807733,10
checkerboard,fullKTA,direction_diversity,99.0,1.526916320002894,1.0058701950873827,1.9966550327575552,10
checkerboard,fullKTA,direction_diversity,100.0,1.5277681070739848,1.0055944286254253,1.9969484058119311,10
checkerboard,randomKTA,direction_diversity,1.0,5.103328647829127,2.113754074060072,6.997315862189212,10
checkerboard,randomKTA,direction_diversity,2.0,5.421545095814069,2.169061107163184,8.578629363442737,10
checkerboard,randomKTA,direction_diversity,3.0,5.895995335722877,2.412623364306146,9.882783685558941,10
checkerboard,randomKTA,direction_diversity,4.0,6.081485938556763,2.7981676971989478,9.465954842098181,10
checkerboard,randomKTA,direction_diversity,5.0,6.033637728400461,2.855759160142538,8.821648065538913,10
checkerboard,randomKTA,direction_diversity,6.0,5.753934672306945,2.903618804738647,7.184341642499094,10
checkerboard,randomKTA,direction_diversity,7.0,6.172106416652551,2.962970919309032,8.34149001487238,10
checkerboard,randomKTA,direction_diversity,8.0,6.298638952808194,3.112166429193475,8.98684440366981,10
checkerboard,randomKTA,direction_diversity,9.0,5.98136573008658,3.081689622602046,8.546563047181412,10
checkerboard,randomKTA,direction_diversity,10.0,6.0489669062853055,3.1014703704588285,8.67353792747547,10
checkerboard,randomKTA,direction_diversity,11.0,6.440106068336254,3.395388686681304,9.115537303148342,10
checkerboard,randomKTA,direction_diversity,12.0,6.545180113865444,3.644324131007086,9.266474802491896,10
checkerboard,randomKTA,direction_diversity,13.0,6.850310569668741,3.808513331153875,9.684177040378831,10
checkerboard,randomKTA,direction_diversity,14.0,7.022035563444378,3.925369706605863,10.053507490681403,10
checkerboard,randomKTA,direction_diversity,15.0,7.20651969390717,3.58975708150597,11.002290448632523,10
checkerboard,randomKTA,direction_diversity,16.0,7.150900518110238,3.458260659573553,12.30488536013432,10
checkerboard,randomKTA,direction_diversity,17.0,7.436597604323869,3.3047902494783985,13.95904729971608,10
checkerboard,randomKTA,direction_diversity,18.0,7.524907991836011,3.3122518106335748,14.507792981801181,10
checkerboard,randomKTA,direction_diversity,19.0,7.4886431947924255,3.6411116831001187,13.946085733078117,10
checkerboard,randomKTA,direction_diversity,20.0,7.280213467454662,3.9197263438786147,11.754705854990535,10
checkerboard,randomKTA,direction_diversity,21.0,7.318954868606241,3.678380437422541,12.073797923956588,10
checkerboard,randomKTA,direction_diversity,22.0,7.32927975128923,3.3413625901017023,11.522120008341691,10
checkerboard,randomKTA,direction_diversity,23.0,7.421192949007612,3.1058540503821095,11.10467935596624,10
checkerboard,randomKTA,direction_diversity,24.0,7.444725483071525,3.0603131933823535,10.861572301005172,10
checkerboard,randomKTA,direction_diversity,25.0,7.537719300033989,3.034598048329446,10.606678235048278,10
checkerboard,randomKTA,direction_diversity,26.0,7.614634438315119,3.0226735180043134,10.284236374064843,10
checkerboard,randomKTA,direction_diversity,27.0,7.7393927777801945,2.977719937707817,10.089703841416394,10
checkerboard,randomKTA,direction_diversity,28.0,7.925622070793561,3.1854206321875167,10.195431668732997,10
checkerboard,randomKTA,direction_diversity,29.0,7.881588750894258,3.4509256620044306,10.536396577812225,10
checkerboard,randomKTA,direction_diversity,30.0,7.520384878891877,3.5493920652384885,9.426970600839828,10
checkerboard,randomKTA,direction_diversity,31.0,7.662422996611022,3.5695124250005015,9.340089961722922,10
checkerboard,randomKTA,direction_diversity,32.0,7.673740221957109,3.501982093823182,10.236587481948591,10
checkerboard,randomKTA,direction_diversity,33.0,7.709105374415896,3.5614255115973825,10.54961788235703,10
checkerboard,randomKTA,direction_diversity,34.0,7.908793464539444,3.790534571293717,10.364482876115085,10
checkerboard,randomKTA,direction_diversity,35.0,7.909592585339858,3.6793108460465387,10.464781784542193,10
checkerboard,randomKTA,direction_diversity,36.0,7.774030185621291,3.628866976916933,10.44486999231863,10
checkerboard,randomKTA,direction_diversity,37.0,7.506152217263617,3.647620294937825,10.697730568467751,10
checkerboard,randomKTA,direction_diversity,38.0,7.242450690947146,3.6164709930430927,10.506896917431298,10
checkerboard,randomKTA,direction_diversity,39.0,7.136336114982463,3.596475028697249,10.557250186667211,10
checkerboard,randomKTA,direction_diversity,40.0,7.142052781261661,3.7347189762302606,10.348184121017521,10
checkerboard,randomKTA,direction_diversity,41.0,7.315279681268126,3.630671757855127,10.14468563056213,10
checkerboard,randomKTA,direction_diversity,42.0,7.231388401294632,3.450449630387813,10.089368829563792,10
checkerboard,randomKTA,direction_diversity,43.0,7.2614691078568425,3.5233277305469373,10.563212775978231,10
checkerboard,randomKTA,direction_diversity,44.0,7.38085512695004,3.623333454508667,10.24179313064964,10
checkerboard,randomKTA,direction_diversity,45.0,7.188404122305981,3.520794835097578,10.0947367497869,10
checkerboard,randomKTA,direction_diversity,46.0,6.82906613744917,3.156641295250153,10.09129015582241,10
checkerboard,randomKTA,direction_diversity,47.0,6.748906829825001,2.911391931862044,10.101315367109525,10
checkerboard,randomKTA,direction_diversity,48.0,6.86482229191181,3.06470521398119,10.972998068606813,10
checkerboard,randomKTA,direction_diversity,49.0,6.729253901390942,3.1404127998296247,11.430359177167924,10
checkerboard,randomKTA,direction_diversity,50.0,6.491559603595921,3.1540560248013008,11.295115094686752,10
checkerboard,randomKTA,direction_diversity,51.0,6.441768779255559,3.1688517261703333,10.345338600256047,10
checkerboard,randomKTA,direction_diversity,52.0,6.44030188109366,3.289968053802311,9.584203841652748,10
checkerboard,randomKTA,direction_diversity,53.0,6.219579602902362,3.410704374257075,9.660026186176017,10
checkerboard,randomKTA,direction_diversity,54.0,6.261345013524654,3.3156498366441807,9.773216039915106,10
checkerboard,randomKTA,direction_diversity,55.0,6.001914184284379,3.0373394833262433,9.962347739434483,10
checkerboard,randomKTA,direction_diversity,56.0,5.746431886497814,2.749831990212593,8.473522319256947,10
checkerboard,randomKTA,direction_diversity,57.0,5.589951868637762,2.744560883724732,8.725187081606732,10
checkerboard,randomKTA,direction_diversity,58.0,5.534973088796728,2.925139812424734,8.787601152113822,10
checkerboard,randomKTA,direction_diversity,59.0,5.718141429680469,2.9310278768175246,8.637261676203755,10
checkerboard,randomKTA,direction_diversity,60.0,5.7222575213590146,2.9207633221773137,8.469256221217561,10
checkerboard,randomKTA,direction_diversity,61.0,5.626412123564027,2.8192206855362296,8.478973148319538,10
checkerboard,randomKTA,direction_diversity,62.0,5.837076460523574,2.768951091279881,8.809447538762758,10
checkerboard,randomKTA,direction_diversity,63.0,5.649425666726309,2.747834050061847,9.091690988314465,10
checkerboard,randomKTA,direction_diversity,64.0,5.613497958766279,2.8048015830168107,9.141362170395448,10
checkerboard,randomKTA,direction_diversity,65.0,5.582500359341003,2.7163157047961506,9.250024961784401,10
checkerboard,randomKTA,direction_diversity,66.0,5.554572203042463,2.650503730248099,9.252391634546353,10
checkerboard,randomKTA,direction_diversity,67.0,5.540676598272224,2.5555829367502554,9.065805913046717,10
checkerboard,randomKTA,direction_diversity,68.0,5.490475673846481,2.3508443082819417,9.173976845544525,10
checkerboard,randomKTA,direction_diversity,69.0,5.432040237179167,2.5741067814783,9.14472757630154,10
checkerboard,randomKTA,direction_diversity,70.0,5.161844487896081,2.774943980305493,8.87528579518259,10
checkerboard,randomKTA,direction_diversity,71.0,5.295078569564957,2.845931666262594,9.282501811934122,10
checkerboard,randomKTA,direction_diversity,72.0,5.266976065815942,2.7173527075836366,9.322599441176383,10
checkerboard,randomKTA,direction_diversity,73.0,5.3397805541610825,2.5606737897250174,8.876420045694386,10
checkerboard,randomKTA,direction_diversity,74.0,5.198727921739685,2.364995271300151,8.876687768764759,10
checkerboard,randomKTA,direction_diversity,75.0,4.801779209339678,2.160086503994729,7.386450424778218,10
checkerboard,randomKTA,direction_diversity,76.0,4.8511193270368365,1.9617151775599222,7.676522989026271,10
checkerboard,randomKTA,direction_diversity,77.0,4.977774621024012,1.913908524971567,9.507435312565145,10
checkerboard,randomKTA,direction_diversity,78.0,4.794765835352369,1.7631392147923333,9.39097378524048,10
checkerboard,randomKTA,direction_diversity,79.0,4.739873449358347,1.755900252435791,9.64903246438798,10
checkerboard,randomKTA,direction_diversity,80.0,4.498090682149815,1.808449494654243,9.061097431733996,10
checkerboard,randomKTA,direction_diversity,81.0,4.393895129962695,1.6263105244707934,8.307153377760772,10
checkerboard,randomKTA,direction_diversity,82.0,4.378412071506764,1.5447539889312627,8.931361476886213,10
checkerboard,randomKTA,direction_diversity,83.0,4.4131670448424565,1.500422215367789,9.857568839984479,10
checkerboard,randomKTA,direction_diversity,84.0,4.437411695472575,1.496869979622657,10.23688873544959,10
checkerboard,randomKTA,direction_diversity,85.0,4.37714584711938,1.5468502893691578,10.266880639464215,10
checkerboard,randomKTA,direction_diversity,86.0,4.339671799821447,1.70013782372201,9.685472190049895,10
checkerboard,randomKTA,direction_diversity,87.0,4.279706272215749,1.7563378355659192,8.581115276239887,10
checkerboard,randomKTA,direction_diversity,88.0,4.235241934773518,1.8161152981211177,8.192997229984858,10
checkerboard,randomKTA,direction_diversity,89.0,4.209413800157888,1.8292557979014048,7.801386001572264,10
checkerboard,randomKTA,direction_diversity,90.0,4.155782646911861,1.862419733333533,7.383316580681175,10
checkerboard,randomKTA,direction_diversity,91.0,4.20634270633172,1.8884449684618707,7.994516744574672,10
checkerboard,randomKTA,direction_diversity,92.0,4.237673520757379,1.9052981052350442,8.361537334558884,10
checkerboard,randomKTA,direction_diversity,93.0,4.155959314710228,1.8947884048263874,8.373591571892813,10
checkerboard,randomKTA,direction_diversity,94.0,3.9381438524183636,1.7972202161655995,8.241158723818229,10
checkerboard,randomKTA,direction_diversity,95.0,3.913908423476004,1.6523972595418257,8.396001243212874,10
checkerboard,randomKTA,direction_diversity,96.0,3.8009224223522438,1.6147791940314586,7.974851509414788,10
checkerboard,randomKTA,direction_diversity,97.0,3.7613308580837823,1.656974986703237,7.254756182606255,10
checkerboard,randomKTA,direction_diversity,98.0,3.8017176401262667,1.671271414177425,7.206438530883874,10
checkerboard,randomKTA,direction_diversity,99.0,3.8970400833245114,1.6113067179965894,6.84588938508216,10
checkerboard,randomKTA,direction_diversity,100.0,3.699106045417902,1.620698102171833,6.749532641002164,10
checkerboard,quackKTA,direction_diversity,1.0,4.945941308755725,1.7842325954440497,8.012359230639317,10
checkerboard,quackKTA,direction_diversity,2.0,4.945941308755725,1.7842325954440497,8.012359230639317,10
checkerboard,quackKTA,direction_diversity,3.0,4.579477987376764,1.5280141335964468,6.4017731877855395,10
checkerboard,quackKTA,direction_diversity,4.0,4.579477987376764,1.5280141335964468,6.4017731877855395,10
checkerboard,quackKTA,direction_diversity,5.0,5.058402713478691,1.4185930406840692,8.370060508835557,10
checkerboard,quackKTA,direction_diversity,6.0,5.058402713478691,1.4185930406840692,8.370060508835557,10
checkerboard,quackKTA,direction_diversity,7.0,5.080422284165584,1.383001618241067,8.506077386734733,10
checkerboard,quackKTA,direction_diversity,8.0,5.080422284165584,1.383001618241067,8.506077386734733,10
checkerboard,quackKTA,direction_diversity,9.0,5.048720945253077,1.407727984219619,8.685473433231625,10
checkerboard,quackKTA,direction_diversity,10.0,5.048720945253077,1.407727984219619,8.685473433231625,10
checkerboard,quackKTA,direction_diversity,11.0,4.948443718190057,1.523113625324665,7.530128504150758,10
checkerboard,quackKTA,direction_diversity,12.0,4.948443718190057,1.523113625324665,7.530128504150758,10
checkerboard,quackKTA,direction_diversity,13.0,5.005551468888315,1.8069118818896859,7.339115502533425,10
checkerboard,quackKTA,direction_diversity,14.0,5.005551468888315,1.8069118818896859,7.339115502533425,10
checkerboard,quackKTA,direction_diversity,15.0,5.026483890743698,1.9119352702829429,6.656470233491751,10
checkerboard,quackKTA,direction_diversity,16.0,5.026483890743698,1.9119352702829429,6.656470233491751,10
checkerboard,quackKTA,direction_diversity,17.0,4.799143575723552,1.8933657916994233,6.264414487051626,10
checkerboard,quackKTA,direction_diversity,18.0,4.799143575723552,1.8933657916994233,6.264414487051626,10
checkerboard,quackKTA,direction_diversity,19.0,4.992924867608108,1.9054864392175637,7.287925021278366,10
checkerboard,quackKTA,direction_diversity,20.0,4.992924867608108,1.9054864392175637,7.287925021278366,10
checkerboard,quackKTA,direction_diversity,21.0,4.866943730537015,1.5150896256944335,7.511314670474545,10
checkerboard,quackKTA,direction_diversity,22.0,4.866943730537015,1.5150896256944335,7.511314670474545,10
checkerboard,quackKTA,direction_diversity,23.0,4.963541321156343,1.3312637168798684,7.860066139283775,10
checkerboard,quackKTA,direction_diversity,24.0,4.963541321156343,1.3312637168798684,7.860066139283775,10
checkerboard,quackKTA,direction_diversity,25.0,5.1023883711439755,1.3975253473424123,8.74769417857182,10
checkerboard,quackKTA,direction_diversity,26.0,5.1023883711439755,1.3975253473424123,8.74769417857182,10
checkerboard,quackKTA,direction_diversity,27.0,5.481795290434411,1.4846374846556132,8.524969926504742,10
checkerboard,quackKTA,direction_diversity,28.0,5.481795290434411,1.4846374846556132,8.524969926504742,10
checkerboard,quackKTA,direction_diversity,29.0,5.601304483839599,1.5785939613419184,10.395012957329536,10
checkerboard,quackKTA,direction_diversity,30.0,5.601304483839599,1.5785939613419184,10.395012957329536,10
checkerboard,quackKTA,direction_diversity,31.0,5.630169227130061,1.6560799811550722,10.219665211407323,10
checkerboard,quackKTA,direction_diversity,32.0,5.630169227130061,1.6560799811550722,10.219665211407323,10
checkerboard,quackKTA,direction_diversity,33.0,5.411357719022586,1.542008939835418,9.609674182586145,10
checkerboard,quackKTA,direction_diversity,34.0,5.411357719022586,1.542008939835418,9.609674182586145,10
checkerboard,quackKTA,direction_diversity,35.0,5.092648011896428,1.3915206976744228,8.872845595819596,10
checkerboard,quackKTA,direction_diversity,36.0,5.092648011896428,1.3915206976744228,8.872845595819596,10
checkerboard,quackKTA,direction_diversity,37.0,5.1633320635682,1.2764326200093705,8.581864212517491,10
checkerboard,quackKTA,direction_diversity,38.0,5.1633320635682,1.2764326200093705,8.581864212517491,10
checkerboard,quackKTA,direction_diversity,39.0,5.093218411147152,1.1950436199822572,8.961004399094872,10
checkerboard,quackKTA,direction_diversity,40.0,5.093218411147152,1.1950436199822572,8.961004399094872,10
checkerboard,quackKTA,direction_diversity,41.0,4.706543529257508,1.1364716469144496,8.44108993510413,10
checkerboard,quackKTA,direction_diversity,42.0,4.706543529257508,1.1364716469144496,8.44108993510413,10
checkerboard,quackKTA,direction_diversity,43.0,4.556032582429917,1.0960447121707644,7.193928407557798,10
checkerboard,quackKTA,direction_diversity,44.0,4.556032582429917,1.0960447121707644,7.193928407557798,10
checkerboard,quackKTA,direction_diversity,45.0,4.077764730506749,1.0721071317431414,7.524234430101122,10
checkerboard,quackKTA,direction_diversity,46.0,4.077764730506749,1.0721071317431414,7.524234430101122,10
checkerboard,quackKTA,direction_diversity,47.0,4.026348626433839,1.0631825098532424,7.35724787234016,10
checkerboard,quackKTA,direction_diversity,48.0,4.026348626433839,1.0631825098532424,7.35724787234016,10
checkerboard,quackKTA,direction_diversity,49.0,4.171472556131098,1.0656338924992557,8.291874421998745,10
checkerboard,quackKTA,direction_diversity,50.0,4.171472556131098,1.0656338924992557,8.291874421998745,10
checkerboard,quackKTA,direction_diversity,51.0,3.847845966170797,1.075659094084086,7.19907593887212,10
checkerboard,quackKTA,direction_diversity,52.0,3.847845966170797,1.075659094084086,7.19907593887212,10
checkerboard,quackKTA,direction_diversity,53.0,3.571938726434017,1.0900133128144742,7.476988293896585,10
checkerboard,quackKTA,direction_diversity,54.0,3.571938726434017,1.0900133128144742,7.476988293896585,10
checkerboard,quackKTA,direction_diversity,55.0,3.4118991779540586,1.1062778172121204,7.37319505991189,10
checkerboard,quackKTA,direction_diversity,56.0,3.4118991779540586,1.1062778172121204,7.37319505991189,10
checkerboard,quackKTA,direction_diversity,57.0,3.3701804021657553,1.123501208411519,6.671904336403142,10
checkerboard,quackKTA,direction_diversity,58.0,3.3701804021657553,1.123501208411519,6.671904336403142,10
checkerboard,quackKTA,direction_diversity,59.0,3.6187805386293213,1.1411438765802504,8.531146030029975,10
checkerboard,quackKTA,direction_diversity,60.0,3.6187805386293213,1.1411438765802504,8.531146030029975,10
checkerboard,quackKTA,direction_diversity,61.0,3.710975350279754,1.1590880117852784,8.557539328818063,10
checkerboard,quackKTA,direction_diversity,62.0,3.710975350279754,1.1590880117852784,8.557539328818063,10
checkerboard,quackKTA,direction_diversity,63.0,3.742787771237083,1.1770317526479899,8.38556735652433,10
checkerboard,quackKTA,direction_diversity,64.0,3.742787771237083,1.1770317526479899,8.38556735652433,10
checkerboard,quackKTA,direction_diversity,65.0,3.6808162214539664,1.1949803564427088,8.189559231335192,10
checkerboard,quackKTA,direction_diversity,66.0,3.6808162214539664,1.1949803564427088,8.189559231335192,10
checkerboard,quackKTA,direction_diversity,67.0,3.5073526220141025,1.1757011388946048,8.010208561089762,10
checkerboard,quackKTA,direction_diversity,68.0,3.5073526220141025,1.1757011388946048,8.010208561089762,10
checkerboard,quackKTA,direction_diversity,69.0,3.527944604369702,1.1490383863008302,7.77555508528916,10
checkerboard,quackKTA,direction_diversity,70.0,3.527944604369702,1.1490383863008302,7.77555508528916,10
checkerboard,quackKTA,direction_diversity,71.0,3.3900477234650657,1.1585984791862198,7.477450425528898,10
checkerboard,quackKTA,direction_diversity,72.0,3.3900477234650657,1.1585984791862198,7.477450425528898,10
checkerboard,quackKTA,direction_diversity,73.0,3.3681330401973155,1.217849455996118,7.157040182504184,10
checkerboard,quackKTA,direction_diversity,74.0,3.3681330401973155,1.217849455996118,7.157040182504184,10
checkerboard,quackKTA,direction_diversity,75.0,3.3640819615884516,1.2825988749284065,7.075712730094869,10
checkerboard,quackKTA,direction_diversity,76.0,3.3640819615884516,1.2825988749284065,7.075712730094869,10
checkerboard,quackKTA,direction_diversity,77.0,3.367256718580685,1.2978114585333889,7.167156746902448,10
checkerboard,quackKTA,direction_diversity,78.0,3.367256718580685,1.2978114585333889,7.167156746902448,10
checkerboard,quackKTA,direction_diversity,79.0,3.354942388598359,1.3116035769981373,7.237780232030162,10
checkerboard,quackKTA,direction_diversity,80.0,3.354942388598359,1.3116035769981373,7.237780232030162,10
checkerboard,quackKTA,direction_diversity,81.0,3.348684132310384,1.3239570378305696,7.304438534338054,10
checkerboard,quackKTA,direction_diversity,82.0,3.348684132310384,1.3239570378305696,7.304438534338054,10
checkerboard,quackKTA,direction_diversity,83.0,3.3496146353073777,1.3348002938059846,7.388733222196407,10
checkerboard,quackKTA,direction_diversity,84.0,3.3496146353073777,1.3348002938059846,7.388733222196407,10
checkerboard,quackKTA,direction_diversity,85.0,3.3610573143525984,1.344050850695601,7.500653104933469,10
checkerboard,quackKTA,direction_diversity,86.0,3.3610573143525984,1.344050850695601,7.500653104933469,10
checkerboard,quackKTA,direction_diversity,87.0,3.382544221792201,1.3517008077853492,7.631357931792023,10
checkerboard,quackKTA,direction_diversity,88.0,3.382544221792201,1.3517008077853492,7.631357931792023,10
checkerboard,quackKTA,direction_diversity,89.0,3.408958425443962,1.3578353342323466,7.755507696018703,10
checkerboard,quackKTA,direction_diversity,90.0,3.408958425443962,1.3578353342323466,7.755507696018703,10
checkerboard,quackKTA,direction_diversity,91.0,3.4344314558116222,1.3624665481034814,7.8377033718324345,10
checkerboard,quackKTA,direction_diversity,92.0,3.4344314558116222,1.3624665481034814,7.8377033718324345,10
checkerboard,quackKTA,direction_diversity,93.0,3.449857033227432,1.3654410292300945,7.808298421380384,10
checkerboard,quackKTA,direction_diversity,94.0,3.449857033227432,1.3654410292300945,7.808298421380384,10
checkerboard,quackKTA,direction_diversity,95.0,3.4504708401248365,1.3667685787356463,7.610304124780346,10
checkerboard,quackKTA,direction_diversity,96.0,3.4504708401248365,1.3667685787356463,7.610304124780346,10
checkerboard,quackKTA,direction_diversity,97.0,3.447266252138573,1.3665975835371458,7.338136877617458,10
checkerboard,quackKTA,direction_diversity,98.0,3.447266252138573,1.3665975835371458,7.338136877617458,10
checkerboard,quackKTA,direction_diversity,99.0,3.446647442463761,1.3651315921368359,7.071541109334227,10
checkerboard,quackKTA,direction_diversity,100.0,3.446647442463761,1.3651315921368359,7.071541109334227,10
checkerboard,centroidBasedKTA,direction_diversity,1.0,7.017006350934373,4.03613872862503,10.531958894261754,10
checkerboard,centroidBasedKTA,direction_diversity,2.0,6.5091785471890375,1.2213173160188755,9.382906478600146,10
checkerboard,centroidBasedKTA,direction_diversity,3.0,6.8550055602731295,1.3366689826184832,9.36382400448027,10
checkerboard,centroidBasedKTA,direction_diversity,4.0,7.884350442086799,1.1551408455545367,11.646897606278378,10
checkerboard,centroidBasedKTA,direction_diversity,5.0,7.457388052756196,1.6659432077306278,10.70456921670787,10
checkerboard,centroidBasedKTA,direction_diversity,6.0,6.822891394051602,1.8922802419546139,9.169811111835987,10
checkerboard,centroidBasedKTA,direction_diversity,7.0,6.85042136775288,1.606449929429626,9.690161177804601,10
checkerboard,centroidBasedKTA,direction_diversity,8.0,6.733889814351362,1.6598483328736129,9.41438011332092,10
checkerboard,centroidBasedKTA,direction_diversity,9.0,7.783097302751931,2.8023109022439123,12.845314844001896,10
checkerboard,centroidBasedKTA,direction_diversity,10.0,6.940669164993631,2.2762953725594,9.0738121668784,10
checkerboard,centroidBasedKTA,direction_diversity,11.0,7.817905667634193,2.8743795084950685,10.99146724624423,10
checkerboard,centroidBasedKTA,direction_diversity,12.0,7.764893809241423,2.3555659362615358,10.269743408646862,10
checkerboard,centroidBasedKTA,direction_diversity,13.0,7.143158435089137,2.8976775859477306,9.999306399058295,10
checkerboard,centroidBasedKTA,direction_diversity,14.0,7.2908703554944525,5.071070008753951,9.445968096262186,10
checkerboard,centroidBasedKTA,direction_diversity,15.0,7.514074511156342,5.190721436302118,12.505149235573315,10
checkerboard,centroidBasedKTA,direction_diversity,16.0,8.166879248198144,4.773539092515959,10.356197944662217,10
checkerboard,centroidBasedKTA,direction_diversity,17.0,7.91411906364109,3.9300991036774895,11.004741059969993,10
checkerboard,centroidBasedKTA,direction_diversity,18.0,7.667183801579206,5.043397902401375,11.646788572729253,10
checkerboard,centroidBasedKTA,direction_diversity,19.0,7.435567804865177,4.125333032669409,11.702027805121787,10
checkerboard,centroidBasedKTA,direction_diversity,20.0,7.419605736907373,4.410332223210618,11.316779141775823,10
checkerboard,centroidBasedKTA,direction_diversity,21.0,8.427948823361385,4.921254094074054,10.841030921809482,10
checkerboard,centroidBasedKTA,direction_diversity,22.0,8.109233370048381,5.282951005100343,10.458559118043047,10
checkerboard,centroidBasedKTA,direction_diversity,23.0,8.087154042120252,4.651294493814639,12.035026859176805,10
checkerboard,centroidBasedKTA,direction_diversity,24.0,8.297827318718065,5.996676447646409,11.66891654958718,10
checkerboard,centroidBasedKTA,direction_diversity,25.0,7.594086523089611,4.618800194666865,10.20498619884985,10
checkerboard,centroidBasedKTA,direction_diversity,26.0,7.987501117628061,3.8149826807305405,11.132484942020529,10
checkerboard,centroidBasedKTA,direction_diversity,27.0,7.561216568423925,4.635072818902185,9.537171724335208,10
checkerboard,centroidBasedKTA,direction_diversity,28.0,7.692357409953726,4.551092126918455,9.713971598157437,10
checkerboard,centroidBasedKTA,direction_diversity,29.0,7.931297656681503,4.364601330526809,11.19123240144688,10
checkerboard,centroidBasedKTA,direction_diversity,30.0,8.217495902760987,5.7455760925636925,11.347474631972345,10
checkerboard,centroidBasedKTA,direction_diversity,31.0,7.982626661649324,5.617008809555999,11.069517840579824,10
checkerboard,centroidBasedKTA,direction_diversity,32.0,7.980264699138175,5.170229191436973,10.89974958664323,10
checkerboard,centroidBasedKTA,direction_diversity,33.0,7.863016624837184,4.620677246083706,10.86177927540033,10
checkerboard,centroidBasedKTA,direction_diversity,34.0,7.929422337583864,5.910221707841558,10.525856162600814,10
checkerboard,centroidBasedKTA,direction_diversity,35.0,7.94495675580318,5.9490632196979885,11.8730277066152,10
checkerboard,centroidBasedKTA,direction_diversity,36.0,8.477215947440254,5.624354732129149,10.360699520140013,10
checkerboard,centroidBasedKTA,direction_diversity,37.0,7.685424253716041,5.351168752615316,8.862199487950782,10
checkerboard,centroidBasedKTA,direction_diversity,38.0,7.902782517166552,5.113740266659122,10.90386822533217,10
checkerboard,centroidBasedKTA,direction_diversity,39.0,8.294340354358516,4.646850789922179,10.581919336834186,10
checkerboard,centroidBasedKTA,direction_diversity,40.0,8.280686088815731,6.03492350607047,10.170592312064038,10
checkerboard,centroidBasedKTA,direction_diversity,41.0,8.478776922697826,6.037757925700283,10.814008154607606,10
checkerboard,centroidBasedKTA,direction_diversity,42.0,8.166184830067229,6.355060355854675,9.899530974438907,10
checkerboard,centroidBasedKTA,direction_diversity,43.0,8.427814989504498,3.437473092323594,11.86190300482928,10
checkerboard,centroidBasedKTA,direction_diversity,44.0,8.198916311226592,5.099285352577038,11.17081511982611,10
checkerboard,centroidBasedKTA,direction_diversity,45.0,8.118330693804037,5.293778693333251,10.666802023687628,10
checkerboard,centroidBasedKTA,direction_diversity,46.0,7.516525401858767,4.577071320411124,10.067177959846289,10
checkerboard,centroidBasedKTA,direction_diversity,47.0,7.365512932971262,5.391578256405276,9.49740310133747,10
checkerboard,centroidBasedKTA,direction_diversity,48.0,7.611156325795254,5.914809745584168,9.563159581783768,10
checkerboard,centroidBasedKTA,direction_diversity,49.0,8.535113168627076,6.195415707867338,11.406315549253312,10
checkerboard,centroidBasedKTA,direction_diversity,50.0,7.673050865894408,4.15276953926784,10.152583149309855,10
checkerboard,centroidBasedKTA,direction_diversity,51.0,7.56132879614182,6.060161860325369,11.319577666730753,10
checkerboard,centroidBasedKTA,direction_diversity,52.0,7.357311583986865,4.387259555260869,10.481406832077885,10
checkerboard,centroidBasedKTA,direction_diversity,53.0,7.212751161476225,5.360356109961125,9.813148300612799,10
checkerboard,centroidBasedKTA,direction_diversity,54.0,7.499021063475221,5.558835759741261,10.304920527355796,10
checkerboard,centroidBasedKTA,direction_diversity,55.0,7.437968290522707,5.077808523229064,10.910345863476472,10
checkerboard,centroidBasedKTA,direction_diversity,56.0,8.085530396399223,5.602115916251953,11.99468742217099,10
checkerboard,centroidBasedKTA,direction_diversity,57.0,7.493707599229369,5.4669006062092524,9.656161342937775,10
checkerboard,centroidBasedKTA,direction_diversity,58.0,8.09765002262757,5.778384168897151,10.937180533547725,10
checkerboard,centroidBasedKTA,direction_diversity,59.0,7.800805336362845,5.079141839354311,11.916844670173283,10
checkerboard,centroidBasedKTA,direction_diversity,60.0,7.482673801783356,5.169210389047574,10.542663581051253,10
checkerboard,centroidBasedKTA,direction_diversity,61.0,7.693893607244016,4.38422927920425,10.588859608879185,10
checkerboard,centroidBasedKTA,direction_diversity,62.0,7.894043981383187,5.886879817206757,11.649666746457408,10
checkerboard,centroidBasedKTA,direction_diversity,63.0,7.478984977763675,5.715489804114338,10.586149617799155,10
checkerboard,centroidBasedKTA,direction_diversity,64.0,7.45014558597294,4.419305187966651,10.965187385446255,10
checkerboard,centroidBasedKTA,direction_diversity,65.0,7.551014144064308,5.662130539286865,9.015239228067449,10
checkerboard,centroidBasedKTA,direction_diversity,66.0,7.685147530288949,5.613989315390784,11.016283572012151,10
checkerboard,centroidBasedKTA,direction_diversity,67.0,8.024808736289973,5.515586287459065,11.804316257068338,10
checkerboard,centroidBasedKTA,direction_diversity,68.0,7.558982059611793,5.489696998344678,9.919172328622647,10
checkerboard,centroidBasedKTA,direction_diversity,69.0,6.887759066471935,4.773001638319434,9.409988972442237,10
checkerboard,centroidBasedKTA,direction_diversity,70.0,7.314694313545067,5.487298199788819,9.546944027574868,10
checkerboard,centroidBasedKTA,direction_diversity,71.0,6.807904874471989,4.52811050740928,9.460510877882477,10
checkerboard,centroidBasedKTA,direction_diversity,72.0,7.161747967409203,5.197590214042458,9.903360676919323,10
checkerboard,centroidBasedKTA,direction_diversity,73.0,7.534518811801709,4.941380665786177,9.583144831005976,10
checkerboard,centroidBasedKTA,direction_diversity,74.0,7.61879698403572,5.134972095409267,9.682970007686055,10
checkerboard,centroidBasedKTA,direction_diversity,75.0,7.13606795141385,5.268434814095892,9.443291219719958,10
checkerboard,centroidBasedKTA,direction_diversity,76.0,7.079582373153906,5.227467409137235,8.606939648685582,10
checkerboard,centroidBasedKTA,direction_diversity,77.0,7.511581430379843,5.243841023777344,9.264086136683964,10
checkerboard,centroidBasedKTA,direction_diversity,78.0,6.770031602435044,4.587719681749024,8.583414505322548,10
checkerboard,centroidBasedKTA,direction_diversity,79.0,7.107072211714855,5.158625261596157,9.795300514666955,10
checkerboard,centroidBasedKTA,direction_diversity,80.0,6.489180217131266,4.528874252503615,8.31643939803629,10
checkerboard,centroidBasedKTA,direction_diversity,81.0,6.863682608190411,5.092134721270389,8.769417159747155,10
checkerboard,centroidBasedKTA,direction_diversity,82.0,7.342200661676683,4.170086332773819,11.174157725980738,10
checkerboard,centroidBasedKTA,direction_diversity,83.0,6.807230076323144,5.045186963890423,9.261134717076189,10
checkerboard,centroidBasedKTA,direction_diversity,84.0,7.375228475644283,4.990084637113273,9.4256079049364,10
checkerboard,centroidBasedKTA,direction_diversity,85.0,6.694884340793631,4.96618829478546,8.604761855501454,10
checkerboard,centroidBasedKTA,direction_diversity,86.0,7.166783502010723,4.981515100357758,9.194558711601879,10
checkerboard,centroidBasedKTA,direction_diversity,87.0,7.428918705322192,4.957942852722759,10.007420541229056,10
checkerboard,centroidBasedKTA,direction_diversity,88.0,6.225002868751391,4.6745112019344575,8.010919153432976,10
checkerboard,centroidBasedKTA,direction_diversity,89.0,6.349671725052147,3.7271956462875524,9.22346288622147,10
checkerboard,centroidBasedKTA,direction_diversity,90.0,7.0079459498848,4.716504239253417,8.591571324421581,10
checkerboard,centroidBasedKTA,direction_diversity,91.0,6.626396276131547,4.973424249150217,9.333531792635352,10
checkerboard,centroidBasedKTA,direction_diversity,92.0,7.6629765674359716,4.830797135550142,11.080789390426492,10
checkerboard,centroidBasedKTA,direction_diversity,93.0,7.174405136538385,4.719195504269323,10.228947188032633,10
checkerboard,centroidBasedKTA,direction_diversity,94.0,6.838164625450498,4.701428761832003,9.757964721203223,10
checkerboard,centroidBasedKTA,direction_diversity,95.0,7.098357068413267,4.706568912299389,9.8120177173152,10
checkerboard,centroidBasedKTA,direction_diversity,96.0,6.549633360006368,4.683867404596879,9.67433602829579,10
checkerboard,centroidBasedKTA,direction_diversity,97.0,7.166025028071519,4.591949799383619,10.057803853029053,10
checkerboard,centroidBasedKTA,direction_diversity,98.0,7.683971234278064,4.693307898872765,9.263893721602086,10
checkerboard,centroidBasedKTA,direction_diversity,99.0,7.718579548513159,4.636637365109817,12.170074340804275,10
checkerboard,centroidBasedKTA,direction_diversity,100.0,7.065491098913237,4.610323164914318,9.610575936959616,10
checkerboard,greedyKTA,direction_diversity,1.0,5.622951566837305,2.0792540551560736,8.70666752114212,10
checkerboard,greedyKTA,direction_diversity,2.0,5.901903890197675,1.9393774626655949,9.765443123670464,10
checkerboard,greedyKTA,direction_diversity,3.0,5.845575171838609,1.7502072417594983,9.409375321143362,10
checkerboard,greedyKTA,direction_diversity,4.0,5.51380746176674,1.6744544569225437,8.637374836359092,10
checkerboard,greedyKTA,direction_diversity,5.0,6.466978573742823,1.660923429740104,10.96020996063427,10
checkerboard,greedyKTA,direction_diversity,6.0,6.463715935104036,1.6507540088997967,10.019909642337906,10
checkerboard,greedyKTA,direction_diversity,7.0,6.249711923313638,1.6328716885706827,10.324206948546918,10
checkerboard,greedyKTA,direction_diversity,8.0,6.250496022506651,1.6419139632055126,10.881783552729098,10
checkerboard,greedyKTA,direction_diversity,9.0,6.369769735124356,1.6606148444852105,10.175723235024751,10
checkerboard,greedyKTA,direction_diversity,10.0,6.1193689169406245,1.676393060311048,9.353187141579737,10
checkerboard,greedyKTA,direction_diversity,11.0,6.219841382570442,1.6593401368616354,9.375473191191608,10
checkerboard,greedyKTA,direction_diversity,12.0,6.229728179867817,1.6251248191985246,9.84228771146096,10
checkerboard,greedyKTA,direction_diversity,13.0,6.699561726068522,1.6019066436837022,10.518752546506725,10
checkerboard,greedyKTA,direction_diversity,14.0,6.564835022816669,1.5939598212232313,10.59783315491608,10
checkerboard,greedyKTA,direction_diversity,15.0,6.233692840985919,1.6128680110245006,10.187538888226992,10
checkerboard,greedyKTA,direction_diversity,16.0,6.089145513760693,1.667190236337161,9.510836984764252,10
checkerboard,greedyKTA,direction_diversity,17.0,6.3796272815211825,1.7373557051682613,9.422011417816323,10
checkerboard,greedyKTA,direction_diversity,18.0,6.0556922019569175,1.7763446605580588,8.954943500819763,10
checkerboard,greedyKTA,direction_diversity,19.0,6.250758588115795,1.7840913166582628,9.728249263685582,10
checkerboard,greedyKTA,direction_diversity,20.0,5.29146100198199,1.7430155861979937,8.562547670132155,10
checkerboard,greedyKTA,direction_diversity,21.0,5.262449764439518,1.8976474348652785,7.201573591307702,10
checkerboard,greedyKTA,direction_diversity,22.0,5.6973490850426005,2.0492071317976746,7.684651112945831,10
checkerboard,greedyKTA,direction_diversity,23.0,5.42221042394201,2.1317182357250197,7.798110869740807,10
checkerboard,greedyKTA,direction_diversity,24.0,5.850513517376177,2.1964987281507646,7.906313393614939,10
checkerboard,greedyKTA,direction_diversity,25.0,5.959056348637175,2.202090253418017,8.039772816359031,10
checkerboard,greedyKTA,direction_diversity,26.0,6.0610188586501605,2.2417287815937628,8.700282115308687,10
checkerboard,greedyKTA,direction_diversity,27.0,6.118911194412258,2.4097534265138614,9.456609959297866,10
checkerboard,greedyKTA,direction_diversity,28.0,6.404753719087893,2.4536669695280633,11.563482282682163,10
checkerboard,greedyKTA,direction_diversity,29.0,5.9926588976704505,2.5690534494388344,10.338781633505908,10
checkerboard,greedyKTA,direction_diversity,30.0,5.7054104595875,2.693413645163175,10.50177153670845,10
checkerboard,greedyKTA,direction_diversity,31.0,5.570770940957934,2.9210495375942562,10.311200014513394,10
checkerboard,greedyKTA,direction_diversity,32.0,5.002089314417746,3.0206288748329464,10.215619454680612,10
checkerboard,greedyKTA,direction_diversity,33.0,4.734158558613341,2.7784717552005955,8.524312424833866,10
checkerboard,greedyKTA,direction_diversity,34.0,4.465309356321448,2.7544774472954647,7.2338177238385954,10
checkerboard,greedyKTA,direction_diversity,35.0,4.513448226844114,2.6936462845046414,7.824595949331433,10
checkerboard,greedyKTA,direction_diversity,36.0,4.515107150602723,2.463876859619819,8.556499683959869,10
checkerboard,greedyKTA,direction_diversity,37.0,4.543680821213911,2.228553368684451,9.349368376218395,10
checkerboard,greedyKTA,direction_diversity,38.0,4.525587624144702,2.1386284192569667,9.685207756510858,10
checkerboard,greedyKTA,direction_diversity,39.0,4.598264085788519,2.113752781106138,9.726794806836983,10
checkerboard,greedyKTA,direction_diversity,40.0,4.639246856037959,2.1310984852878168,9.998273689610004,10
checkerboard,greedyKTA,direction_diversity,41.0,4.551270985340864,2.2454912353806167,8.854269182632924,10
checkerboard,greedyKTA,direction_diversity,42.0,4.637810959898722,2.7562571999552348,7.764836112634663,10
checkerboard,greedyKTA,direction_diversity,43.0,4.5691750048605435,2.6234830809189083,6.981081523696406,10
checkerboard,greedyKTA,direction_diversity,44.0,4.55891592460264,2.1608377334539686,7.366086101172051,10
checkerboard,greedyKTA,direction_diversity,45.0,4.584584651854043,1.7985110712462824,8.348885886983144,10
checkerboard,greedyKTA,direction_diversity,46.0,4.540378902654426,1.5806885968082804,7.851088561492876,10
checkerboard,greedyKTA,direction_diversity,47.0,4.678351860334221,1.426892532393299,8.316079154585674,10
checkerboard,greedyKTA,direction_diversity,48.0,4.889790912302022,1.2925547647505913,8.484629502771794,10
checkerboard,greedyKTA,direction_diversity,49.0,4.818520826743219,1.2488025737080888,8.903930124338286,10
checkerboard,greedyKTA,direction_diversity,50.0,4.974236720839302,1.2894411469958773,9.226961140153517,10
checkerboard,greedyKTA,direction_diversity,51.0,4.656650819818858,1.292163592949896,8.213228312515428,10
checkerboard,greedyKTA,direction_diversity,52.0,4.343822795025206,1.2469576560114595,7.542760254454273,10
checkerboard,greedyKTA,direction_diversity,53.0,4.391746823186998,1.1650072851655637,7.589613421381144,10
checkerboard,greedyKTA,direction_diversity,54.0,4.357437048981883,1.0987792312030447,6.902796613474659,10
checkerboard,greedyKTA,direction_diversity,55.0,4.350739007073715,1.0816477767801052,7.314924640485859,10
checkerboard,greedyKTA,direction_diversity,56.0,4.394331421207383,1.1000426379239332,8.482088443834309,10
checkerboard,greedyKTA,direction_diversity,57.0,4.2770982786732406,1.079107093569386,7.939649095382516,10
checkerboard,greedyKTA,direction_diversity,58.0,4.333435141473707,1.0381206488787234,10.115885746615344,10
checkerboard,greedyKTA,direction_diversity,59.0,4.404622053458209,1.0589216304269835,9.94938755153258,10
checkerboard,greedyKTA,direction_diversity,60.0,4.52709010432839,1.1635049460278486,9.747964468848526,10
checkerboard,greedyKTA,direction_diversity,61.0,4.465729435285693,1.203626870953114,9.313635470357424,10
checkerboard,greedyKTA,direction_diversity,62.0,4.53957230329434,1.1494964021853993,10.593181727700747,10
checkerboard,greedyKTA,direction_diversity,63.0,4.489746114592932,1.072406560260688,10.262355934021093,10
checkerboard,greedyKTA,direction_diversity,64.0,4.219777504179264,1.0537284922524295,9.345523475759501,10
checkerboard,greedyKTA,direction_diversity,65.0,4.163128975803853,1.0706675371768977,9.341993810828225,10
checkerboard,greedyKTA,direction_diversity,66.0,4.477193625665288,1.1036054687306591,10.1733946322393,10
checkerboard,greedyKTA,direction_diversity,67.0,4.469179560389081,1.100189065852502,10.376375486375688,10
checkerboard,greedyKTA,direction_diversity,68.0,4.313908551450221,1.0791449565152138,9.498055850003718,10
checkerboard,greedyKTA,direction_diversity,69.0,4.176203054342439,1.0794914826999396,9.643193450170648,10
checkerboard,greedyKTA,direction_diversity,70.0,3.9448073411620763,1.0849463365185714,8.948955510816932,10
checkerboard,greedyKTA,direction_diversity,71.0,3.601815874179195,1.0958056071639093,7.915889981730837,10
checkerboard,greedyKTA,direction_diversity,72.0,3.542847853161194,1.1065959409543207,8.25266905428471,10
checkerboard,greedyKTA,direction_diversity,73.0,3.497966689896851,1.109104251958745,8.398076084772418,10
checkerboard,greedyKTA,direction_diversity,74.0,3.4451527971874554,1.1134081336230746,7.437023139124383,10
checkerboard,greedyKTA,direction_diversity,75.0,3.4052975691280105,1.0967600749160262,7.836777502377374,10
checkerboard,greedyKTA,direction_diversity,76.0,3.393825402835361,1.041921662483049,7.332148702338255,10
checkerboard,greedyKTA,direction_diversity,77.0,3.3915217707338328,1.0389376933903463,6.733652852799521,10
checkerboard,greedyKTA,direction_diversity,78.0,3.484132638309913,1.0403017516327937,7.145548459092658,10
checkerboard,greedyKTA,direction_diversity,79.0,3.3792193969033546,1.04361038336143,7.385759574416364,10
checkerboard,greedyKTA,direction_diversity,80.0,3.3436798157798293,1.049860177408044,7.537118188553388,10
checkerboard,greedyKTA,direction_diversity,81.0,3.374612603971342,1.0456058518548026,7.252775445154359,10
checkerboard,greedyKTA,direction_diversity,82.0,3.507811959055631,1.0478836077163773,8.260257446665415,10
checkerboard,greedyKTA,direction_diversity,83.0,3.5952767609390053,1.0540450770859529,8.83699784887509,10
checkerboard,greedyKTA,direction_diversity,84.0,3.504766563296562,1.0531836781095336,7.871009370237887,10
checkerboard,greedyKTA,direction_diversity,85.0,3.394807616248186,1.0349511322930807,8.350710025217676,10
checkerboard,greedyKTA,direction_diversity,86.0,3.2373880742199312,1.0300196140800686,8.172337377449136,10
checkerboard,greedyKTA,direction_diversity,87.0,3.2689343398801425,1.018866844795131,8.021972372692769,10
checkerboard,greedyKTA,direction_diversity,88.0,3.3192965986364493,1.0134393553057401,8.596064449827807,10
checkerboard,greedyKTA,direction_diversity,89.0,3.3587340269944406,1.02218166532679,8.694089446483272,10
checkerboard,greedyKTA,direction_diversity,90.0,3.3961469539566473,1.0492107780126374,9.103284254550239,10
checkerboard,greedyKTA,direction_diversity,91.0,3.4183748047487064,1.0905975755632191,9.098988811641481,10
checkerboard,greedyKTA,direction_diversity,92.0,3.351951168425475,1.091110983697331,9.003027432734504,10
checkerboard,greedyKTA,direction_diversity,93.0,3.282745556531028,1.0852123678057028,8.701861134518191,10
checkerboard,greedyKTA,direction_diversity,94.0,3.2857547332790356,1.0852933425371756,9.018021376602984,10
checkerboard,greedyKTA,direction_diversity,95.0,3.220006653848832,1.107603889117046,8.047788541035299,10
checkerboard,greedyKTA,direction_diversity,96.0,3.415339750109365,1.1107238543474596,9.09884446087983,10
checkerboard,greedyKTA,direction_diversity,97.0,3.5127678443135317,1.0667143757460038,8.908995719762233,10
checkerboard,greedyKTA,direction_diversity,98.0,3.3510810502984185,1.0459391088067806,8.254673578982315,10
checkerboard,greedyKTA,direction_diversity,99.0,3.206048350772653,1.0313298943964828,8.106667499728658,10
checkerboard,greedyKTA,direction_diversity,100.0,3.149806294426706,1.0217974562910352,7.712232475523422,10
