dataset,method,run_id,iteration,accuracy,alignment,loss,circuits,time_sec,subcentroids,noise_level,mitigation,n_samples
double_cake,ccka,ccka_lr0_1_lr0_01_lr0_01_optgd_epochs100_epochs0_001_epochs0_001_clusters2__rep1,0,0.75,tensor(0.1613, grad_fn=<SqueezeBackward0>),tensor(0.7440, grad_fn=<AddBackward0>),80,4.267139196395874,2,0.5,,20
double_cake,ccka,ccka_lr0_1_lr0_01_lr0_01_optgd_epochs100_epochs0_001_epochs0_001_clusters4__rep1,0,0.375,tensor(0.0926, grad_fn=<SqueezeBackward0>),tensor(0.5908, grad_fn=<AddBackward0>),160,4.529306888580322,4,0.5,,20
double_cake,ccka,ccka_lr0_1_lr0_01_lr0_01_optgd_epochs100_epochs0_001_epochs0_001_clusters6__rep1,0,1.0,tensor(0.1257, grad_fn=<SqueezeBackward0>),tensor(0.6571, grad_fn=<AddBackward0>),240,4.936713218688965,6,0.5,,20
double_cake,ccka,ccka_lr0_1_lr0_01_lr0_01_optgd_epochs100_epochs0_001_epochs0_001_clusters2__rep1,1,0.75,tensor(0.2078, grad_fn=<SqueezeBackward0>),tensor(0.5553, grad_fn=<AddBackward0>),160,4.3883068561553955,2,0.5,,20
double_cake,ccka,ccka_lr0_1_lr0_01_lr0_01_optgd_epochs100_epochs0_001_epochs0_001_clusters4__rep1,1,0.625,tensor(0.1354, grad_fn=<SqueezeBackward0>),tensor(1.2264, grad_fn=<AddBackward0>),320,4.803291082382202,4,0.5,,20
double_cake,ccka,ccka_lr0_1_lr0_01_lr0_01_optgd_epochs100_epochs0_001_epochs0_001_clusters6__rep1,1,0.75,tensor(0.1022, grad_fn=<SqueezeBackward0>),tensor(1.0609, grad_fn=<AddBackward0>),480,4.848888874053955,6,0.5,,20
double_cake,ccka,ccka_lr0_1_lr0_01_lr0_01_optgd_epochs100_epochs0_001_epochs0_001_clusters2__rep1,2,0.75,tensor(0.2022, grad_fn=<SqueezeBackward0>),tensor(0.5722, grad_fn=<AddBackward0>),240,4.412760019302368,2,0.5,,20
double_cake,ccka,ccka_lr0_1_lr0_01_lr0_01_optgd_epochs100_epochs0_001_epochs0_001_clusters4__rep1,2,0.5,tensor(0.1118, grad_fn=<SqueezeBackward0>),tensor(0.5707, grad_fn=<AddBackward0>),480,4.6007468700408936,4,0.5,,20
double_cake,ccka,ccka_lr0_1_lr0_01_lr0_01_optgd_epochs100_epochs0_001_epochs0_001_clusters6__rep1,2,0.75,tensor(0.1039, grad_fn=<SqueezeBackward0>),tensor(0.6267, grad_fn=<AddBackward0>),720,5.0561511516571045,6,0.5,,20
double_cake,ccka,ccka_lr0_1_lr0_01_lr0_01_optgd_epochs100_epochs0_001_epochs0_001_clusters2__rep1,3,0.625,tensor(0.2154, grad_fn=<SqueezeBackward0>),tensor(0.5850, grad_fn=<AddBackward0>),320,4.430173873901367,2,0.5,,20
double_cake,ccka,ccka_lr0_1_lr0_01_lr0_01_optgd_epochs100_epochs0_001_epochs0_001_clusters4__rep1,3,0.625,tensor(0.1821, grad_fn=<SqueezeBackward0>),tensor(1.1399, grad_fn=<AddBackward0>),640,4.6887688636779785,4,0.5,,20
double_cake,ccka,ccka_lr0_1_lr0_01_lr0_01_optgd_epochs100_epochs0_001_epochs0_001_clusters6__rep1,3,0.75,tensor(0.0876, grad_fn=<SqueezeBackward0>),tensor(1.0094, grad_fn=<AddBackward0>),960,5.084362983703613,6,0.5,,20
double_cake,ccka,ccka_lr0_1_lr0_01_lr0_01_optgd_epochs100_epochs0_001_epochs0_001_clusters2__rep1,4,0.75,tensor(0.1714, grad_fn=<SqueezeBackward0>),tensor(0.5965, grad_fn=<AddBackward0>),400,4.3382790088653564,2,0.5,,20
double_cake,ccka,ccka_lr0_1_lr0_01_lr0_01_optgd_epochs100_epochs0_001_epochs0_001_clusters4__rep1,4,0.75,tensor(0.1565, grad_fn=<SqueezeBackward0>),tensor(0.5602, grad_fn=<AddBackward0>),800,4.581722974777222,4,0.5,,20
double_cake,ccka,ccka_lr0_1_lr0_01_lr0_01_optgd_epochs100_epochs0_001_epochs0_001_clusters6__rep1,4,0.75,tensor(0.0919, grad_fn=<SqueezeBackward0>),tensor(0.6384, grad_fn=<AddBackward0>),1200,4.882293939590454,6,0.5,,20
double_cake,ccka,ccka_lr0_1_lr0_01_lr0_01_optgd_epochs100_epochs0_001_epochs0_001_clusters2__rep1,5,0.625,tensor(0.1955, grad_fn=<SqueezeBackward0>),tensor(1.0952, grad_fn=<AddBackward0>),480,4.295069932937622,2,0.5,,20
double_cake,ccka,ccka_lr0_1_lr0_01_lr0_01_optgd_epochs100_epochs0_001_epochs0_001_clusters4__rep1,5,0.75,tensor(0.1993, grad_fn=<SqueezeBackward0>),tensor(1.0568, grad_fn=<AddBackward0>),960,4.59810996055603,4,0.5,,20
double_cake,ccka,ccka_lr0_1_lr0_01_lr0_01_optgd_epochs100_epochs0_001_epochs0_001_clusters6__rep1,5,0.75,tensor(0.0816, grad_fn=<SqueezeBackward0>),tensor(1.0158, grad_fn=<AddBackward0>),1440,4.873992919921875,6,0.5,,20
double_cake,ccka,ccka_lr0_1_lr0_01_lr0_01_optgd_epochs100_epochs0_001_epochs0_001_clusters2__rep1,6,0.5,tensor(0.1833, grad_fn=<SqueezeBackward0>),tensor(1.5624, grad_fn=<AddBackward0>),560,4.3354291915893555,2,0.5,,20
double_cake,ccka,ccka_lr0_1_lr0_01_lr0_01_optgd_epochs100_epochs0_001_epochs0_001_clusters4__rep1,6,0.75,tensor(0.1935, grad_fn=<SqueezeBackward0>),tensor(0.5232, grad_fn=<AddBackward0>),1120,4.800585985183716,4,0.5,,20
double_cake,ccka,ccka_lr0_1_lr0_01_lr0_01_optgd_epochs100_epochs0_001_epochs0_001_clusters6__rep1,6,0.75,tensor(0.0842, grad_fn=<SqueezeBackward0>),tensor(0.6770, grad_fn=<AddBackward0>),1680,5.06963586807251,6,0.5,,20
double_cake,ccka,ccka_lr0_1_lr0_01_lr0_01_optgd_epochs100_epochs0_001_epochs0_001_clusters2__rep1,7,0.5,tensor(0.1689, grad_fn=<SqueezeBackward0>),tensor(1.3533, grad_fn=<AddBackward0>),640,4.347920179367065,2,0.5,,20
double_cake,ccka,ccka_lr0_1_lr0_01_lr0_01_optgd_epochs100_epochs0_001_epochs0_001_clusters4__rep1,7,0.75,tensor(0.1851, grad_fn=<SqueezeBackward0>),tensor(1.0243, grad_fn=<AddBackward0>),1280,4.62060022354126,4,0.5,,20
double_cake,ccka,ccka_lr0_1_lr0_01_lr0_01_optgd_epochs100_epochs0_001_epochs0_001_clusters2__rep1,8,0.75,tensor(0.1606, grad_fn=<SqueezeBackward0>),tensor(1.2520, grad_fn=<AddBackward0>),720,4.336261987686157,2,0.5,,20
double_cake,ccka,ccka_lr0_1_lr0_01_lr0_01_optgd_epochs100_epochs0_001_epochs0_001_clusters6__rep1,7,0.625,tensor(0.0920, grad_fn=<SqueezeBackward0>),tensor(1.0829, grad_fn=<AddBackward0>),1920,4.865964889526367,6,0.5,,20
double_cake,ccka,ccka_lr0_1_lr0_01_lr0_01_optgd_epochs100_epochs0_001_epochs0_001_clusters4__rep1,8,0.875,tensor(0.1765, grad_fn=<SqueezeBackward0>),tensor(0.4848, grad_fn=<AddBackward0>),1440,4.580949068069458,4,0.5,,20
double_cake,ccka,ccka_lr0_1_lr0_01_lr0_01_optgd_epochs100_epochs0_001_epochs0_001_clusters2__rep1,9,0.5,tensor(0.1252, grad_fn=<SqueezeBackward0>),tensor(0.9966, grad_fn=<AddBackward0>),800,4.36169695854187,2,0.5,,20
double_cake,ccka,ccka_lr0_1_lr0_01_lr0_01_optgd_epochs100_epochs0_001_epochs0_001_clusters6__rep1,8,0.625,tensor(0.0778, grad_fn=<SqueezeBackward0>),tensor(0.7311, grad_fn=<AddBackward0>),2160,5.08243203163147,6,0.5,,20
double_cake,ccka,ccka_lr0_1_lr0_01_lr0_01_optgd_epochs100_epochs0_001_epochs0_001_clusters4__rep1,9,0.75,tensor(0.1551, grad_fn=<SqueezeBackward0>),tensor(1.0020, grad_fn=<AddBackward0>),1600,4.581127882003784,4,0.5,,20
double_cake,ccka,ccka_lr0_1_lr0_01_lr0_01_optgd_epochs100_epochs0_001_epochs0_001_clusters6__rep1,9,0.625,tensor(0.0905, grad_fn=<SqueezeBackward0>),tensor(1.1610, grad_fn=<AddBackward0>),2400,4.86833930015564,6,0.5,,20
double_cake,ccka,ccka_lr0_1_lr0_01_lr0_01_optgd_epochs100_epochs0_001_epochs0_001_clusters8__rep1,0,0.5,tensor(0.0920, grad_fn=<SqueezeBackward0>),tensor(0.7029, grad_fn=<AddBackward0>),320,5.256130218505859,8,0.5,,20
double_cake,ccka,ccka_lr0_1_lr0_01_lr0_01_optgd_epochs100_epochs0_001_epochs0_001_clusters10__rep1,0,0.625,tensor(0.1151, grad_fn=<SqueezeBackward0>),tensor(0.7914, grad_fn=<AddBackward0>),400,5.566691875457764,10,0.5,,20
double_cake,ccka,ccka_lr0_2_lr0_01_lr0_01_optgd_epochs100_epochs0_001_epochs0_001_clusters2__rep1,0,0.75,tensor(0.1818, grad_fn=<SqueezeBackward0>),tensor(0.6111, grad_fn=<AddBackward0>),80,4.317533016204834,2,0.5,,20
double_cake,ccka,ccka_lr0_1_lr0_01_lr0_01_optgd_epochs100_epochs0_001_epochs0_001_clusters8__rep1,1,0.625,tensor(0.0969, grad_fn=<SqueezeBackward0>),tensor(1.0323, grad_fn=<AddBackward0>),640,5.326449871063232,8,0.5,,20
double_cake,ccka,ccka_lr0_1_lr0_01_lr0_01_optgd_epochs100_epochs0_001_epochs0_001_clusters10__rep1,1,0.5,tensor(0.1101, grad_fn=<SqueezeBackward0>),tensor(0.9367, grad_fn=<AddBackward0>),800,5.607722997665405,10,0.5,,20
double_cake,ccka,ccka_lr0_2_lr0_01_lr0_01_optgd_epochs100_epochs0_001_epochs0_001_clusters2__rep1,1,0.625,tensor(0.2103, grad_fn=<SqueezeBackward0>),tensor(0.4710, grad_fn=<AddBackward0>),160,4.396123886108398,2,0.5,,20
double_cake,ccka,ccka_lr0_1_lr0_01_lr0_01_optgd_epochs100_epochs0_001_epochs0_001_clusters8__rep1,2,0.5,tensor(0.0659, grad_fn=<SqueezeBackward0>),tensor(0.6203, grad_fn=<AddBackward0>),960,5.390520811080933,8,0.5,,20
double_cake,ccka,ccka_lr0_2_lr0_01_lr0_01_optgd_epochs100_epochs0_001_epochs0_001_clusters2__rep1,2,0.75,tensor(0.1540, grad_fn=<SqueezeBackward0>),tensor(0.4301, grad_fn=<AddBackward0>),240,4.415428161621094,2,0.5,,20
double_cake,ccka,ccka_lr0_1_lr0_01_lr0_01_optgd_epochs100_epochs0_001_epochs0_001_clusters10__rep1,2,0.5,tensor(0.1069, grad_fn=<SqueezeBackward0>),tensor(0.6909, grad_fn=<AddBackward0>),1200,5.646718978881836,10,0.5,,20
double_cake,ccka,ccka_lr0_1_lr0_01_lr0_01_optgd_epochs100_epochs0_001_epochs0_001_clusters8__rep1,3,0.75,tensor(0.0846, grad_fn=<SqueezeBackward0>),tensor(0.8269, grad_fn=<AddBackward0>),1280,5.39221715927124,8,0.5,,20
double_cake,ccka,ccka_lr0_2_lr0_01_lr0_01_optgd_epochs100_epochs0_001_epochs0_001_clusters2__rep1,3,0.5,tensor(0.1622, grad_fn=<SqueezeBackward0>),tensor(0.4622, grad_fn=<AddBackward0>),320,4.3897621631622314,2,0.5,,20
double_cake,ccka,ccka_lr0_1_lr0_01_lr0_01_optgd_epochs100_epochs0_001_epochs0_001_clusters10__rep1,3,0.625,tensor(0.1052, grad_fn=<SqueezeBackward0>),tensor(0.8227, grad_fn=<AddBackward0>),1600,5.634389162063599,10,0.5,,20
double_cake,ccka,ccka_lr0_1_lr0_01_lr0_01_optgd_epochs100_epochs0_001_epochs0_001_clusters8__rep1,4,0.5,tensor(0.0518, grad_fn=<SqueezeBackward0>),tensor(0.6068, grad_fn=<AddBackward0>),1600,5.149170875549316,8,0.5,,20
double_cake,ccka,ccka_lr0_2_lr0_01_lr0_01_optgd_epochs100_epochs0_001_epochs0_001_clusters2__rep1,4,0.75,tensor(0.1184, grad_fn=<SqueezeBackward0>),tensor(0.3840, grad_fn=<AddBackward0>),400,4.33658504486084,2,0.5,,20
double_cake,ccka,ccka_lr0_1_lr0_01_lr0_01_optgd_epochs100_epochs0_001_epochs0_001_clusters10__rep1,4,0.5,tensor(0.0931, grad_fn=<SqueezeBackward0>),tensor(0.6381, grad_fn=<AddBackward0>),2000,5.643024921417236,10,0.5,,20
double_cake,ccka,ccka_lr0_1_lr0_01_lr0_01_optgd_epochs100_epochs0_001_epochs0_001_clusters8__rep1,5,0.625,tensor(0.0701, grad_fn=<SqueezeBackward0>),tensor(0.7694, grad_fn=<AddBackward0>),1920,5.333815097808838,8,0.5,,20
double_cake,ccka,ccka_lr0_2_lr0_01_lr0_01_optgd_epochs100_epochs0_001_epochs0_001_clusters2__rep1,5,0.375,tensor(0.1215, grad_fn=<SqueezeBackward0>),tensor(0.5004, grad_fn=<AddBackward0>),480,4.28695821762085,2,0.5,,20
double_cake,ccka,ccka_lr0_2_lr0_01_lr0_01_optgd_epochs100_epochs0_001_epochs0_001_clusters2__rep1,6,0.75,tensor(0.1426, grad_fn=<SqueezeBackward0>),tensor(1.0981, grad_fn=<AddBackward0>),560,4.3094329833984375,2,0.5,,20
double_cake,ccka,ccka_lr0_1_lr0_01_lr0_01_optgd_epochs100_epochs0_001_epochs0_001_clusters10__rep1,5,0.5,tensor(0.0826, grad_fn=<SqueezeBackward0>),tensor(0.7554, grad_fn=<AddBackward0>),2400,5.704804182052612,10,0.5,,20
double_cake,ccka,ccka_lr0_1_lr0_01_lr0_01_optgd_epochs100_epochs0_001_epochs0_001_clusters8__rep1,6,0.5,tensor(0.0382, grad_fn=<SqueezeBackward0>),tensor(0.6197, grad_fn=<AddBackward0>),2240,5.359205007553101,8,0.5,,20
double_cake,ccka,ccka_lr0_2_lr0_01_lr0_01_optgd_epochs100_epochs0_001_epochs0_001_clusters2__rep1,7,1.0,tensor(0.1242, grad_fn=<SqueezeBackward0>),tensor(1.0667, grad_fn=<AddBackward0>),640,4.3583269119262695,2,0.5,,20
double_cake,ccka,ccka_lr0_1_lr0_01_lr0_01_optgd_epochs100_epochs0_001_epochs0_001_clusters8__rep1,7,0.75,tensor(0.0590, grad_fn=<SqueezeBackward0>),tensor(0.7425, grad_fn=<AddBackward0>),2560,5.174877166748047,8,0.5,,20
double_cake,ccka,ccka_lr0_1_lr0_01_lr0_01_optgd_epochs100_epochs0_001_epochs0_001_clusters10__rep1,6,0.5,tensor(0.0768, grad_fn=<SqueezeBackward0>),tensor(0.6114, grad_fn=<AddBackward0>),2800,5.719274997711182,10,0.5,,20
double_cake,ccka,ccka_lr0_2_lr0_01_lr0_01_optgd_epochs100_epochs0_001_epochs0_001_clusters2__rep1,8,0.625,tensor(0.1158, grad_fn=<SqueezeBackward0>),tensor(0.8322, grad_fn=<AddBackward0>),720,4.352841854095459,2,0.5,,20
double_cake,ccka,ccka_lr0_1_lr0_01_lr0_01_optgd_epochs100_epochs0_001_epochs0_001_clusters8__rep1,8,0.5,tensor(0.0275, grad_fn=<SqueezeBackward0>),tensor(0.6462, grad_fn=<AddBackward0>),2880,5.3062050342559814,8,0.5,,20
double_cake,ccka,ccka_lr0_1_lr0_01_lr0_01_optgd_epochs100_epochs0_001_epochs0_001_clusters10__rep1,7,0.625,tensor(0.0742, grad_fn=<SqueezeBackward0>),tensor(0.6992, grad_fn=<AddBackward0>),3200,5.669493913650513,10,0.5,,20
double_cake,ccka,ccka_lr0_2_lr0_01_lr0_01_optgd_epochs100_epochs0_001_epochs0_001_clusters2__rep1,9,0.75,tensor(0.1043, grad_fn=<SqueezeBackward0>),tensor(1.0121, grad_fn=<AddBackward0>),800,4.340890169143677,2,0.5,,20
double_cake,ccka,ccka_lr0_1_lr0_01_lr0_01_optgd_epochs100_epochs0_001_epochs0_001_clusters8__rep1,9,0.75,tensor(0.0532, grad_fn=<SqueezeBackward0>),tensor(0.7348, grad_fn=<AddBackward0>),3200,5.303631067276001,8,0.5,,20
double_cake,ccka,ccka_lr0_1_lr0_01_lr0_01_optgd_epochs100_epochs0_001_epochs0_001_clusters10__rep1,8,0.75,tensor(0.0712, grad_fn=<SqueezeBackward0>),tensor(0.5831, grad_fn=<AddBackward0>),3600,5.660056114196777,10,0.5,,20
double_cake,ccka,ccka_lr0_1_lr0_01_lr0_01_optgd_epochs100_epochs0_001_epochs0_001_clusters10__rep1,9,0.5,tensor(0.0744, grad_fn=<SqueezeBackward0>),tensor(0.6603, grad_fn=<AddBackward0>),4000,5.668831825256348,10,0.5,,20
double_cake,ccka,ccka_lr0_2_lr0_01_lr0_01_optgd_epochs100_epochs0_001_epochs0_001_clusters4__rep1,0,0.375,tensor(0.0948, grad_fn=<SqueezeBackward0>),tensor(0.5099, grad_fn=<AddBackward0>),160,4.548534154891968,4,0.5,,20
double_cake,ccka,ccka_lr0_2_lr0_01_lr0_01_optgd_epochs100_epochs0_001_epochs0_001_clusters6__rep1,0,0.625,tensor(0.1196, grad_fn=<SqueezeBackward0>),tensor(0.6009, grad_fn=<AddBackward0>),240,4.994019985198975,6,0.5,,20
double_cake,ccka,ccka_lr0_2_lr0_01_lr0_01_optgd_epochs100_epochs0_001_epochs0_001_clusters4__rep1,1,0.75,tensor(0.2030, grad_fn=<SqueezeBackward0>),tensor(1.0557, grad_fn=<AddBackward0>),320,4.810541868209839,4,0.5,,20
double_cake,ccka,ccka_lr0_2_lr0_01_lr0_01_optgd_epochs100_epochs0_001_epochs0_001_clusters6__rep1,1,0.625,tensor(0.0686, grad_fn=<SqueezeBackward0>),tensor(0.9092, grad_fn=<AddBackward0>),480,4.855756044387817,6,0.5,,20
double_cake,ccka,ccka_lr0_2_lr0_01_lr0_01_optgd_epochs100_epochs0_001_epochs0_001_clusters4__rep1,2,0.75,tensor(0.1731, grad_fn=<SqueezeBackward0>),tensor(0.4934, grad_fn=<AddBackward0>),480,4.597279071807861,4,0.5,,20
double_cake,ccka,ccka_lr0_2_lr0_01_lr0_01_optgd_epochs100_epochs0_001_epochs0_001_clusters8__rep1,0,0.5,tensor(0.0953, grad_fn=<SqueezeBackward0>),tensor(0.6474, grad_fn=<AddBackward0>),320,5.227444887161255,8,0.5,,20
double_cake,ccka,ccka_lr0_2_lr0_01_lr0_01_optgd_epochs100_epochs0_001_epochs0_001_clusters4__rep1,3,0.75,tensor(0.1757, grad_fn=<SqueezeBackward0>),tensor(0.9665, grad_fn=<AddBackward0>),640,4.680968999862671,4,0.5,,20
double_cake,ccka,ccka_lr0_2_lr0_01_lr0_01_optgd_epochs100_epochs0_001_epochs0_001_clusters6__rep1,2,0.75,tensor(0.0915, grad_fn=<SqueezeBackward0>),tensor(0.5906, grad_fn=<AddBackward0>),720,5.038676023483276,6,0.5,,20
double_cake,ccka,ccka_lr0_2_lr0_01_lr0_01_optgd_epochs100_epochs0_001_epochs0_001_clusters8__rep1,1,0.75,tensor(0.0853, grad_fn=<SqueezeBackward0>),tensor(0.8483, grad_fn=<AddBackward0>),640,5.317920684814453,8,0.5,,20
double_cake,ccka,ccka_lr0_2_lr0_01_lr0_01_optgd_epochs100_epochs0_001_epochs0_001_clusters4__rep1,4,0.875,tensor(0.1470, grad_fn=<SqueezeBackward0>),tensor(0.4348, grad_fn=<AddBackward0>),800,4.627256870269775,4,0.5,,20
double_cake,ccka,ccka_lr0_2_lr0_01_lr0_01_optgd_epochs100_epochs0_001_epochs0_001_clusters6__rep1,3,0.75,tensor(0.0757, grad_fn=<SqueezeBackward0>),tensor(0.7342, grad_fn=<AddBackward0>),960,5.10221791267395,6,0.5,,20
double_cake,ccka,ccka_lr0_2_lr0_01_lr0_01_optgd_epochs100_epochs0_001_epochs0_001_clusters8__rep1,2,0.5,tensor(0.0570, grad_fn=<SqueezeBackward0>),tensor(0.5676, grad_fn=<AddBackward0>),960,5.3431689739227295,8,0.5,,20
double_cake,ccka,ccka_lr0_2_lr0_01_lr0_01_optgd_epochs100_epochs0_001_epochs0_001_clusters4__rep1,5,0.625,tensor(0.1347, grad_fn=<SqueezeBackward0>),tensor(0.9262, grad_fn=<AddBackward0>),960,4.623966932296753,4,0.5,,20
double_cake,ccka,ccka_lr0_2_lr0_01_lr0_01_optgd_epochs100_epochs0_001_epochs0_001_clusters6__rep1,4,0.625,tensor(0.0787, grad_fn=<SqueezeBackward0>),tensor(0.6057, grad_fn=<AddBackward0>),1200,4.9238600730896,6,0.5,,20
double_cake,ccka,ccka_lr0_2_lr0_01_lr0_01_optgd_epochs100_epochs0_001_epochs0_001_clusters8__rep1,3,0.625,tensor(0.0580, grad_fn=<SqueezeBackward0>),tensor(0.7574, grad_fn=<AddBackward0>),1280,5.382946968078613,8,0.5,,20
double_cake,ccka,ccka_lr0_2_lr0_01_lr0_01_optgd_epochs100_epochs0_001_epochs0_001_clusters4__rep1,6,0.625,tensor(0.1131, grad_fn=<SqueezeBackward0>),tensor(0.4194, grad_fn=<AddBackward0>),1120,4.849563121795654,4,0.5,,20
double_cake,ccka,ccka_lr0_2_lr0_01_lr0_01_optgd_epochs100_epochs0_001_epochs0_001_clusters6__rep1,5,0.875,tensor(0.0944, grad_fn=<SqueezeBackward0>),tensor(0.6972, grad_fn=<AddBackward0>),1440,4.867182970046997,6,0.5,,20
double_cake,ccka,ccka_lr0_2_lr0_01_lr0_01_optgd_epochs100_epochs0_001_epochs0_001_clusters8__rep1,4,0.25,tensor(0.0362, grad_fn=<SqueezeBackward0>),tensor(0.5618, grad_fn=<AddBackward0>),1600,5.085082054138184,8,0.5,,20
double_cake,ccka,ccka_lr0_2_lr0_01_lr0_01_optgd_epochs100_epochs0_001_epochs0_001_clusters4__rep1,7,0.625,tensor(0.1124, grad_fn=<SqueezeBackward0>),tensor(0.9009, grad_fn=<AddBackward0>),1280,4.629244089126587,4,0.5,,20
double_cake,ccka,ccka_lr0_2_lr0_01_lr0_01_optgd_epochs100_epochs0_001_epochs0_001_clusters6__rep1,6,0.375,tensor(0.0829, grad_fn=<SqueezeBackward0>),tensor(0.6318, grad_fn=<AddBackward0>),1680,5.062659740447998,6,0.5,,20
double_cake,ccka,ccka_lr0_2_lr0_01_lr0_01_optgd_epochs100_epochs0_001_epochs0_001_clusters8__rep1,5,0.625,tensor(0.0472, grad_fn=<SqueezeBackward0>),tensor(0.7214, grad_fn=<AddBackward0>),1920,5.2974700927734375,8,0.5,,20
double_cake,ccka,ccka_lr0_2_lr0_01_lr0_01_optgd_epochs100_epochs0_001_epochs0_001_clusters4__rep1,8,0.625,tensor(0.1005, grad_fn=<SqueezeBackward0>),tensor(0.4138, grad_fn=<AddBackward0>),1440,4.592045783996582,4,0.5,,20
double_cake,ccka,ccka_lr0_2_lr0_01_lr0_01_optgd_epochs100_epochs0_001_epochs0_001_clusters6__rep1,7,0.5,tensor(0.0861, grad_fn=<SqueezeBackward0>),tensor(0.7466, grad_fn=<AddBackward0>),1920,4.87100076675415,6,0.5,,20
double_cake,ccka,ccka_lr0_1_lr0_01_lr0_01_optgd_epochs100_epochs0_001_epochs0_001_clusters2__rep1,0,0.625,tensor(0.1866, grad_fn=<SqueezeBackward0>),tensor(0.8732, grad_fn=<AddBackward0>),80,8.83033299446106,2,0.5,,20
double_cake,ccka,ccka_lr0_1_lr0_01_lr0_01_optgd_epochs100_epochs0_001_epochs0_001_clusters4__rep1,0,0.625,tensor(0.1892, grad_fn=<SqueezeBackward0>),tensor(0.6817, grad_fn=<AddBackward0>),160,9.298995971679688,4,0.5,,20
double_cake,ccka,ccka_lr0_1_lr0_01_lr0_01_optgd_epochs100_epochs0_001_epochs0_001_clusters6__rep1,0,1.0,tensor(0.1796, grad_fn=<SqueezeBackward0>),tensor(0.7590, grad_fn=<AddBackward0>),240,10.01722502708435,6,0.5,,20
double_cake,ccka,ccka_lr0_1_lr0_01_lr0_01_optgd_epochs100_epochs0_001_epochs0_001_clusters2__rep1,1,0.625,tensor(0.2068, grad_fn=<SqueezeBackward0>),tensor(0.8344, grad_fn=<AddBackward0>),160,8.489897012710571,2,0.5,,20
double_cake,ccka,ccka_lr0_1_lr0_01_lr0_01_optgd_epochs100_epochs0_001_epochs0_001_clusters4__rep1,1,0.625,tensor(0.1911, grad_fn=<SqueezeBackward0>),tensor(1.2604, grad_fn=<AddBackward0>),320,9.175950050354004,4,0.5,,20
double_cake,ccka,ccka_lr0_1_lr0_01_lr0_01_optgd_epochs100_epochs0_001_epochs0_001_clusters6__rep1,1,0.75,tensor(0.1805, grad_fn=<SqueezeBackward0>),tensor(1.3135, grad_fn=<AddBackward0>),480,10.018824100494385,6,0.5,,20
double_cake,ccka,ccka_lr0_1_lr0_01_lr0_01_optgd_epochs100_epochs0_001_epochs0_001_clusters2__rep1,2,0.875,tensor(0.2177, grad_fn=<SqueezeBackward0>),tensor(0.7321, grad_fn=<AddBackward0>),240,8.70764422416687,2,0.5,,20
double_cake,ccka,ccka_lr0_1_lr0_01_lr0_01_optgd_epochs100_epochs0_001_epochs0_001_clusters4__rep1,2,0.625,tensor(0.1943, grad_fn=<SqueezeBackward0>),tensor(0.5665, grad_fn=<AddBackward0>),480,9.499186992645264,4,0.5,,20
double_cake,ccka,ccka_lr0_1_lr0_01_lr0_01_optgd_epochs100_epochs0_001_epochs0_001_clusters6__rep1,2,0.75,tensor(0.1762, grad_fn=<SqueezeBackward0>),tensor(0.7439, grad_fn=<AddBackward0>),720,9.75250506401062,6,0.5,,20
double_cake,ccka,ccka_lr0_1_lr0_01_lr0_01_optgd_epochs100_epochs0_001_epochs0_001_clusters2__rep1,3,0.625,tensor(0.2343, grad_fn=<SqueezeBackward0>),tensor(0.6634, grad_fn=<AddBackward0>),320,8.941015243530273,2,0.5,,20
double_cake,ccka,ccka_lr0_1_lr0_01_lr0_01_optgd_epochs100_epochs0_001_epochs0_001_clusters4__rep1,3,0.625,tensor(0.1915, grad_fn=<SqueezeBackward0>),tensor(1.1605, grad_fn=<AddBackward0>),640,9.311316013336182,4,0.5,,20
double_cake,ccka,ccka_lr0_1_lr0_01_lr0_01_optgd_epochs100_epochs0_001_epochs0_001_clusters6__rep1,3,0.625,tensor(0.1820, grad_fn=<SqueezeBackward0>),tensor(1.2884, grad_fn=<AddBackward0>),960,10.310883045196533,6,0.5,,20
double_cake,ccka,ccka_lr0_1_lr0_01_lr0_01_optgd_epochs100_epochs0_001_epochs0_001_clusters2__rep1,4,0.625,tensor(0.2267, grad_fn=<SqueezeBackward0>),tensor(0.6506, grad_fn=<AddBackward0>),400,8.70917820930481,2,0.5,,20
double_cake,ccka,ccka_lr0_1_lr0_01_lr0_01_optgd_epochs100_epochs0_001_epochs0_001_clusters4__rep1,4,0.625,tensor(0.1967, grad_fn=<SqueezeBackward0>),tensor(0.5197, grad_fn=<AddBackward0>),800,9.445998907089233,4,0.5,,20
double_cake,ccka,ccka_lr0_1_lr0_01_lr0_01_optgd_epochs100_epochs0_001_epochs0_001_clusters6__rep1,4,0.625,tensor(0.1782, grad_fn=<SqueezeBackward0>),tensor(0.7285, grad_fn=<AddBackward0>),1200,9.736046075820923,6,0.5,,20
double_cake,ccka,ccka_lr0_1_lr0_01_lr0_01_optgd_epochs100_epochs0_001_epochs0_001_clusters2__rep1,5,0.625,tensor(0.2348, grad_fn=<SqueezeBackward0>),tensor(0.6536, grad_fn=<AddBackward0>),480,8.49848198890686,2,0.5,,20
double_cake,ccka,ccka_lr0_1_lr0_01_lr0_01_optgd_epochs100_epochs0_001_epochs0_001_clusters4__rep1,5,0.875,tensor(0.1963, grad_fn=<SqueezeBackward0>),tensor(1.0151, grad_fn=<AddBackward0>),960,9.437168836593628,4,0.5,,20
double_cake,ccka,ccka_lr0_1_lr0_01_lr0_01_optgd_epochs100_epochs0_001_epochs0_001_clusters6__rep1,5,0.75,tensor(0.1830, grad_fn=<SqueezeBackward0>),tensor(1.2813, grad_fn=<AddBackward0>),1440,10.295197248458862,6,0.5,,20
double_cake,ccka,ccka_lr0_1_lr0_01_lr0_01_optgd_epochs100_epochs0_001_epochs0_001_clusters2__rep1,6,0.625,tensor(0.2234, grad_fn=<SqueezeBackward0>),tensor(1.4360, grad_fn=<AddBackward0>),560,8.727210998535156,2,0.5,,20
double_cake,ccka,ccka_lr0_1_lr0_01_lr0_01_optgd_epochs100_epochs0_001_epochs0_001_clusters4__rep1,6,0.75,tensor(0.1983, grad_fn=<SqueezeBackward0>),tensor(0.4994, grad_fn=<AddBackward0>),1120,9.206645011901855,4,0.5,,20
double_cake,ccka,ccka_lr0_1_lr0_01_lr0_01_optgd_epochs100_epochs0_001_epochs0_001_clusters6__rep1,6,0.625,tensor(0.1810, grad_fn=<SqueezeBackward0>),tensor(0.7174, grad_fn=<AddBackward0>),1680,9.573840856552124,6,0.5,,20
double_cake,ccka,ccka_lr0_1_lr0_01_lr0_01_optgd_epochs100_epochs0_001_epochs0_001_clusters2__rep1,7,0.625,tensor(0.2120, grad_fn=<SqueezeBackward0>),tensor(1.3682, grad_fn=<AddBackward0>),640,8.923098802566528,2,0.5,,20
double_cake,ccka,ccka_lr0_1_lr0_01_lr0_01_optgd_epochs100_epochs0_001_epochs0_001_clusters4__rep1,7,0.875,tensor(0.1972, grad_fn=<SqueezeBackward0>),tensor(0.8959, grad_fn=<AddBackward0>),1280,9.494271039962769,4,0.5,,20
double_cake,ccka,ccka_lr0_1_lr0_01_lr0_01_optgd_epochs100_epochs0_001_epochs0_001_clusters2__rep1,8,1.0,tensor(0.1916, grad_fn=<SqueezeBackward0>),tensor(1.4814, grad_fn=<AddBackward0>),720,8.686882019042969,2,0.5,,20
double_cake,ccka,ccka_lr0_1_lr0_01_lr0_01_optgd_epochs100_epochs0_001_epochs0_001_clusters6__rep1,7,0.75,tensor(0.1835, grad_fn=<SqueezeBackward0>),tensor(1.2930, grad_fn=<AddBackward0>),1920,10.323285102844238,6,0.5,,20
double_cake,ccka,ccka_lr0_1_lr0_01_lr0_01_optgd_epochs100_epochs0_001_epochs0_001_clusters4__rep1,8,0.75,tensor(0.1998, grad_fn=<SqueezeBackward0>),tensor(0.4916, grad_fn=<AddBackward0>),1440,9.649182319641113,4,0.5,,20
double_cake,ccka,ccka_lr0_1_lr0_01_lr0_01_optgd_epochs100_epochs0_001_epochs0_001_clusters2__rep1,9,0.625,tensor(0.1744, grad_fn=<SqueezeBackward0>),tensor(1.3630, grad_fn=<AddBackward0>),800,8.825889825820923,2,0.5,,20
double_cake,ccka,ccka_lr0_1_lr0_01_lr0_01_optgd_epochs100_epochs0_001_epochs0_001_clusters6__rep1,8,0.625,tensor(0.1809, grad_fn=<SqueezeBackward0>),tensor(0.7155, grad_fn=<AddBackward0>),2160,9.978387117385864,6,0.5,,20
double_cake,ccka,ccka_lr0_1_lr0_01_lr0_01_optgd_epochs100_epochs0_001_epochs0_001_clusters4__rep1,9,0.875,tensor(0.1994, grad_fn=<SqueezeBackward0>),tensor(0.8239, grad_fn=<AddBackward0>),1600,9.06620717048645,4,0.5,,20
double_cake,ccka,ccka_lr0_1_lr0_01_lr0_01_optgd_epochs100_epochs0_001_epochs0_001_clusters6__rep1,9,0.75,tensor(0.1832, grad_fn=<SqueezeBackward0>),tensor(1.3307, grad_fn=<AddBackward0>),2400,9.890601873397827,6,0.5,,20
double_cake,ccka,ccka_lr0_1_lr0_01_lr0_01_optgd_epochs100_epochs0_001_epochs0_001_clusters8__rep1,0,0.875,tensor(0.1800, grad_fn=<SqueezeBackward0>),tensor(0.7149, grad_fn=<AddBackward0>),320,10.502915143966675,8,0.5,,20
double_cake,ccka,ccka_lr0_1_lr0_01_lr0_01_optgd_epochs100_epochs0_001_epochs0_001_clusters10__rep1,0,1.0,tensor(0.1966, grad_fn=<SqueezeBackward0>),tensor(0.7351, grad_fn=<AddBackward0>),400,11.199574947357178,10,0.5,,20
double_cake,ccka,ccka_lr0_1_lr0_01_lr0_01_optgd_epochs100_epochs0_001_epochs0_001_clusters8__rep1,1,0.875,tensor(0.1790, grad_fn=<SqueezeBackward0>),tensor(1.3815, grad_fn=<AddBackward0>),640,10.32139801979065,8,0.5,,20
double_cake,ccka,ccka_lr0_2_lr0_01_lr0_01_optgd_epochs100_epochs0_001_epochs0_001_clusters2__rep1,0,0.75,tensor(0.1989, grad_fn=<SqueezeBackward0>),tensor(0.7742, grad_fn=<AddBackward0>),80,8.781245946884155,2,0.5,,20
double_cake,ccka,ccka_lr0_1_lr0_01_lr0_01_optgd_epochs100_epochs0_001_epochs0_001_clusters10__rep1,1,1.0,tensor(0.1874, grad_fn=<SqueezeBackward0>),tensor(1.2960, grad_fn=<AddBackward0>),800,11.274893760681152,10,0.5,,20
double_cake,ccka,ccka_lr0_2_lr0_01_lr0_01_optgd_epochs100_epochs0_001_epochs0_001_clusters2__rep1,1,0.625,tensor(0.2392, grad_fn=<SqueezeBackward0>),tensor(0.5981, grad_fn=<AddBackward0>),160,8.52367615699768,2,0.5,,20
double_cake,ccka,ccka_lr0_1_lr0_01_lr0_01_optgd_epochs100_epochs0_001_epochs0_001_clusters8__rep1,2,0.875,tensor(0.1791, grad_fn=<SqueezeBackward0>),tensor(0.7112, grad_fn=<AddBackward0>),960,10.586300134658813,8,0.5,,20
double_cake,ccka,ccka_lr0_2_lr0_01_lr0_01_optgd_epochs100_epochs0_001_epochs0_001_clusters2__rep1,2,0.625,tensor(0.2191, grad_fn=<SqueezeBackward0>),tensor(0.5086, grad_fn=<AddBackward0>),240,8.93352484703064,2,0.5,,20
double_cake,ccka,ccka_lr0_1_lr0_01_lr0_01_optgd_epochs100_epochs0_001_epochs0_001_clusters10__rep1,2,1.0,tensor(0.1993, grad_fn=<SqueezeBackward0>),tensor(0.7028, grad_fn=<AddBackward0>),1200,11.090229034423828,10,0.5,,20
double_cake,ccka,ccka_lr0_1_lr0_01_lr0_01_optgd_epochs100_epochs0_001_epochs0_001_clusters8__rep1,3,0.625,tensor(0.1802, grad_fn=<SqueezeBackward0>),tensor(1.2725, grad_fn=<AddBackward0>),1280,10.939280271530151,8,0.5,,20
double_cake,ccka,ccka_lr0_2_lr0_01_lr0_01_optgd_epochs100_epochs0_001_epochs0_001_clusters2__rep1,3,0.625,tensor(0.2246, grad_fn=<SqueezeBackward0>),tensor(0.4864, grad_fn=<AddBackward0>),320,8.565314054489136,2,0.5,,20
double_cake,ccka,ccka_lr0_1_lr0_01_lr0_01_optgd_epochs100_epochs0_001_epochs0_001_clusters10__rep1,3,1.0,tensor(0.2012, grad_fn=<SqueezeBackward0>),tensor(1.1770, grad_fn=<AddBackward0>),1600,11.402865171432495,10,0.5,,20
double_cake,ccka,ccka_lr0_1_lr0_01_lr0_01_optgd_epochs100_epochs0_001_epochs0_001_clusters8__rep1,4,0.625,tensor(0.1738, grad_fn=<SqueezeBackward0>),tensor(0.7085, grad_fn=<AddBackward0>),1600,10.837398052215576,8,0.5,,20
double_cake,ccka,ccka_lr0_2_lr0_01_lr0_01_optgd_epochs100_epochs0_001_epochs0_001_clusters2__rep1,4,0.625,tensor(0.2108, grad_fn=<SqueezeBackward0>),tensor(0.4502, grad_fn=<AddBackward0>),400,8.623370885848999,2,0.5,,20
double_cake,ccka,ccka_lr0_1_lr0_01_lr0_01_optgd_epochs100_epochs0_001_epochs0_001_clusters10__rep1,4,1.0,tensor(0.1975, grad_fn=<SqueezeBackward0>),tensor(0.6801, grad_fn=<AddBackward0>),2000,11.359326362609863,10,0.5,,20
double_cake,ccka,ccka_lr0_1_lr0_01_lr0_01_optgd_epochs100_epochs0_001_epochs0_001_clusters8__rep1,5,0.875,tensor(0.1834, grad_fn=<SqueezeBackward0>),tensor(1.1223, grad_fn=<AddBackward0>),1920,10.394328117370605,8,0.5,,20
double_cake,ccka,ccka_lr0_2_lr0_01_lr0_01_optgd_epochs100_epochs0_001_epochs0_001_clusters2__rep1,5,0.625,tensor(0.2065, grad_fn=<SqueezeBackward0>),tensor(0.4594, grad_fn=<AddBackward0>),480,8.858128786087036,2,0.5,,20
double_cake,ccka,ccka_lr0_2_lr0_01_lr0_01_optgd_epochs100_epochs0_001_epochs0_001_clusters2__rep1,6,0.75,tensor(0.2096, grad_fn=<SqueezeBackward0>),tensor(0.4467, grad_fn=<AddBackward0>),560,9.010152101516724,2,0.5,,20
double_cake,ccka,ccka_lr0_1_lr0_01_lr0_01_optgd_epochs100_epochs0_001_epochs0_001_clusters10__rep1,5,1.0,tensor(0.2007, grad_fn=<SqueezeBackward0>),tensor(1.0459, grad_fn=<AddBackward0>),2400,11.234002828598022,10,0.5,,20
double_cake,ccka,ccka_lr0_1_lr0_01_lr0_01_optgd_epochs100_epochs0_001_epochs0_001_clusters8__rep1,6,0.75,tensor(0.1756, grad_fn=<SqueezeBackward0>),tensor(0.7104, grad_fn=<AddBackward0>),2240,10.837321043014526,8,0.5,,20
double_cake,ccka,ccka_lr0_2_lr0_01_lr0_01_optgd_epochs100_epochs0_001_epochs0_001_clusters2__rep1,7,0.875,tensor(0.2077, grad_fn=<SqueezeBackward0>),tensor(0.4499, grad_fn=<AddBackward0>),640,8.275907039642334,2,0.5,,20
double_cake,ccka,ccka_lr0_1_lr0_01_lr0_01_optgd_epochs100_epochs0_001_epochs0_001_clusters8__rep1,7,1.0,tensor(0.1891, grad_fn=<SqueezeBackward0>),tensor(1.0038, grad_fn=<AddBackward0>),2560,10.529760837554932,8,0.5,,20
double_cake,ccka,ccka_lr0_1_lr0_01_lr0_01_optgd_epochs100_epochs0_001_epochs0_001_clusters10__rep1,6,0.75,tensor(0.1958, grad_fn=<SqueezeBackward0>),tensor(0.6407, grad_fn=<AddBackward0>),2800,11.56975531578064,10,0.5,,20
double_cake,ccka,ccka_lr0_2_lr0_01_lr0_01_optgd_epochs100_epochs0_001_epochs0_001_clusters2__rep1,8,0.875,tensor(0.2130, grad_fn=<SqueezeBackward0>),tensor(0.4454, grad_fn=<AddBackward0>),720,8.794363021850586,2,0.5,,20
double_cake,ccka,ccka_lr0_1_lr0_01_lr0_01_optgd_epochs100_epochs0_001_epochs0_001_clusters8__rep1,8,0.875,tensor(0.1832, grad_fn=<SqueezeBackward0>),tensor(0.7185, grad_fn=<AddBackward0>),2880,10.558701992034912,8,0.5,,20
double_cake,ccka,ccka_lr0_1_lr0_01_lr0_01_optgd_epochs100_epochs0_001_epochs0_001_clusters10__rep1,7,0.875,tensor(0.2063, grad_fn=<SqueezeBackward0>),tensor(0.9316, grad_fn=<AddBackward0>),3200,10.91617727279663,10,0.5,,20
double_cake,ccka,ccka_lr0_2_lr0_01_lr0_01_optgd_epochs100_epochs0_001_epochs0_001_clusters2__rep1,9,0.875,tensor(0.2099, grad_fn=<SqueezeBackward0>),tensor(0.4466, grad_fn=<AddBackward0>),800,8.63159704208374,2,0.5,,20
double_cake,ccka,ccka_lr0_1_lr0_01_lr0_01_optgd_epochs100_epochs0_001_epochs0_001_clusters8__rep1,9,1.0,tensor(0.1950, grad_fn=<SqueezeBackward0>),tensor(0.9184, grad_fn=<AddBackward0>),3200,10.727043151855469,8,0.5,,20
double_cake,ccka,ccka_lr0_1_lr0_01_lr0_01_optgd_epochs100_epochs0_001_epochs0_001_clusters10__rep1,8,0.625,tensor(0.1999, grad_fn=<SqueezeBackward0>),tensor(0.5781, grad_fn=<AddBackward0>),3600,11.935826063156128,10,0.5,,20
double_cake,ccka,ccka_lr0_1_lr0_01_lr0_01_optgd_epochs100_epochs0_001_epochs0_001_clusters10__rep1,9,0.875,tensor(0.2094, grad_fn=<SqueezeBackward0>),tensor(0.8514, grad_fn=<AddBackward0>),4000,11.08071780204773,10,0.5,,20
double_cake,ccka,ccka_lr0_2_lr0_01_lr0_01_optgd_epochs100_epochs0_001_epochs0_001_clusters4__rep1,0,0.625,tensor(0.1963, grad_fn=<SqueezeBackward0>),tensor(0.5522, grad_fn=<AddBackward0>),160,9.282105207443237,4,0.5,,20
double_cake,ccka,ccka_lr0_2_lr0_01_lr0_01_optgd_epochs100_epochs0_001_epochs0_001_clusters6__rep1,0,0.875,tensor(0.1763, grad_fn=<SqueezeBackward0>),tensor(0.7204, grad_fn=<AddBackward0>),240,10.04121208190918,6,0.5,,20
double_cake,ccka,ccka_lr0_2_lr0_01_lr0_01_optgd_epochs100_epochs0_001_epochs0_001_clusters4__rep1,1,0.875,tensor(0.1885, grad_fn=<SqueezeBackward0>),tensor(1.1523, grad_fn=<AddBackward0>),320,9.17221188545227,4,0.5,,20
double_cake,ccka,ccka_lr0_2_lr0_01_lr0_01_optgd_epochs100_epochs0_001_epochs0_001_clusters6__rep1,1,0.625,tensor(0.1789, grad_fn=<SqueezeBackward0>),tensor(1.2573, grad_fn=<AddBackward0>),480,10.038638830184937,6,0.5,,20
double_cake,ccka,ccka_lr0_2_lr0_01_lr0_01_optgd_epochs100_epochs0_001_epochs0_001_clusters8__rep1,0,1.0,tensor(0.1815, grad_fn=<SqueezeBackward0>),tensor(0.6962, grad_fn=<AddBackward0>),320,10.5084068775177,8,0.5,,20
double_cake,ccka,ccka_lr0_2_lr0_01_lr0_01_optgd_epochs100_epochs0_001_epochs0_001_clusters4__rep1,2,0.75,tensor(0.1961, grad_fn=<SqueezeBackward0>),tensor(0.5009, grad_fn=<AddBackward0>),480,9.48544192314148,4,0.5,,20
double_cake,ccka,ccka_lr0_2_lr0_01_lr0_01_optgd_epochs100_epochs0_001_epochs0_001_clusters6__rep1,2,0.625,tensor(0.1779, grad_fn=<SqueezeBackward0>),tensor(0.7002, grad_fn=<AddBackward0>),720,9.745898962020874,6,0.5,,20
double_cake,ccka,ccka_lr0_2_lr0_01_lr0_01_optgd_epochs100_epochs0_001_epochs0_001_clusters8__rep1,1,0.625,tensor(0.1819, grad_fn=<SqueezeBackward0>),tensor(1.3217, grad_fn=<AddBackward0>),640,10.270280838012695,8,0.5,,20
double_cake,ccka,ccka_lr0_2_lr0_01_lr0_01_optgd_epochs100_epochs0_001_epochs0_001_clusters4__rep1,3,0.875,tensor(0.1883, grad_fn=<SqueezeBackward0>),tensor(0.9537, grad_fn=<AddBackward0>),640,9.47209882736206,4,0.5,,20
double_cake,ccka,ccka_lr0_2_lr0_01_lr0_01_optgd_epochs100_epochs0_001_epochs0_001_clusters6__rep1,3,0.625,tensor(0.1845, grad_fn=<SqueezeBackward0>),tensor(1.1835, grad_fn=<AddBackward0>),960,10.47389006614685,6,0.5,,20
double_cake,ccka,ccka_lr0_2_lr0_01_lr0_01_optgd_epochs100_epochs0_001_epochs0_001_clusters8__rep1,2,0.625,tensor(0.1772, grad_fn=<SqueezeBackward0>),tensor(0.6897, grad_fn=<AddBackward0>),960,10.663035154342651,8,0.5,,20
double_cake,ccka,ccka_lr0_2_lr0_01_lr0_01_optgd_epochs100_epochs0_001_epochs0_001_clusters4__rep1,4,0.75,tensor(0.1913, grad_fn=<SqueezeBackward0>),tensor(0.4751, grad_fn=<AddBackward0>),800,9.486100912094116,4,0.5,,20
double_cake,ccka,ccka_lr0_2_lr0_01_lr0_01_optgd_epochs100_epochs0_001_epochs0_001_clusters6__rep1,4,0.625,tensor(0.1826, grad_fn=<SqueezeBackward0>),tensor(0.6728, grad_fn=<AddBackward0>),1200,9.734557867050171,6,0.5,,20
double_cake,ccka,ccka_lr0_2_lr0_01_lr0_01_optgd_epochs100_epochs0_001_epochs0_001_clusters8__rep1,3,0.75,tensor(0.1901, grad_fn=<SqueezeBackward0>),tensor(1.0698, grad_fn=<AddBackward0>),1280,10.848736047744751,8,0.5,,20
double_cake,ccka,ccka_lr0_2_lr0_01_lr0_01_optgd_epochs100_epochs0_001_epochs0_001_clusters4__rep1,5,0.875,tensor(0.1933, grad_fn=<SqueezeBackward0>),tensor(0.8504, grad_fn=<AddBackward0>),960,9.437265157699585,4,0.5,,20
double_cake,ccka,ccka_lr0_2_lr0_01_lr0_01_optgd_epochs100_epochs0_001_epochs0_001_clusters6__rep1,5,0.75,tensor(0.1745, grad_fn=<SqueezeBackward0>),tensor(1.1869, grad_fn=<AddBackward0>),1440,10.334400653839111,6,0.5,,20
double_cake,ccka,ccka_lr0_2_lr0_01_lr0_01_optgd_epochs100_epochs0_001_epochs0_001_clusters4__rep1,6,0.75,tensor(0.1927, grad_fn=<SqueezeBackward0>),tensor(0.4719, grad_fn=<AddBackward0>),1120,9.21901798248291,4,0.5,,20
double_cake,ccka,ccka_lr0_2_lr0_01_lr0_01_optgd_epochs100_epochs0_001_epochs0_001_clusters8__rep1,4,0.875,tensor(0.1822, grad_fn=<SqueezeBackward0>),tensor(0.6832, grad_fn=<AddBackward0>),1600,10.819613933563232,8,0.5,,20
double_cake,ccka,ccka_lr0_2_lr0_01_lr0_01_optgd_epochs100_epochs0_001_epochs0_001_clusters6__rep1,6,0.625,tensor(0.1782, grad_fn=<SqueezeBackward0>),tensor(0.6584, grad_fn=<AddBackward0>),1680,9.579946041107178,6,0.5,,20
double_cake,ccka,ccka_lr0_2_lr0_01_lr0_01_optgd_epochs100_epochs0_001_epochs0_001_clusters4__rep1,7,0.875,tensor(0.1978, grad_fn=<SqueezeBackward0>),tensor(0.8106, grad_fn=<AddBackward0>),1280,9.507729053497314,4,0.5,,20
double_cake,ccka,ccka_lr0_2_lr0_01_lr0_01_optgd_epochs100_epochs0_001_epochs0_001_clusters8__rep1,5,1.0,tensor(0.1884, grad_fn=<SqueezeBackward0>),tensor(0.8302, grad_fn=<AddBackward0>),1920,10.374033212661743,8,0.5,,20
double_cake,ccka,ccka_lr0_2_lr0_01_lr0_01_optgd_epochs100_epochs0_001_epochs0_001_clusters6__rep1,7,0.625,tensor(0.1735, grad_fn=<SqueezeBackward0>),tensor(1.2713, grad_fn=<AddBackward0>),1920,10.31767988204956,6,0.5,,20
double_cake,ccka,ccka_lr0_2_lr0_01_lr0_01_optgd_epochs100_epochs0_001_epochs0_001_clusters4__rep1,8,0.75,tensor(0.1944, grad_fn=<SqueezeBackward0>),tensor(0.4767, grad_fn=<AddBackward0>),1440,9.688399076461792,4,0.5,,20
double_cake,ccka,ccka_lr0_2_lr0_01_lr0_01_optgd_epochs100_epochs0_001_epochs0_001_clusters8__rep1,6,1.0,tensor(0.1828, grad_fn=<SqueezeBackward0>),tensor(0.6704, grad_fn=<AddBackward0>),2240,10.780811071395874,8,0.5,,20
double_cake,ccka,ccka_lr0_2_lr0_01_lr0_01_optgd_epochs100_epochs0_001_epochs0_001_clusters6__rep1,8,0.625,tensor(0.1875, grad_fn=<SqueezeBackward0>),tensor(0.6625, grad_fn=<AddBackward0>),2160,9.986351251602173,6,0.5,,20
double_cake,ccka,ccka_lr0_2_lr0_01_lr0_01_optgd_epochs100_epochs0_001_epochs0_001_clusters4__rep1,9,0.875,tensor(0.1982, grad_fn=<SqueezeBackward0>),tensor(0.7799, grad_fn=<AddBackward0>),1600,9.067892074584961,4,0.5,,20
double_cake,ccka,ccka_lr0_2_lr0_01_lr0_01_optgd_epochs100_epochs0_001_epochs0_001_clusters8__rep1,7,0.75,tensor(0.1708, grad_fn=<SqueezeBackward0>),tensor(0.6011, grad_fn=<AddBackward0>),2560,10.471067190170288,8,0.5,,20
double_cake,ccka,ccka_lr0_2_lr0_01_lr0_01_optgd_epochs100_epochs0_001_epochs0_001_clusters6__rep1,9,0.625,tensor(0.1841, grad_fn=<SqueezeBackward0>),tensor(1.3825, grad_fn=<AddBackward0>),2400,9.89194393157959,6,0.5,,20
double_cake,ccka,ccka_lr0_2_lr0_01_lr0_01_optgd_epochs100_epochs0_001_epochs0_001_clusters8__rep1,8,0.75,tensor(0.1754, grad_fn=<SqueezeBackward0>),tensor(0.6600, grad_fn=<AddBackward0>),2880,10.545389175415039,8,0.5,,20
double_cake,ccka,ccka_lr0_2_lr0_01_lr0_01_optgd_epochs100_epochs0_001_epochs0_001_clusters8__rep1,9,0.75,tensor(0.1719, grad_fn=<SqueezeBackward0>),tensor(0.5292, grad_fn=<AddBackward0>),3200,10.744511127471924,8,0.5,,20
double_cake,ccka,ccka_lr0_2_lr0_01_lr0_01_optgd_epochs100_epochs0_001_epochs0_001_clusters10__rep1,0,1.0,tensor(0.2065, grad_fn=<SqueezeBackward0>),tensor(0.6842, grad_fn=<AddBackward0>),400,11.226692914962769,10,0.5,,20
double_cake,ccka,ccka_lr0_2_lr0_01_lr0_01_optgd_epochs100_epochs0_001_epochs0_001_clusters10__rep1,1,1.0,tensor(0.2063, grad_fn=<SqueezeBackward0>),tensor(1.1207, grad_fn=<AddBackward0>),800,11.341248035430908,10,0.5,,20
double_cake,ccka,ccka_lr0_2_lr0_01_lr0_01_optgd_epochs100_epochs0_001_epochs0_001_clusters10__rep1,2,1.0,tensor(0.2063, grad_fn=<SqueezeBackward0>),tensor(0.6413, grad_fn=<AddBackward0>),1200,11.072062015533447,10,0.5,,20
double_cake,ccka,ccka_lr0_1_lr0_01_lr0_01_optgd_epochs100_epochs0_001_epochs0_001_clusters2__rep1,0,1.0,tensor(0.1800, grad_fn=<SqueezeBackward0>),tensor(0.4982, grad_fn=<AddBackward0>),80,18.420039892196655,2,0.5,,20
double_cake,ccka,ccka_lr0_2_lr0_01_lr0_01_optgd_epochs100_epochs0_001_epochs0_001_clusters10__rep1,3,0.875,tensor(0.2162, grad_fn=<SqueezeBackward0>),tensor(0.9832, grad_fn=<AddBackward0>),1600,11.476099729537964,10,0.5,,20
double_cake,ccka,ccka_lr0_1_lr0_01_lr0_01_optgd_epochs100_epochs0_001_epochs0_001_clusters2__rep1,1,1.0,tensor(0.1889, grad_fn=<SqueezeBackward0>),tensor(0.6440, grad_fn=<AddBackward0>),160,19.517704248428345,2,0.5,,20
double_cake,ccka,ccka_lr0_1_lr0_01_lr0_01_optgd_epochs100_epochs0_001_epochs0_001_clusters4__rep1,0,0.9166666666666666,tensor(0.1661, grad_fn=<SqueezeBackward0>),tensor(0.7439, grad_fn=<AddBackward0>),160,19.358620166778564,4,0.5,,20
double_cake,ccka,ccka_lr0_2_lr0_01_lr0_01_optgd_epochs100_epochs0_001_epochs0_001_clusters10__rep1,4,0.75,tensor(0.2117, grad_fn=<SqueezeBackward0>),tensor(0.5903, grad_fn=<AddBackward0>),2000,11.346122980117798,10,0.5,,20
double_cake,ccka,ccka_lr0_2_lr0_01_lr0_01_optgd_epochs100_epochs0_001_epochs0_001_clusters10__rep1,5,0.625,tensor(0.2257, grad_fn=<SqueezeBackward0>),tensor(0.8688, grad_fn=<AddBackward0>),2400,11.271111011505127,10,0.5,,20
double_cake,ccka,ccka_lr0_1_lr0_01_lr0_01_optgd_epochs100_epochs0_001_epochs0_001_clusters2__rep1,2,1.0,tensor(0.1840, grad_fn=<SqueezeBackward0>),tensor(0.4730, grad_fn=<AddBackward0>),240,20.221631050109863,2,0.5,,20
double_cake,ccka,ccka_lr0_1_lr0_01_lr0_01_optgd_epochs100_epochs0_001_epochs0_001_clusters4__rep1,1,1.0,tensor(0.1705, grad_fn=<SqueezeBackward0>),tensor(0.7593, grad_fn=<AddBackward0>),320,20.18308186531067,4,0.5,,20
double_cake,ccka,ccka_lr0_2_lr0_01_lr0_01_optgd_epochs100_epochs0_001_epochs0_001_clusters10__rep1,6,0.625,tensor(0.2128, grad_fn=<SqueezeBackward0>),tensor(0.5335, grad_fn=<AddBackward0>),2800,11.653213024139404,10,0.5,,20
double_cake,ccka,ccka_lr0_2_lr0_01_lr0_01_optgd_epochs100_epochs0_001_epochs0_001_clusters10__rep1,7,0.625,tensor(0.2175, grad_fn=<SqueezeBackward0>),tensor(0.8081, grad_fn=<AddBackward0>),3200,10.892660140991211,10,0.5,,20
double_cake,ccka,ccka_lr0_1_lr0_01_lr0_01_optgd_epochs100_epochs0_001_epochs0_001_clusters2__rep1,3,1.0,tensor(0.1889, grad_fn=<SqueezeBackward0>),tensor(0.5808, grad_fn=<AddBackward0>),320,19.013898134231567,2,0.5,,20
double_cake,ccka,ccka_lr0_1_lr0_01_lr0_01_optgd_epochs100_epochs0_001_epochs0_001_clusters4__rep1,2,1.0,tensor(0.1625, grad_fn=<SqueezeBackward0>),tensor(0.7048, grad_fn=<AddBackward0>),480,20.326877117156982,4,0.5,,20
double_cake,ccka,ccka_lr0_2_lr0_01_lr0_01_optgd_epochs100_epochs0_001_epochs0_001_clusters10__rep1,8,0.625,tensor(0.2086, grad_fn=<SqueezeBackward0>),tensor(0.5156, grad_fn=<AddBackward0>),3600,11.980800867080688,10,0.5,,20
double_cake,ccka,ccka_lr0_1_lr0_01_lr0_01_optgd_epochs100_epochs0_001_epochs0_001_clusters2__rep1,4,1.0,tensor(0.1868, grad_fn=<SqueezeBackward0>),tensor(0.4887, grad_fn=<AddBackward0>),400,19.626419067382812,2,0.5,,20
double_cake,ccka,ccka_lr0_2_lr0_01_lr0_01_optgd_epochs100_epochs0_001_epochs0_001_clusters10__rep1,9,0.75,tensor(0.2151, grad_fn=<SqueezeBackward0>),tensor(0.7460, grad_fn=<AddBackward0>),4000,11.12945008277893,10,0.5,,20
double_cake,ccka,ccka_lr0_1_lr0_01_lr0_01_optgd_epochs100_epochs0_001_epochs0_001_clusters4__rep1,3,1.0,tensor(0.1652, grad_fn=<SqueezeBackward0>),tensor(0.7417, grad_fn=<AddBackward0>),640,20.2431538105011,4,0.5,,20
double_cake,ccka,ccka_lr0_1_lr0_01_lr0_01_optgd_epochs100_epochs0_001_epochs0_001_clusters2__rep1,5,0.9166666666666666,tensor(0.1888, grad_fn=<SqueezeBackward0>),tensor(0.5301, grad_fn=<AddBackward0>),480,18.830615997314453,2,0.5,,20
double_cake,ccka,ccka_lr0_1_lr0_01_lr0_01_optgd_epochs100_epochs0_001_epochs0_001_clusters4__rep1,4,1.0,tensor(0.1616, grad_fn=<SqueezeBackward0>),tensor(0.6724, grad_fn=<AddBackward0>),800,19.805041790008545,4,0.5,,20
double_cake,ccka,ccka_lr0_1_lr0_01_lr0_01_optgd_epochs100_epochs0_001_epochs0_001_clusters2__rep1,6,0.9166666666666666,tensor(0.1894, grad_fn=<SqueezeBackward0>),tensor(0.5046, grad_fn=<AddBackward0>),560,19.539731979370117,2,0.5,,20
double_cake,ccka,ccka_lr0_1_lr0_01_lr0_01_optgd_epochs100_epochs0_001_epochs0_001_clusters4__rep1,5,1.0,tensor(0.1622, grad_fn=<SqueezeBackward0>),tensor(0.7262, grad_fn=<AddBackward0>),960,19.59035086631775,4,0.5,,20
double_cake,ccka,ccka_lr0_1_lr0_01_lr0_01_optgd_epochs100_epochs0_001_epochs0_001_clusters6__rep1,0,0.9166666666666666,tensor(0.1721, grad_fn=<SqueezeBackward0>),tensor(0.5945, grad_fn=<AddBackward0>),240,20.32985019683838,6,0.5,,20
double_cake,ccka,ccka_lr0_1_lr0_01_lr0_01_optgd_epochs100_epochs0_001_epochs0_001_clusters2__rep1,7,0.9166666666666666,tensor(0.1895, grad_fn=<SqueezeBackward0>),tensor(0.4912, grad_fn=<AddBackward0>),640,19.7119038105011,2,0.5,,20
double_cake,ccka,ccka_lr0_1_lr0_01_lr0_01_optgd_epochs100_epochs0_001_epochs0_001_clusters4__rep1,6,1.0,tensor(0.1624, grad_fn=<SqueezeBackward0>),tensor(0.6386, grad_fn=<AddBackward0>),1120,20.09289288520813,4,0.5,,20
double_cake,ccka,ccka_lr0_1_lr0_01_lr0_01_optgd_epochs100_epochs0_001_epochs0_001_clusters6__rep1,1,1.0,tensor(0.1774, grad_fn=<SqueezeBackward0>),tensor(0.6083, grad_fn=<AddBackward0>),480,20.533263206481934,6,0.5,,20
double_cake,ccka,ccka_lr0_1_lr0_01_lr0_01_optgd_epochs100_epochs0_001_epochs0_001_clusters2__rep1,8,0.9166666666666666,tensor(0.1925, grad_fn=<SqueezeBackward0>),tensor(0.5213, grad_fn=<AddBackward0>),720,19.652015686035156,2,0.5,,20
double_cake,ccka,ccka_lr0_1_lr0_01_lr0_01_optgd_epochs100_epochs0_001_epochs0_001_clusters4__rep1,7,1.0,tensor(0.1611, grad_fn=<SqueezeBackward0>),tensor(0.7125, grad_fn=<AddBackward0>),1280,20.194799184799194,4,0.5,,20
double_cake,ccka,ccka_lr0_1_lr0_01_lr0_01_optgd_epochs100_epochs0_001_epochs0_001_clusters6__rep1,2,1.0,tensor(0.1778, grad_fn=<SqueezeBackward0>),tensor(0.5425, grad_fn=<AddBackward0>),720,20.72876501083374,6,0.5,,20
double_cake,ccka,ccka_lr0_1_lr0_01_lr0_01_optgd_epochs100_epochs0_001_epochs0_001_clusters2__rep1,9,0.9166666666666666,tensor(0.1877, grad_fn=<SqueezeBackward0>),tensor(0.4640, grad_fn=<AddBackward0>),800,19.770334005355835,2,0.5,,20
double_cake,ccka,ccka_lr0_1_lr0_01_lr0_01_optgd_epochs100_epochs0_001_epochs0_001_clusters4__rep1,8,1.0,tensor(0.1649, grad_fn=<SqueezeBackward0>),tensor(0.6025, grad_fn=<AddBackward0>),1440,20.145041942596436,4,0.5,,20
double_cake,ccka,ccka_lr0_1_lr0_01_lr0_01_optgd_epochs100_epochs0_001_epochs0_001_clusters6__rep1,3,1.0,tensor(0.1821, grad_fn=<SqueezeBackward0>),tensor(0.5763, grad_fn=<AddBackward0>),960,20.705336809158325,6,0.5,,20
double_cake,ccka,ccka_lr0_1_lr0_01_lr0_01_optgd_epochs100_epochs0_001_epochs0_001_clusters4__rep1,9,1.0,tensor(0.1614, grad_fn=<SqueezeBackward0>),tensor(0.7026, grad_fn=<AddBackward0>),1600,20.26818084716797,4,0.5,,20
double_cake,ccka,ccka_lr0_1_lr0_01_lr0_01_optgd_epochs100_epochs0_001_epochs0_001_clusters6__rep1,4,1.0,tensor(0.1852, grad_fn=<SqueezeBackward0>),tensor(0.5149, grad_fn=<AddBackward0>),1200,19.89581608772278,6,0.5,,20
double_cake,ccka,ccka_lr0_1_lr0_01_lr0_01_optgd_epochs100_epochs0_001_epochs0_001_clusters6__rep1,5,1.0,tensor(0.1882, grad_fn=<SqueezeBackward0>),tensor(0.5533, grad_fn=<AddBackward0>),1440,21.1595938205719,6,0.5,,20
double_cake,ccka,ccka_lr0_1_lr0_01_lr0_01_optgd_epochs100_epochs0_001_epochs0_001_clusters8__rep1,0,1.0,tensor(0.1793, grad_fn=<SqueezeBackward0>),tensor(0.9295, grad_fn=<AddBackward0>),320,20.790202856063843,8,0.5,,20
double_cake,ccka,ccka_lr0_1_lr0_01_lr0_01_optgd_epochs100_epochs0_001_epochs0_001_clusters6__rep1,6,1.0,tensor(0.1910, grad_fn=<SqueezeBackward0>),tensor(0.4984, grad_fn=<AddBackward0>),1680,19.867893934249878,6,0.5,,20
double_cake,ccka,ccka_lr0_1_lr0_01_lr0_01_optgd_epochs100_epochs0_001_epochs0_001_clusters8__rep1,1,0.9166666666666666,tensor(0.1813, grad_fn=<SqueezeBackward0>),tensor(1.0466, grad_fn=<AddBackward0>),640,21.333245754241943,8,0.5,,20
double_cake,ccka,ccka_lr0_1_lr0_01_lr0_01_optgd_epochs100_epochs0_001_epochs0_001_clusters10__rep1,0,1.0,tensor(0.1804, grad_fn=<SqueezeBackward0>),tensor(0.9155, grad_fn=<AddBackward0>),400,21.778363943099976,10,0.5,,20
double_cake,ccka,ccka_lr0_1_lr0_01_lr0_01_optgd_epochs100_epochs0_001_epochs0_001_clusters6__rep1,7,0.9166666666666666,tensor(0.1927, grad_fn=<SqueezeBackward0>),tensor(0.5373, grad_fn=<AddBackward0>),1920,20.898351907730103,6,0.5,,20
double_cake,ccka,ccka_lr0_1_lr0_01_lr0_01_optgd_epochs100_epochs0_001_epochs0_001_clusters8__rep1,2,0.9166666666666666,tensor(0.1811, grad_fn=<SqueezeBackward0>),tensor(0.7958, grad_fn=<AddBackward0>),960,21.49931287765503,8,0.5,,20
double_cake,ccka,ccka_lr0_1_lr0_01_lr0_01_optgd_epochs100_epochs0_001_epochs0_001_clusters10__rep1,1,1.0,tensor(0.1801, grad_fn=<SqueezeBackward0>),tensor(0.8955, grad_fn=<AddBackward0>),800,21.730430841445923,10,0.5,,20
double_cake,ccka,ccka_lr0_1_lr0_01_lr0_01_optgd_epochs100_epochs0_001_epochs0_001_clusters6__rep1,8,0.9166666666666666,tensor(0.1933, grad_fn=<SqueezeBackward0>),tensor(0.4929, grad_fn=<AddBackward0>),2160,21.169198036193848,6,0.5,,20
double_cake,ccka,ccka_lr0_1_lr0_01_lr0_01_optgd_epochs100_epochs0_001_epochs0_001_clusters8__rep1,3,0.8333333333333334,tensor(0.1770, grad_fn=<SqueezeBackward0>),tensor(0.9876, grad_fn=<AddBackward0>),1280,21.518656969070435,8,0.5,,20
double_cake,ccka,ccka_lr0_1_lr0_01_lr0_01_optgd_epochs100_epochs0_001_epochs0_001_clusters10__rep1,2,0.9166666666666666,tensor(0.1877, grad_fn=<SqueezeBackward0>),tensor(0.8753, grad_fn=<AddBackward0>),1200,22.194183111190796,10,0.5,,20
double_cake,ccka,ccka_lr0_1_lr0_01_lr0_01_optgd_epochs100_epochs0_001_epochs0_001_clusters6__rep1,9,0.9166666666666666,tensor(0.1944, grad_fn=<SqueezeBackward0>),tensor(0.5257, grad_fn=<AddBackward0>),2400,19.899832010269165,6,0.5,,20
double_cake,ccka,ccka_lr0_1_lr0_01_lr0_01_optgd_epochs100_epochs0_001_epochs0_001_clusters8__rep1,4,0.9166666666666666,tensor(0.1855, grad_fn=<SqueezeBackward0>),tensor(0.7594, grad_fn=<AddBackward0>),1600,21.296773195266724,8,0.5,,20
double_cake,ccka,ccka_lr0_1_lr0_01_lr0_01_optgd_epochs100_epochs0_001_epochs0_001_clusters10__rep1,3,0.9166666666666666,tensor(0.1873, grad_fn=<SqueezeBackward0>),tensor(0.8780, grad_fn=<AddBackward0>),1600,22.412155151367188,10,0.5,,20
double_cake,ccka,ccka_lr0_1_lr0_01_lr0_01_optgd_epochs100_epochs0_001_epochs0_001_clusters8__rep1,5,0.8333333333333334,tensor(0.1809, grad_fn=<SqueezeBackward0>),tensor(0.9702, grad_fn=<AddBackward0>),1920,22.19716191291809,8,0.5,,20
double_cake,ccka,ccka_lr0_1_lr0_01_lr0_01_optgd_epochs100_epochs0_001_epochs0_001_clusters10__rep1,4,0.9166666666666666,tensor(0.1988, grad_fn=<SqueezeBackward0>),tensor(0.8742, grad_fn=<AddBackward0>),2000,21.538976907730103,10,0.5,,20
double_cake,ccka,ccka_lr0_1_lr0_01_lr0_01_optgd_epochs100_epochs0_001_epochs0_001_clusters8__rep1,6,0.9166666666666666,tensor(0.1889, grad_fn=<SqueezeBackward0>),tensor(0.7878, grad_fn=<AddBackward0>),2240,20.92574191093445,8,0.5,,20
double_cake,ccka,ccka_lr0_1_lr0_01_lr0_01_optgd_epochs100_epochs0_001_epochs0_001_clusters10__rep1,5,0.8333333333333334,tensor(0.1973, grad_fn=<SqueezeBackward0>),tensor(0.8817, grad_fn=<AddBackward0>),2400,22.439729928970337,10,0.5,,20
double_cake,ccka,ccka_lr0_2_lr0_01_lr0_01_optgd_epochs100_epochs0_001_epochs0_001_clusters2__rep1,0,1.0,tensor(0.1785, grad_fn=<SqueezeBackward0>),tensor(0.4683, grad_fn=<AddBackward0>),80,18.367820024490356,2,0.5,,20
double_cake,ccka,ccka_lr0_1_lr0_01_lr0_01_optgd_epochs100_epochs0_001_epochs0_001_clusters8__rep1,7,0.8333333333333334,tensor(0.1859, grad_fn=<SqueezeBackward0>),tensor(1.0313, grad_fn=<AddBackward0>),2560,22.26642894744873,8,0.5,,20
double_cake,ccka,ccka_lr0_2_lr0_01_lr0_01_optgd_epochs100_epochs0_001_epochs0_001_clusters2__rep1,1,1.0,tensor(0.1927, grad_fn=<SqueezeBackward0>),tensor(0.5916, grad_fn=<AddBackward0>),160,19.375507831573486,2,0.5,,20
double_cake,ccka,ccka_lr0_1_lr0_01_lr0_01_optgd_epochs100_epochs0_001_epochs0_001_clusters10__rep1,6,0.9166666666666666,tensor(0.2063, grad_fn=<SqueezeBackward0>),tensor(0.9016, grad_fn=<AddBackward0>),2800,22.19017791748047,10,0.5,,20
double_cake,ccka,ccka_lr0_1_lr0_01_lr0_01_optgd_epochs100_epochs0_001_epochs0_001_clusters8__rep1,8,0.9166666666666666,tensor(0.1890, grad_fn=<SqueezeBackward0>),tensor(0.8669, grad_fn=<AddBackward0>),2880,20.85925316810608,8,0.5,,20
double_cake,ccka,ccka_lr0_2_lr0_01_lr0_01_optgd_epochs100_epochs0_001_epochs0_001_clusters2__rep1,2,1.0,tensor(0.1872, grad_fn=<SqueezeBackward0>),tensor(0.4457, grad_fn=<AddBackward0>),240,20.095298051834106,2,0.5,,20
double_cake,ccka,ccka_lr0_1_lr0_01_lr0_01_optgd_epochs100_epochs0_001_epochs0_001_clusters10__rep1,7,0.8333333333333334,tensor(0.2049, grad_fn=<SqueezeBackward0>),tensor(0.9279, grad_fn=<AddBackward0>),3200,22.34237575531006,10,0.5,,20
double_cake,ccka,ccka_lr0_1_lr0_01_lr0_01_optgd_epochs100_epochs0_001_epochs0_001_clusters8__rep1,9,0.8333333333333334,tensor(0.1832, grad_fn=<SqueezeBackward0>),tensor(1.1949, grad_fn=<AddBackward0>),3200,22.28433895111084,8,0.5,,20
double_cake,ccka,ccka_lr0_2_lr0_01_lr0_01_optgd_epochs100_epochs0_001_epochs0_001_clusters2__rep1,3,0.9166666666666666,tensor(0.1901, grad_fn=<SqueezeBackward0>),tensor(0.5215, grad_fn=<AddBackward0>),320,19.021886110305786,2,0.5,,20
double_cake,ccka,ccka_lr0_1_lr0_01_lr0_01_optgd_epochs100_epochs0_001_epochs0_001_clusters10__rep1,8,1.0,tensor(0.2084, grad_fn=<SqueezeBackward0>),tensor(0.9504, grad_fn=<AddBackward0>),3600,21.31419086456299,10,0.5,,20
double_cake,ccka,ccka_lr0_2_lr0_01_lr0_01_optgd_epochs100_epochs0_001_epochs0_001_clusters2__rep1,4,0.9166666666666666,tensor(0.1916, grad_fn=<SqueezeBackward0>),tensor(0.4451, grad_fn=<AddBackward0>),400,19.493738889694214,2,0.5,,20
double_cake,ccka,ccka_lr0_1_lr0_01_lr0_01_optgd_epochs100_epochs0_001_epochs0_001_clusters10__rep1,9,0.9166666666666666,tensor(0.2087, grad_fn=<SqueezeBackward0>),tensor(1.0354, grad_fn=<AddBackward0>),4000,22.351463794708252,10,0.5,,20
double_cake,ccka,ccka_lr0_2_lr0_01_lr0_01_optgd_epochs100_epochs0_001_epochs0_001_clusters2__rep1,5,0.9166666666666666,tensor(0.1897, grad_fn=<SqueezeBackward0>),tensor(0.4872, grad_fn=<AddBackward0>),480,18.728319883346558,2,0.5,,20
double_cake,ccka,ccka_lr0_2_lr0_01_lr0_01_optgd_epochs100_epochs0_001_epochs0_001_clusters2__rep1,6,0.9166666666666666,tensor(0.1914, grad_fn=<SqueezeBackward0>),tensor(0.4443, grad_fn=<AddBackward0>),560,19.647186994552612,2,0.5,,20
double_cake,ccka,ccka_lr0_2_lr0_01_lr0_01_optgd_epochs100_epochs0_001_epochs0_001_clusters4__rep1,0,0.9166666666666666,tensor(0.1606, grad_fn=<SqueezeBackward0>),tensor(0.6965, grad_fn=<AddBackward0>),160,19.53215718269348,4,0.5,,20
double_cake,ccka,ccka_lr0_2_lr0_01_lr0_01_optgd_epochs100_epochs0_001_epochs0_001_clusters2__rep1,7,0.9166666666666666,tensor(0.1882, grad_fn=<SqueezeBackward0>),tensor(0.4666, grad_fn=<AddBackward0>),640,19.67148208618164,2,0.5,,20
double_cake,ccka,ccka_lr0_2_lr0_01_lr0_01_optgd_epochs100_epochs0_001_epochs0_001_clusters4__rep1,1,1.0,tensor(0.1673, grad_fn=<SqueezeBackward0>),tensor(0.7461, grad_fn=<AddBackward0>),320,20.14946985244751,4,0.5,,20
double_cake,ccka,ccka_lr0_2_lr0_01_lr0_01_optgd_epochs100_epochs0_001_epochs0_001_clusters6__rep1,0,0.9166666666666666,tensor(0.1723, grad_fn=<SqueezeBackward0>),tensor(0.5563, grad_fn=<AddBackward0>),240,20.368234872817993,6,0.5,,20
double_cake,ccka,ccka_lr0_2_lr0_01_lr0_01_optgd_epochs100_epochs0_001_epochs0_001_clusters2__rep1,8,0.9166666666666666,tensor(0.1885, grad_fn=<SqueezeBackward0>),tensor(0.4411, grad_fn=<AddBackward0>),720,19.51145076751709,2,0.5,,20
double_cake,ccka,ccka_lr0_2_lr0_01_lr0_01_optgd_epochs100_epochs0_001_epochs0_001_clusters4__rep1,2,1.0,tensor(0.1640, grad_fn=<SqueezeBackward0>),tensor(0.6476, grad_fn=<AddBackward0>),480,20.435526132583618,4,0.5,,20
double_cake,ccka,ccka_lr0_2_lr0_01_lr0_01_optgd_epochs100_epochs0_001_epochs0_001_clusters6__rep1,1,1.0,tensor(0.1815, grad_fn=<SqueezeBackward0>),tensor(0.5840, grad_fn=<AddBackward0>),480,20.672940969467163,6,0.5,,20
double_cake,ccka,ccka_lr0_2_lr0_01_lr0_01_optgd_epochs100_epochs0_001_epochs0_001_clusters2__rep1,9,0.9166666666666666,tensor(0.1858, grad_fn=<SqueezeBackward0>),tensor(0.4526, grad_fn=<AddBackward0>),800,19.592936754226685,2,0.5,,20
double_cake,ccka,ccka_lr0_2_lr0_01_lr0_01_optgd_epochs100_epochs0_001_epochs0_001_clusters4__rep1,3,1.0,tensor(0.1641, grad_fn=<SqueezeBackward0>),tensor(0.7147, grad_fn=<AddBackward0>),640,20.266268014907837,4,0.5,,20
double_cake,ccka,ccka_lr0_2_lr0_01_lr0_01_optgd_epochs100_epochs0_001_epochs0_001_clusters6__rep1,2,1.0,tensor(0.1865, grad_fn=<SqueezeBackward0>),tensor(0.5071, grad_fn=<AddBackward0>),720,20.584983110427856,6,0.5,,20
double_cake,ccka,ccka_lr0_2_lr0_01_lr0_01_optgd_epochs100_epochs0_001_epochs0_001_clusters4__rep1,4,1.0,tensor(0.1702, grad_fn=<SqueezeBackward0>),tensor(0.6125, grad_fn=<AddBackward0>),800,19.76261019706726,4,0.5,,20
double_cake,ccka,ccka_lr0_2_lr0_01_lr0_01_optgd_epochs100_epochs0_001_epochs0_001_clusters6__rep1,3,0.9166666666666666,tensor(0.1929, grad_fn=<SqueezeBackward0>),tensor(0.5503, grad_fn=<AddBackward0>),960,20.732484102249146,6,0.5,,20
double_cake,ccka,ccka_lr0_2_lr0_01_lr0_01_optgd_epochs100_epochs0_001_epochs0_001_clusters4__rep1,5,1.0,tensor(0.1641, grad_fn=<SqueezeBackward0>),tensor(0.6880, grad_fn=<AddBackward0>),960,19.68238401412964,4,0.5,,20
double_cake,ccka,ccka_lr0_2_lr0_01_lr0_01_optgd_epochs100_epochs0_001_epochs0_001_clusters6__rep1,4,0.9166666666666666,tensor(0.1971, grad_fn=<SqueezeBackward0>),tensor(0.4848, grad_fn=<AddBackward0>),1200,19.93093514442444,6,0.5,,20
double_cake,ccka,ccka_lr0_2_lr0_01_lr0_01_optgd_epochs100_epochs0_001_epochs0_001_clusters4__rep1,6,0.9166666666666666,tensor(0.1753, grad_fn=<SqueezeBackward0>),tensor(0.5872, grad_fn=<AddBackward0>),1120,20.169456958770752,4,0.5,,20
double_cake,ccka,ccka_lr0_2_lr0_01_lr0_01_optgd_epochs100_epochs0_001_epochs0_001_clusters8__rep1,0,0.9166666666666666,tensor(0.1815, grad_fn=<SqueezeBackward0>),tensor(0.8422, grad_fn=<AddBackward0>),320,20.81357216835022,8,0.5,,20
double_cake,ccka,ccka_lr0_2_lr0_01_lr0_01_optgd_epochs100_epochs0_001_epochs0_001_clusters6__rep1,5,0.9166666666666666,tensor(0.1989, grad_fn=<SqueezeBackward0>),tensor(0.5304, grad_fn=<AddBackward0>),1440,21.237107038497925,6,0.5,,20
double_cake,ccka,ccka_lr0_2_lr0_01_lr0_01_optgd_epochs100_epochs0_001_epochs0_001_clusters4__rep1,7,0.9166666666666666,tensor(0.1640, grad_fn=<SqueezeBackward0>),tensor(0.6662, grad_fn=<AddBackward0>),1280,20.114626169204712,4,0.5,,20
double_cake,ccka,ccka_lr0_2_lr0_01_lr0_01_optgd_epochs100_epochs0_001_epochs0_001_clusters8__rep1,1,0.8333333333333334,tensor(0.1749, grad_fn=<SqueezeBackward0>),tensor(1.0045, grad_fn=<AddBackward0>),640,21.32414984703064,8,0.5,,20
double_cake,ccka,ccka_lr0_2_lr0_01_lr0_01_optgd_epochs100_epochs0_001_epochs0_001_clusters6__rep1,6,0.9166666666666666,tensor(0.1996, grad_fn=<SqueezeBackward0>),tensor(0.4725, grad_fn=<AddBackward0>),1680,19.928205013275146,6,0.5,,20
double_cake,ccka,ccka_lr0_2_lr0_01_lr0_01_optgd_epochs100_epochs0_001_epochs0_001_clusters4__rep1,8,0.9166666666666666,tensor(0.1766, grad_fn=<SqueezeBackward0>),tensor(0.5727, grad_fn=<AddBackward0>),1440,20.157564878463745,4,0.5,,20
double_cake,ccka,ccka_lr0_2_lr0_01_lr0_01_optgd_epochs100_epochs0_001_epochs0_001_clusters8__rep1,2,0.8333333333333334,tensor(0.1923, grad_fn=<SqueezeBackward0>),tensor(0.7160, grad_fn=<AddBackward0>),960,21.479299783706665,8,0.5,,20
double_cake,ccka,ccka_lr0_2_lr0_01_lr0_01_optgd_epochs100_epochs0_001_epochs0_001_clusters6__rep1,7,0.9166666666666666,tensor(0.1994, grad_fn=<SqueezeBackward0>),tensor(0.5161, grad_fn=<AddBackward0>),1920,20.94573187828064,6,0.5,,20
double_cake,ccka,ccka_lr0_2_lr0_01_lr0_01_optgd_epochs100_epochs0_001_epochs0_001_clusters4__rep1,9,0.9166666666666666,tensor(0.1625, grad_fn=<SqueezeBackward0>),tensor(0.6487, grad_fn=<AddBackward0>),1600,20.36347794532776,4,0.5,,20
double_cake,ccka,ccka_lr0_2_lr0_01_lr0_01_optgd_epochs100_epochs0_001_epochs0_001_clusters8__rep1,3,0.8333333333333334,tensor(0.1824, grad_fn=<SqueezeBackward0>),tensor(0.9168, grad_fn=<AddBackward0>),1280,21.567294120788574,8,0.5,,20
double_cake,ccka,ccka_lr0_2_lr0_01_lr0_01_optgd_epochs100_epochs0_001_epochs0_001_clusters6__rep1,8,0.9166666666666666,tensor(0.1972, grad_fn=<SqueezeBackward0>),tensor(0.4644, grad_fn=<AddBackward0>),2160,21.27214002609253,6,0.5,,20
double_cake,ccka,ccka_lr0_2_lr0_01_lr0_01_optgd_epochs100_epochs0_001_epochs0_001_clusters8__rep1,4,0.8333333333333334,tensor(0.1950, grad_fn=<SqueezeBackward0>),tensor(0.6893, grad_fn=<AddBackward0>),1600,21.230931043624878,8,0.5,,20
double_cake,ccka,ccka_lr0_2_lr0_01_lr0_01_optgd_epochs100_epochs0_001_epochs0_001_clusters6__rep1,9,0.9166666666666666,tensor(0.1976, grad_fn=<SqueezeBackward0>),tensor(0.5049, grad_fn=<AddBackward0>),2400,19.95245909690857,6,0.5,,20
double_cake,ccka,ccka_lr0_2_lr0_01_lr0_01_optgd_epochs100_epochs0_001_epochs0_001_clusters8__rep1,5,0.8333333333333334,tensor(0.1970, grad_fn=<SqueezeBackward0>),tensor(0.9184, grad_fn=<AddBackward0>),1920,22.27984595298767,8,0.5,,20
double_cake,ccka,ccka_lr0_2_lr0_01_lr0_01_optgd_epochs100_epochs0_001_epochs0_001_clusters10__rep1,0,1.0,tensor(0.1837, grad_fn=<SqueezeBackward0>),tensor(0.8784, grad_fn=<AddBackward0>),400,21.815509796142578,10,0.5,,20
double_cake,ccka,ccka_lr0_2_lr0_01_lr0_01_optgd_epochs100_epochs0_001_epochs0_001_clusters8__rep1,6,0.8333333333333334,tensor(0.1961, grad_fn=<SqueezeBackward0>),tensor(0.7368, grad_fn=<AddBackward0>),2240,20.98935866355896,8,0.5,,20
double_cake,ccka,ccka_lr0_2_lr0_01_lr0_01_optgd_epochs100_epochs0_001_epochs0_001_clusters10__rep1,1,0.9166666666666666,tensor(0.1865, grad_fn=<SqueezeBackward0>),tensor(0.8787, grad_fn=<AddBackward0>),800,21.788743019104004,10,0.5,,20
double_cake,ccka,ccka_lr0_2_lr0_01_lr0_01_optgd_epochs100_epochs0_001_epochs0_001_clusters8__rep1,7,0.8333333333333334,tensor(0.2056, grad_fn=<SqueezeBackward0>),tensor(1.0299, grad_fn=<AddBackward0>),2560,22.351439952850342,8,0.5,,20
double_cake,ccka,ccka_lr0_2_lr0_01_lr0_01_optgd_epochs100_epochs0_001_epochs0_001_clusters10__rep1,2,0.9166666666666666,tensor(0.2048, grad_fn=<SqueezeBackward0>),tensor(0.8175, grad_fn=<AddBackward0>),1200,22.150267839431763,10,0.5,,20
double_cake,ccka,ccka_lr0_2_lr0_01_lr0_01_optgd_epochs100_epochs0_001_epochs0_001_clusters8__rep1,8,0.9166666666666666,tensor(0.1988, grad_fn=<SqueezeBackward0>),tensor(0.8280, grad_fn=<AddBackward0>),2880,20.875082969665527,8,0.5,,20
double_cake,ccka,ccka_lr0_2_lr0_01_lr0_01_optgd_epochs100_epochs0_001_epochs0_001_clusters10__rep1,3,0.8333333333333334,tensor(0.2038, grad_fn=<SqueezeBackward0>),tensor(0.8466, grad_fn=<AddBackward0>),1600,22.431639194488525,10,0.5,,20
double_cake,ccka,ccka_lr0_2_lr0_01_lr0_01_optgd_epochs100_epochs0_001_epochs0_001_clusters8__rep1,9,0.9166666666666666,tensor(0.1916, grad_fn=<SqueezeBackward0>),tensor(1.2687, grad_fn=<AddBackward0>),3200,22.395145177841187,8,0.5,,20
double_cake,ccka,ccka_lr0_2_lr0_01_lr0_01_optgd_epochs100_epochs0_001_epochs0_001_clusters10__rep1,4,1.0,tensor(0.2132, grad_fn=<SqueezeBackward0>),tensor(0.7899, grad_fn=<AddBackward0>),2000,21.48726201057434,10,0.5,,20
double_cake,ccka,ccka_lr0_1_lr0_01_lr0_01_optgd_epochs100_epochs0_001_epochs0_001_clusters2__rep1,0,0.85,tensor(0.1879, grad_fn=<SqueezeBackward0>),tensor(1.1235, grad_fn=<AddBackward0>),80,53.6677360534668,2,0.5,,20
double_cake,ccka,ccka_lr0_2_lr0_01_lr0_01_optgd_epochs100_epochs0_001_epochs0_001_clusters10__rep1,5,0.9166666666666666,tensor(0.2112, grad_fn=<SqueezeBackward0>),tensor(0.8479, grad_fn=<AddBackward0>),2400,22.522292852401733,10,0.5,,20
double_cake,ccka,ccka_lr0_2_lr0_01_lr0_01_optgd_epochs100_epochs0_001_epochs0_001_clusters10__rep1,6,1.0,tensor(0.2135, grad_fn=<SqueezeBackward0>),tensor(0.8058, grad_fn=<AddBackward0>),2800,22.243330001831055,10,0.5,,20
double_cake,ccka,ccka_lr0_1_lr0_01_lr0_01_optgd_epochs100_epochs0_001_epochs0_001_clusters2__rep1,1,0.85,tensor(0.1881, grad_fn=<SqueezeBackward0>),tensor(1.1339, grad_fn=<AddBackward0>),160,52.84143829345703,2,0.5,,20
double_cake,ccka,ccka_lr0_2_lr0_01_lr0_01_optgd_epochs100_epochs0_001_epochs0_001_clusters10__rep1,7,0.9166666666666666,tensor(0.2076, grad_fn=<SqueezeBackward0>),tensor(0.9037, grad_fn=<AddBackward0>),3200,22.275763034820557,10,0.5,,20
double_cake,ccka,ccka_lr0_2_lr0_01_lr0_01_optgd_epochs100_epochs0_001_epochs0_001_clusters10__rep1,8,0.9166666666666666,tensor(0.2101, grad_fn=<SqueezeBackward0>),tensor(0.8652, grad_fn=<AddBackward0>),3600,21.424661874771118,10,0.5,,20
double_cake,ccka,ccka_lr0_2_lr0_01_lr0_01_optgd_epochs100_epochs0_001_epochs0_001_clusters10__rep1,9,0.9166666666666666,tensor(0.2017, grad_fn=<SqueezeBackward0>),tensor(1.0346, grad_fn=<AddBackward0>),4000,22.209381818771362,10,0.5,,20
double_cake,ccka,ccka_lr0_1_lr0_01_lr0_01_optgd_epochs100_epochs0_001_epochs0_001_clusters4__rep1,0,0.85,tensor(0.1853, grad_fn=<SqueezeBackward0>),tensor(1.4299, grad_fn=<AddBackward0>),160,54.547481060028076,4,0.5,,20
double_cake,ccka,ccka_lr0_1_lr0_01_lr0_01_optgd_epochs100_epochs0_001_epochs0_001_clusters2__rep1,2,0.85,tensor(0.1878, grad_fn=<SqueezeBackward0>),tensor(1.1296, grad_fn=<AddBackward0>),240,56.3564178943634,2,0.5,,20
double_cake,ccka,ccka_lr0_1_lr0_01_lr0_01_optgd_epochs100_epochs0_001_epochs0_001_clusters4__rep1,1,0.85,tensor(0.1880, grad_fn=<SqueezeBackward0>),tensor(0.8308, grad_fn=<AddBackward0>),320,53.263031005859375,4,0.5,,20
double_cake,ccka,ccka_lr0_1_lr0_01_lr0_01_optgd_epochs100_epochs0_001_epochs0_001_clusters2__rep1,3,0.85,tensor(0.1875, grad_fn=<SqueezeBackward0>),tensor(1.1433, grad_fn=<AddBackward0>),320,53.494823932647705,2,0.5,,20
double_cake,ccka,ccka_lr0_1_lr0_01_lr0_01_optgd_epochs100_epochs0_001_epochs0_001_clusters4__rep1,2,0.85,tensor(0.1850, grad_fn=<SqueezeBackward0>),tensor(1.4248, grad_fn=<AddBackward0>),480,55.98460292816162,4,0.5,,20
double_cake,ccka,ccka_lr0_1_lr0_01_lr0_01_optgd_epochs100_epochs0_001_epochs0_001_clusters2__rep1,4,0.85,tensor(0.1867, grad_fn=<SqueezeBackward0>),tensor(1.1411, grad_fn=<AddBackward0>),400,55.85082292556763,2,0.5,,20
double_cake,ccka,ccka_lr0_1_lr0_01_lr0_01_optgd_epochs100_epochs0_001_epochs0_001_clusters6__rep1,0,0.85,tensor(0.1846, grad_fn=<SqueezeBackward0>),tensor(0.9648, grad_fn=<AddBackward0>),240,53.98790383338928,6,0.5,,20
double_cake,ccka,ccka_lr0_1_lr0_01_lr0_01_optgd_epochs100_epochs0_001_epochs0_001_clusters4__rep1,3,0.85,tensor(0.1879, grad_fn=<SqueezeBackward0>),tensor(0.8309, grad_fn=<AddBackward0>),640,56.42740511894226,4,0.5,,20
double_cake,ccka,ccka_lr0_1_lr0_01_lr0_01_optgd_epochs100_epochs0_001_epochs0_001_clusters2__rep1,5,0.85,tensor(0.1860, grad_fn=<SqueezeBackward0>),tensor(1.1521, grad_fn=<AddBackward0>),480,55.30577373504639,2,0.5,,20
double_cake,ccka,ccka_lr0_1_lr0_01_lr0_01_optgd_epochs100_epochs0_001_epochs0_001_clusters6__rep1,1,0.85,tensor(0.1861, grad_fn=<SqueezeBackward0>),tensor(1.3008, grad_fn=<AddBackward0>),480,56.646413803100586,6,0.5,,20
double_cake,ccka,ccka_lr0_1_lr0_01_lr0_01_optgd_epochs100_epochs0_001_epochs0_001_clusters4__rep1,4,0.85,tensor(0.1847, grad_fn=<SqueezeBackward0>),tensor(1.4207, grad_fn=<AddBackward0>),800,54.963683128356934,4,0.5,,20
double_cake,ccka,ccka_lr0_1_lr0_01_lr0_01_optgd_epochs100_epochs0_001_epochs0_001_clusters2__rep1,6,0.85,tensor(0.1848, grad_fn=<SqueezeBackward0>),tensor(1.1488, grad_fn=<AddBackward0>),560,54.89147591590881,2,0.5,,20
double_cake,ccka,ccka_lr0_1_lr0_01_lr0_01_optgd_epochs100_epochs0_001_epochs0_001_clusters6__rep1,2,0.85,tensor(0.1833, grad_fn=<SqueezeBackward0>),tensor(0.9602, grad_fn=<AddBackward0>),720,56.746833086013794,6,0.5,,20
double_cake,ccka,ccka_lr0_1_lr0_01_lr0_01_optgd_epochs100_epochs0_001_epochs0_001_clusters4__rep1,5,0.85,tensor(0.1877, grad_fn=<SqueezeBackward0>),tensor(0.8312, grad_fn=<AddBackward0>),960,56.979947090148926,4,0.5,,20
double_cake,ccka,ccka_lr0_1_lr0_01_lr0_01_optgd_epochs100_epochs0_001_epochs0_001_clusters2__rep1,7,0.85,tensor(0.1838, grad_fn=<SqueezeBackward0>),tensor(1.1530, grad_fn=<AddBackward0>),640,55.16610789299011,2,0.5,,20
double_cake,ccka,ccka_lr0_1_lr0_01_lr0_01_optgd_epochs100_epochs0_001_epochs0_001_clusters6__rep1,3,0.85,tensor(0.1845, grad_fn=<SqueezeBackward0>),tensor(1.3023, grad_fn=<AddBackward0>),960,54.580077171325684,6,0.5,,20
double_cake,ccka,ccka_lr0_1_lr0_01_lr0_01_optgd_epochs100_epochs0_001_epochs0_001_clusters4__rep1,6,0.85,tensor(0.1843, grad_fn=<SqueezeBackward0>),tensor(1.4180, grad_fn=<AddBackward0>),1120,55.5515878200531,4,0.5,,20
double_cake,ccka,ccka_lr0_1_lr0_01_lr0_01_optgd_epochs100_epochs0_001_epochs0_001_clusters2__rep1,8,0.85,tensor(0.1825, grad_fn=<SqueezeBackward0>),tensor(1.1474, grad_fn=<AddBackward0>),720,52.50991368293762,2,0.5,,20
double_cake,ccka,ccka_lr0_1_lr0_01_lr0_01_optgd_epochs100_epochs0_001_epochs0_001_clusters6__rep1,4,0.85,tensor(0.1822, grad_fn=<SqueezeBackward0>),tensor(0.9553, grad_fn=<AddBackward0>),1200,56.52151131629944,6,0.5,,20
double_cake,ccka,ccka_lr0_1_lr0_01_lr0_01_optgd_epochs100_epochs0_001_epochs0_001_clusters4__rep1,7,0.85,tensor(0.1874, grad_fn=<SqueezeBackward0>),tensor(0.8319, grad_fn=<AddBackward0>),1280,55.20477104187012,4,0.5,,20
double_cake,ccka,ccka_lr0_1_lr0_01_lr0_01_optgd_epochs100_epochs0_001_epochs0_001_clusters2__rep1,9,0.85,tensor(0.1818, grad_fn=<SqueezeBackward0>),tensor(1.1460, grad_fn=<AddBackward0>),800,56.20746612548828,2,0.5,,20
double_cake,ccka,ccka_lr0_1_lr0_01_lr0_01_optgd_epochs100_epochs0_001_epochs0_001_clusters6__rep1,5,0.85,tensor(0.1832, grad_fn=<SqueezeBackward0>),tensor(1.3048, grad_fn=<AddBackward0>),1440,55.68764901161194,6,0.5,,20
double_cake,ccka,ccka_lr0_1_lr0_01_lr0_01_optgd_epochs100_epochs0_001_epochs0_001_clusters4__rep1,8,0.85,tensor(0.1836, grad_fn=<SqueezeBackward0>),tensor(1.4166, grad_fn=<AddBackward0>),1440,53.803239822387695,4,0.5,,20
double_cake,ccka,ccka_lr0_1_lr0_01_lr0_01_optgd_epochs100_epochs0_001_epochs0_001_clusters6__rep1,6,0.85,tensor(0.1814, grad_fn=<SqueezeBackward0>),tensor(0.9504, grad_fn=<AddBackward0>),1680,55.87132716178894,6,0.5,,20
double_cake,ccka,ccka_lr0_1_lr0_01_lr0_01_optgd_epochs100_epochs0_001_epochs0_001_clusters4__rep1,9,0.85,tensor(0.1869, grad_fn=<SqueezeBackward0>),tensor(0.8333, grad_fn=<AddBackward0>),1600,56.130048990249634,4,0.5,,20
double_cake,ccka,ccka_lr0_1_lr0_01_lr0_01_optgd_epochs100_epochs0_001_epochs0_001_clusters6__rep1,7,0.85,tensor(0.1822, grad_fn=<SqueezeBackward0>),tensor(1.3080, grad_fn=<AddBackward0>),1920,55.95431184768677,6,0.5,,20
double_cake,ccka,ccka_lr0_1_lr0_01_lr0_01_optgd_epochs100_epochs0_001_epochs0_001_clusters8__rep1,0,0.95,tensor(0.1886, grad_fn=<SqueezeBackward0>),tensor(0.9041, grad_fn=<AddBackward0>),320,54.881600856781006,8,0.5,,20
double_cake,ccka,ccka_lr0_1_lr0_01_lr0_01_optgd_epochs100_epochs0_001_epochs0_001_clusters6__rep1,8,0.85,tensor(0.1808, grad_fn=<SqueezeBackward0>),tensor(0.9460, grad_fn=<AddBackward0>),2160,57.41001105308533,6,0.5,,20
double_cake,ccka,ccka_lr0_1_lr0_01_lr0_01_optgd_epochs100_epochs0_001_epochs0_001_clusters8__rep1,1,0.9,tensor(0.1854, grad_fn=<SqueezeBackward0>),tensor(1.3372, grad_fn=<AddBackward0>),640,57.675820112228394,8,0.5,,20
double_cake,ccka,ccka_lr0_1_lr0_01_lr0_01_optgd_epochs100_epochs0_001_epochs0_001_clusters6__rep1,9,0.85,tensor(0.1813, grad_fn=<SqueezeBackward0>),tensor(1.3114, grad_fn=<AddBackward0>),2400,56.06521487236023,6,0.5,,20
double_cake,ccka,ccka_lr0_1_lr0_01_lr0_01_optgd_epochs100_epochs0_001_epochs0_001_clusters10__rep1,0,0.9,tensor(0.1837, grad_fn=<SqueezeBackward0>),tensor(1.4693, grad_fn=<AddBackward0>),400,54.89931392669678,10,0.5,,20
double_cake,ccka,ccka_lr0_1_lr0_01_lr0_01_optgd_epochs100_epochs0_001_epochs0_001_clusters8__rep1,2,0.9,tensor(0.1885, grad_fn=<SqueezeBackward0>),tensor(0.9117, grad_fn=<AddBackward0>),960,56.39582705497742,8,0.5,,20
double_cake,ccka,ccka_lr0_1_lr0_01_lr0_01_optgd_epochs100_epochs0_001_epochs0_001_clusters10__rep1,1,0.85,tensor(0.1880, grad_fn=<SqueezeBackward0>),tensor(0.8047, grad_fn=<AddBackward0>),800,56.51853680610657,10,0.5,,20
double_cake,ccka,ccka_lr0_1_lr0_01_lr0_01_optgd_epochs100_epochs0_001_epochs0_001_clusters8__rep1,3,0.9,tensor(0.1829, grad_fn=<SqueezeBackward0>),tensor(1.3318, grad_fn=<AddBackward0>),1280,56.5975239276886,8,0.5,,20
double_cake,ccka,ccka_lr0_1_lr0_01_lr0_01_optgd_epochs100_epochs0_001_epochs0_001_clusters10__rep1,2,0.9,tensor(0.1839, grad_fn=<SqueezeBackward0>),tensor(1.4821, grad_fn=<AddBackward0>),1200,57.75391912460327,10,0.5,,20
double_cake,ccka,ccka_lr0_1_lr0_01_lr0_01_optgd_epochs100_epochs0_001_epochs0_001_clusters8__rep1,4,0.8,tensor(0.1883, grad_fn=<SqueezeBackward0>),tensor(0.9187, grad_fn=<AddBackward0>),1600,57.45878601074219,8,0.5,,20
double_cake,ccka,ccka_lr0_2_lr0_01_lr0_01_optgd_epochs100_epochs0_001_epochs0_001_clusters2__rep1,0,0.9,tensor(0.1879, grad_fn=<SqueezeBackward0>),tensor(1.1229, grad_fn=<AddBackward0>),80,53.90727686882019,2,0.5,,20
double_cake,ccka,ccka_lr0_1_lr0_01_lr0_01_optgd_epochs100_epochs0_001_epochs0_001_clusters10__rep1,3,0.85,tensor(0.1878, grad_fn=<SqueezeBackward0>),tensor(0.8097, grad_fn=<AddBackward0>),1600,55.975749254226685,10,0.5,,20
double_cake,ccka,ccka_lr0_1_lr0_01_lr0_01_optgd_epochs100_epochs0_001_epochs0_001_clusters8__rep1,5,0.9,tensor(0.1807, grad_fn=<SqueezeBackward0>),tensor(1.3170, grad_fn=<AddBackward0>),1920,54.95833897590637,8,0.5,,20
double_cake,ccka,ccka_lr0_2_lr0_01_lr0_01_optgd_epochs100_epochs0_001_epochs0_001_clusters2__rep1,1,0.85,tensor(0.1881, grad_fn=<SqueezeBackward0>),tensor(1.1324, grad_fn=<AddBackward0>),160,53.46453285217285,2,0.5,,20
double_cake,ccka,ccka_lr0_1_lr0_01_lr0_01_optgd_epochs100_epochs0_001_epochs0_001_clusters10__rep1,4,0.85,tensor(0.1840, grad_fn=<SqueezeBackward0>),tensor(1.4888, grad_fn=<AddBackward0>),2000,58.26631021499634,10,0.5,,20
double_cake,ccka,ccka_lr0_1_lr0_01_lr0_01_optgd_epochs100_epochs0_001_epochs0_001_clusters8__rep1,6,0.8,tensor(0.1879, grad_fn=<SqueezeBackward0>),tensor(0.9257, grad_fn=<AddBackward0>),2240,59.63239598274231,8,0.5,,20
double_cake,ccka,ccka_lr0_2_lr0_01_lr0_01_optgd_epochs100_epochs0_001_epochs0_001_clusters2__rep1,2,0.85,tensor(0.1876, grad_fn=<SqueezeBackward0>),tensor(1.1280, grad_fn=<AddBackward0>),240,57.304301023483276,2,0.5,,20
double_cake,ccka,ccka_lr0_1_lr0_01_lr0_01_optgd_epochs100_epochs0_001_epochs0_001_clusters10__rep1,5,0.85,tensor(0.1874, grad_fn=<SqueezeBackward0>),tensor(0.8162, grad_fn=<AddBackward0>),2400,58.29290294647217,10,0.5,,20
double_cake,ccka,ccka_lr0_1_lr0_01_lr0_01_optgd_epochs100_epochs0_001_epochs0_001_clusters8__rep1,7,0.9,tensor(0.1785, grad_fn=<SqueezeBackward0>),tensor(1.2952, grad_fn=<AddBackward0>),2560,58.042380809783936,8,0.5,,20
double_cake,ccka,ccka_lr0_2_lr0_01_lr0_01_optgd_epochs100_epochs0_001_epochs0_001_clusters2__rep1,3,0.85,tensor(0.1869, grad_fn=<SqueezeBackward0>),tensor(1.1412, grad_fn=<AddBackward0>),320,54.443665981292725,2,0.5,,20
double_cake,ccka,ccka_lr0_1_lr0_01_lr0_01_optgd_epochs100_epochs0_001_epochs0_001_clusters10__rep1,6,0.85,tensor(0.1840, grad_fn=<SqueezeBackward0>),tensor(1.4882, grad_fn=<AddBackward0>),2800,58.82123804092407,10,0.5,,20
double_cake,ccka,ccka_lr0_1_lr0_01_lr0_01_optgd_epochs100_epochs0_001_epochs0_001_clusters8__rep1,8,0.85,tensor(0.1870, grad_fn=<SqueezeBackward0>),tensor(0.9320, grad_fn=<AddBackward0>),2880,56.53835678100586,8,0.5,,20
double_cake,ccka,ccka_lr0_2_lr0_01_lr0_01_optgd_epochs100_epochs0_001_epochs0_001_clusters2__rep1,4,0.85,tensor(0.1854, grad_fn=<SqueezeBackward0>),tensor(1.1389, grad_fn=<AddBackward0>),400,56.66066098213196,2,0.5,,20
double_cake,ccka,ccka_lr0_1_lr0_01_lr0_01_optgd_epochs100_epochs0_001_epochs0_001_clusters10__rep1,7,0.85,tensor(0.1867, grad_fn=<SqueezeBackward0>),tensor(0.8236, grad_fn=<AddBackward0>),3200,56.622631788253784,10,0.5,,20
double_cake,ccka,ccka_lr0_1_lr0_01_lr0_01_optgd_epochs100_epochs0_001_epochs0_001_clusters8__rep1,9,0.9,tensor(0.1763, grad_fn=<SqueezeBackward0>),tensor(1.2691, grad_fn=<AddBackward0>),3200,56.544147968292236,8,0.5,,20
double_cake,ccka,ccka_lr0_2_lr0_01_lr0_01_optgd_epochs100_epochs0_001_epochs0_001_clusters2__rep1,5,0.85,tensor(0.1838, grad_fn=<SqueezeBackward0>),tensor(1.1492, grad_fn=<AddBackward0>),480,55.14240097999573,2,0.5,,20
double_cake,ccka,ccka_lr0_1_lr0_01_lr0_01_optgd_epochs100_epochs0_001_epochs0_001_clusters10__rep1,8,0.85,tensor(0.1835, grad_fn=<SqueezeBackward0>),tensor(1.4815, grad_fn=<AddBackward0>),3600,598.1325051784515,10,0.5,,20
double_cake,ccka,ccka_lr0_2_lr0_01_lr0_01_optgd_epochs100_epochs0_001_epochs0_001_clusters2__rep1,6,0.85,tensor(0.1811, grad_fn=<SqueezeBackward0>),tensor(1.1448, grad_fn=<AddBackward0>),560,1629.1546156406403,2,0.5,,20
double_cake,ccka,ccka_lr0_1_lr0_01_lr0_01_optgd_epochs100_epochs0_001_epochs0_001_clusters10__rep1,9,0.85,tensor(0.1858, grad_fn=<SqueezeBackward0>),tensor(0.8312, grad_fn=<AddBackward0>),4000,2846.6631739139557,10,0.5,,20
double_cake,ccka,ccka_lr0_2_lr0_01_lr0_01_optgd_epochs100_epochs0_001_epochs0_001_clusters2__rep1,7,0.85,tensor(0.1789, grad_fn=<SqueezeBackward0>),tensor(1.1488, grad_fn=<AddBackward0>),640,1808.104084968567,2,0.5,,20
double_cake,ccka,ccka_lr0_2_lr0_01_lr0_01_optgd_epochs100_epochs0_001_epochs0_001_clusters2__rep1,8,0.85,tensor(0.1761, grad_fn=<SqueezeBackward0>),tensor(1.1420, grad_fn=<AddBackward0>),720,52.505553245544434,2,0.5,,20
double_cake,ccka,ccka_lr0_2_lr0_01_lr0_01_optgd_epochs100_epochs0_001_epochs0_001_clusters4__rep1,0,0.85,tensor(0.1809, grad_fn=<SqueezeBackward0>),tensor(1.4155, grad_fn=<AddBackward0>),160,54.498690128326416,4,0.5,,20
double_cake,ccka,ccka_lr0_2_lr0_01_lr0_01_optgd_epochs100_epochs0_001_epochs0_001_clusters4__rep1,1,0.85,tensor(0.1878, grad_fn=<SqueezeBackward0>),tensor(0.8314, grad_fn=<AddBackward0>),320,56.3013482093811,4,0.5,,20
double_cake,ccka,ccka_lr0_2_lr0_01_lr0_01_optgd_epochs100_epochs0_001_epochs0_001_clusters2__rep1,9,0.85,tensor(0.1744, grad_fn=<SqueezeBackward0>),tensor(1.1416, grad_fn=<AddBackward0>),800,58.757447242736816,2,0.5,,20
double_cake,ccka,ccka_lr0_2_lr0_01_lr0_01_optgd_epochs100_epochs0_001_epochs0_001_clusters6__rep1,0,0.8,tensor(0.1822, grad_fn=<SqueezeBackward0>),tensor(0.9478, grad_fn=<AddBackward0>),240,55.465248107910156,6,0.5,,20
double_cake,ccka,ccka_lr0_2_lr0_01_lr0_01_optgd_epochs100_epochs0_001_epochs0_001_clusters4__rep1,2,0.85,tensor(0.1797, grad_fn=<SqueezeBackward0>),tensor(1.4079, grad_fn=<AddBackward0>),480,57.826863288879395,4,0.5,,20
double_cake,ccka,ccka_lr0_2_lr0_01_lr0_01_optgd_epochs100_epochs0_001_epochs0_001_clusters6__rep1,1,0.9,tensor(0.1841, grad_fn=<SqueezeBackward0>),tensor(1.3033, grad_fn=<AddBackward0>),480,56.555152893066406,6,0.5,,20
double_cake,ccka,ccka_lr0_2_lr0_01_lr0_01_optgd_epochs100_epochs0_001_epochs0_001_clusters4__rep1,3,0.85,tensor(0.1875, grad_fn=<SqueezeBackward0>),tensor(0.8308, grad_fn=<AddBackward0>),640,56.4530291557312,4,0.5,,20
double_cake,ccka,ccka_lr0_2_lr0_01_lr0_01_optgd_epochs100_epochs0_001_epochs0_001_clusters8__rep1,0,0.95,tensor(0.1873, grad_fn=<SqueezeBackward0>),tensor(0.8428, grad_fn=<AddBackward0>),320,55.893301010131836,8,0.5,,20
double_cake,ccka,ccka_lr0_2_lr0_01_lr0_01_optgd_epochs100_epochs0_001_epochs0_001_clusters4__rep1,4,0.85,tensor(0.1787, grad_fn=<SqueezeBackward0>),tensor(1.4017, grad_fn=<AddBackward0>),800,54.951067209243774,4,0.5,,20
double_cake,ccka,ccka_lr0_2_lr0_01_lr0_01_optgd_epochs100_epochs0_001_epochs0_001_clusters6__rep1,2,0.8,tensor(0.1808, grad_fn=<SqueezeBackward0>),tensor(0.9396, grad_fn=<AddBackward0>),720,56.60479784011841,6,0.5,,20
double_cake,ccka,ccka_lr0_2_lr0_01_lr0_01_optgd_epochs100_epochs0_001_epochs0_001_clusters4__rep1,5,0.85,tensor(0.1869, grad_fn=<SqueezeBackward0>),tensor(0.8306, grad_fn=<AddBackward0>),960,54.58702778816223,4,0.5,,20
double_cake,ccka,ccka_lr0_2_lr0_01_lr0_01_optgd_epochs100_epochs0_001_epochs0_001_clusters6__rep1,3,0.9,tensor(0.1813, grad_fn=<SqueezeBackward0>),tensor(1.3060, grad_fn=<AddBackward0>),960,55.07700490951538,6,0.5,,20
double_cake,ccka,ccka_lr0_2_lr0_01_lr0_01_optgd_epochs100_epochs0_001_epochs0_001_clusters8__rep1,1,0.9,tensor(0.1825, grad_fn=<SqueezeBackward0>),tensor(1.3400, grad_fn=<AddBackward0>),640,59.46641397476196,8,0.5,,20
double_cake,ccka,ccka_lr0_2_lr0_01_lr0_01_optgd_epochs100_epochs0_001_epochs0_001_clusters4__rep1,6,0.85,tensor(0.1775, grad_fn=<SqueezeBackward0>),tensor(1.3971, grad_fn=<AddBackward0>),1120,57.56881403923035,4,0.5,,20
double_cake,ccka,ccka_lr0_2_lr0_01_lr0_01_optgd_epochs100_epochs0_001_epochs0_001_clusters6__rep1,4,0.8,tensor(0.1800, grad_fn=<SqueezeBackward0>),tensor(0.9324, grad_fn=<AddBackward0>),1200,56.92521286010742,6,0.5,,20
double_cake,ccka,ccka_lr0_2_lr0_01_lr0_01_optgd_epochs100_epochs0_001_epochs0_001_clusters8__rep1,2,0.95,tensor(0.1905, grad_fn=<SqueezeBackward0>),tensor(0.8550, grad_fn=<AddBackward0>),960,58.35804891586304,8,0.5,,20
double_cake,ccka,ccka_lr0_2_lr0_01_lr0_01_optgd_epochs100_epochs0_001_epochs0_001_clusters4__rep1,7,0.85,tensor(0.1860, grad_fn=<SqueezeBackward0>),tensor(0.8313, grad_fn=<AddBackward0>),1280,56.758261919021606,4,0.5,,20
double_cake,ccka,ccka_lr0_2_lr0_01_lr0_01_optgd_epochs100_epochs0_001_epochs0_001_clusters6__rep1,5,0.9,tensor(0.1795, grad_fn=<SqueezeBackward0>),tensor(1.3094, grad_fn=<AddBackward0>),1440,56.361976146698,6,0.5,,20
double_cake,ccka,ccka_lr0_2_lr0_01_lr0_01_optgd_epochs100_epochs0_001_epochs0_001_clusters8__rep1,3,0.9,tensor(0.1804, grad_fn=<SqueezeBackward0>),tensor(1.3021, grad_fn=<AddBackward0>),1280,58.395370960235596,8,0.5,,20
double_cake,ccka,ccka_lr0_2_lr0_01_lr0_01_optgd_epochs100_epochs0_001_epochs0_001_clusters6__rep1,6,0.8,tensor(0.1794, grad_fn=<SqueezeBackward0>),tensor(0.9273, grad_fn=<AddBackward0>),1680,56.82888197898865,6,0.5,,20
double_cake,ccka,ccka_lr0_2_lr0_01_lr0_01_optgd_epochs100_epochs0_001_epochs0_001_clusters4__rep1,8,0.85,tensor(0.1760, grad_fn=<SqueezeBackward0>),tensor(1.3943, grad_fn=<AddBackward0>),1440,57.01603889465332,4,0.5,,20
double_cake,ccka,ccka_lr0_2_lr0_01_lr0_01_optgd_epochs100_epochs0_001_epochs0_001_clusters8__rep1,4,0.9,tensor(0.1921, grad_fn=<SqueezeBackward0>),tensor(0.8713, grad_fn=<AddBackward0>),1600,58.66312599182129,8,0.5,,20
double_cake,ccka,ccka_lr0_2_lr0_01_lr0_01_optgd_epochs100_epochs0_001_epochs0_001_clusters4__rep1,9,0.85,tensor(0.1847, grad_fn=<SqueezeBackward0>),tensor(0.8332, grad_fn=<AddBackward0>),1600,54.38818001747131,4,0.5,,20
double_cake,ccka,ccka_lr0_2_lr0_01_lr0_01_optgd_epochs100_epochs0_001_epochs0_001_clusters6__rep1,7,0.85,tensor(0.1780, grad_fn=<SqueezeBackward0>),tensor(1.3123, grad_fn=<AddBackward0>),1920,57.07256007194519,6,0.5,,20
double_cake,ccka,ccka_lr0_2_lr0_01_lr0_01_optgd_epochs100_epochs0_001_epochs0_001_clusters8__rep1,5,0.9,tensor(0.1772, grad_fn=<SqueezeBackward0>),tensor(1.2421, grad_fn=<AddBackward0>),1920,55.70970010757446,8,0.5,,20
double_cake,ccka,ccka_lr0_2_lr0_01_lr0_01_optgd_epochs100_epochs0_001_epochs0_001_clusters6__rep1,8,0.8,tensor(0.1784, grad_fn=<SqueezeBackward0>),tensor(0.9255, grad_fn=<AddBackward0>),2160,57.5393500328064,6,0.5,,20
double_cake,ccka,ccka_lr0_2_lr0_01_lr0_01_optgd_epochs100_epochs0_001_epochs0_001_clusters8__rep1,6,0.9,tensor(0.1893, grad_fn=<SqueezeBackward0>),tensor(0.8848, grad_fn=<AddBackward0>),2240,59.39975118637085,8,0.5,,20
double_cake,ccka,ccka_lr0_2_lr0_01_lr0_01_optgd_epochs100_epochs0_001_epochs0_001_clusters6__rep1,9,0.85,tensor(0.1766, grad_fn=<SqueezeBackward0>),tensor(1.3134, grad_fn=<AddBackward0>),2400,56.131723165512085,6,0.5,,20
double_cake,ccka,ccka_lr0_2_lr0_01_lr0_01_optgd_epochs100_epochs0_001_epochs0_001_clusters8__rep1,7,0.85,tensor(0.1722, grad_fn=<SqueezeBackward0>),tensor(1.1782, grad_fn=<AddBackward0>),2560,57.56083822250366,8,0.5,,20
double_cake,ccka,ccka_lr0_2_lr0_01_lr0_01_optgd_epochs100_epochs0_001_epochs0_001_clusters10__rep1,0,0.9,tensor(0.1773, grad_fn=<SqueezeBackward0>),tensor(1.4348, grad_fn=<AddBackward0>),400,55.10664129257202,10,0.5,,20
double_cake,ccka,ccka_lr0_2_lr0_01_lr0_01_optgd_epochs100_epochs0_001_epochs0_001_clusters8__rep1,8,0.9,tensor(0.1803, grad_fn=<SqueezeBackward0>),tensor(0.8924, grad_fn=<AddBackward0>),2880,56.06017303466797,8,0.5,,20
double_cake,ccka,ccka_lr0_2_lr0_01_lr0_01_optgd_epochs100_epochs0_001_epochs0_001_clusters10__rep1,1,0.85,tensor(0.1872, grad_fn=<SqueezeBackward0>),tensor(0.8032, grad_fn=<AddBackward0>),800,57.808079957962036,10,0.5,,20
double_cake,ccka,ccka_lr0_2_lr0_01_lr0_01_optgd_epochs100_epochs0_001_epochs0_001_clusters8__rep1,9,0.9,tensor(0.1683, grad_fn=<SqueezeBackward0>),tensor(1.1329, grad_fn=<AddBackward0>),3200,57.713584899902344,8,0.5,,20
double_cake,ccka,ccka_lr0_2_lr0_01_lr0_01_optgd_epochs100_epochs0_001_epochs0_001_clusters10__rep1,2,0.85,tensor(0.1771, grad_fn=<SqueezeBackward0>),tensor(1.4531, grad_fn=<AddBackward0>),1200,60.20245099067688,10,0.5,,20
double_cake,ccka,ccka_lr0_2_lr0_01_lr0_01_optgd_epochs100_epochs0_001_epochs0_001_clusters10__rep1,3,0.85,tensor(0.1862, grad_fn=<SqueezeBackward0>),tensor(0.8059, grad_fn=<AddBackward0>),1600,57.0248441696167,10,0.5,,20
double_cake,ccka,ccka_lr0_2_lr0_01_lr0_01_optgd_epochs100_epochs0_001_epochs0_001_clusters10__rep1,4,0.85,tensor(0.1768, grad_fn=<SqueezeBackward0>),tensor(1.4558, grad_fn=<AddBackward0>),2000,63.33837699890137,10,0.5,,20
double_cake,ccka,ccka_lr0_2_lr0_01_lr0_01_optgd_epochs100_epochs0_001_epochs0_001_clusters10__rep1,5,0.85,tensor(0.1843, grad_fn=<SqueezeBackward0>),tensor(0.8129, grad_fn=<AddBackward0>),2400,66.07595705986023,10,0.5,,20
double_cake,ccka,ccka_lr0_2_lr0_01_lr0_01_optgd_epochs100_epochs0_001_epochs0_001_clusters10__rep1,6,0.85,tensor(0.1749, grad_fn=<SqueezeBackward0>),tensor(1.4468, grad_fn=<AddBackward0>),2800,68.1879653930664,10,0.5,,20
double_cake,ccka,ccka_lr0_2_lr0_01_lr0_01_optgd_epochs100_epochs0_001_epochs0_001_clusters10__rep1,7,0.85,tensor(0.1815, grad_fn=<SqueezeBackward0>),tensor(0.8219, grad_fn=<AddBackward0>),3200,63.935006856918335,10,0.5,,20
double_cake,ccka,ccka_lr0_2_lr0_01_lr0_01_optgd_epochs100_epochs0_001_epochs0_001_clusters10__rep1,8,0.9,tensor(0.1711, grad_fn=<SqueezeBackward0>),tensor(1.4320, grad_fn=<AddBackward0>),3600,71.04631090164185,10,0.5,,20
double_cake,ccka,ccka_lr0_1_lr0_01_lr0_01_optgd_epochs100_epochs0_001_epochs0_001_clusters2__rep1,0,0.85,tensor(0.1187, grad_fn=<SqueezeBackward0>),tensor(0.9034, grad_fn=<AddBackward0>),80,287.51345324516296,2,0.5,,20
double_cake,ccka,ccka_lr0_2_lr0_01_lr0_01_optgd_epochs100_epochs0_001_epochs0_001_clusters10__rep1,9,0.85,tensor(0.1777, grad_fn=<SqueezeBackward0>),tensor(0.8305, grad_fn=<AddBackward0>),4000,73.98597502708435,10,0.5,,20
double_cake,ccka,ccka_lr0_1_lr0_01_lr0_01_optgd_epochs100_epochs0_001_epochs0_001_clusters4__rep1,0,0.85,tensor(0.1178, grad_fn=<SqueezeBackward0>),tensor(0.9437, grad_fn=<AddBackward0>),160,289.4282193183899,4,0.5,,20
double_cake,ccka,ccka_lr0_1_lr0_01_lr0_01_optgd_epochs100_epochs0_001_epochs0_001_clusters2__rep1,1,0.825,tensor(0.1229, grad_fn=<SqueezeBackward0>),tensor(0.9196, grad_fn=<AddBackward0>),160,303.37800097465515,2,0.5,,20
double_cake,ccka,ccka_lr0_1_lr0_01_lr0_01_optgd_epochs100_epochs0_001_epochs0_001_clusters4__rep1,1,0.825,tensor(0.1189, grad_fn=<SqueezeBackward0>),tensor(1.0951, grad_fn=<AddBackward0>),320,320.4409680366516,4,0.5,,20
double_cake,ccka,ccka_lr0_1_lr0_01_lr0_01_optgd_epochs100_epochs0_001_epochs0_001_clusters2__rep1,2,0.85,tensor(0.1224, grad_fn=<SqueezeBackward0>),tensor(0.9339, grad_fn=<AddBackward0>),240,350.1485209465027,2,0.5,,20
double_cake,ccka,ccka_lr0_1_lr0_01_lr0_01_optgd_epochs100_epochs0_001_epochs0_001_clusters6__rep1,0,0.85,tensor(0.1133, grad_fn=<SqueezeBackward0>),tensor(0.9773, grad_fn=<AddBackward0>),240,337.8889880180359,6,0.5,,20
double_cake,ccka,ccka_lr0_1_lr0_01_lr0_01_optgd_epochs100_epochs0_001_epochs0_001_clusters4__rep1,2,0.85,tensor(0.1211, grad_fn=<SqueezeBackward0>),tensor(0.9376, grad_fn=<AddBackward0>),480,368.38063979148865,4,0.5,,20
double_cake,ccka,ccka_lr0_1_lr0_01_lr0_01_optgd_epochs100_epochs0_001_epochs0_001_clusters2__rep1,3,0.875,tensor(0.1240, grad_fn=<SqueezeBackward0>),tensor(1.0432, grad_fn=<AddBackward0>),320,378.02993988990784,2,0.5,,20
double_cake,ccka,ccka_lr0_1_lr0_01_lr0_01_optgd_epochs100_epochs0_001_epochs0_001_clusters6__rep1,1,0.85,tensor(0.1154, grad_fn=<SqueezeBackward0>),tensor(1.0704, grad_fn=<AddBackward0>),480,371.56125688552856,6,0.5,,20
double_cake,ccka,ccka_lr0_1_lr0_01_lr0_01_optgd_epochs100_epochs0_001_epochs0_001_clusters4__rep1,3,0.825,tensor(0.1208, grad_fn=<SqueezeBackward0>),tensor(1.1200, grad_fn=<AddBackward0>),640,343.11016488075256,4,0.5,,20
double_cake,ccka,ccka_lr0_1_lr0_01_lr0_01_optgd_epochs100_epochs0_001_epochs0_001_clusters2__rep1,4,0.875,tensor(0.1227, grad_fn=<SqueezeBackward0>),tensor(1.1736, grad_fn=<AddBackward0>),400,386.3930869102478,2,0.5,,20
double_cake,ccka,ccka_lr0_1_lr0_01_lr0_01_optgd_epochs100_epochs0_001_epochs0_001_clusters6__rep1,2,0.85,tensor(0.1136, grad_fn=<SqueezeBackward0>),tensor(0.9907, grad_fn=<AddBackward0>),720,395.8402798175812,6,0.5,,20
double_cake,ccka,ccka_lr0_1_lr0_01_lr0_01_optgd_epochs100_epochs0_001_epochs0_001_clusters4__rep1,4,0.85,tensor(0.1217, grad_fn=<SqueezeBackward0>),tensor(0.9839, grad_fn=<AddBackward0>),800,383.11790227890015,4,0.5,,20
double_cake,ccka,ccka_lr0_1_lr0_01_lr0_01_optgd_epochs100_epochs0_001_epochs0_001_clusters2__rep1,5,0.875,tensor(0.1165, grad_fn=<SqueezeBackward0>),tensor(1.3151, grad_fn=<AddBackward0>),480,384.985946893692,2,0.5,,20
double_cake,ccka,ccka_lr0_1_lr0_01_lr0_01_optgd_epochs100_epochs0_001_epochs0_001_clusters6__rep1,3,0.875,tensor(0.1169, grad_fn=<SqueezeBackward0>),tensor(1.0492, grad_fn=<AddBackward0>),960,391.02799701690674,6,0.5,,20
double_cake,ccka,ccka_lr0_1_lr0_01_lr0_01_optgd_epochs100_epochs0_001_epochs0_001_clusters4__rep1,5,0.85,tensor(0.1204, grad_fn=<SqueezeBackward0>),tensor(1.2042, grad_fn=<AddBackward0>),960,419.74314427375793,4,0.5,,20
double_cake,ccka,ccka_lr0_1_lr0_01_lr0_01_optgd_epochs100_epochs0_001_epochs0_001_clusters2__rep1,6,0.85,tensor(0.1093, grad_fn=<SqueezeBackward0>),tensor(1.1957, grad_fn=<AddBackward0>),560,381.56023597717285,2,0.5,,20
double_cake,ccka,ccka_lr0_1_lr0_01_lr0_01_optgd_epochs100_epochs0_001_epochs0_001_clusters6__rep1,4,0.875,tensor(0.1134, grad_fn=<SqueezeBackward0>),tensor(1.0287, grad_fn=<AddBackward0>),1200,371.8526568412781,6,0.5,,20
double_cake,ccka,ccka_lr0_1_lr0_01_lr0_01_optgd_epochs100_epochs0_001_epochs0_001_clusters4__rep1,6,0.875,tensor(0.1205, grad_fn=<SqueezeBackward0>),tensor(1.0562, grad_fn=<AddBackward0>),1120,361.9832639694214,4,0.5,,20
double_cake,ccka,ccka_lr0_1_lr0_01_lr0_01_optgd_epochs100_epochs0_001_epochs0_001_clusters2__rep1,7,0.8,tensor(0.1012, grad_fn=<SqueezeBackward0>),tensor(1.2845, grad_fn=<AddBackward0>),640,366.88416600227356,2,0.5,,20
double_cake,ccka,ccka_lr0_1_lr0_01_lr0_01_optgd_epochs100_epochs0_001_epochs0_001_clusters6__rep1,5,0.875,tensor(0.1170, grad_fn=<SqueezeBackward0>),tensor(1.0815, grad_fn=<AddBackward0>),1440,388.4597601890564,6,0.5,,20
double_cake,ccka,ccka_lr0_1_lr0_01_lr0_01_optgd_epochs100_epochs0_001_epochs0_001_clusters4__rep1,7,0.85,tensor(0.1168, grad_fn=<SqueezeBackward0>),tensor(1.2896, grad_fn=<AddBackward0>),1280,379.5559949874878,4,0.5,,20
double_cake,ccka,ccka_lr0_1_lr0_01_lr0_01_optgd_epochs100_epochs0_001_epochs0_001_clusters2__rep1,8,0.85,tensor(0.0997, grad_fn=<SqueezeBackward0>),tensor(1.1307, grad_fn=<AddBackward0>),720,371.5067629814148,2,0.5,,20
double_cake,ccka,ccka_lr0_1_lr0_01_lr0_01_optgd_epochs100_epochs0_001_epochs0_001_clusters6__rep1,6,0.875,tensor(0.1117, grad_fn=<SqueezeBackward0>),tensor(1.0952, grad_fn=<AddBackward0>),1680,347.17765974998474,6,0.5,,20
double_cake,ccka,ccka_lr0_1_lr0_01_lr0_01_optgd_epochs100_epochs0_001_epochs0_001_clusters4__rep1,8,0.875,tensor(0.1150, grad_fn=<SqueezeBackward0>),tensor(1.0867, grad_fn=<AddBackward0>),1440,342.4124369621277,4,0.5,,20
double_cake,ccka,ccka_lr0_1_lr0_01_lr0_01_optgd_epochs100_epochs0_001_epochs0_001_clusters2__rep1,9,0.825,tensor(0.0963, grad_fn=<SqueezeBackward0>),tensor(1.2193, grad_fn=<AddBackward0>),800,349.51418590545654,2,0.5,,20
double_cake,ccka,ccka_lr0_1_lr0_01_lr0_01_optgd_epochs100_epochs0_001_epochs0_001_clusters6__rep1,7,0.875,tensor(0.1148, grad_fn=<SqueezeBackward0>),tensor(1.1613, grad_fn=<AddBackward0>),1920,385.1291449069977,6,0.5,,20
double_cake,ccka,ccka_lr0_1_lr0_01_lr0_01_optgd_epochs100_epochs0_001_epochs0_001_clusters4__rep1,9,0.85,tensor(0.1085, grad_fn=<SqueezeBackward0>),tensor(1.3235, grad_fn=<AddBackward0>),1600,373.95679998397827,4,0.5,,20
double_cake,ccka,ccka_lr0_1_lr0_01_lr0_01_optgd_epochs100_epochs0_001_epochs0_001_clusters6__rep1,8,0.85,tensor(0.1094, grad_fn=<SqueezeBackward0>),tensor(1.1450, grad_fn=<AddBackward0>),2160,310.9259169101715,6,0.5,,20
double_cake,ccka,ccka_lr0_1_lr0_01_lr0_01_optgd_epochs100_epochs0_001_epochs0_001_clusters6__rep1,9,0.825,tensor(0.1121, grad_fn=<SqueezeBackward0>),tensor(1.2246, grad_fn=<AddBackward0>),2400,270.06660509109497,6,0.5,,20
double_cake,ccka,ccka_lr0_1_lr0_01_lr0_01_optgd_epochs100_epochs0_001_epochs0_001_clusters8__rep1,0,0.825,tensor(0.1147, grad_fn=<SqueezeBackward0>),tensor(1.1540, grad_fn=<AddBackward0>),320,269.53475284576416,8,0.5,,20
double_cake,ccka,ccka_lr0_1_lr0_01_lr0_01_optgd_epochs100_epochs0_001_epochs0_001_clusters10__rep1,0,0.85,tensor(0.1066, grad_fn=<SqueezeBackward0>),tensor(1.0689, grad_fn=<AddBackward0>),400,309.31547713279724,10,0.5,,20
double_cake,ccka,ccka_lr0_1_lr0_01_lr0_01_optgd_epochs100_epochs0_001_epochs0_001_clusters8__rep1,1,0.85,tensor(0.1167, grad_fn=<SqueezeBackward0>),tensor(1.0180, grad_fn=<AddBackward0>),640,342.6007878780365,8,0.5,,20
double_cake,ccka,ccka_lr0_1_lr0_01_lr0_01_optgd_epochs100_epochs0_001_epochs0_001_clusters10__rep1,1,0.825,tensor(0.1158, grad_fn=<SqueezeBackward0>),tensor(0.9431, grad_fn=<AddBackward0>),800,325.8573200702667,10,0.5,,20
double_cake,ccka,ccka_lr0_1_lr0_01_lr0_01_optgd_epochs100_epochs0_001_epochs0_001_clusters8__rep1,2,0.85,tensor(0.1166, grad_fn=<SqueezeBackward0>),tensor(1.1537, grad_fn=<AddBackward0>),960,343.8274300098419,8,0.5,,20
double_cake,ccka,ccka_lr0_2_lr0_01_lr0_01_optgd_epochs100_epochs0_001_epochs0_001_clusters2__rep1,0,0.85,tensor(0.1211, grad_fn=<SqueezeBackward0>),tensor(0.8625, grad_fn=<AddBackward0>),80,319.04915404319763,2,0.5,,20
double_cake,ccka,ccka_lr0_1_lr0_01_lr0_01_optgd_epochs100_epochs0_001_epochs0_001_clusters10__rep1,2,0.85,tensor(0.1069, grad_fn=<SqueezeBackward0>),tensor(1.0953, grad_fn=<AddBackward0>),1200,341.74825978279114,10,0.5,,20
double_cake,ccka,ccka_lr0_1_lr0_01_lr0_01_optgd_epochs100_epochs0_001_epochs0_001_clusters8__rep1,3,0.85,tensor(0.1188, grad_fn=<SqueezeBackward0>),tensor(1.0116, grad_fn=<AddBackward0>),1280,342.118469953537,8,0.5,,20
double_cake,ccka,ccka_lr0_2_lr0_01_lr0_01_optgd_epochs100_epochs0_001_epochs0_001_clusters2__rep1,1,0.925,tensor(0.1150, grad_fn=<SqueezeBackward0>),tensor(0.8156, grad_fn=<AddBackward0>),160,341.16365599632263,2,0.5,,20
double_cake,ccka,ccka_lr0_1_lr0_01_lr0_01_optgd_epochs100_epochs0_001_epochs0_001_clusters10__rep1,3,0.85,tensor(0.1145, grad_fn=<SqueezeBackward0>),tensor(0.9916, grad_fn=<AddBackward0>),1600,351.54324078559875,10,0.5,,20
double_cake,ccka,ccka_lr0_1_lr0_01_lr0_01_optgd_epochs100_epochs0_001_epochs0_001_clusters8__rep1,4,0.85,tensor(0.1178, grad_fn=<SqueezeBackward0>),tensor(1.1587, grad_fn=<AddBackward0>),1600,355.3818781375885,8,0.5,,20
double_cake,ccka,ccka_lr0_2_lr0_01_lr0_01_optgd_epochs100_epochs0_001_epochs0_001_clusters2__rep1,2,0.925,tensor(0.1093, grad_fn=<SqueezeBackward0>),tensor(0.8774, grad_fn=<AddBackward0>),240,355.01603412628174,2,0.5,,20
double_cake,ccka,ccka_lr0_1_lr0_01_lr0_01_optgd_epochs100_epochs0_001_epochs0_001_clusters10__rep1,4,0.9,tensor(0.1042, grad_fn=<SqueezeBackward0>),tensor(1.1576, grad_fn=<AddBackward0>),2000,353.71330165863037,10,0.5,,20
double_cake,ccka,ccka_lr0_1_lr0_01_lr0_01_optgd_epochs100_epochs0_001_epochs0_001_clusters8__rep1,5,0.85,tensor(0.1201, grad_fn=<SqueezeBackward0>),tensor(1.0088, grad_fn=<AddBackward0>),1920,373.1582169532776,8,0.5,,20
double_cake,ccka,ccka_lr0_2_lr0_01_lr0_01_optgd_epochs100_epochs0_001_epochs0_001_clusters2__rep1,3,0.925,tensor(0.1175, grad_fn=<SqueezeBackward0>),tensor(1.1241, grad_fn=<AddBackward0>),320,356.1390688419342,2,0.5,,20
double_cake,ccka,ccka_lr0_1_lr0_01_lr0_01_optgd_epochs100_epochs0_001_epochs0_001_clusters10__rep1,5,0.85,tensor(0.1108, grad_fn=<SqueezeBackward0>),tensor(1.0626, grad_fn=<AddBackward0>),2400,400.7954080104828,10,0.5,,20
double_cake,ccka,ccka_lr0_1_lr0_01_lr0_01_optgd_epochs100_epochs0_001_epochs0_001_clusters8__rep1,6,0.85,tensor(0.1183, grad_fn=<SqueezeBackward0>),tensor(1.1682, grad_fn=<AddBackward0>),2240,385.77980184555054,8,0.5,,20
double_cake,ccka,ccka_lr0_2_lr0_01_lr0_01_optgd_epochs100_epochs0_001_epochs0_001_clusters2__rep1,4,0.925,tensor(0.1206, grad_fn=<SqueezeBackward0>),tensor(1.2600, grad_fn=<AddBackward0>),400,379.2940158843994,2,0.5,,20
double_cake,ccka,ccka_lr0_1_lr0_01_lr0_01_optgd_epochs100_epochs0_001_epochs0_001_clusters10__rep1,6,0.85,tensor(0.0988, grad_fn=<SqueezeBackward0>),tensor(1.2129, grad_fn=<AddBackward0>),2800,378.6651859283447,10,0.5,,20
double_cake,ccka,ccka_lr0_1_lr0_01_lr0_01_optgd_epochs100_epochs0_001_epochs0_001_clusters8__rep1,7,0.85,tensor(0.1206, grad_fn=<SqueezeBackward0>),tensor(1.0103, grad_fn=<AddBackward0>),2560,348.20922589302063,8,0.5,,20
double_cake,ccka,ccka_lr0_2_lr0_01_lr0_01_optgd_epochs100_epochs0_001_epochs0_001_clusters2__rep1,5,0.85,tensor(0.1023, grad_fn=<SqueezeBackward0>),tensor(1.3352, grad_fn=<AddBackward0>),480,357.47328209877014,2,0.5,,20
double_cake,ccka,ccka_lr0_1_lr0_01_lr0_01_optgd_epochs100_epochs0_001_epochs0_001_clusters10__rep1,7,0.825,tensor(0.1035, grad_fn=<SqueezeBackward0>),tensor(1.1216, grad_fn=<AddBackward0>),3200,361.1627252101898,10,0.5,,20
double_cake,ccka,ccka_lr0_1_lr0_01_lr0_01_optgd_epochs100_epochs0_001_epochs0_001_clusters8__rep1,8,0.875,tensor(0.1181, grad_fn=<SqueezeBackward0>),tensor(1.1812, grad_fn=<AddBackward0>),2880,337.49752378463745,8,0.5,,20
double_cake,ccka,ccka_lr0_2_lr0_01_lr0_01_optgd_epochs100_epochs0_001_epochs0_001_clusters2__rep1,6,0.9,tensor(0.1013, grad_fn=<SqueezeBackward0>),tensor(1.1501, grad_fn=<AddBackward0>),560,367.7719428539276,2,0.5,,20
double_cake,ccka,ccka_lr0_1_lr0_01_lr0_01_optgd_epochs100_epochs0_001_epochs0_001_clusters10__rep1,8,0.825,tensor(0.0920, grad_fn=<SqueezeBackward0>),tensor(1.2329, grad_fn=<AddBackward0>),3600,361.61470913887024,10,0.5,,20
double_cake,ccka,ccka_lr0_1_lr0_01_lr0_01_optgd_epochs100_epochs0_001_epochs0_001_clusters8__rep1,9,0.875,tensor(0.1203, grad_fn=<SqueezeBackward0>),tensor(1.0162, grad_fn=<AddBackward0>),3200,389.89675307273865,8,0.5,,20
double_cake,ccka,ccka_lr0_2_lr0_01_lr0_01_optgd_epochs100_epochs0_001_epochs0_001_clusters2__rep1,7,0.875,tensor(0.0971, grad_fn=<SqueezeBackward0>),tensor(1.2214, grad_fn=<AddBackward0>),640,370.7546501159668,2,0.5,,20
double_cake,ccka,ccka_lr0_1_lr0_01_lr0_01_optgd_epochs100_epochs0_001_epochs0_001_clusters10__rep1,9,0.825,tensor(0.0952, grad_fn=<SqueezeBackward0>),tensor(1.1581, grad_fn=<AddBackward0>),4000,349.1774220466614,10,0.5,,20
double_cake,ccka,ccka_lr0_2_lr0_01_lr0_01_optgd_epochs100_epochs0_001_epochs0_001_clusters2__rep1,8,0.9,tensor(0.1000, grad_fn=<SqueezeBackward0>),tensor(1.1015, grad_fn=<AddBackward0>),720,298.39118671417236,2,0.5,,20
double_cake,ccka,ccka_lr0_2_lr0_01_lr0_01_optgd_epochs100_epochs0_001_epochs0_001_clusters2__rep1,9,0.925,tensor(0.0983, grad_fn=<SqueezeBackward0>),tensor(1.1689, grad_fn=<AddBackward0>),800,268.84762501716614,2,0.5,,20
double_cake,ccka,ccka_lr0_2_lr0_01_lr0_01_optgd_epochs100_epochs0_001_epochs0_001_clusters4__rep1,0,0.875,tensor(0.1210, grad_fn=<SqueezeBackward0>),tensor(0.9125, grad_fn=<AddBackward0>),160,274.6450517177582,4,0.5,,20
double_cake,ccka,ccka_lr0_2_lr0_01_lr0_01_optgd_epochs100_epochs0_001_epochs0_001_clusters6__rep1,0,0.825,tensor(0.1125, grad_fn=<SqueezeBackward0>),tensor(0.9640, grad_fn=<AddBackward0>),240,282.1783218383789,6,0.5,,20
double_cake,ccka,ccka_lr0_2_lr0_01_lr0_01_optgd_epochs100_epochs0_001_epochs0_001_clusters4__rep1,1,0.825,tensor(0.1207, grad_fn=<SqueezeBackward0>),tensor(1.0742, grad_fn=<AddBackward0>),320,289.8034698963165,4,0.5,,20
double_cake,ccka,ccka_lr0_2_lr0_01_lr0_01_optgd_epochs100_epochs0_001_epochs0_001_clusters6__rep1,1,0.875,tensor(0.1166, grad_fn=<SqueezeBackward0>),tensor(1.0315, grad_fn=<AddBackward0>),480,305.70432305336,6,0.5,,20
double_cake,ccka,ccka_lr0_2_lr0_01_lr0_01_optgd_epochs100_epochs0_001_epochs0_001_clusters4__rep1,2,0.925,tensor(0.1211, grad_fn=<SqueezeBackward0>),tensor(0.8850, grad_fn=<AddBackward0>),480,332.1746542453766,4,0.5,,20
double_cake,ccka,ccka_lr0_2_lr0_01_lr0_01_optgd_epochs100_epochs0_001_epochs0_001_clusters8__rep1,0,0.825,tensor(0.1155, grad_fn=<SqueezeBackward0>),tensor(1.1423, grad_fn=<AddBackward0>),320,311.93622183799744,8,0.5,,20
double_cake,ccka,ccka_lr0_2_lr0_01_lr0_01_optgd_epochs100_epochs0_001_epochs0_001_clusters6__rep1,2,0.925,tensor(0.1128, grad_fn=<SqueezeBackward0>),tensor(0.9681, grad_fn=<AddBackward0>),720,354.92554903030396,6,0.5,,20
double_cake,ccka,ccka_lr0_2_lr0_01_lr0_01_optgd_epochs100_epochs0_001_epochs0_001_clusters4__rep1,3,0.9,tensor(0.1166, grad_fn=<SqueezeBackward0>),tensor(1.1148, grad_fn=<AddBackward0>),640,337.4318108558655,4,0.5,,20
double_cake,ccka,ccka_lr0_2_lr0_01_lr0_01_optgd_epochs100_epochs0_001_epochs0_001_clusters8__rep1,1,0.85,tensor(0.1197, grad_fn=<SqueezeBackward0>),tensor(1.0130, grad_fn=<AddBackward0>),640,350.1006579399109,8,0.5,,20
double_cake,ccka,ccka_lr0_2_lr0_01_lr0_01_optgd_epochs100_epochs0_001_epochs0_001_clusters6__rep1,3,0.9,tensor(0.1186, grad_fn=<SqueezeBackward0>),tensor(0.9765, grad_fn=<AddBackward0>),960,336.1744749546051,6,0.5,,20
double_cake,ccka,ccka_lr0_2_lr0_01_lr0_01_optgd_epochs100_epochs0_001_epochs0_001_clusters4__rep1,4,0.9,tensor(0.1197, grad_fn=<SqueezeBackward0>),tensor(0.9578, grad_fn=<AddBackward0>),800,379.02223110198975,4,0.5,,20
double_cake,ccka,ccka_lr0_2_lr0_01_lr0_01_optgd_epochs100_epochs0_001_epochs0_001_clusters8__rep1,2,0.875,tensor(0.1194, grad_fn=<SqueezeBackward0>),tensor(1.1350, grad_fn=<AddBackward0>),960,423.1226108074188,8,0.5,,20
double_cake,ccka,ccka_lr0_2_lr0_01_lr0_01_optgd_epochs100_epochs0_001_epochs0_001_clusters6__rep1,4,0.9,tensor(0.1119, grad_fn=<SqueezeBackward0>),tensor(1.0380, grad_fn=<AddBackward0>),1200,422.91692209243774,6,0.5,,20
double_cake,ccka,ccka_lr0_2_lr0_01_lr0_01_optgd_epochs100_epochs0_001_epochs0_001_clusters4__rep1,5,0.925,tensor(0.1179, grad_fn=<SqueezeBackward0>),tensor(1.2552, grad_fn=<AddBackward0>),960,406.4290430545807,4,0.5,,20
double_cake,ccka,ccka_lr0_2_lr0_01_lr0_01_optgd_epochs100_epochs0_001_epochs0_001_clusters8__rep1,3,0.875,tensor(0.1232, grad_fn=<SqueezeBackward0>),tensor(1.0005, grad_fn=<AddBackward0>),1280,358.6702938079834,8,0.5,,20
double_cake,ccka,ccka_lr0_2_lr0_01_lr0_01_optgd_epochs100_epochs0_001_epochs0_001_clusters6__rep1,5,0.9,tensor(0.1154, grad_fn=<SqueezeBackward0>),tensor(1.1203, grad_fn=<AddBackward0>),1440,388.0230209827423,6,0.5,,20
double_cake,ccka,ccka_lr0_2_lr0_01_lr0_01_optgd_epochs100_epochs0_001_epochs0_001_clusters4__rep1,6,0.9,tensor(0.1210, grad_fn=<SqueezeBackward0>),tensor(1.0494, grad_fn=<AddBackward0>),1120,376.1407821178436,4,0.5,,20
double_cake,ccka,ccka_lr0_2_lr0_01_lr0_01_optgd_epochs100_epochs0_001_epochs0_001_clusters8__rep1,4,0.925,tensor(0.1218, grad_fn=<SqueezeBackward0>),tensor(1.1376, grad_fn=<AddBackward0>),1600,356.9983630180359,8,0.5,,20
double_cake,ccka,ccka_lr0_2_lr0_01_lr0_01_optgd_epochs100_epochs0_001_epochs0_001_clusters6__rep1,6,0.875,tensor(0.1040, grad_fn=<SqueezeBackward0>),tensor(1.1562, grad_fn=<AddBackward0>),1680,367.47063994407654,6,0.5,,20
double_cake,ccka,ccka_lr0_2_lr0_01_lr0_01_optgd_epochs100_epochs0_001_epochs0_001_clusters4__rep1,7,0.925,tensor(0.1127, grad_fn=<SqueezeBackward0>),tensor(1.3390, grad_fn=<AddBackward0>),1280,343.1685450077057,4,0.5,,20
double_cake,ccka,ccka_lr0_2_lr0_01_lr0_01_optgd_epochs100_epochs0_001_epochs0_001_clusters8__rep1,5,0.9,tensor(0.1240, grad_fn=<SqueezeBackward0>),tensor(0.9937, grad_fn=<AddBackward0>),1920,366.2965188026428,8,0.5,,20
double_cake,ccka,ccka_lr0_2_lr0_01_lr0_01_optgd_epochs100_epochs0_001_epochs0_001_clusters6__rep1,7,0.9,tensor(0.1096, grad_fn=<SqueezeBackward0>),tensor(1.2230, grad_fn=<AddBackward0>),1920,345.4955141544342,6,0.5,,20
double_cake,ccka,ccka_lr0_2_lr0_01_lr0_01_optgd_epochs100_epochs0_001_epochs0_001_clusters4__rep1,8,0.875,tensor(0.1088, grad_fn=<SqueezeBackward0>),tensor(1.0406, grad_fn=<AddBackward0>),1440,346.544007062912,4,0.5,,20
double_cake,ccka,ccka_lr0_2_lr0_01_lr0_01_optgd_epochs100_epochs0_001_epochs0_001_clusters8__rep1,6,0.9,tensor(0.1223, grad_fn=<SqueezeBackward0>),tensor(1.1491, grad_fn=<AddBackward0>),2240,365.3196301460266,8,0.5,,20
double_cake,ccka,ccka_lr0_2_lr0_01_lr0_01_optgd_epochs100_epochs0_001_epochs0_001_clusters6__rep1,8,0.9,tensor(0.1052, grad_fn=<SqueezeBackward0>),tensor(1.1391, grad_fn=<AddBackward0>),2160,376.2714829444885,6,0.5,,20
double_cake,ccka,ccka_lr0_2_lr0_01_lr0_01_optgd_epochs100_epochs0_001_epochs0_001_clusters4__rep1,9,0.85,tensor(0.0963, grad_fn=<SqueezeBackward0>),tensor(1.3428, grad_fn=<AddBackward0>),1600,349.74686908721924,4,0.5,,20
double_cake,ccka,ccka_lr0_2_lr0_01_lr0_01_optgd_epochs100_epochs0_001_epochs0_001_clusters8__rep1,7,0.9,tensor(0.1229, grad_fn=<SqueezeBackward0>),tensor(0.9948, grad_fn=<AddBackward0>),2560,330.30837512016296,8,0.5,,20
double_cake,ccka,ccka_lr0_2_lr0_01_lr0_01_optgd_epochs100_epochs0_001_epochs0_001_clusters6__rep1,9,0.9,tensor(0.1089, grad_fn=<SqueezeBackward0>),tensor(1.2383, grad_fn=<AddBackward0>),2400,311.0522482395172,6,0.5,,20
double_cake,ccka,ccka_lr0_2_lr0_01_lr0_01_optgd_epochs100_epochs0_001_epochs0_001_clusters8__rep1,8,0.9,tensor(0.1212, grad_fn=<SqueezeBackward0>),tensor(1.1678, grad_fn=<AddBackward0>),2880,323.9731659889221,8,0.5,,20
double_cake,ccka,ccka_lr0_1_lr0_01_lr0_01_optadam_epochs100_epochs0_001_epochs0_001_clusters2__rep1,0,0.75,tensor(0.1995, grad_fn=<SqueezeBackward0>),tensor(0.4587, grad_fn=<AddBackward0>),80,8.811202049255371,2,0.5,,20
double_cake,ccka,ccka_lr0_1_lr0_01_lr0_01_optadam_epochs100_epochs0_001_epochs0_001_clusters2__rep1,1,0.625,tensor(0.1871, grad_fn=<SqueezeBackward0>),tensor(0.4457, grad_fn=<AddBackward0>),160,8.830047130584717,2,0.5,,20
double_cake,ccka,ccka_lr0_1_lr0_01_lr0_01_optadam_epochs100_epochs0_001_epochs0_001_clusters2__rep1,2,1.0,tensor(0.1826, grad_fn=<SqueezeBackward0>),tensor(0.4568, grad_fn=<AddBackward0>),240,8.823286056518555,2,0.5,,20
double_cake,ccka,ccka_lr0_1_lr0_01_lr0_01_optadam_epochs100_epochs0_001_epochs0_001_clusters2__rep1,3,0.625,tensor(0.1693, grad_fn=<SqueezeBackward0>),tensor(0.4356, grad_fn=<AddBackward0>),320,9.040006160736084,2,0.5,,20
double_cake,ccka,ccka_lr0_1_lr0_01_lr0_01_optadam_epochs100_epochs0_001_epochs0_001_clusters2__rep1,4,0.5,tensor(0.1500, grad_fn=<SqueezeBackward0>),tensor(0.4265, grad_fn=<AddBackward0>),400,8.673574209213257,2,0.5,,20
double_cake,ccka,ccka_lr0_1_lr0_01_lr0_01_optadam_epochs100_epochs0_001_epochs0_001_clusters2__rep1,5,0.5,tensor(0.1805, grad_fn=<SqueezeBackward0>),tensor(0.4210, grad_fn=<AddBackward0>),480,8.375902891159058,2,0.5,,20
double_cake,ccka,ccka_lr0_1_lr0_01_lr0_01_optadam_epochs100_epochs0_001_epochs0_001_clusters2__rep1,6,0.75,tensor(0.1906, grad_fn=<SqueezeBackward0>),tensor(0.4056, grad_fn=<AddBackward0>),560,8.739656209945679,2,0.5,,20
double_cake,ccka,ccka_lr0_1_lr0_01_lr0_01_optadam_epochs100_epochs0_001_epochs0_001_clusters2__rep1,7,0.5,tensor(0.2164, grad_fn=<SqueezeBackward0>),tensor(0.3983, grad_fn=<AddBackward0>),640,8.905818939208984,2,0.5,,20
double_cake,ccka,ccka_lr0_1_lr0_01_lr0_01_optadam_epochs100_epochs0_001_epochs0_001_clusters2__rep1,8,0.5,tensor(0.1993, grad_fn=<SqueezeBackward0>),tensor(0.3919, grad_fn=<AddBackward0>),720,8.71942400932312,2,0.5,,20
double_cake,ccka,ccka_lr0_1_lr0_01_lr0_01_optadam_epochs100_epochs0_001_epochs0_001_clusters2__rep1,9,0.375,tensor(0.1837, grad_fn=<SqueezeBackward0>),tensor(0.3893, grad_fn=<AddBackward0>),800,9.591278076171875,2,0.5,,20
double_cake,ccka,ccka_lr0_1_lr0_01_lr0_01_optadam_epochs100_epochs0_001_epochs0_001_clusters4__rep1,0,0.875,tensor(0.2231, grad_fn=<SqueezeBackward0>),tensor(0.4327, grad_fn=<AddBackward0>),160,9.290573835372925,4,0.5,,20
double_cake,ccka,ccka_lr0_1_lr0_01_lr0_01_optadam_epochs100_epochs0_001_epochs0_001_clusters4__rep1,1,0.625,tensor(0.1777, grad_fn=<SqueezeBackward0>),tensor(1.0940, grad_fn=<AddBackward0>),320,9.278736114501953,4,0.5,,20
double_cake,ccka,ccka_lr0_1_lr0_01_lr0_01_optadam_epochs100_epochs0_001_epochs0_001_clusters4__rep1,2,0.875,tensor(0.1849, grad_fn=<SqueezeBackward0>),tensor(0.4542, grad_fn=<AddBackward0>),480,9.426830053329468,4,0.5,,20
double_cake,ccka,ccka_lr0_1_lr0_01_lr0_01_optadam_epochs100_epochs0_001_epochs0_001_clusters4__rep1,3,0.625,tensor(0.1384, grad_fn=<SqueezeBackward0>),tensor(0.9003, grad_fn=<AddBackward0>),640,9.692628383636475,4,0.5,,20
double_cake,ccka,ccka_lr0_1_lr0_01_lr0_01_optadam_epochs100_epochs0_001_epochs0_001_clusters4__rep1,4,0.75,tensor(0.2203, grad_fn=<SqueezeBackward0>),tensor(0.4390, grad_fn=<AddBackward0>),800,9.78219223022461,4,0.5,,20
double_cake,ccka,ccka_lr0_2_lr0_01_lr0_01_optgd_epochs100_epochs0_001_epochs0_001_clusters8__rep1,9,0.9,tensor(0.1209, grad_fn=<SqueezeBackward0>),tensor(1.0051, grad_fn=<AddBackward0>),3200,268.5130581855774,8,0.5,,20
double_cake,ccka,ccka_lr0_1_lr0_01_lr0_01_optadam_epochs100_epochs0_001_epochs0_001_clusters4__rep1,5,0.625,tensor(0.2053, grad_fn=<SqueezeBackward0>),tensor(0.7881, grad_fn=<AddBackward0>),960,9.738819122314453,4,0.5,,20
double_cake,ccka,ccka_lr0_1_lr0_01_lr0_01_optadam_epochs100_epochs0_001_epochs0_001_clusters4__rep1,6,0.75,tensor(0.1585, grad_fn=<SqueezeBackward0>),tensor(0.5210, grad_fn=<AddBackward0>),1120,9.628213167190552,4,0.5,,20
double_cake,ccka,ccka_lr0_1_lr0_01_lr0_01_optadam_epochs100_epochs0_001_epochs0_001_clusters4__rep1,7,0.75,tensor(0.1593, grad_fn=<SqueezeBackward0>),tensor(0.5521, grad_fn=<AddBackward0>),1280,9.03565502166748,4,0.5,,20
double_cake,ccka,ccka_lr0_1_lr0_01_lr0_01_optadam_epochs100_epochs0_001_epochs0_001_clusters4__rep1,8,0.625,tensor(0.1878, grad_fn=<SqueezeBackward0>),tensor(0.5900, grad_fn=<AddBackward0>),1440,9.342111110687256,4,0.5,,20
double_cake,ccka,ccka_lr0_1_lr0_01_lr0_01_optadam_epochs100_epochs0_001_epochs0_001_clusters4__rep1,9,0.625,tensor(0.2095, grad_fn=<SqueezeBackward0>),tensor(0.5912, grad_fn=<AddBackward0>),1600,8.947521209716797,4,0.5,,20
double_cake,ccka,ccka_lr0_1_lr0_01_lr0_01_optadam_epochs100_epochs0_001_epochs0_001_clusters6__rep1,0,0.625,tensor(0.1790, grad_fn=<SqueezeBackward0>),tensor(0.5345, grad_fn=<AddBackward0>),240,10.079500913619995,6,0.5,,20
double_cake,ccka,ccka_lr0_1_lr0_01_lr0_01_optadam_epochs100_epochs0_001_epochs0_001_clusters6__rep1,1,0.75,tensor(0.1866, grad_fn=<SqueezeBackward0>),tensor(1.1186, grad_fn=<AddBackward0>),480,9.961730003356934,6,0.5,,20
double_cake,ccka,ccka_lr0_1_lr0_01_lr0_01_optadam_epochs100_epochs0_001_epochs0_001_clusters6__rep1,2,0.625,tensor(0.1677, grad_fn=<SqueezeBackward0>),tensor(0.5797, grad_fn=<AddBackward0>),720,9.853015661239624,6,0.5,,20
double_cake,ccka,ccka_lr0_1_lr0_01_lr0_01_optadam_epochs100_epochs0_001_epochs0_001_clusters6__rep1,3,0.75,tensor(0.1752, grad_fn=<SqueezeBackward0>),tensor(0.8229, grad_fn=<AddBackward0>),960,10.478742122650146,6,0.5,,20
double_cake,ccka,ccka_lr0_1_lr0_01_lr0_01_optadam_epochs100_epochs0_001_epochs0_001_clusters6__rep1,4,0.625,tensor(0.1493, grad_fn=<SqueezeBackward0>),tensor(0.5093, grad_fn=<AddBackward0>),1200,9.890255212783813,6,0.5,,20
double_cake,ccka,ccka_lr0_2_lr0_01_lr0_01_optgd_epochs100_epochs0_001_epochs0_001_clusters10__rep1,0,0.85,tensor(0.1001, grad_fn=<SqueezeBackward0>),tensor(1.0342, grad_fn=<AddBackward0>),400,232.31683087348938,10,0.5,,20
double_cake,ccka,ccka_lr0_1_lr0_01_lr0_01_optadam_epochs100_epochs0_001_epochs0_001_clusters6__rep1,5,0.75,tensor(0.1900, grad_fn=<SqueezeBackward0>),tensor(0.5299, grad_fn=<AddBackward0>),1440,10.317056894302368,6,0.5,,20
double_cake,ccka,ccka_lr0_1_lr0_01_lr0_01_optadam_epochs100_epochs0_001_epochs0_001_clusters6__rep1,6,0.625,tensor(0.2184, grad_fn=<SqueezeBackward0>),tensor(0.5547, grad_fn=<AddBackward0>),1680,9.764183044433594,6,0.5,,20
double_cake,ccka,ccka_lr0_1_lr0_01_lr0_01_optadam_epochs100_epochs0_001_epochs0_001_clusters6__rep1,7,0.625,tensor(0.1588, grad_fn=<SqueezeBackward0>),tensor(0.5321, grad_fn=<AddBackward0>),1920,10.287530899047852,6,0.5,,20
double_cake,ccka,ccka_lr0_1_lr0_01_lr0_01_optadam_epochs100_epochs0_001_epochs0_001_clusters6__rep1,8,0.625,tensor(0.1653, grad_fn=<SqueezeBackward0>),tensor(0.4636, grad_fn=<AddBackward0>),2160,10.267080068588257,6,0.5,,20
double_cake,ccka,ccka_lr0_1_lr0_01_lr0_01_optadam_epochs100_epochs0_001_epochs0_001_clusters6__rep1,9,0.75,tensor(0.1976, grad_fn=<SqueezeBackward0>),tensor(0.4806, grad_fn=<AddBackward0>),2400,9.904354095458984,6,0.5,,20
double_cake,ccka,ccka_lr0_1_lr0_01_lr0_01_optadam_epochs100_epochs0_001_epochs0_001_clusters8__rep1,0,0.75,tensor(0.2034, grad_fn=<SqueezeBackward0>),tensor(0.5147, grad_fn=<AddBackward0>),320,10.741419076919556,8,0.5,,20
double_cake,ccka,ccka_lr0_1_lr0_01_lr0_01_optadam_epochs100_epochs0_001_epochs0_001_clusters8__rep1,1,0.625,tensor(0.1899, grad_fn=<SqueezeBackward0>),tensor(0.9071, grad_fn=<AddBackward0>),640,10.473148107528687,8,0.5,,20
double_cake,ccka,ccka_lr0_1_lr0_01_lr0_01_optadam_epochs100_epochs0_001_epochs0_001_clusters8__rep1,2,0.875,tensor(0.1459, grad_fn=<SqueezeBackward0>),tensor(0.5152, grad_fn=<AddBackward0>),960,10.728344917297363,8,0.5,,20
double_cake,ccka,ccka_lr0_1_lr0_01_lr0_01_optadam_epochs100_epochs0_001_epochs0_001_clusters8__rep1,3,0.75,tensor(0.1782, grad_fn=<SqueezeBackward0>),tensor(0.9263, grad_fn=<AddBackward0>),1280,10.849382877349854,8,0.5,,20
double_cake,ccka,ccka_lr0_1_lr0_01_lr0_01_optadam_epochs100_epochs0_001_epochs0_001_clusters8__rep1,4,0.875,tensor(0.1850, grad_fn=<SqueezeBackward0>),tensor(0.5522, grad_fn=<AddBackward0>),1600,10.897864818572998,8,0.5,,20
double_cake,ccka,ccka_lr0_1_lr0_01_lr0_01_optadam_epochs100_epochs0_001_epochs0_001_clusters8__rep1,5,0.625,tensor(0.1870, grad_fn=<SqueezeBackward0>),tensor(0.6812, grad_fn=<AddBackward0>),1920,10.395807981491089,8,0.5,,20
double_cake,ccka,ccka_lr0_1_lr0_01_lr0_01_optadam_epochs100_epochs0_001_epochs0_001_clusters10__rep1,0,0.75,tensor(0.1878, grad_fn=<SqueezeBackward0>),tensor(0.4697, grad_fn=<AddBackward0>),400,11.24500298500061,10,0.5,,20
double_cake,ccka,ccka_lr0_1_lr0_01_lr0_01_optadam_epochs100_epochs0_001_epochs0_001_clusters8__rep1,6,0.875,tensor(0.2248, grad_fn=<SqueezeBackward0>),tensor(0.5408, grad_fn=<AddBackward0>),2240,10.676225185394287,8,0.5,,20
double_cake,ccka,ccka_lr0_1_lr0_01_lr0_01_optadam_epochs100_epochs0_001_epochs0_001_clusters10__rep1,1,0.875,tensor(0.2338, grad_fn=<SqueezeBackward0>),tensor(0.6896, grad_fn=<AddBackward0>),800,11.204894781112671,10,0.5,,20
double_cake,ccka,ccka_lr0_1_lr0_01_lr0_01_optadam_epochs100_epochs0_001_epochs0_001_clusters8__rep1,7,0.625,tensor(0.1752, grad_fn=<SqueezeBackward0>),tensor(0.5516, grad_fn=<AddBackward0>),2560,10.415358781814575,8,0.5,,20
double_cake,ccka,ccka_lr0_1_lr0_01_lr0_01_optadam_epochs100_epochs0_001_epochs0_001_clusters10__rep1,2,0.625,tensor(0.1960, grad_fn=<SqueezeBackward0>),tensor(0.5949, grad_fn=<AddBackward0>),1200,11.032954931259155,10,0.5,,20
double_cake,ccka,ccka_lr0_1_lr0_01_lr0_01_optadam_epochs100_epochs0_001_epochs0_001_clusters8__rep1,8,0.625,tensor(0.2047, grad_fn=<SqueezeBackward0>),tensor(0.5248, grad_fn=<AddBackward0>),2880,10.46857500076294,8,0.5,,20
double_cake,ccka,ccka_lr0_1_lr0_01_lr0_01_optadam_epochs100_epochs0_001_epochs0_001_clusters10__rep1,3,0.75,tensor(0.1618, grad_fn=<SqueezeBackward0>),tensor(0.5351, grad_fn=<AddBackward0>),1600,11.379918813705444,10,0.5,,20
double_cake,ccka,ccka_lr0_1_lr0_01_lr0_01_optadam_epochs100_epochs0_001_epochs0_001_clusters8__rep1,9,0.625,tensor(0.2032, grad_fn=<SqueezeBackward0>),tensor(0.5128, grad_fn=<AddBackward0>),3200,10.622191190719604,8,0.5,,20
double_cake,ccka,ccka_lr0_1_lr0_01_lr0_01_optadam_epochs100_epochs0_001_epochs0_001_clusters10__rep1,4,0.75,tensor(0.1862, grad_fn=<SqueezeBackward0>),tensor(0.5328, grad_fn=<AddBackward0>),2000,11.347862720489502,10,0.5,,20
double_cake,ccka,ccka_lr0_1_lr0_01_lr0_01_optadam_epochs100_epochs0_001_epochs0_001_clusters10__rep1,5,0.625,tensor(0.1989, grad_fn=<SqueezeBackward0>),tensor(0.5181, grad_fn=<AddBackward0>),2400,11.171805143356323,10,0.5,,20
double_cake,ccka,ccka_lr0_1_lr0_01_lr0_01_optadam_epochs100_epochs0_001_epochs0_001_clusters10__rep1,6,0.625,tensor(0.1718, grad_fn=<SqueezeBackward0>),tensor(0.5167, grad_fn=<AddBackward0>),2800,11.769509077072144,10,0.5,,20
double_cake,ccka,ccka_lr0_2_lr0_01_lr0_01_optadam_epochs100_epochs0_001_epochs0_001_clusters2__rep1,0,0.625,tensor(0.1799, grad_fn=<SqueezeBackward0>),tensor(0.4498, grad_fn=<AddBackward0>),80,8.74291467666626,2,0.5,,20
double_cake,ccka,ccka_lr0_1_lr0_01_lr0_01_optadam_epochs100_epochs0_001_epochs0_001_clusters10__rep1,7,0.625,tensor(0.1806, grad_fn=<SqueezeBackward0>),tensor(0.4649, grad_fn=<AddBackward0>),3200,10.933090686798096,10,0.5,,20
double_cake,ccka,ccka_lr0_2_lr0_01_lr0_01_optadam_epochs100_epochs0_001_epochs0_001_clusters2__rep1,1,0.625,tensor(0.2036, grad_fn=<SqueezeBackward0>),tensor(0.4463, grad_fn=<AddBackward0>),160,8.559362173080444,2,0.5,,20
double_cake,ccka,ccka_lr0_2_lr0_01_lr0_01_optadam_epochs100_epochs0_001_epochs0_001_clusters2__rep1,2,0.625,tensor(0.1608, grad_fn=<SqueezeBackward0>),tensor(0.4211, grad_fn=<AddBackward0>),240,8.734528064727783,2,0.5,,20
double_cake,ccka,ccka_lr0_1_lr0_01_lr0_01_optadam_epochs100_epochs0_001_epochs0_001_clusters10__rep1,8,1.0,tensor(0.1854, grad_fn=<SqueezeBackward0>),tensor(0.4616, grad_fn=<AddBackward0>),3600,12.022150039672852,10,0.5,,20
double_cake,ccka,ccka_lr0_2_lr0_01_lr0_01_optadam_epochs100_epochs0_001_epochs0_001_clusters2__rep1,3,0.625,tensor(0.2045, grad_fn=<SqueezeBackward0>),tensor(0.3909, grad_fn=<AddBackward0>),320,8.843092203140259,2,0.5,,20
double_cake,ccka,ccka_lr0_1_lr0_01_lr0_01_optadam_epochs100_epochs0_001_epochs0_001_clusters10__rep1,9,0.75,tensor(0.1901, grad_fn=<SqueezeBackward0>),tensor(0.4291, grad_fn=<AddBackward0>),4000,11.082979917526245,10,0.5,,20
double_cake,ccka,ccka_lr0_2_lr0_01_lr0_01_optgd_epochs100_epochs0_001_epochs0_001_clusters10__rep1,1,0.85,tensor(0.1147, grad_fn=<SqueezeBackward0>),tensor(0.9299, grad_fn=<AddBackward0>),800,233.06617212295532,10,0.5,,20
double_cake,ccka,ccka_lr0_2_lr0_01_lr0_01_optadam_epochs100_epochs0_001_epochs0_001_clusters2__rep1,4,0.875,tensor(0.1905, grad_fn=<SqueezeBackward0>),tensor(0.3783, grad_fn=<AddBackward0>),400,8.568765878677368,2,0.5,,20
double_cake,ccka,ccka_lr0_2_lr0_01_lr0_01_optadam_epochs100_epochs0_001_epochs0_001_clusters2__rep1,5,0.625,tensor(0.1904, grad_fn=<SqueezeBackward0>),tensor(0.3718, grad_fn=<AddBackward0>),480,8.422441005706787,2,0.5,,20
double_cake,ccka,ccka_lr0_2_lr0_01_lr0_01_optadam_epochs100_epochs0_001_epochs0_001_clusters2__rep1,6,0.625,tensor(0.1907, grad_fn=<SqueezeBackward0>),tensor(0.3842, grad_fn=<AddBackward0>),560,8.80632209777832,2,0.5,,20
double_cake,ccka,ccka_lr0_2_lr0_01_lr0_01_optadam_epochs100_epochs0_001_epochs0_001_clusters2__rep1,7,0.625,tensor(0.1703, grad_fn=<SqueezeBackward0>),tensor(0.3610, grad_fn=<AddBackward0>),640,8.95967984199524,2,0.5,,20
double_cake,ccka,ccka_lr0_2_lr0_01_lr0_01_optadam_epochs100_epochs0_001_epochs0_001_clusters4__rep1,0,0.875,tensor(0.1779, grad_fn=<SqueezeBackward0>),tensor(0.4227, grad_fn=<AddBackward0>),160,9.308042049407959,4,0.5,,20
double_cake,ccka,ccka_lr0_2_lr0_01_lr0_01_optadam_epochs100_epochs0_001_epochs0_001_clusters2__rep1,8,0.625,tensor(0.1696, grad_fn=<SqueezeBackward0>),tensor(0.3786, grad_fn=<AddBackward0>),720,8.71937370300293,2,0.5,,20
double_cake,ccka,ccka_lr0_2_lr0_01_lr0_01_optadam_epochs100_epochs0_001_epochs0_001_clusters4__rep1,1,0.625,tensor(0.2006, grad_fn=<SqueezeBackward0>),tensor(0.9764, grad_fn=<AddBackward0>),320,9.331760883331299,4,0.5,,20
double_cake,ccka,ccka_lr0_2_lr0_01_lr0_01_optadam_epochs100_epochs0_001_epochs0_001_clusters2__rep1,9,0.5,tensor(0.1173, grad_fn=<SqueezeBackward0>),tensor(0.3553, grad_fn=<AddBackward0>),800,8.716527223587036,2,0.5,,20
double_cake,ccka,ccka_lr0_2_lr0_01_lr0_01_optadam_epochs100_epochs0_001_epochs0_001_clusters4__rep1,2,0.625,tensor(0.1979, grad_fn=<SqueezeBackward0>),tensor(0.4704, grad_fn=<AddBackward0>),480,9.423619270324707,4,0.5,,20
double_cake,ccka,ccka_lr0_2_lr0_01_lr0_01_optadam_epochs100_epochs0_001_epochs0_001_clusters4__rep1,3,0.625,tensor(0.1686, grad_fn=<SqueezeBackward0>),tensor(0.7044, grad_fn=<AddBackward0>),640,9.383216857910156,4,0.5,,20
double_cake,ccka,ccka_lr0_2_lr0_01_lr0_01_optadam_epochs100_epochs0_001_epochs0_001_clusters4__rep1,4,0.625,tensor(0.1689, grad_fn=<SqueezeBackward0>),tensor(0.4723, grad_fn=<AddBackward0>),800,9.472532987594604,4,0.5,,20
double_cake,ccka,ccka_lr0_2_lr0_01_lr0_01_optadam_epochs100_epochs0_001_epochs0_001_clusters4__rep1,5,0.625,tensor(0.1703, grad_fn=<SqueezeBackward0>),tensor(0.5567, grad_fn=<AddBackward0>),960,9.374461889266968,4,0.5,,20
double_cake,ccka,ccka_lr0_2_lr0_01_lr0_01_optadam_epochs100_epochs0_001_epochs0_001_clusters6__rep1,0,0.625,tensor(0.1898, grad_fn=<SqueezeBackward0>),tensor(0.5219, grad_fn=<AddBackward0>),240,10.058627843856812,6,0.5,,20
double_cake,ccka,ccka_lr0_2_lr0_01_lr0_01_optadam_epochs100_epochs0_001_epochs0_001_clusters4__rep1,6,1.0,tensor(0.1643, grad_fn=<SqueezeBackward0>),tensor(0.5627, grad_fn=<AddBackward0>),1120,9.317388772964478,4,0.5,,20
double_cake,ccka,ccka_lr0_2_lr0_01_lr0_01_optadam_epochs100_epochs0_001_epochs0_001_clusters6__rep1,1,0.625,tensor(0.1872, grad_fn=<SqueezeBackward0>),tensor(0.7425, grad_fn=<AddBackward0>),480,10.108345746994019,6,0.5,,20
double_cake,ccka,ccka_lr0_2_lr0_01_lr0_01_optadam_epochs100_epochs0_001_epochs0_001_clusters4__rep1,7,0.75,tensor(0.1825, grad_fn=<SqueezeBackward0>),tensor(0.6022, grad_fn=<AddBackward0>),1280,9.409334897994995,4,0.5,,20
double_cake,ccka,ccka_lr0_2_lr0_01_lr0_01_optadam_epochs100_epochs0_001_epochs0_001_clusters6__rep1,2,0.625,tensor(0.1894, grad_fn=<SqueezeBackward0>),tensor(0.5407, grad_fn=<AddBackward0>),720,9.682405948638916,6,0.5,,20
double_cake,ccka,ccka_lr0_2_lr0_01_lr0_01_optadam_epochs100_epochs0_001_epochs0_001_clusters4__rep1,8,0.625,tensor(0.1771, grad_fn=<SqueezeBackward0>),tensor(0.5769, grad_fn=<AddBackward0>),1440,9.762082815170288,4,0.5,,20
double_cake,ccka,ccka_lr0_2_lr0_01_lr0_01_optadam_epochs100_epochs0_001_epochs0_001_clusters6__rep1,3,0.625,tensor(0.1775, grad_fn=<SqueezeBackward0>),tensor(0.5276, grad_fn=<AddBackward0>),960,10.461882829666138,6,0.5,,20
double_cake,ccka,ccka_lr0_2_lr0_01_lr0_01_optadam_epochs100_epochs0_001_epochs0_001_clusters4__rep1,9,0.625,tensor(0.1946, grad_fn=<SqueezeBackward0>),tensor(0.7028, grad_fn=<AddBackward0>),1600,9.027211904525757,4,0.5,,20
double_cake,ccka,ccka_lr0_2_lr0_01_lr0_01_optadam_epochs100_epochs0_001_epochs0_001_clusters6__rep1,4,0.75,tensor(0.1945, grad_fn=<SqueezeBackward0>),tensor(0.5668, grad_fn=<AddBackward0>),1200,9.717651844024658,6,0.5,,20
double_cake,ccka,ccka_lr0_2_lr0_01_lr0_01_optadam_epochs100_epochs0_001_epochs0_001_clusters6__rep1,5,0.5,tensor(0.2011, grad_fn=<SqueezeBackward0>),tensor(0.5191, grad_fn=<AddBackward0>),1440,10.27933382987976,6,0.5,,20
double_cake,ccka,ccka_lr0_2_lr0_01_lr0_01_optadam_epochs100_epochs0_001_epochs0_001_clusters6__rep1,6,0.75,tensor(0.1947, grad_fn=<SqueezeBackward0>),tensor(0.4840, grad_fn=<AddBackward0>),1680,9.504428148269653,6,0.5,,20
double_cake,ccka,ccka_lr0_2_lr0_01_lr0_01_optadam_epochs100_epochs0_001_epochs0_001_clusters8__rep1,0,0.625,tensor(0.1816, grad_fn=<SqueezeBackward0>),tensor(0.5200, grad_fn=<AddBackward0>),320,10.425235271453857,8,0.5,,20
double_cake,ccka,ccka_lr0_2_lr0_01_lr0_01_optadam_epochs100_epochs0_001_epochs0_001_clusters6__rep1,7,0.5,tensor(0.1837, grad_fn=<SqueezeBackward0>),tensor(0.5250, grad_fn=<AddBackward0>),1920,10.192803859710693,6,0.5,,20
double_cake,ccka,ccka_lr0_2_lr0_01_lr0_01_optadam_epochs100_epochs0_001_epochs0_001_clusters8__rep1,1,0.625,tensor(0.2036, grad_fn=<SqueezeBackward0>),tensor(0.7796, grad_fn=<AddBackward0>),640,10.251107931137085,8,0.5,,20
double_cake,ccka,ccka_lr0_2_lr0_01_lr0_01_optadam_epochs100_epochs0_001_epochs0_001_clusters6__rep1,8,0.75,tensor(0.1847, grad_fn=<SqueezeBackward0>),tensor(0.5257, grad_fn=<AddBackward0>),2160,9.886835813522339,6,0.5,,20
double_cake,ccka,ccka_lr0_2_lr0_01_lr0_01_optadam_epochs100_epochs0_001_epochs0_001_clusters8__rep1,2,0.875,tensor(0.1863, grad_fn=<SqueezeBackward0>),tensor(0.5473, grad_fn=<AddBackward0>),960,10.455682754516602,8,0.5,,20
double_cake,ccka,ccka_lr0_2_lr0_01_lr0_01_optadam_epochs100_epochs0_001_epochs0_001_clusters6__rep1,9,0.5,tensor(0.1892, grad_fn=<SqueezeBackward0>),tensor(0.5758, grad_fn=<AddBackward0>),2400,9.842151880264282,6,0.5,,20
double_cake,ccka,ccka_lr0_2_lr0_01_lr0_01_optadam_epochs100_epochs0_001_epochs0_001_clusters8__rep1,3,0.625,tensor(0.1842, grad_fn=<SqueezeBackward0>),tensor(0.5694, grad_fn=<AddBackward0>),1280,10.917840957641602,8,0.5,,20
double_cake,ccka,ccka_lr0_2_lr0_01_lr0_01_optadam_epochs100_epochs0_001_epochs0_001_clusters8__rep1,4,0.625,tensor(0.1659, grad_fn=<SqueezeBackward0>),tensor(0.5223, grad_fn=<AddBackward0>),1600,10.879903078079224,8,0.5,,20
double_cake,ccka,ccka_lr0_2_lr0_01_lr0_01_optadam_epochs100_epochs0_001_epochs0_001_clusters8__rep1,5,0.625,tensor(0.1739, grad_fn=<SqueezeBackward0>),tensor(0.5560, grad_fn=<AddBackward0>),1920,10.347255945205688,8,0.5,,20
double_cake,ccka,ccka_lr0_2_lr0_01_lr0_01_optadam_epochs100_epochs0_001_epochs0_001_clusters10__rep1,0,1.0,tensor(0.2013, grad_fn=<SqueezeBackward0>),tensor(0.4864, grad_fn=<AddBackward0>),400,11.216247081756592,10,0.5,,20
double_cake,ccka,ccka_lr0_2_lr0_01_lr0_01_optadam_epochs100_epochs0_001_epochs0_001_clusters8__rep1,6,0.625,tensor(0.2117, grad_fn=<SqueezeBackward0>),tensor(0.5548, grad_fn=<AddBackward0>),2240,10.827485084533691,8,0.5,,20
double_cake,ccka,ccka_lr0_2_lr0_01_lr0_01_optadam_epochs100_epochs0_001_epochs0_001_clusters10__rep1,1,0.625,tensor(0.2191, grad_fn=<SqueezeBackward0>),tensor(0.5674, grad_fn=<AddBackward0>),800,11.22162413597107,10,0.5,,20
double_cake,ccka,ccka_lr0_2_lr0_01_lr0_01_optadam_epochs100_epochs0_001_epochs0_001_clusters8__rep1,7,0.625,tensor(0.2066, grad_fn=<SqueezeBackward0>),tensor(0.6837, grad_fn=<AddBackward0>),2560,10.41968321800232,8,0.5,,20
double_cake,ccka,ccka_lr0_2_lr0_01_lr0_01_optgd_epochs100_epochs0_001_epochs0_001_clusters10__rep1,2,0.925,tensor(0.0998, grad_fn=<SqueezeBackward0>),tensor(1.0559, grad_fn=<AddBackward0>),1200,220.30181884765625,10,0.5,,20
double_cake,ccka,ccka_lr0_2_lr0_01_lr0_01_optadam_epochs100_epochs0_001_epochs0_001_clusters10__rep1,2,0.75,tensor(0.2007, grad_fn=<SqueezeBackward0>),tensor(0.5562, grad_fn=<AddBackward0>),1200,10.988600015640259,10,0.5,,20
double_cake,ccka,ccka_lr0_2_lr0_01_lr0_01_optadam_epochs100_epochs0_001_epochs0_001_clusters8__rep1,8,0.75,tensor(0.1995, grad_fn=<SqueezeBackward0>),tensor(0.5532, grad_fn=<AddBackward0>),2880,10.527967929840088,8,0.5,,20
double_cake,ccka,ccka_lr0_2_lr0_01_lr0_01_optadam_epochs100_epochs0_001_epochs0_001_clusters10__rep1,3,1.0,tensor(0.1894, grad_fn=<SqueezeBackward0>),tensor(0.6063, grad_fn=<AddBackward0>),1600,11.355780124664307,10,0.5,,20
double_cake,ccka,ccka_lr0_2_lr0_01_lr0_01_optadam_epochs100_epochs0_001_epochs0_001_clusters8__rep1,9,0.875,tensor(0.2215, grad_fn=<SqueezeBackward0>),tensor(0.5789, grad_fn=<AddBackward0>),3200,10.78416109085083,8,0.5,,20
double_cake,ccka,ccka_lr0_2_lr0_01_lr0_01_optadam_epochs100_epochs0_001_epochs0_001_clusters10__rep1,4,0.625,tensor(0.1674, grad_fn=<SqueezeBackward0>),tensor(0.6483, grad_fn=<AddBackward0>),2000,11.422920942306519,10,0.5,,20
double_cake,ccka,ccka_lr0_2_lr0_01_lr0_01_optadam_epochs100_epochs0_001_epochs0_001_clusters10__rep1,5,0.625,tensor(0.1841, grad_fn=<SqueezeBackward0>),tensor(0.7491, grad_fn=<AddBackward0>),2400,11.107822179794312,10,0.5,,20
double_cake,ccka,ccka_lr0_2_lr0_01_lr0_01_optadam_epochs100_epochs0_001_epochs0_001_clusters10__rep1,6,0.75,tensor(0.2134, grad_fn=<SqueezeBackward0>),tensor(0.7057, grad_fn=<AddBackward0>),2800,11.620798110961914,10,0.5,,20
double_cake,ccka,ccka_lr0_2_lr0_01_lr0_01_optadam_epochs100_epochs0_001_epochs0_001_clusters10__rep1,7,0.625,tensor(0.1730, grad_fn=<SqueezeBackward0>),tensor(0.6225, grad_fn=<AddBackward0>),3200,10.888935327529907,10,0.5,,20
double_cake,ccka,ccka_lr0_2_lr0_01_lr0_01_optadam_epochs100_epochs0_001_epochs0_001_clusters10__rep1,8,0.625,tensor(0.1973, grad_fn=<SqueezeBackward0>),tensor(0.6327, grad_fn=<AddBackward0>),3600,11.956186294555664,10,0.5,,20
double_cake,ccka,ccka_lr0_1_lr0_01_lr0_01_optadam_epochs100_epochs0_001_epochs0_001_clusters2__rep1,0,0.8333333333333334,tensor(0.1756, grad_fn=<SqueezeBackward0>),tensor(0.4153, grad_fn=<AddBackward0>),80,18.593896865844727,2,0.5,,20
double_cake,ccka,ccka_lr0_2_lr0_01_lr0_01_optadam_epochs100_epochs0_001_epochs0_001_clusters10__rep1,9,0.75,tensor(0.1869, grad_fn=<SqueezeBackward0>),tensor(0.5956, grad_fn=<AddBackward0>),4000,11.061232328414917,10,0.5,,20
double_cake,ccka,ccka_lr0_1_lr0_01_lr0_01_optadam_epochs100_epochs0_001_epochs0_001_clusters2__rep1,1,0.9166666666666666,tensor(0.1600, grad_fn=<SqueezeBackward0>),tensor(0.3974, grad_fn=<AddBackward0>),160,19.57088804244995,2,0.5,,20
double_cake,ccka,ccka_lr0_1_lr0_01_lr0_01_optadam_epochs100_epochs0_001_epochs0_001_clusters2__rep1,2,0.9166666666666666,tensor(0.2027, grad_fn=<SqueezeBackward0>),tensor(0.3851, grad_fn=<AddBackward0>),240,20.345726013183594,2,0.5,,20
double_cake,ccka,ccka_lr0_1_lr0_01_lr0_01_optadam_epochs100_epochs0_001_epochs0_001_clusters2__rep1,3,0.9166666666666666,tensor(0.2345, grad_fn=<SqueezeBackward0>),tensor(0.3612, grad_fn=<AddBackward0>),320,19.308693885803223,2,0.5,,20
double_cake,ccka,ccka_lr0_1_lr0_01_lr0_01_optadam_epochs100_epochs0_001_epochs0_001_clusters4__rep1,0,1.0,tensor(0.2212, grad_fn=<SqueezeBackward0>),tensor(0.5318, grad_fn=<AddBackward0>),160,19.291542053222656,4,0.5,,20
double_cake,ccka,ccka_lr0_1_lr0_01_lr0_01_optadam_epochs100_epochs0_001_epochs0_001_clusters2__rep1,4,0.9166666666666666,tensor(0.1868, grad_fn=<SqueezeBackward0>),tensor(0.3538, grad_fn=<AddBackward0>),400,19.577123165130615,2,0.5,,20
double_cake,ccka,ccka_lr0_1_lr0_01_lr0_01_optadam_epochs100_epochs0_001_epochs0_001_clusters4__rep1,1,0.9166666666666666,tensor(0.1952, grad_fn=<SqueezeBackward0>),tensor(0.6427, grad_fn=<AddBackward0>),320,19.98307776451111,4,0.5,,20
double_cake,ccka,ccka_lr0_1_lr0_01_lr0_01_optadam_epochs100_epochs0_001_epochs0_001_clusters2__rep1,5,0.8333333333333334,tensor(0.2518, grad_fn=<SqueezeBackward0>),tensor(0.3448, grad_fn=<AddBackward0>),480,18.722800731658936,2,0.5,,20
double_cake,ccka,ccka_lr0_1_lr0_01_lr0_01_optadam_epochs100_epochs0_001_epochs0_001_clusters4__rep1,2,0.9166666666666666,tensor(0.1656, grad_fn=<SqueezeBackward0>),tensor(0.4446, grad_fn=<AddBackward0>),480,20.17882990837097,4,0.5,,20
double_cake,ccka,ccka_lr0_1_lr0_01_lr0_01_optadam_epochs100_epochs0_001_epochs0_001_clusters2__rep1,6,0.8333333333333334,tensor(0.1751, grad_fn=<SqueezeBackward0>),tensor(0.3553, grad_fn=<AddBackward0>),560,19.750264167785645,2,0.5,,20
double_cake,ccka,ccka_lr0_1_lr0_01_lr0_01_optadam_epochs100_epochs0_001_epochs0_001_clusters4__rep1,3,0.8333333333333334,tensor(0.1790, grad_fn=<SqueezeBackward0>),tensor(0.4537, grad_fn=<AddBackward0>),640,20.463023900985718,4,0.5,,20
double_cake,ccka,ccka_lr0_1_lr0_01_lr0_01_optadam_epochs100_epochs0_001_epochs0_001_clusters2__rep1,7,0.9166666666666666,tensor(0.2132, grad_fn=<SqueezeBackward0>),tensor(0.3491, grad_fn=<AddBackward0>),640,19.994412183761597,2,0.5,,20
double_cake,ccka,ccka_lr0_1_lr0_01_lr0_01_optadam_epochs100_epochs0_001_epochs0_001_clusters4__rep1,4,0.6666666666666666,tensor(0.1566, grad_fn=<SqueezeBackward0>),tensor(0.4448, grad_fn=<AddBackward0>),800,19.65916681289673,4,0.5,,20
double_cake,ccka,ccka_lr0_2_lr0_01_lr0_01_optgd_epochs100_epochs0_001_epochs0_001_clusters10__rep1,3,0.925,tensor(0.1093, grad_fn=<SqueezeBackward0>),tensor(0.9765, grad_fn=<AddBackward0>),1600,218.19445395469666,10,0.5,,20
double_cake,ccka,ccka_lr0_1_lr0_01_lr0_01_optadam_epochs100_epochs0_001_epochs0_001_clusters2__rep1,8,0.8333333333333334,tensor(0.2026, grad_fn=<SqueezeBackward0>),tensor(0.3423, grad_fn=<AddBackward0>),720,19.620646238327026,2,0.5,,20
double_cake,ccka,ccka_lr0_1_lr0_01_lr0_01_optadam_epochs100_epochs0_001_epochs0_001_clusters4__rep1,5,0.75,tensor(0.1442, grad_fn=<SqueezeBackward0>),tensor(0.4296, grad_fn=<AddBackward0>),960,19.54492473602295,4,0.5,,20
double_cake,ccka,ccka_lr0_1_lr0_01_lr0_01_optadam_epochs100_epochs0_001_epochs0_001_clusters2__rep1,9,0.9166666666666666,tensor(0.2157, grad_fn=<SqueezeBackward0>),tensor(0.3338, grad_fn=<AddBackward0>),800,19.70370101928711,2,0.5,,20
double_cake,ccka,ccka_lr0_1_lr0_01_lr0_01_optadam_epochs100_epochs0_001_epochs0_001_clusters4__rep1,6,0.75,tensor(0.1742, grad_fn=<SqueezeBackward0>),tensor(0.4122, grad_fn=<AddBackward0>),1120,20.208127975463867,4,0.5,,20
double_cake,ccka,ccka_lr0_1_lr0_01_lr0_01_optadam_epochs100_epochs0_001_epochs0_001_clusters4__rep1,7,0.8333333333333334,tensor(0.1504, grad_fn=<SqueezeBackward0>),tensor(0.4013, grad_fn=<AddBackward0>),1280,20.006238222122192,4,0.5,,20
double_cake,ccka,ccka_lr0_1_lr0_01_lr0_01_optadam_epochs100_epochs0_001_epochs0_001_clusters4__rep1,8,0.8333333333333334,tensor(0.1821, grad_fn=<SqueezeBackward0>),tensor(0.4049, grad_fn=<AddBackward0>),1440,20.147603750228882,4,0.5,,20
double_cake,ccka,ccka_lr0_1_lr0_01_lr0_01_optadam_epochs100_epochs0_001_epochs0_001_clusters6__rep1,0,0.75,tensor(0.1918, grad_fn=<SqueezeBackward0>),tensor(0.4613, grad_fn=<AddBackward0>),240,20.36904501914978,6,0.5,,20
double_cake,ccka,ccka_lr0_1_lr0_01_lr0_01_optadam_epochs100_epochs0_001_epochs0_001_clusters4__rep1,9,0.8333333333333334,tensor(0.2166, grad_fn=<SqueezeBackward0>),tensor(0.3978, grad_fn=<AddBackward0>),1600,20.810484886169434,4,0.5,,20
double_cake,ccka,ccka_lr0_1_lr0_01_lr0_01_optadam_epochs100_epochs0_001_epochs0_001_clusters6__rep1,1,0.9166666666666666,tensor(0.1957, grad_fn=<SqueezeBackward0>),tensor(0.5067, grad_fn=<AddBackward0>),480,20.642375946044922,6,0.5,,20
double_cake,ccka,ccka_lr0_1_lr0_01_lr0_01_optadam_epochs100_epochs0_001_epochs0_001_clusters6__rep1,2,1.0,tensor(0.1423, grad_fn=<SqueezeBackward0>),tensor(0.4476, grad_fn=<AddBackward0>),720,20.497293949127197,6,0.5,,20
double_cake,ccka,ccka_lr0_1_lr0_01_lr0_01_optadam_epochs100_epochs0_001_epochs0_001_clusters6__rep1,3,0.8333333333333334,tensor(0.1461, grad_fn=<SqueezeBackward0>),tensor(0.4919, grad_fn=<AddBackward0>),960,20.53472900390625,6,0.5,,20
double_cake,ccka,ccka_lr0_1_lr0_01_lr0_01_optadam_epochs100_epochs0_001_epochs0_001_clusters8__rep1,0,1.0,tensor(0.2171, grad_fn=<SqueezeBackward0>),tensor(0.6352, grad_fn=<AddBackward0>),320,20.79842495918274,8,0.5,,20
double_cake,ccka,ccka_lr0_1_lr0_01_lr0_01_optadam_epochs100_epochs0_001_epochs0_001_clusters6__rep1,4,0.8333333333333334,tensor(0.1826, grad_fn=<SqueezeBackward0>),tensor(0.4408, grad_fn=<AddBackward0>),1200,20.15909767150879,6,0.5,,20
double_cake,ccka,ccka_lr0_1_lr0_01_lr0_01_optadam_epochs100_epochs0_001_epochs0_001_clusters8__rep1,1,0.75,tensor(0.1960, grad_fn=<SqueezeBackward0>),tensor(0.5947, grad_fn=<AddBackward0>),640,21.709079027175903,8,0.5,,20
double_cake,ccka,ccka_lr0_1_lr0_01_lr0_01_optadam_epochs100_epochs0_001_epochs0_001_clusters6__rep1,5,0.9166666666666666,tensor(0.1752, grad_fn=<SqueezeBackward0>),tensor(0.4959, grad_fn=<AddBackward0>),1440,21.18234133720398,6,0.5,,20
double_cake,ccka,ccka_lr0_1_lr0_01_lr0_01_optadam_epochs100_epochs0_001_epochs0_001_clusters8__rep1,2,0.8333333333333334,tensor(0.1786, grad_fn=<SqueezeBackward0>),tensor(0.5821, grad_fn=<AddBackward0>),960,21.489678621292114,8,0.5,,20
double_cake,ccka,ccka_lr0_1_lr0_01_lr0_01_optadam_epochs100_epochs0_001_epochs0_001_clusters6__rep1,6,1.0,tensor(0.1796, grad_fn=<SqueezeBackward0>),tensor(0.4370, grad_fn=<AddBackward0>),1680,19.762290954589844,6,0.5,,20
double_cake,ccka,ccka_lr0_1_lr0_01_lr0_01_optadam_epochs100_epochs0_001_epochs0_001_clusters8__rep1,3,0.9166666666666666,tensor(0.1952, grad_fn=<SqueezeBackward0>),tensor(0.5383, grad_fn=<AddBackward0>),1280,21.59475803375244,8,0.5,,20
double_cake,ccka,ccka_lr0_2_lr0_01_lr0_01_optgd_epochs100_epochs0_001_epochs0_001_clusters10__rep1,4,0.925,tensor(0.0926, grad_fn=<SqueezeBackward0>),tensor(1.1315, grad_fn=<AddBackward0>),2000,233.71696281433105,10,0.5,,20
double_cake,ccka,ccka_lr0_1_lr0_01_lr0_01_optadam_epochs100_epochs0_001_epochs0_001_clusters6__rep1,7,1.0,tensor(0.1583, grad_fn=<SqueezeBackward0>),tensor(0.4256, grad_fn=<AddBackward0>),1920,21.127248764038086,6,0.5,,20
double_cake,ccka,ccka_lr0_1_lr0_01_lr0_01_optadam_epochs100_epochs0_001_epochs0_001_clusters8__rep1,4,0.8333333333333334,tensor(0.1593, grad_fn=<SqueezeBackward0>),tensor(0.5585, grad_fn=<AddBackward0>),1600,21.657958030700684,8,0.5,,20
double_cake,ccka,ccka_lr0_1_lr0_01_lr0_01_optadam_epochs100_epochs0_001_epochs0_001_clusters6__rep1,8,0.8333333333333334,tensor(0.1218, grad_fn=<SqueezeBackward0>),tensor(0.4556, grad_fn=<AddBackward0>),2160,21.201282739639282,6,0.5,,20
double_cake,ccka,ccka_lr0_1_lr0_01_lr0_01_optadam_epochs100_epochs0_001_epochs0_001_clusters8__rep1,5,0.6666666666666666,tensor(0.2125, grad_fn=<SqueezeBackward0>),tensor(0.5111, grad_fn=<AddBackward0>),1920,22.550820112228394,8,0.5,,20
double_cake,ccka,ccka_lr0_1_lr0_01_lr0_01_optadam_epochs100_epochs0_001_epochs0_001_clusters6__rep1,9,0.8333333333333334,tensor(0.1834, grad_fn=<SqueezeBackward0>),tensor(0.4353, grad_fn=<AddBackward0>),2400,19.958770990371704,6,0.5,,20
double_cake,ccka,ccka_lr0_1_lr0_01_lr0_01_optadam_epochs100_epochs0_001_epochs0_001_clusters8__rep1,6,0.75,tensor(0.1993, grad_fn=<SqueezeBackward0>),tensor(0.5731, grad_fn=<AddBackward0>),2240,20.96353507041931,8,0.5,,20
double_cake,ccka,ccka_lr0_1_lr0_01_lr0_01_optadam_epochs100_epochs0_001_epochs0_001_clusters8__rep1,7,0.9166666666666666,tensor(0.2181, grad_fn=<SqueezeBackward0>),tensor(0.6637, grad_fn=<AddBackward0>),2560,22.481489896774292,8,0.5,,20
double_cake,ccka,ccka_lr0_1_lr0_01_lr0_01_optadam_epochs100_epochs0_001_epochs0_001_clusters8__rep1,8,0.8333333333333334,tensor(0.1571, grad_fn=<SqueezeBackward0>),tensor(0.8780, grad_fn=<AddBackward0>),2880,20.95949101448059,8,0.5,,20
double_cake,ccka,ccka_lr0_1_lr0_01_lr0_01_optadam_epochs100_epochs0_001_epochs0_001_clusters10__rep1,0,0.8333333333333334,tensor(0.2246, grad_fn=<SqueezeBackward0>),tensor(0.5829, grad_fn=<AddBackward0>),400,21.886036157608032,10,0.5,,20
double_cake,ccka,ccka_lr0_1_lr0_01_lr0_01_optadam_epochs100_epochs0_001_epochs0_001_clusters8__rep1,9,0.75,tensor(0.1654, grad_fn=<SqueezeBackward0>),tensor(0.6747, grad_fn=<AddBackward0>),3200,22.438265085220337,8,0.5,,20
double_cake,ccka,ccka_lr0_1_lr0_01_lr0_01_optadam_epochs100_epochs0_001_epochs0_001_clusters10__rep1,1,0.8333333333333334,tensor(0.1933, grad_fn=<SqueezeBackward0>),tensor(0.5489, grad_fn=<AddBackward0>),800,22.168277978897095,10,0.5,,20
double_cake,ccka,ccka_lr0_1_lr0_01_lr0_01_optadam_epochs100_epochs0_001_epochs0_001_clusters10__rep1,2,0.6666666666666666,tensor(0.1371, grad_fn=<SqueezeBackward0>),tensor(0.5150, grad_fn=<AddBackward0>),1200,21.595043897628784,10,0.5,,20
double_cake,ccka,ccka_lr0_1_lr0_01_lr0_01_optadam_epochs100_epochs0_001_epochs0_001_clusters10__rep1,3,0.75,tensor(0.1679, grad_fn=<SqueezeBackward0>),tensor(0.5158, grad_fn=<AddBackward0>),1600,22.830690145492554,10,0.5,,20
double_cake,ccka,ccka_lr0_2_lr0_01_lr0_01_optadam_epochs100_epochs0_001_epochs0_001_clusters2__rep1,0,0.9166666666666666,tensor(0.1926, grad_fn=<SqueezeBackward0>),tensor(0.4122, grad_fn=<AddBackward0>),80,18.67619824409485,2,0.5,,20
double_cake,ccka,ccka_lr0_1_lr0_01_lr0_01_optadam_epochs100_epochs0_001_epochs0_001_clusters10__rep1,4,0.75,tensor(0.1355, grad_fn=<SqueezeBackward0>),tensor(0.5327, grad_fn=<AddBackward0>),2000,21.44251799583435,10,0.5,,20
double_cake,ccka,ccka_lr0_2_lr0_01_lr0_01_optadam_epochs100_epochs0_001_epochs0_001_clusters2__rep1,1,0.75,tensor(0.2143, grad_fn=<SqueezeBackward0>),tensor(0.3947, grad_fn=<AddBackward0>),160,19.47602605819702,2,0.5,,20
double_cake,ccka,ccka_lr0_1_lr0_01_lr0_01_optadam_epochs100_epochs0_001_epochs0_001_clusters10__rep1,5,0.75,tensor(0.1303, grad_fn=<SqueezeBackward0>),tensor(0.5346, grad_fn=<AddBackward0>),2400,22.61854314804077,10,0.5,,20
double_cake,ccka,ccka_lr0_2_lr0_01_lr0_01_optadam_epochs100_epochs0_001_epochs0_001_clusters2__rep1,2,1.0,tensor(0.1308, grad_fn=<SqueezeBackward0>),tensor(0.3785, grad_fn=<AddBackward0>),240,20.28888988494873,2,0.5,,20
double_cake,ccka,ccka_lr0_2_lr0_01_lr0_01_optgd_epochs100_epochs0_001_epochs0_001_clusters10__rep1,5,0.925,tensor(0.1000, grad_fn=<SqueezeBackward0>),tensor(1.0498, grad_fn=<AddBackward0>),2400,228.14422392845154,10,0.5,,20
double_cake,ccka,ccka_lr0_2_lr0_01_lr0_01_optadam_epochs100_epochs0_001_epochs0_001_clusters2__rep1,3,0.9166666666666666,tensor(0.1787, grad_fn=<SqueezeBackward0>),tensor(0.3565, grad_fn=<AddBackward0>),320,19.130905151367188,2,0.5,,20
double_cake,ccka,ccka_lr0_1_lr0_01_lr0_01_optadam_epochs100_epochs0_001_epochs0_001_clusters10__rep1,6,0.9166666666666666,tensor(0.1586, grad_fn=<SqueezeBackward0>),tensor(0.6439, grad_fn=<AddBackward0>),2800,21.894733905792236,10,0.5,,20
double_cake,ccka,ccka_lr0_2_lr0_01_lr0_01_optadam_epochs100_epochs0_001_epochs0_001_clusters2__rep1,4,1.0,tensor(0.1760, grad_fn=<SqueezeBackward0>),tensor(0.3535, grad_fn=<AddBackward0>),400,19.845954656600952,2,0.5,,20
double_cake,ccka,ccka_lr0_1_lr0_01_lr0_01_optadam_epochs100_epochs0_001_epochs0_001_clusters10__rep1,7,0.9166666666666666,tensor(0.1674, grad_fn=<SqueezeBackward0>),tensor(0.8521, grad_fn=<AddBackward0>),3200,21.649649143218994,10,0.5,,20
double_cake,ccka,ccka_lr0_2_lr0_01_lr0_01_optadam_epochs100_epochs0_001_epochs0_001_clusters2__rep1,5,0.9166666666666666,tensor(0.1588, grad_fn=<SqueezeBackward0>),tensor(0.3421, grad_fn=<AddBackward0>),480,18.840025901794434,2,0.5,,20
double_cake,ccka,ccka_lr0_1_lr0_01_lr0_01_optadam_epochs100_epochs0_001_epochs0_001_clusters10__rep1,8,0.5833333333333334,tensor(0.1663, grad_fn=<SqueezeBackward0>),tensor(0.5521, grad_fn=<AddBackward0>),3600,22.282109022140503,10,0.5,,20
double_cake,ccka,ccka_lr0_2_lr0_01_lr0_01_optadam_epochs100_epochs0_001_epochs0_001_clusters2__rep1,6,0.8333333333333334,tensor(0.1752, grad_fn=<SqueezeBackward0>),tensor(0.3563, grad_fn=<AddBackward0>),560,19.64475679397583,2,0.5,,20
double_cake,ccka,ccka_lr0_1_lr0_01_lr0_01_optadam_epochs100_epochs0_001_epochs0_001_clusters10__rep1,9,0.75,tensor(0.1486, grad_fn=<SqueezeBackward0>),tensor(0.8680, grad_fn=<AddBackward0>),4000,21.688494205474854,10,0.5,,20
double_cake,ccka,ccka_lr0_2_lr0_01_lr0_01_optadam_epochs100_epochs0_001_epochs0_001_clusters2__rep1,7,0.75,tensor(0.1432, grad_fn=<SqueezeBackward0>),tensor(0.4799, grad_fn=<AddBackward0>),640,19.945136070251465,2,0.5,,20
double_cake,ccka,ccka_lr0_2_lr0_01_lr0_01_optadam_epochs100_epochs0_001_epochs0_001_clusters2__rep1,8,0.5833333333333334,tensor(0.1496, grad_fn=<SqueezeBackward0>),tensor(0.5165, grad_fn=<AddBackward0>),720,19.98601984977722,2,0.5,,20
double_cake,ccka,ccka_lr0_2_lr0_01_lr0_01_optadam_epochs100_epochs0_001_epochs0_001_clusters2__rep1,9,0.75,tensor(0.1482, grad_fn=<SqueezeBackward0>),tensor(0.5422, grad_fn=<AddBackward0>),800,19.575803995132446,2,0.5,,20
double_cake,ccka,ccka_lr0_2_lr0_01_lr0_01_optadam_epochs100_epochs0_001_epochs0_001_clusters4__rep1,0,0.8333333333333334,tensor(0.1753, grad_fn=<SqueezeBackward0>),tensor(0.5315, grad_fn=<AddBackward0>),160,19.15284013748169,4,0.5,,20
double_cake,ccka,ccka_lr0_2_lr0_01_lr0_01_optadam_epochs100_epochs0_001_epochs0_001_clusters4__rep1,1,0.9166666666666666,tensor(0.1606, grad_fn=<SqueezeBackward0>),tensor(0.6085, grad_fn=<AddBackward0>),320,20.186803817749023,4,0.5,,20
double_cake,ccka,ccka_lr0_2_lr0_01_lr0_01_optadam_epochs100_epochs0_001_epochs0_001_clusters4__rep1,2,0.6666666666666666,tensor(0.1581, grad_fn=<SqueezeBackward0>),tensor(0.4605, grad_fn=<AddBackward0>),480,20.391602993011475,4,0.5,,20
double_cake,ccka,ccka_lr0_2_lr0_01_lr0_01_optadam_epochs100_epochs0_001_epochs0_001_clusters6__rep1,0,0.8333333333333334,tensor(0.1873, grad_fn=<SqueezeBackward0>),tensor(0.4671, grad_fn=<AddBackward0>),240,20.352015256881714,6,0.5,,20
double_cake,ccka,ccka_lr0_2_lr0_01_lr0_01_optadam_epochs100_epochs0_001_epochs0_001_clusters4__rep1,3,0.8333333333333334,tensor(0.1502, grad_fn=<SqueezeBackward0>),tensor(0.4540, grad_fn=<AddBackward0>),640,20.090019702911377,4,0.5,,20
double_cake,ccka,ccka_lr0_2_lr0_01_lr0_01_optadam_epochs100_epochs0_001_epochs0_001_clusters6__rep1,1,0.75,tensor(0.1580, grad_fn=<SqueezeBackward0>),tensor(0.5221, grad_fn=<AddBackward0>),480,20.593923807144165,6,0.5,,20
double_cake,ccka,ccka_lr0_2_lr0_01_lr0_01_optadam_epochs100_epochs0_001_epochs0_001_clusters4__rep1,4,0.5833333333333334,tensor(0.1236, grad_fn=<SqueezeBackward0>),tensor(0.4266, grad_fn=<AddBackward0>),800,19.875882863998413,4,0.5,,20
double_cake,ccka,ccka_lr0_2_lr0_01_lr0_01_optgd_epochs100_epochs0_001_epochs0_001_clusters10__rep1,6,0.85,tensor(0.0819, grad_fn=<SqueezeBackward0>),tensor(1.1867, grad_fn=<AddBackward0>),2800,228.29561185836792,10,0.5,,20
double_cake,ccka,ccka_lr0_2_lr0_01_lr0_01_optadam_epochs100_epochs0_001_epochs0_001_clusters6__rep1,2,0.8333333333333334,tensor(0.1477, grad_fn=<SqueezeBackward0>),tensor(0.5611, grad_fn=<AddBackward0>),720,20.807640075683594,6,0.5,,20
double_cake,ccka,ccka_lr0_2_lr0_01_lr0_01_optadam_epochs100_epochs0_001_epochs0_001_clusters4__rep1,5,0.75,tensor(0.1902, grad_fn=<SqueezeBackward0>),tensor(0.4299, grad_fn=<AddBackward0>),960,19.52990698814392,4,0.5,,20
double_cake,ccka,ccka_lr0_2_lr0_01_lr0_01_optadam_epochs100_epochs0_001_epochs0_001_clusters6__rep1,3,1.0,tensor(0.1505, grad_fn=<SqueezeBackward0>),tensor(0.4862, grad_fn=<AddBackward0>),960,20.811975955963135,6,0.5,,20
double_cake,ccka,ccka_lr0_2_lr0_01_lr0_01_optadam_epochs100_epochs0_001_epochs0_001_clusters4__rep1,6,0.8333333333333334,tensor(0.1491, grad_fn=<SqueezeBackward0>),tensor(0.4100, grad_fn=<AddBackward0>),1120,20.269049882888794,4,0.5,,20
double_cake,ccka,ccka_lr0_2_lr0_01_lr0_01_optadam_epochs100_epochs0_001_epochs0_001_clusters6__rep1,4,1.0,tensor(0.1535, grad_fn=<SqueezeBackward0>),tensor(0.4442, grad_fn=<AddBackward0>),1200,20.058697938919067,6,0.5,,20
double_cake,ccka,ccka_lr0_2_lr0_01_lr0_01_optadam_epochs100_epochs0_001_epochs0_001_clusters4__rep1,7,0.75,tensor(0.1483, grad_fn=<SqueezeBackward0>),tensor(0.4146, grad_fn=<AddBackward0>),1280,20.098726272583008,4,0.5,,20
double_cake,ccka,ccka_lr0_2_lr0_01_lr0_01_optadam_epochs100_epochs0_001_epochs0_001_clusters6__rep1,5,0.8333333333333334,tensor(0.1915, grad_fn=<SqueezeBackward0>),tensor(0.4477, grad_fn=<AddBackward0>),1440,21.39226984977722,6,0.5,,20
double_cake,ccka,ccka_lr0_2_lr0_01_lr0_01_optadam_epochs100_epochs0_001_epochs0_001_clusters4__rep1,8,0.8333333333333334,tensor(0.1570, grad_fn=<SqueezeBackward0>),tensor(0.4306, grad_fn=<AddBackward0>),1440,20.145437002182007,4,0.5,,20
double_cake,ccka,ccka_lr0_2_lr0_01_lr0_01_optadam_epochs100_epochs0_001_epochs0_001_clusters6__rep1,6,0.9166666666666666,tensor(0.1701, grad_fn=<SqueezeBackward0>),tensor(0.4421, grad_fn=<AddBackward0>),1680,20.079582929611206,6,0.5,,20
double_cake,ccka,ccka_lr0_2_lr0_01_lr0_01_optadam_epochs100_epochs0_001_epochs0_001_clusters4__rep1,9,0.8333333333333334,tensor(0.1642, grad_fn=<SqueezeBackward0>),tensor(0.4134, grad_fn=<AddBackward0>),1600,20.66518497467041,4,0.5,,20
double_cake,ccka,ccka_lr0_2_lr0_01_lr0_01_optadam_epochs100_epochs0_001_epochs0_001_clusters6__rep1,7,1.0,tensor(0.1866, grad_fn=<SqueezeBackward0>),tensor(0.4235, grad_fn=<AddBackward0>),1920,21.00460386276245,6,0.5,,20
double_cake,ccka,ccka_lr0_2_lr0_01_lr0_01_optadam_epochs100_epochs0_001_epochs0_001_clusters6__rep1,8,0.9166666666666666,tensor(0.1867, grad_fn=<SqueezeBackward0>),tensor(0.4268, grad_fn=<AddBackward0>),2160,21.194834232330322,6,0.5,,20
double_cake,ccka,ccka_lr0_2_lr0_01_lr0_01_optadam_epochs100_epochs0_001_epochs0_001_clusters6__rep1,9,0.9166666666666666,tensor(0.1865, grad_fn=<SqueezeBackward0>),tensor(0.4073, grad_fn=<AddBackward0>),2400,19.972846031188965,6,0.5,,20
double_cake,ccka,ccka_lr0_2_lr0_01_lr0_01_optadam_epochs100_epochs0_001_epochs0_001_clusters8__rep1,0,0.75,tensor(0.1812, grad_fn=<SqueezeBackward0>),tensor(0.6622, grad_fn=<AddBackward0>),320,21.02229905128479,8,0.5,,20
double_cake,ccka,ccka_lr0_2_lr0_01_lr0_01_optadam_epochs100_epochs0_001_epochs0_001_clusters8__rep1,1,0.75,tensor(0.1737, grad_fn=<SqueezeBackward0>),tensor(0.5387, grad_fn=<AddBackward0>),640,21.386879205703735,8,0.5,,20
double_cake,ccka,ccka_lr0_2_lr0_01_lr0_01_optadam_epochs100_epochs0_001_epochs0_001_clusters8__rep1,2,0.75,tensor(0.2166, grad_fn=<SqueezeBackward0>),tensor(0.5350, grad_fn=<AddBackward0>),960,21.380481004714966,8,0.5,,20
double_cake,ccka,ccka_lr0_2_lr0_01_lr0_01_optadam_epochs100_epochs0_001_epochs0_001_clusters10__rep1,0,0.9166666666666666,tensor(0.1771, grad_fn=<SqueezeBackward0>),tensor(0.5949, grad_fn=<AddBackward0>),400,21.87666606903076,10,0.5,,20
double_cake,ccka,ccka_lr0_2_lr0_01_lr0_01_optadam_epochs100_epochs0_001_epochs0_001_clusters8__rep1,3,0.8333333333333334,tensor(0.1568, grad_fn=<SqueezeBackward0>),tensor(0.5248, grad_fn=<AddBackward0>),1280,21.751802682876587,8,0.5,,20
double_cake,ccka,ccka_lr0_2_lr0_01_lr0_01_optgd_epochs100_epochs0_001_epochs0_001_clusters10__rep1,7,0.875,tensor(0.0863, grad_fn=<SqueezeBackward0>),tensor(1.1083, grad_fn=<AddBackward0>),3200,227.62801003456116,10,0.5,,20
double_cake,ccka,ccka_lr0_2_lr0_01_lr0_01_optadam_epochs100_epochs0_001_epochs0_001_clusters10__rep1,1,0.9166666666666666,tensor(0.1461, grad_fn=<SqueezeBackward0>),tensor(0.6122, grad_fn=<AddBackward0>),800,22.255388021469116,10,0.5,,20
double_cake,ccka,ccka_lr0_2_lr0_01_lr0_01_optadam_epochs100_epochs0_001_epochs0_001_clusters8__rep1,4,1.0,tensor(0.1662, grad_fn=<SqueezeBackward0>),tensor(0.4847, grad_fn=<AddBackward0>),1600,21.326967000961304,8,0.5,,20
double_cake,ccka,ccka_lr0_2_lr0_01_lr0_01_optadam_epochs100_epochs0_001_epochs0_001_clusters10__rep1,2,1.0,tensor(0.1632, grad_fn=<SqueezeBackward0>),tensor(0.5409, grad_fn=<AddBackward0>),1200,21.894777059555054,10,0.5,,20
double_cake,ccka,ccka_lr0_2_lr0_01_lr0_01_optadam_epochs100_epochs0_001_epochs0_001_clusters8__rep1,5,1.0,tensor(0.1561, grad_fn=<SqueezeBackward0>),tensor(0.4957, grad_fn=<AddBackward0>),1920,22.379553079605103,8,0.5,,20
double_cake,ccka,ccka_lr0_2_lr0_01_lr0_01_optadam_epochs100_epochs0_001_epochs0_001_clusters10__rep1,3,0.9166666666666666,tensor(0.1684, grad_fn=<SqueezeBackward0>),tensor(0.5650, grad_fn=<AddBackward0>),1600,22.679797887802124,10,0.5,,20
double_cake,ccka,ccka_lr0_2_lr0_01_lr0_01_optadam_epochs100_epochs0_001_epochs0_001_clusters8__rep1,6,0.75,tensor(0.2118, grad_fn=<SqueezeBackward0>),tensor(0.5935, grad_fn=<AddBackward0>),2240,20.95387291908264,8,0.5,,20
double_cake,ccka,ccka_lr0_2_lr0_01_lr0_01_optadam_epochs100_epochs0_001_epochs0_001_clusters10__rep1,4,1.0,tensor(0.1780, grad_fn=<SqueezeBackward0>),tensor(0.4734, grad_fn=<AddBackward0>),2000,21.535102367401123,10,0.5,,20
double_cake,ccka,ccka_lr0_2_lr0_01_lr0_01_optadam_epochs100_epochs0_001_epochs0_001_clusters8__rep1,7,0.75,tensor(0.1624, grad_fn=<SqueezeBackward0>),tensor(0.5662, grad_fn=<AddBackward0>),2560,22.41161608695984,8,0.5,,20
double_cake,ccka,ccka_lr0_2_lr0_01_lr0_01_optadam_epochs100_epochs0_001_epochs0_001_clusters10__rep1,5,0.9166666666666666,tensor(0.1654, grad_fn=<SqueezeBackward0>),tensor(0.5029, grad_fn=<AddBackward0>),2400,22.530996084213257,10,0.5,,20
double_cake,ccka,ccka_lr0_2_lr0_01_lr0_01_optadam_epochs100_epochs0_001_epochs0_001_clusters8__rep1,8,0.6666666666666666,tensor(0.1667, grad_fn=<SqueezeBackward0>),tensor(0.6185, grad_fn=<AddBackward0>),2880,20.96028995513916,8,0.5,,20
double_cake,ccka,ccka_lr0_2_lr0_01_lr0_01_optadam_epochs100_epochs0_001_epochs0_001_clusters10__rep1,6,0.8333333333333334,tensor(0.1597, grad_fn=<SqueezeBackward0>),tensor(0.5555, grad_fn=<AddBackward0>),2800,21.869527101516724,10,0.5,,20
double_cake,ccka,ccka_lr0_2_lr0_01_lr0_01_optadam_epochs100_epochs0_001_epochs0_001_clusters8__rep1,9,0.5833333333333334,tensor(0.1524, grad_fn=<SqueezeBackward0>),tensor(0.7316, grad_fn=<AddBackward0>),3200,22.283437728881836,8,0.5,,20
double_cake,ccka,ccka_lr0_2_lr0_01_lr0_01_optadam_epochs100_epochs0_001_epochs0_001_clusters10__rep1,7,0.8333333333333334,tensor(0.2159, grad_fn=<SqueezeBackward0>),tensor(0.5062, grad_fn=<AddBackward0>),3200,21.500549793243408,10,0.5,,20
double_cake,ccka,ccka_lr0_2_lr0_01_lr0_01_optadam_epochs100_epochs0_001_epochs0_001_clusters10__rep1,8,0.8333333333333334,tensor(0.1334, grad_fn=<SqueezeBackward0>),tensor(0.4735, grad_fn=<AddBackward0>),3600,22.32639718055725,10,0.5,,20
double_cake,ccka,ccka_lr0_2_lr0_01_lr0_01_optadam_epochs100_epochs0_001_epochs0_001_clusters10__rep1,9,0.6666666666666666,tensor(0.1424, grad_fn=<SqueezeBackward0>),tensor(0.4200, grad_fn=<AddBackward0>),4000,22.216216802597046,10,0.5,,20
double_cake,ccka,ccka_lr0_2_lr0_01_lr0_01_optgd_epochs100_epochs0_001_epochs0_001_clusters10__rep1,8,0.825,tensor(0.0781, grad_fn=<SqueezeBackward0>),tensor(1.1828, grad_fn=<AddBackward0>),3600,231.58906388282776,10,0.5,,20
double_cake,ccka,ccka_lr0_1_lr0_01_lr0_01_optadam_epochs100_epochs0_001_epochs0_001_clusters2__rep1,0,0.8,tensor(0.1418, grad_fn=<SqueezeBackward0>),tensor(0.6794, grad_fn=<AddBackward0>),80,54.55324983596802,2,0.5,,20
double_cake,ccka,ccka_lr0_1_lr0_01_lr0_01_optadam_epochs100_epochs0_001_epochs0_001_clusters2__rep1,1,0.9,tensor(0.1589, grad_fn=<SqueezeBackward0>),tensor(1.0517, grad_fn=<AddBackward0>),160,54.340396881103516,2,0.5,,20
double_cake,ccka,ccka_lr0_1_lr0_01_lr0_01_optadam_epochs100_epochs0_001_epochs0_001_clusters4__rep1,0,0.7,tensor(0.0863, grad_fn=<SqueezeBackward0>),tensor(1.0945, grad_fn=<AddBackward0>),160,55.99690890312195,4,0.5,,20
double_cake,ccka,ccka_lr0_1_lr0_01_lr0_01_optadam_epochs100_epochs0_001_epochs0_001_clusters2__rep1,2,0.95,tensor(0.1670, grad_fn=<SqueezeBackward0>),tensor(0.9449, grad_fn=<AddBackward0>),240,59.88465094566345,2,0.5,,20
double_cake,ccka,ccka_lr0_1_lr0_01_lr0_01_optadam_epochs100_epochs0_001_epochs0_001_clusters4__rep1,1,0.95,tensor(0.1214, grad_fn=<SqueezeBackward0>),tensor(0.9750, grad_fn=<AddBackward0>),320,56.11301803588867,4,0.5,,20
double_cake,ccka,ccka_lr0_1_lr0_01_lr0_01_optadam_epochs100_epochs0_001_epochs0_001_clusters2__rep1,3,0.85,tensor(0.1281, grad_fn=<SqueezeBackward0>),tensor(1.1335, grad_fn=<AddBackward0>),320,53.76752710342407,2,0.5,,20
double_cake,ccka,ccka_lr0_1_lr0_01_lr0_01_optadam_epochs100_epochs0_001_epochs0_001_clusters4__rep1,2,1.0,tensor(0.1239, grad_fn=<SqueezeBackward0>),tensor(1.0894, grad_fn=<AddBackward0>),480,57.01729989051819,4,0.5,,20
double_cake,ccka,ccka_lr0_2_lr0_01_lr0_01_optgd_epochs100_epochs0_001_epochs0_001_clusters10__rep1,9,0.825,tensor(0.0795, grad_fn=<SqueezeBackward0>),tensor(1.1781, grad_fn=<AddBackward0>),4000,243.84550499916077,10,0.5,,20
double_cake,ccka,ccka_lr0_1_lr0_01_lr0_01_optadam_epochs100_epochs0_001_epochs0_001_clusters2__rep1,4,0.9,tensor(0.1075, grad_fn=<SqueezeBackward0>),tensor(0.9313, grad_fn=<AddBackward0>),400,58.86782383918762,2,0.5,,20
double_cake,ccka,ccka_lr0_1_lr0_01_lr0_01_optadam_epochs100_epochs0_001_epochs0_001_clusters4__rep1,3,0.85,tensor(0.1076, grad_fn=<SqueezeBackward0>),tensor(0.9762, grad_fn=<AddBackward0>),640,57.78407621383667,4,0.5,,20
double_cake,ccka,ccka_lr0_1_lr0_01_lr0_01_optadam_epochs100_epochs0_001_epochs0_001_clusters2__rep1,5,0.7,tensor(0.1145, grad_fn=<SqueezeBackward0>),tensor(1.1091, grad_fn=<AddBackward0>),480,54.480684757232666,2,0.5,,20
double_cake,ccka,ccka_lr0_1_lr0_01_lr0_01_optadam_epochs100_epochs0_001_epochs0_001_clusters4__rep1,4,0.95,tensor(0.1256, grad_fn=<SqueezeBackward0>),tensor(1.0373, grad_fn=<AddBackward0>),800,54.170921087265015,4,0.5,,20
double_cake,ccka,ccka_lr0_1_lr0_01_lr0_01_optadam_epochs100_epochs0_001_epochs0_001_clusters2__rep1,6,0.9,tensor(0.1727, grad_fn=<SqueezeBackward0>),tensor(0.9102, grad_fn=<AddBackward0>),560,54.54462909698486,2,0.5,,20
double_cake,ccka,ccka_lr0_1_lr0_01_lr0_01_optadam_epochs100_epochs0_001_epochs0_001_clusters4__rep1,5,0.85,tensor(0.0857, grad_fn=<SqueezeBackward0>),tensor(0.9195, grad_fn=<AddBackward0>),960,56.30849575996399,4,0.5,,20
double_cake,ccka,ccka_lr0_1_lr0_01_lr0_01_optadam_epochs100_epochs0_001_epochs0_001_clusters2__rep1,7,0.7,tensor(0.1331, grad_fn=<SqueezeBackward0>),tensor(0.7370, grad_fn=<AddBackward0>),640,53.868139028549194,2,0.5,,20
double_cake,ccka,ccka_lr0_1_lr0_01_lr0_01_optadam_epochs100_epochs0_001_epochs0_001_clusters4__rep1,6,0.85,tensor(0.0828, grad_fn=<SqueezeBackward0>),tensor(0.7956, grad_fn=<AddBackward0>),1120,54.71936392784119,4,0.5,,20
double_cake,ccka,ccka_lr0_1_lr0_01_lr0_01_optadam_epochs100_epochs0_001_epochs0_001_clusters2__rep1,8,0.9,tensor(0.1856, grad_fn=<SqueezeBackward0>),tensor(0.4482, grad_fn=<AddBackward0>),720,53.04326128959656,2,0.5,,20
double_cake,ccka,ccka_lr0_1_lr0_01_lr0_01_optadam_epochs100_epochs0_001_epochs0_001_clusters4__rep1,7,0.8,tensor(0.1640, grad_fn=<SqueezeBackward0>),tensor(0.4195, grad_fn=<AddBackward0>),1280,55.197864055633545,4,0.5,,20
double_cake,ccka,ccka_lr0_1_lr0_01_lr0_01_optadam_epochs100_epochs0_001_epochs0_001_clusters2__rep1,9,0.8,tensor(0.1368, grad_fn=<SqueezeBackward0>),tensor(0.4776, grad_fn=<AddBackward0>),800,55.109214067459106,2,0.5,,20
double_cake,ccka,ccka_lr0_1_lr0_01_lr0_01_optadam_epochs100_epochs0_001_epochs0_001_clusters4__rep1,8,0.85,tensor(0.1240, grad_fn=<SqueezeBackward0>),tensor(0.4347, grad_fn=<AddBackward0>),1440,54.18182396888733,4,0.5,,20
double_cake,ccka,ccka_lr0_1_lr0_01_lr0_01_optadam_epochs100_epochs0_001_epochs0_001_clusters6__rep1,0,0.95,tensor(0.1439, grad_fn=<SqueezeBackward0>),tensor(0.6159, grad_fn=<AddBackward0>),240,53.75952100753784,6,0.5,,20
double_cake,ccka,ccka_lr0_1_lr0_01_lr0_01_optadam_epochs100_epochs0_001_epochs0_001_clusters4__rep1,9,0.75,tensor(0.1161, grad_fn=<SqueezeBackward0>),tensor(0.3914, grad_fn=<AddBackward0>),1600,51.79923605918884,4,0.5,,20
double_cake,ccka,ccka_lr0_1_lr0_01_lr0_01_optadam_epochs100_epochs0_001_epochs0_001_clusters6__rep1,1,0.85,tensor(0.1385, grad_fn=<SqueezeBackward0>),tensor(1.1258, grad_fn=<AddBackward0>),480,55.95288276672363,6,0.5,,20
double_cake,ccka,ccka_lr0_1_lr0_01_lr0_01_optadam_epochs100_epochs0_001_epochs0_001_clusters8__rep1,0,0.8,tensor(0.1323, grad_fn=<SqueezeBackward0>),tensor(0.6211, grad_fn=<AddBackward0>),320,54.74443006515503,8,0.5,,20
double_cake,ccka,ccka_lr0_1_lr0_01_lr0_01_optadam_epochs100_epochs0_001_epochs0_001_clusters6__rep1,2,0.9,tensor(0.1728, grad_fn=<SqueezeBackward0>),tensor(0.6723, grad_fn=<AddBackward0>),720,55.94890594482422,6,0.5,,20
double_cake,ccka,ccka_lr0_1_lr0_01_lr0_01_optadam_epochs100_epochs0_001_epochs0_001_clusters8__rep1,1,0.9,tensor(0.1323, grad_fn=<SqueezeBackward0>),tensor(1.0207, grad_fn=<AddBackward0>),640,57.467674016952515,8,0.5,,20
double_cake,ccka,ccka_lr0_1_lr0_01_lr0_01_optadam_epochs100_epochs0_001_epochs0_001_clusters6__rep1,3,0.85,tensor(0.1124, grad_fn=<SqueezeBackward0>),tensor(1.3013, grad_fn=<AddBackward0>),960,53.48022794723511,6,0.5,,20
double_cake,ccka,ccka_lr0_1_lr0_01_lr0_01_optadam_epochs100_epochs0_001_epochs0_001_clusters10__rep1,0,0.95,tensor(0.1666, grad_fn=<SqueezeBackward0>),tensor(0.9616, grad_fn=<AddBackward0>),400,54.89031410217285,10,0.5,,20
double_cake,ccka,ccka_lr0_1_lr0_01_lr0_01_optadam_epochs100_epochs0_001_epochs0_001_clusters8__rep1,2,0.75,tensor(0.1181, grad_fn=<SqueezeBackward0>),tensor(0.7504, grad_fn=<AddBackward0>),960,56.27360510826111,8,0.5,,20
double_cake,ccka,ccka_lr0_1_lr0_01_lr0_01_optadam_epochs100_epochs0_001_epochs0_001_clusters6__rep1,4,0.8,tensor(0.1373, grad_fn=<SqueezeBackward0>),tensor(0.6929, grad_fn=<AddBackward0>),1200,55.37630796432495,6,0.5,,20
double_cake,ccka,ccka_lr0_1_lr0_01_lr0_01_optadam_epochs100_epochs0_001_epochs0_001_clusters10__rep1,1,0.9,tensor(0.1543, grad_fn=<SqueezeBackward0>),tensor(0.8007, grad_fn=<AddBackward0>),800,56.3321259021759,10,0.5,,20
double_cake,ccka,ccka_lr0_1_lr0_01_lr0_01_optadam_epochs100_epochs0_001_epochs0_001_clusters8__rep1,3,0.75,tensor(0.1194, grad_fn=<SqueezeBackward0>),tensor(0.9143, grad_fn=<AddBackward0>),1280,56.290229082107544,8,0.5,,20
double_cake,ccka,ccka_lr0_1_lr0_01_lr0_01_optadam_epochs100_epochs0_001_epochs0_001_clusters6__rep1,5,0.55,tensor(0.1507, grad_fn=<SqueezeBackward0>),tensor(1.3197, grad_fn=<AddBackward0>),1440,54.97709012031555,6,0.5,,20
double_cake,ccka,ccka_lr0_1_lr0_01_lr0_01_optadam_epochs100_epochs0_001_epochs0_001_clusters10__rep1,2,0.85,tensor(0.1874, grad_fn=<SqueezeBackward0>),tensor(1.1661, grad_fn=<AddBackward0>),1200,57.000141859054565,10,0.5,,20
double_cake,ccka,ccka_lr0_1_lr0_01_lr0_01_optadam_epochs100_epochs0_001_epochs0_001_clusters6__rep1,6,0.8,tensor(0.1077, grad_fn=<SqueezeBackward0>),tensor(0.6210, grad_fn=<AddBackward0>),1680,55.50110220909119,6,0.5,,20
double_cake,ccka,ccka_lr0_1_lr0_01_lr0_01_optadam_epochs100_epochs0_001_epochs0_001_clusters8__rep1,4,0.85,tensor(0.1496, grad_fn=<SqueezeBackward0>),tensor(0.6641, grad_fn=<AddBackward0>),1600,56.77371311187744,8,0.5,,20
double_cake,ccka,ccka_lr0_1_lr0_01_lr0_01_optadam_epochs100_epochs0_001_epochs0_001_clusters10__rep1,3,0.8,tensor(0.1502, grad_fn=<SqueezeBackward0>),tensor(0.7618, grad_fn=<AddBackward0>),1600,55.34411907196045,10,0.5,,20
double_cake,ccka,ccka_lr0_1_lr0_01_lr0_01_optadam_epochs100_epochs0_001_epochs0_001_clusters8__rep1,5,0.9,tensor(0.1432, grad_fn=<SqueezeBackward0>),tensor(0.6377, grad_fn=<AddBackward0>),1920,54.089908838272095,8,0.5,,20
double_cake,ccka,ccka_lr0_1_lr0_01_lr0_01_optadam_epochs100_epochs0_001_epochs0_001_clusters6__rep1,7,0.85,tensor(0.1470, grad_fn=<SqueezeBackward0>),tensor(0.6255, grad_fn=<AddBackward0>),1920,55.90159487724304,6,0.5,,20
double_cake,ccka,ccka_lr0_1_lr0_01_lr0_01_optadam_epochs100_epochs0_001_epochs0_001_clusters10__rep1,4,0.95,tensor(0.1846, grad_fn=<SqueezeBackward0>),tensor(1.0980, grad_fn=<AddBackward0>),2000,57.020020961761475,10,0.5,,20
double_cake,ccka,ccka_lr0_1_lr0_01_lr0_01_optadam_epochs100_epochs0_001_epochs0_001_clusters8__rep1,6,0.8,tensor(0.1470, grad_fn=<SqueezeBackward0>),tensor(0.7111, grad_fn=<AddBackward0>),2240,61.320618867874146,8,0.5,,20
double_cake,ccka,ccka_lr0_1_lr0_01_lr0_01_optadam_epochs100_epochs0_001_epochs0_001_clusters6__rep1,8,0.85,tensor(0.1560, grad_fn=<SqueezeBackward0>),tensor(0.5191, grad_fn=<AddBackward0>),2160,59.92178392410278,6,0.5,,20
double_cake,ccka,ccka_lr0_1_lr0_01_lr0_01_optadam_epochs100_epochs0_001_epochs0_001_clusters10__rep1,5,0.9,tensor(0.1771, grad_fn=<SqueezeBackward0>),tensor(0.6911, grad_fn=<AddBackward0>),2400,59.40961217880249,10,0.5,,20
double_cake,ccka,ccka_lr0_1_lr0_01_lr0_01_optadam_epochs100_epochs0_001_epochs0_001_clusters6__rep1,9,0.75,tensor(0.1355, grad_fn=<SqueezeBackward0>),tensor(0.5701, grad_fn=<AddBackward0>),2400,54.30063509941101,6,0.5,,20
double_cake,ccka,ccka_lr0_1_lr0_01_lr0_01_optadam_epochs100_epochs0_001_epochs0_001_clusters8__rep1,7,0.8,tensor(0.1578, grad_fn=<SqueezeBackward0>),tensor(1.0207, grad_fn=<AddBackward0>),2560,56.76858901977539,8,0.5,,20
double_cake,ccka,ccka_lr0_1_lr0_01_lr0_01_optadam_epochs100_epochs0_001_epochs0_001_clusters10__rep1,6,0.95,tensor(0.1491, grad_fn=<SqueezeBackward0>),tensor(0.9358, grad_fn=<AddBackward0>),2800,57.41162300109863,10,0.5,,20
double_cake,ccka,ccka_lr0_1_lr0_01_lr0_01_optadam_epochs100_epochs0_001_epochs0_001_clusters8__rep1,8,0.8,tensor(0.1460, grad_fn=<SqueezeBackward0>),tensor(0.6101, grad_fn=<AddBackward0>),2880,55.26409912109375,8,0.5,,20
double_cake,ccka,ccka_lr0_1_lr0_01_lr0_01_optadam_epochs100_epochs0_001_epochs0_001_clusters10__rep1,7,0.8,tensor(0.1223, grad_fn=<SqueezeBackward0>),tensor(0.6748, grad_fn=<AddBackward0>),3200,55.22241520881653,10,0.5,,20
double_cake,ccka,ccka_lr0_1_lr0_01_lr0_01_optadam_epochs100_epochs0_001_epochs0_001_clusters8__rep1,9,0.85,tensor(0.1515, grad_fn=<SqueezeBackward0>),tensor(0.7545, grad_fn=<AddBackward0>),3200,55.04000902175903,8,0.5,,20
double_cake,ccka,ccka_lr0_1_lr0_01_lr0_01_optadam_epochs100_epochs0_001_epochs0_001_clusters10__rep1,8,1.0,tensor(0.1949, grad_fn=<SqueezeBackward0>),tensor(0.5395, grad_fn=<AddBackward0>),3600,55.18300199508667,10,0.5,,20
double_cake,ccka,ccka_lr0_2_lr0_01_lr0_01_optadam_epochs100_epochs0_001_epochs0_001_clusters2__rep1,0,0.8,tensor(0.1251, grad_fn=<SqueezeBackward0>),tensor(0.4746, grad_fn=<AddBackward0>),80,53.76100993156433,2,0.5,,20
double_cake,ccka,ccka_lr0_1_lr0_01_lr0_01_optadam_epochs100_epochs0_001_epochs0_001_clusters10__rep1,9,0.7,tensor(0.1979, grad_fn=<SqueezeBackward0>),tensor(0.5672, grad_fn=<AddBackward0>),4000,58.8400719165802,10,0.5,,20
double_cake,ccka,ccka_lr0_2_lr0_01_lr0_01_optadam_epochs100_epochs0_001_epochs0_001_clusters2__rep1,1,0.75,tensor(0.1375, grad_fn=<SqueezeBackward0>),tensor(1.2106, grad_fn=<AddBackward0>),160,52.94934296607971,2,0.5,,20
double_cake,ccka,ccka_lr0_2_lr0_01_lr0_01_optadam_epochs100_epochs0_001_epochs0_001_clusters2__rep1,2,0.8,tensor(0.1674, grad_fn=<SqueezeBackward0>),tensor(0.7524, grad_fn=<AddBackward0>),240,56.51551604270935,2,0.5,,20
double_cake,ccka,ccka_lr0_2_lr0_01_lr0_01_optadam_epochs100_epochs0_001_epochs0_001_clusters4__rep1,0,0.75,tensor(0.0499, grad_fn=<SqueezeBackward0>),tensor(1.0824, grad_fn=<AddBackward0>),160,54.26091408729553,4,0.5,,20
double_cake,ccka,ccka_lr0_2_lr0_01_lr0_01_optadam_epochs100_epochs0_001_epochs0_001_clusters2__rep1,3,0.95,tensor(0.1507, grad_fn=<SqueezeBackward0>),tensor(1.1717, grad_fn=<AddBackward0>),320,53.40162396430969,2,0.5,,20
double_cake,ccka,ccka_lr0_2_lr0_01_lr0_01_optadam_epochs100_epochs0_001_epochs0_001_clusters4__rep1,1,0.75,tensor(0.1038, grad_fn=<SqueezeBackward0>),tensor(0.8341, grad_fn=<AddBackward0>),320,53.06330180168152,4,0.5,,20
double_cake,ccka,ccka_lr0_2_lr0_01_lr0_01_optadam_epochs100_epochs0_001_epochs0_001_clusters6__rep1,0,0.9,tensor(0.1462, grad_fn=<SqueezeBackward0>),tensor(0.5565, grad_fn=<AddBackward0>),240,53.631829023361206,6,0.5,,20
double_cake,ccka,ccka_lr0_2_lr0_01_lr0_01_optadam_epochs100_epochs0_001_epochs0_001_clusters2__rep1,4,0.85,tensor(0.0941, grad_fn=<SqueezeBackward0>),tensor(0.9522, grad_fn=<AddBackward0>),400,55.40237784385681,2,0.5,,20
double_cake,ccka,ccka_lr0_2_lr0_01_lr0_01_optadam_epochs100_epochs0_001_epochs0_001_clusters4__rep1,2,0.8,tensor(0.1398, grad_fn=<SqueezeBackward0>),tensor(1.0319, grad_fn=<AddBackward0>),480,55.52695298194885,4,0.5,,20
double_cake,ccka,ccka_lr0_2_lr0_01_lr0_01_optadam_epochs100_epochs0_001_epochs0_001_clusters6__rep1,1,0.85,tensor(0.1465, grad_fn=<SqueezeBackward0>),tensor(1.3151, grad_fn=<AddBackward0>),480,55.64053392410278,6,0.5,,20
double_cake,ccka,ccka_lr0_2_lr0_01_lr0_01_optadam_epochs100_epochs0_001_epochs0_001_clusters2__rep1,5,0.85,tensor(0.0791, grad_fn=<SqueezeBackward0>),tensor(1.0966, grad_fn=<AddBackward0>),480,54.7315628528595,2,0.5,,20
double_cake,ccka,ccka_lr0_2_lr0_01_lr0_01_optadam_epochs100_epochs0_001_epochs0_001_clusters4__rep1,3,0.9,tensor(0.1384, grad_fn=<SqueezeBackward0>),tensor(0.8545, grad_fn=<AddBackward0>),640,55.71770787239075,4,0.5,,20
double_cake,ccka,ccka_lr0_2_lr0_01_lr0_01_optadam_epochs100_epochs0_001_epochs0_001_clusters6__rep1,2,0.85,tensor(0.0980, grad_fn=<SqueezeBackward0>),tensor(0.6557, grad_fn=<AddBackward0>),720,56.64188885688782,6,0.5,,20
double_cake,ccka,ccka_lr0_2_lr0_01_lr0_01_optadam_epochs100_epochs0_001_epochs0_001_clusters2__rep1,6,0.95,tensor(0.1316, grad_fn=<SqueezeBackward0>),tensor(0.8666, grad_fn=<AddBackward0>),560,54.36355710029602,2,0.5,,20
double_cake,ccka,ccka_lr0_2_lr0_01_lr0_01_optadam_epochs100_epochs0_001_epochs0_001_clusters4__rep1,4,0.95,tensor(0.0727, grad_fn=<SqueezeBackward0>),tensor(1.1046, grad_fn=<AddBackward0>),800,54.32175278663635,4,0.5,,20
double_cake,ccka,ccka_lr0_2_lr0_01_lr0_01_optadam_epochs100_epochs0_001_epochs0_001_clusters6__rep1,3,0.95,tensor(0.1472, grad_fn=<SqueezeBackward0>),tensor(0.8921, grad_fn=<AddBackward0>),960,53.65313005447388,6,0.5,,20
double_cake,ccka,ccka_lr0_2_lr0_01_lr0_01_optadam_epochs100_epochs0_001_epochs0_001_clusters2__rep1,7,0.75,tensor(0.1148, grad_fn=<SqueezeBackward0>),tensor(0.4782, grad_fn=<AddBackward0>),640,54.348740100860596,2,0.5,,20
double_cake,ccka,ccka_lr0_2_lr0_01_lr0_01_optadam_epochs100_epochs0_001_epochs0_001_clusters4__rep1,5,0.75,tensor(0.1344, grad_fn=<SqueezeBackward0>),tensor(0.7069, grad_fn=<AddBackward0>),960,56.22256779670715,4,0.5,,20
double_cake,ccka,ccka_lr0_2_lr0_01_lr0_01_optadam_epochs100_epochs0_001_epochs0_001_clusters6__rep1,4,0.9,tensor(0.1206, grad_fn=<SqueezeBackward0>),tensor(0.5457, grad_fn=<AddBackward0>),1200,55.64470601081848,6,0.5,,20
double_cake,ccka,ccka_lr0_2_lr0_01_lr0_01_optadam_epochs100_epochs0_001_epochs0_001_clusters2__rep1,8,0.75,tensor(0.1486, grad_fn=<SqueezeBackward0>),tensor(0.8392, grad_fn=<AddBackward0>),720,51.842042684555054,2,0.5,,20
double_cake,ccka,ccka_lr0_2_lr0_01_lr0_01_optadam_epochs100_epochs0_001_epochs0_001_clusters4__rep1,6,1.0,tensor(0.1450, grad_fn=<SqueezeBackward0>),tensor(0.5079, grad_fn=<AddBackward0>),1120,54.35908818244934,4,0.5,,20
double_cake,ccka,ccka_lr0_2_lr0_01_lr0_01_optadam_epochs100_epochs0_001_epochs0_001_clusters6__rep1,5,0.85,tensor(0.1402, grad_fn=<SqueezeBackward0>),tensor(0.5047, grad_fn=<AddBackward0>),1440,54.97270679473877,6,0.5,,20
double_cake,ccka,ccka_lr0_2_lr0_01_lr0_01_optadam_epochs100_epochs0_001_epochs0_001_clusters2__rep1,9,0.8,tensor(0.1278, grad_fn=<SqueezeBackward0>),tensor(0.4854, grad_fn=<AddBackward0>),800,55.25588393211365,2,0.5,,20
double_cake,ccka,ccka_lr0_2_lr0_01_lr0_01_optadam_epochs100_epochs0_001_epochs0_001_clusters4__rep1,7,0.7,tensor(0.1510, grad_fn=<SqueezeBackward0>),tensor(0.4189, grad_fn=<AddBackward0>),1280,54.124714851379395,4,0.5,,20
double_cake,ccka,ccka_lr0_2_lr0_01_lr0_01_optadam_epochs100_epochs0_001_epochs0_001_clusters6__rep1,6,0.75,tensor(0.1090, grad_fn=<SqueezeBackward0>),tensor(0.4262, grad_fn=<AddBackward0>),1680,55.49357795715332,6,0.5,,20
double_cake,ccka,ccka_lr0_2_lr0_01_lr0_01_optadam_epochs100_epochs0_001_epochs0_001_clusters4__rep1,8,0.8,tensor(0.1464, grad_fn=<SqueezeBackward0>),tensor(0.4069, grad_fn=<AddBackward0>),1440,54.27006912231445,4,0.5,,20
double_cake,ccka,ccka_lr0_2_lr0_01_lr0_01_optadam_epochs100_epochs0_001_epochs0_001_clusters6__rep1,7,0.8,tensor(0.1100, grad_fn=<SqueezeBackward0>),tensor(0.4592, grad_fn=<AddBackward0>),1920,55.94126009941101,6,0.5,,20
double_cake,ccka,ccka_lr0_2_lr0_01_lr0_01_optadam_epochs100_epochs0_001_epochs0_001_clusters4__rep1,9,0.8,tensor(0.1417, grad_fn=<SqueezeBackward0>),tensor(0.4223, grad_fn=<AddBackward0>),1600,52.129648208618164,4,0.5,,20
double_cake,ccka,ccka_lr0_2_lr0_01_lr0_01_optadam_epochs100_epochs0_001_epochs0_001_clusters6__rep1,8,0.85,tensor(0.1473, grad_fn=<SqueezeBackward0>),tensor(0.4631, grad_fn=<AddBackward0>),2160,57.406808853149414,6,0.5,,20
double_cake,ccka,ccka_lr0_2_lr0_01_lr0_01_optadam_epochs100_epochs0_001_epochs0_001_clusters8__rep1,0,0.85,tensor(0.1519, grad_fn=<SqueezeBackward0>),tensor(0.6082, grad_fn=<AddBackward0>),320,54.690016984939575,8,0.5,,20
double_cake,ccka,ccka_lr0_2_lr0_01_lr0_01_optadam_epochs100_epochs0_001_epochs0_001_clusters6__rep1,9,0.75,tensor(0.1022, grad_fn=<SqueezeBackward0>),tensor(0.5013, grad_fn=<AddBackward0>),2400,55.91555714607239,6,0.5,,20
double_cake,ccka,ccka_lr0_2_lr0_01_lr0_01_optadam_epochs100_epochs0_001_epochs0_001_clusters8__rep1,1,0.85,tensor(0.1339, grad_fn=<SqueezeBackward0>),tensor(1.0111, grad_fn=<AddBackward0>),640,57.350337982177734,8,0.5,,20
double_cake,ccka,ccka_lr0_2_lr0_01_lr0_01_optadam_epochs100_epochs0_001_epochs0_001_clusters10__rep1,0,0.9,tensor(0.1751, grad_fn=<SqueezeBackward0>),tensor(0.8836, grad_fn=<AddBackward0>),400,54.91293025016785,10,0.5,,20
double_cake,ccka,ccka_lr0_2_lr0_01_lr0_01_optadam_epochs100_epochs0_001_epochs0_001_clusters8__rep1,2,0.9,tensor(0.1276, grad_fn=<SqueezeBackward0>),tensor(0.6726, grad_fn=<AddBackward0>),960,56.2115740776062,8,0.5,,20
double_cake,ccka,ccka_lr0_2_lr0_01_lr0_01_optadam_epochs100_epochs0_001_epochs0_001_clusters10__rep1,1,0.7,tensor(0.1398, grad_fn=<SqueezeBackward0>),tensor(0.7142, grad_fn=<AddBackward0>),800,56.83393692970276,10,0.5,,20
double_cake,ccka,ccka_lr0_2_lr0_01_lr0_01_optadam_epochs100_epochs0_001_epochs0_001_clusters8__rep1,3,0.8,tensor(0.1296, grad_fn=<SqueezeBackward0>),tensor(0.8283, grad_fn=<AddBackward0>),1280,56.51150894165039,8,0.5,,20
double_cake,ccka,ccka_lr0_2_lr0_01_lr0_01_optadam_epochs100_epochs0_001_epochs0_001_clusters8__rep1,4,0.9,tensor(0.1351, grad_fn=<SqueezeBackward0>),tensor(0.6946, grad_fn=<AddBackward0>),1600,58.29313683509827,8,0.5,,20
double_cake,ccka,ccka_lr0_2_lr0_01_lr0_01_optadam_epochs100_epochs0_001_epochs0_001_clusters10__rep1,2,0.75,tensor(0.1307, grad_fn=<SqueezeBackward0>),tensor(1.0566, grad_fn=<AddBackward0>),1200,59.04035806655884,10,0.5,,20
double_cake,ccka,ccka_lr0_2_lr0_01_lr0_01_optadam_epochs100_epochs0_001_epochs0_001_clusters8__rep1,5,0.95,tensor(0.1300, grad_fn=<SqueezeBackward0>),tensor(0.7330, grad_fn=<AddBackward0>),1920,56.52545523643494,8,0.5,,20
double_cake,ccka,ccka_lr0_2_lr0_01_lr0_01_optadam_epochs100_epochs0_001_epochs0_001_clusters10__rep1,3,0.85,tensor(0.1452, grad_fn=<SqueezeBackward0>),tensor(0.7311, grad_fn=<AddBackward0>),1600,57.9920220375061,10,0.5,,20
double_cake,ccka,ccka_lr0_2_lr0_01_lr0_01_optadam_epochs100_epochs0_001_epochs0_001_clusters8__rep1,6,0.7,tensor(0.1461, grad_fn=<SqueezeBackward0>),tensor(0.6891, grad_fn=<AddBackward0>),2240,62.81865906715393,8,0.5,,20
double_cake,ccka,ccka_lr0_2_lr0_01_lr0_01_optadam_epochs100_epochs0_001_epochs0_001_clusters10__rep1,4,0.8,tensor(0.1317, grad_fn=<SqueezeBackward0>),tensor(1.0573, grad_fn=<AddBackward0>),2000,61.214436054229736,10,0.5,,20
double_cake,ccka,ccka_lr0_2_lr0_01_lr0_01_optadam_epochs100_epochs0_001_epochs0_001_clusters8__rep1,7,0.7,tensor(0.1167, grad_fn=<SqueezeBackward0>),tensor(0.8687, grad_fn=<AddBackward0>),2560,59.9722638130188,8,0.5,,20
double_cake,ccka,ccka_lr0_2_lr0_01_lr0_01_optadam_epochs100_epochs0_001_epochs0_001_clusters10__rep1,5,0.9,tensor(0.1234, grad_fn=<SqueezeBackward0>),tensor(0.6509, grad_fn=<AddBackward0>),2400,60.0552020072937,10,0.5,,20
double_cake,ccka,ccka_lr0_2_lr0_01_lr0_01_optadam_epochs100_epochs0_001_epochs0_001_clusters8__rep1,8,0.75,tensor(0.1161, grad_fn=<SqueezeBackward0>),tensor(0.8286, grad_fn=<AddBackward0>),2880,56.73859715461731,8,0.5,,20
double_cake,ccka,ccka_lr0_2_lr0_01_lr0_01_optadam_epochs100_epochs0_001_epochs0_001_clusters10__rep1,6,0.8,tensor(0.1472, grad_fn=<SqueezeBackward0>),tensor(1.1305, grad_fn=<AddBackward0>),2800,58.86221218109131,10,0.5,,20
double_cake,ccka,ccka_lr0_2_lr0_01_lr0_01_optadam_epochs100_epochs0_001_epochs0_001_clusters8__rep1,9,0.65,tensor(0.1044, grad_fn=<SqueezeBackward0>),tensor(1.0503, grad_fn=<AddBackward0>),3200,59.25027108192444,8,0.5,,20
double_cake,ccka,ccka_lr0_2_lr0_01_lr0_01_optadam_epochs100_epochs0_001_epochs0_001_clusters10__rep1,7,0.75,tensor(0.1344, grad_fn=<SqueezeBackward0>),tensor(0.7332, grad_fn=<AddBackward0>),3200,59.470136880874634,10,0.5,,20
double_cake,ccka,ccka_lr0_1_lr0_01_lr0_01_optadam_epochs100_epochs0_001_epochs0_001_clusters2__rep1,0,0.825,tensor(0.0887, grad_fn=<SqueezeBackward0>),tensor(0.4544, grad_fn=<AddBackward0>),80,238.08290314674377,2,0.5,,20
double_cake,ccka,ccka_lr0_2_lr0_01_lr0_01_optadam_epochs100_epochs0_001_epochs0_001_clusters10__rep1,8,0.8,tensor(0.1363, grad_fn=<SqueezeBackward0>),tensor(0.8380, grad_fn=<AddBackward0>),3600,57.73890042304993,10,0.5,,20
double_cake,ccka,ccka_lr0_2_lr0_01_lr0_01_optadam_epochs100_epochs0_001_epochs0_001_clusters10__rep1,9,0.7,tensor(0.1457, grad_fn=<SqueezeBackward0>),tensor(0.7718, grad_fn=<AddBackward0>),4000,62.88173222541809,10,0.5,,20
double_cake,ccka,ccka_lr0_1_lr0_01_lr0_01_optadam_epochs100_epochs0_001_epochs0_001_clusters2__rep1,1,0.7,tensor(0.0838, grad_fn=<SqueezeBackward0>),tensor(0.4680, grad_fn=<AddBackward0>),160,254.3355040550232,2,0.5,,20
double_cake,ccka,ccka_lr0_1_lr0_01_lr0_01_optadam_epochs100_epochs0_001_epochs0_001_clusters2__rep1,2,0.8,tensor(0.0877, grad_fn=<SqueezeBackward0>),tensor(0.4246, grad_fn=<AddBackward0>),240,360.61123991012573,2,0.5,,20
double_cake,ccka,ccka_lr0_1_lr0_01_lr0_01_optadam_epochs100_epochs0_001_epochs0_001_clusters4__rep1,0,0.8,tensor(0.1123, grad_fn=<SqueezeBackward0>),tensor(0.5046, grad_fn=<AddBackward0>),160,343.1445610523224,4,0.5,,20
double_cake,ccka,ccka_lr0_1_lr0_01_lr0_01_optadam_epochs100_epochs0_001_epochs0_001_clusters6__rep1,0,0.825,tensor(0.1038, grad_fn=<SqueezeBackward0>),tensor(0.6209, grad_fn=<AddBackward0>),240,336.7296996116638,6,0.5,,20
double_cake,ccka,ccka_lr0_1_lr0_01_lr0_01_optadam_epochs100_epochs0_001_epochs0_001_clusters4__rep1,1,0.775,tensor(0.0957, grad_fn=<SqueezeBackward0>),tensor(0.4996, grad_fn=<AddBackward0>),320,416.47372007369995,4,0.5,,20
double_cake,ccka,ccka_lr0_1_lr0_01_lr0_01_optadam_epochs100_epochs0_001_epochs0_001_clusters2__rep1,3,0.85,tensor(0.0949, grad_fn=<SqueezeBackward0>),tensor(0.4497, grad_fn=<AddBackward0>),320,462.97843408584595,2,0.5,,20
double_cake,ccka,ccka_lr0_1_lr0_01_lr0_01_optadam_epochs100_epochs0_001_epochs0_001_clusters6__rep1,1,0.725,tensor(0.0805, grad_fn=<SqueezeBackward0>),tensor(0.4848, grad_fn=<AddBackward0>),480,425.8913609981537,6,0.5,,20
double_cake,ccka,ccka_lr0_1_lr0_01_lr0_01_optadam_epochs100_epochs0_001_epochs0_001_clusters4__rep1,2,0.825,tensor(0.0910, grad_fn=<SqueezeBackward0>),tensor(0.4817, grad_fn=<AddBackward0>),480,423.4098470211029,4,0.5,,20
double_cake,ccka,ccka_lr0_1_lr0_01_lr0_01_optadam_epochs100_epochs0_001_epochs0_001_clusters2__rep1,4,0.85,tensor(0.0890, grad_fn=<SqueezeBackward0>),tensor(0.4247, grad_fn=<AddBackward0>),400,414.61468386650085,2,0.5,,20
double_cake,ccka,ccka_lr0_1_lr0_01_lr0_01_optadam_epochs100_epochs0_001_epochs0_001_clusters6__rep1,2,0.875,tensor(0.0834, grad_fn=<SqueezeBackward0>),tensor(0.6401, grad_fn=<AddBackward0>),720,425.7976620197296,6,0.5,,20
double_cake,ccka,ccka_lr0_1_lr0_01_lr0_01_optadam_epochs100_epochs0_001_epochs0_001_clusters4__rep1,3,0.85,tensor(0.0983, grad_fn=<SqueezeBackward0>),tensor(0.8515, grad_fn=<AddBackward0>),640,435.1640360355377,4,0.5,,20
double_cake,ccka,ccka_lr0_1_lr0_01_lr0_01_optadam_epochs100_epochs0_001_epochs0_001_clusters2__rep1,5,0.875,tensor(0.0897, grad_fn=<SqueezeBackward0>),tensor(0.4087, grad_fn=<AddBackward0>),480,490.2324368953705,2,0.5,,20
double_cake,ccka,ccka_lr0_1_lr0_01_lr0_01_optadam_epochs100_epochs0_001_epochs0_001_clusters6__rep1,3,0.925,tensor(0.1019, grad_fn=<SqueezeBackward0>),tensor(0.8490, grad_fn=<AddBackward0>),960,475.5238080024719,6,0.5,,20
double_cake,ccka,ccka_lr0_1_lr0_01_lr0_01_optadam_epochs100_epochs0_001_epochs0_001_clusters4__rep1,4,0.9,tensor(0.0691, grad_fn=<SqueezeBackward0>),tensor(1.1606, grad_fn=<AddBackward0>),800,456.0068871974945,4,0.5,,20
double_cake,ccka,ccka_lr0_1_lr0_01_lr0_01_optadam_epochs100_epochs0_001_epochs0_001_clusters2__rep1,6,0.775,tensor(0.0964, grad_fn=<SqueezeBackward0>),tensor(0.3897, grad_fn=<AddBackward0>),560,434.5427520275116,2,0.5,,20
double_cake,ccka,ccka_lr0_1_lr0_01_lr0_01_optadam_epochs100_epochs0_001_epochs0_001_clusters6__rep1,4,0.8,tensor(0.0851, grad_fn=<SqueezeBackward0>),tensor(0.9661, grad_fn=<AddBackward0>),1200,481.0465638637543,6,0.5,,20
double_cake,ccka,ccka_lr0_1_lr0_01_lr0_01_optadam_epochs100_epochs0_001_epochs0_001_clusters4__rep1,5,0.825,tensor(0.0599, grad_fn=<SqueezeBackward0>),tensor(1.1473, grad_fn=<AddBackward0>),960,466.7862310409546,4,0.5,,20
double_cake,ccka,ccka_lr0_1_lr0_01_lr0_01_optadam_epochs100_epochs0_001_epochs0_001_clusters2__rep1,7,0.825,tensor(0.0817, grad_fn=<SqueezeBackward0>),tensor(0.3943, grad_fn=<AddBackward0>),640,478.56401896476746,2,0.5,,20
double_cake,ccka,ccka_lr0_1_lr0_01_lr0_01_optadam_epochs100_epochs0_001_epochs0_001_clusters6__rep1,5,0.825,tensor(0.0866, grad_fn=<SqueezeBackward0>),tensor(1.1303, grad_fn=<AddBackward0>),1440,449.39433908462524,6,0.5,,20
double_cake,ccka,ccka_lr0_1_lr0_01_lr0_01_optadam_epochs100_epochs0_001_epochs0_001_clusters4__rep1,6,0.6,tensor(0.0240, grad_fn=<SqueezeBackward0>),tensor(1.1026, grad_fn=<AddBackward0>),1120,396.01347517967224,4,0.5,,20
double_cake,ccka,ccka_lr0_1_lr0_01_lr0_01_optadam_epochs100_epochs0_001_epochs0_001_clusters2__rep1,8,0.875,tensor(0.0903, grad_fn=<SqueezeBackward0>),tensor(0.3695, grad_fn=<AddBackward0>),720,417.7161672115326,2,0.5,,20
double_cake,ccka,ccka_lr0_1_lr0_01_lr0_01_optadam_epochs100_epochs0_001_epochs0_001_clusters6__rep1,6,0.9,tensor(0.0849, grad_fn=<SqueezeBackward0>),tensor(0.9074, grad_fn=<AddBackward0>),1680,370.84112310409546,6,0.5,,20
double_cake,ccka,ccka_lr0_1_lr0_01_lr0_01_optadam_epochs100_epochs0_001_epochs0_001_clusters4__rep1,7,0.525,tensor(0.0040, grad_fn=<SqueezeBackward0>),tensor(1.0924, grad_fn=<AddBackward0>),1280,433.3316180706024,4,0.5,,20
double_cake,ccka,ccka_lr0_1_lr0_01_lr0_01_optadam_epochs100_epochs0_001_epochs0_001_clusters2__rep1,9,0.85,tensor(0.0922, grad_fn=<SqueezeBackward0>),tensor(0.3884, grad_fn=<AddBackward0>),800,407.7280943393707,2,0.5,,20
double_cake,ccka,ccka_lr0_1_lr0_01_lr0_01_optadam_epochs100_epochs0_001_epochs0_001_clusters6__rep1,7,0.85,tensor(0.0545, grad_fn=<SqueezeBackward0>),tensor(1.0874, grad_fn=<AddBackward0>),1920,394.85229897499084,6,0.5,,20
double_cake,ccka,ccka_lr0_1_lr0_01_lr0_01_optadam_epochs100_epochs0_001_epochs0_001_clusters4__rep1,8,0.375,tensor(0.0015, grad_fn=<SqueezeBackward0>),tensor(1.0723, grad_fn=<AddBackward0>),1440,393.61573600769043,4,0.5,,20
double_cake,ccka,ccka_lr0_1_lr0_01_lr0_01_optadam_epochs100_epochs0_001_epochs0_001_clusters6__rep1,8,0.75,tensor(0.0399, grad_fn=<SqueezeBackward0>),tensor(0.7955, grad_fn=<AddBackward0>),2160,412.32514929771423,6,0.5,,20
double_cake,ccka,ccka_lr0_1_lr0_01_lr0_01_optadam_epochs100_epochs0_001_epochs0_001_clusters4__rep1,9,0.325,tensor(0.0004, grad_fn=<SqueezeBackward0>),tensor(1.0631, grad_fn=<AddBackward0>),1600,332.17857694625854,4,0.5,,20
double_cake,ccka,ccka_lr0_1_lr0_01_lr0_01_optadam_epochs100_epochs0_001_epochs0_001_clusters6__rep1,9,0.675,tensor(0.0665, grad_fn=<SqueezeBackward0>),tensor(0.7648, grad_fn=<AddBackward0>),2400,326.5257918834686,6,0.5,,20
double_cake,ccka,ccka_lr0_1_lr0_01_lr0_01_optadam_epochs100_epochs0_001_epochs0_001_clusters8__rep1,0,0.825,tensor(0.1063, grad_fn=<SqueezeBackward0>),tensor(0.7130, grad_fn=<AddBackward0>),320,303.43539094924927,8,0.5,,20
double_cake,ccka,ccka_lr0_1_lr0_01_lr0_01_optadam_epochs100_epochs0_001_epochs0_001_clusters8__rep1,1,0.875,tensor(0.0895, grad_fn=<SqueezeBackward0>),tensor(0.7724, grad_fn=<AddBackward0>),640,301.22541213035583,8,0.5,,20
double_cake,ccka,ccka_lr0_1_lr0_01_lr0_01_optadam_epochs100_epochs0_001_epochs0_001_clusters10__rep1,0,0.875,tensor(0.1064, grad_fn=<SqueezeBackward0>),tensor(0.6762, grad_fn=<AddBackward0>),400,308.11187505722046,10,0.5,,20
double_cake,ccka,ccka_lr0_1_lr0_01_lr0_01_optadam_epochs100_epochs0_001_epochs0_001_clusters8__rep1,2,0.875,tensor(0.0903, grad_fn=<SqueezeBackward0>),tensor(0.5213, grad_fn=<AddBackward0>),960,334.7004301548004,8,0.5,,20
double_cake,ccka,ccka_lr0_2_lr0_01_lr0_01_optadam_epochs100_epochs0_001_epochs0_001_clusters2__rep1,0,0.85,tensor(0.0912, grad_fn=<SqueezeBackward0>),tensor(0.4615, grad_fn=<AddBackward0>),80,319.2908401489258,2,0.5,,20
double_cake,ccka,ccka_lr0_1_lr0_01_lr0_01_optadam_epochs100_epochs0_001_epochs0_001_clusters10__rep1,1,0.875,tensor(0.1082, grad_fn=<SqueezeBackward0>),tensor(0.6110, grad_fn=<AddBackward0>),800,364.5284032821655,10,0.5,,20
double_cake,ccka,ccka_lr0_1_lr0_01_lr0_01_optadam_epochs100_epochs0_001_epochs0_001_clusters8__rep1,3,0.875,tensor(0.0933, grad_fn=<SqueezeBackward0>),tensor(0.6071, grad_fn=<AddBackward0>),1280,358.391872882843,8,0.5,,20
double_cake,ccka,ccka_lr0_2_lr0_01_lr0_01_optadam_epochs100_epochs0_001_epochs0_001_clusters2__rep1,1,0.825,tensor(0.0973, grad_fn=<SqueezeBackward0>),tensor(0.4536, grad_fn=<AddBackward0>),160,337.14740085601807,2,0.5,,20
double_cake,ccka,ccka_lr0_1_lr0_01_lr0_01_optadam_epochs100_epochs0_001_epochs0_001_clusters10__rep1,2,0.875,tensor(0.1039, grad_fn=<SqueezeBackward0>),tensor(0.5838, grad_fn=<AddBackward0>),1200,368.5592918395996,10,0.5,,20
double_cake,ccka,ccka_lr0_1_lr0_01_lr0_01_optadam_epochs100_epochs0_001_epochs0_001_clusters8__rep1,4,0.875,tensor(0.1117, grad_fn=<SqueezeBackward0>),tensor(0.5058, grad_fn=<AddBackward0>),1600,377.4246950149536,8,0.5,,20
double_cake,ccka,ccka_lr0_2_lr0_01_lr0_01_optadam_epochs100_epochs0_001_epochs0_001_clusters2__rep1,2,0.775,tensor(0.0676, grad_fn=<SqueezeBackward0>),tensor(0.4217, grad_fn=<AddBackward0>),240,378.0510320663452,2,0.5,,20
double_cake,ccka,ccka_lr0_1_lr0_01_lr0_01_optadam_epochs100_epochs0_001_epochs0_001_clusters10__rep1,3,0.85,tensor(0.1141, grad_fn=<SqueezeBackward0>),tensor(0.5982, grad_fn=<AddBackward0>),1600,387.95609188079834,10,0.5,,20
double_cake,ccka,ccka_lr0_1_lr0_01_lr0_01_optadam_epochs100_epochs0_001_epochs0_001_clusters8__rep1,5,0.85,tensor(0.0971, grad_fn=<SqueezeBackward0>),tensor(0.4834, grad_fn=<AddBackward0>),1920,388.6182472705841,8,0.5,,20
double_cake,ccka,ccka_lr0_2_lr0_01_lr0_01_optadam_epochs100_epochs0_001_epochs0_001_clusters2__rep1,3,0.725,tensor(0.0466, grad_fn=<SqueezeBackward0>),tensor(0.3737, grad_fn=<AddBackward0>),320,390.4345979690552,2,0.5,,20
double_cake,ccka,ccka_lr0_1_lr0_01_lr0_01_optadam_epochs100_epochs0_001_epochs0_001_clusters10__rep1,4,0.8,tensor(0.0982, grad_fn=<SqueezeBackward0>),tensor(0.7341, grad_fn=<AddBackward0>),2000,382.4214026927948,10,0.5,,20
double_cake,ccka,ccka_lr0_1_lr0_01_lr0_01_optadam_epochs100_epochs0_001_epochs0_001_clusters8__rep1,6,0.875,tensor(0.0840, grad_fn=<SqueezeBackward0>),tensor(0.4843, grad_fn=<AddBackward0>),2240,396.6056787967682,8,0.5,,20
double_cake,ccka,ccka_lr0_2_lr0_01_lr0_01_optadam_epochs100_epochs0_001_epochs0_001_clusters2__rep1,4,0.875,tensor(0.1017, grad_fn=<SqueezeBackward0>),tensor(0.4115, grad_fn=<AddBackward0>),400,382.0795247554779,2,0.5,,20
double_cake,ccka,ccka_lr0_1_lr0_01_lr0_01_optadam_epochs100_epochs0_001_epochs0_001_clusters10__rep1,5,0.875,tensor(0.1205, grad_fn=<SqueezeBackward0>),tensor(0.6830, grad_fn=<AddBackward0>),2400,370.1392660140991,10,0.5,,20
double_cake,ccka,ccka_lr0_1_lr0_01_lr0_01_optadam_epochs100_epochs0_001_epochs0_001_clusters8__rep1,7,0.9,tensor(0.0831, grad_fn=<SqueezeBackward0>),tensor(0.4821, grad_fn=<AddBackward0>),2560,369.68158197402954,8,0.5,,20
double_cake,ccka,ccka_lr0_2_lr0_01_lr0_01_optadam_epochs100_epochs0_001_epochs0_001_clusters2__rep1,5,0.8,tensor(0.0446, grad_fn=<SqueezeBackward0>),tensor(0.4136, grad_fn=<AddBackward0>),480,384.32842206954956,2,0.5,,20
double_cake,ccka,ccka_lr0_1_lr0_01_lr0_01_optadam_epochs100_epochs0_001_epochs0_001_clusters10__rep1,6,0.925,tensor(0.1036, grad_fn=<SqueezeBackward0>),tensor(0.5497, grad_fn=<AddBackward0>),2800,392.48487615585327,10,0.5,,20
double_cake,ccka,ccka_lr0_1_lr0_01_lr0_01_optadam_epochs100_epochs0_001_epochs0_001_clusters8__rep1,8,0.825,tensor(0.0675, grad_fn=<SqueezeBackward0>),tensor(0.4898, grad_fn=<AddBackward0>),2880,456.8810758590698,8,0.5,,20
double_cake,ccka,ccka_lr0_2_lr0_01_lr0_01_optadam_epochs100_epochs0_001_epochs0_001_clusters2__rep1,6,0.9,tensor(0.0518, grad_fn=<SqueezeBackward0>),tensor(0.4110, grad_fn=<AddBackward0>),560,401.27333307266235,2,0.5,,20
double_cake,ccka,ccka_lr0_1_lr0_01_lr0_01_optadam_epochs100_epochs0_001_epochs0_001_clusters10__rep1,7,0.85,tensor(0.0892, grad_fn=<SqueezeBackward0>),tensor(0.7249, grad_fn=<AddBackward0>),3200,415.6032073497772,10,0.5,,20
double_cake,ccka,ccka_lr0_1_lr0_01_lr0_01_optadam_epochs100_epochs0_001_epochs0_001_clusters8__rep1,9,0.8,tensor(0.0910, grad_fn=<SqueezeBackward0>),tensor(0.4371, grad_fn=<AddBackward0>),3200,367.6041181087494,8,0.5,,20
double_cake,ccka,ccka_lr0_2_lr0_01_lr0_01_optadam_epochs100_epochs0_001_epochs0_001_clusters2__rep1,7,0.8,tensor(0.0560, grad_fn=<SqueezeBackward0>),tensor(0.3844, grad_fn=<AddBackward0>),640,379.41057300567627,2,0.5,,20
double_cake,ccka,ccka_lr0_1_lr0_01_lr0_01_optadam_epochs100_epochs0_001_epochs0_001_clusters10__rep1,8,0.8,tensor(0.0964, grad_fn=<SqueezeBackward0>),tensor(0.5648, grad_fn=<AddBackward0>),3600,375.49626302719116,10,0.5,,20
double_cake,ccka,ccka_lr0_2_lr0_01_lr0_01_optadam_epochs100_epochs0_001_epochs0_001_clusters2__rep1,8,0.8,tensor(0.0592, grad_fn=<SqueezeBackward0>),tensor(0.3644, grad_fn=<AddBackward0>),720,344.32619881629944,2,0.5,,20
double_cake,ccka,ccka_lr0_1_lr0_01_lr0_01_optadam_epochs100_epochs0_001_epochs0_001_clusters10__rep1,9,0.825,tensor(0.1036, grad_fn=<SqueezeBackward0>),tensor(0.6157, grad_fn=<AddBackward0>),4000,341.1437849998474,10,0.5,,20
double_cake,ccka,ccka_lr0_2_lr0_01_lr0_01_optadam_epochs100_epochs0_001_epochs0_001_clusters2__rep1,9,0.55,tensor(0.0178, grad_fn=<SqueezeBackward0>),tensor(0.3455, grad_fn=<AddBackward0>),800,310.69270515441895,2,0.5,,20
double_cake,ccka,ccka_lr0_2_lr0_01_lr0_01_optadam_epochs100_epochs0_001_epochs0_001_clusters4__rep1,0,0.85,tensor(0.0986, grad_fn=<SqueezeBackward0>),tensor(0.4606, grad_fn=<AddBackward0>),160,296.355849981308,4,0.5,,20
double_cake,ccka,ccka_lr0_2_lr0_01_lr0_01_optadam_epochs100_epochs0_001_epochs0_001_clusters4__rep1,1,0.825,tensor(0.1093, grad_fn=<SqueezeBackward0>),tensor(0.4543, grad_fn=<AddBackward0>),320,274.5686411857605,4,0.5,,20
double_cake,ccka,ccka_lr0_2_lr0_01_lr0_01_optadam_epochs100_epochs0_001_epochs0_001_clusters6__rep1,0,0.85,tensor(0.1148, grad_fn=<SqueezeBackward0>),tensor(0.5893, grad_fn=<AddBackward0>),240,349.6931400299072,6,0.5,,20
double_cake,ccka,ccka_lr0_2_lr0_01_lr0_01_optadam_epochs100_epochs0_001_epochs0_001_clusters4__rep1,2,0.8,tensor(0.0918, grad_fn=<SqueezeBackward0>),tensor(0.4291, grad_fn=<AddBackward0>),480,361.9926838874817,4,0.5,,20
double_cake,ccka,ccka_lr0_2_lr0_01_lr0_01_optadam_epochs100_epochs0_001_epochs0_001_clusters8__rep1,0,0.85,tensor(0.0850, grad_fn=<SqueezeBackward0>),tensor(0.6492, grad_fn=<AddBackward0>),320,335.4840340614319,8,0.5,,20
double_cake,ccka,ccka_lr0_2_lr0_01_lr0_01_optadam_epochs100_epochs0_001_epochs0_001_clusters6__rep1,1,0.775,tensor(0.0893, grad_fn=<SqueezeBackward0>),tensor(0.4295, grad_fn=<AddBackward0>),480,340.3981840610504,6,0.5,,20
double_cake,ccka,ccka_lr0_2_lr0_01_lr0_01_optadam_epochs100_epochs0_001_epochs0_001_clusters8__rep1,1,0.85,tensor(0.1131, grad_fn=<SqueezeBackward0>),tensor(0.7705, grad_fn=<AddBackward0>),640,348.51008009910583,8,0.5,,20
double_cake,ccka,ccka_lr0_2_lr0_01_lr0_01_optadam_epochs100_epochs0_001_epochs0_001_clusters4__rep1,3,0.9,tensor(0.0884, grad_fn=<SqueezeBackward0>),tensor(0.4483, grad_fn=<AddBackward0>),640,371.28114581108093,4,0.5,,20
double_cake,ccka,ccka_lr0_2_lr0_01_lr0_01_optadam_epochs100_epochs0_001_epochs0_001_clusters6__rep1,2,0.875,tensor(0.0950, grad_fn=<SqueezeBackward0>),tensor(0.5067, grad_fn=<AddBackward0>),720,394.8125488758087,6,0.5,,20
double_cake,ccka,ccka_lr0_2_lr0_01_lr0_01_optadam_epochs100_epochs0_001_epochs0_001_clusters8__rep1,2,0.85,tensor(0.0877, grad_fn=<SqueezeBackward0>),tensor(0.5690, grad_fn=<AddBackward0>),960,365.9331040382385,8,0.5,,20
double_cake,ccka,ccka_lr0_2_lr0_01_lr0_01_optadam_epochs100_epochs0_001_epochs0_001_clusters4__rep1,4,0.825,tensor(0.0962, grad_fn=<SqueezeBackward0>),tensor(0.8677, grad_fn=<AddBackward0>),800,361.98775815963745,4,0.5,,20
double_cake,ccka,ccka_lr0_2_lr0_01_lr0_01_optadam_epochs100_epochs0_001_epochs0_001_clusters6__rep1,3,0.85,tensor(0.1062, grad_fn=<SqueezeBackward0>),tensor(0.4998, grad_fn=<AddBackward0>),960,353.29919695854187,6,0.5,,20
double_cake,ccka,ccka_lr0_2_lr0_01_lr0_01_optadam_epochs100_epochs0_001_epochs0_001_clusters8__rep1,3,0.8,tensor(0.0970, grad_fn=<SqueezeBackward0>),tensor(0.6821, grad_fn=<AddBackward0>),1280,364.1170837879181,8,0.5,,20
double_cake,ccka,ccka_lr0_2_lr0_01_lr0_01_optadam_epochs100_epochs0_001_epochs0_001_clusters4__rep1,5,0.875,tensor(0.1058, grad_fn=<SqueezeBackward0>),tensor(0.9662, grad_fn=<AddBackward0>),960,355.9665229320526,4,0.5,,20
double_cake,ccka,ccka_lr0_2_lr0_01_lr0_01_optadam_epochs100_epochs0_001_epochs0_001_clusters6__rep1,4,0.825,tensor(0.0979, grad_fn=<SqueezeBackward0>),tensor(0.9314, grad_fn=<AddBackward0>),1200,366.981929063797,6,0.5,,20
double_cake,ccka,ccka_lr0_2_lr0_01_lr0_01_optadam_epochs100_epochs0_001_epochs0_001_clusters8__rep1,4,0.875,tensor(0.0976, grad_fn=<SqueezeBackward0>),tensor(0.5731, grad_fn=<AddBackward0>),1600,381.3692977428436,8,0.5,,20
double_cake,ccka,ccka_lr0_2_lr0_01_lr0_01_optadam_epochs100_epochs0_001_epochs0_001_clusters4__rep1,6,0.85,tensor(0.1042, grad_fn=<SqueezeBackward0>),tensor(0.8749, grad_fn=<AddBackward0>),1120,377.18497920036316,4,0.5,,20
double_cake,ccka,ccka_lr0_2_lr0_01_lr0_01_optadam_epochs100_epochs0_001_epochs0_001_clusters6__rep1,5,0.825,tensor(0.0964, grad_fn=<SqueezeBackward0>),tensor(0.5255, grad_fn=<AddBackward0>),1440,394.2678482532501,6,0.5,,20
double_cake,ccka,ccka_lr0_2_lr0_01_lr0_01_optadam_epochs100_epochs0_001_epochs0_001_clusters8__rep1,5,0.825,tensor(0.0984, grad_fn=<SqueezeBackward0>),tensor(0.6384, grad_fn=<AddBackward0>),1920,403.7935128211975,8,0.5,,20
double_cake,ccka,ccka_lr0_2_lr0_01_lr0_01_optadam_epochs100_epochs0_001_epochs0_001_clusters4__rep1,7,0.725,tensor(0.0843, grad_fn=<SqueezeBackward0>),tensor(0.5708, grad_fn=<AddBackward0>),1280,409.3762159347534,4,0.5,,20
double_cake,ccka,ccka_lr0_2_lr0_01_lr0_01_optadam_epochs100_epochs0_001_epochs0_001_clusters6__rep1,6,0.85,tensor(0.0896, grad_fn=<SqueezeBackward0>),tensor(0.7478, grad_fn=<AddBackward0>),1680,375.58350467681885,6,0.5,,20
double_cake,ccka,ccka_lr0_2_lr0_01_lr0_01_optadam_epochs100_epochs0_001_epochs0_001_clusters4__rep1,8,0.75,tensor(0.1268, grad_fn=<SqueezeBackward0>),tensor(0.6529, grad_fn=<AddBackward0>),1440,353.8673770427704,4,0.5,,20
double_cake,ccka,ccka_lr0_2_lr0_01_lr0_01_optadam_epochs100_epochs0_001_epochs0_001_clusters8__rep1,6,0.9,tensor(0.0801, grad_fn=<SqueezeBackward0>),tensor(0.5368, grad_fn=<AddBackward0>),2240,367.33811807632446,8,0.5,,20
double_cake,ccka,ccka_lr0_2_lr0_01_lr0_01_optadam_epochs100_epochs0_001_epochs0_001_clusters6__rep1,7,0.8,tensor(0.0957, grad_fn=<SqueezeBackward0>),tensor(0.5122, grad_fn=<AddBackward0>),1920,356.7783188819885,6,0.5,,20
double_cake,ccka,ccka_lr0_2_lr0_01_lr0_01_optadam_epochs100_epochs0_001_epochs0_001_clusters8__rep1,7,0.825,tensor(0.0743, grad_fn=<SqueezeBackward0>),tensor(0.5064, grad_fn=<AddBackward0>),2560,362.4400818347931,8,0.5,,20
double_cake,ccka,ccka_lr0_2_lr0_01_lr0_01_optadam_epochs100_epochs0_001_epochs0_001_clusters4__rep1,9,0.875,tensor(0.0978, grad_fn=<SqueezeBackward0>),tensor(0.6422, grad_fn=<AddBackward0>),1600,386.0489580631256,4,0.5,,20
double_cake,ccka,ccka_lr0_2_lr0_01_lr0_01_optadam_epochs100_epochs0_001_epochs0_001_clusters6__rep1,8,0.775,tensor(0.0845, grad_fn=<SqueezeBackward0>),tensor(0.6393, grad_fn=<AddBackward0>),2160,365.9676969051361,6,0.5,,20
double_cake,ccka,ccka_lr0_2_lr0_01_lr0_01_optadam_epochs100_epochs0_001_epochs0_001_clusters8__rep1,8,0.85,tensor(0.1135, grad_fn=<SqueezeBackward0>),tensor(0.5013, grad_fn=<AddBackward0>),2880,373.1253559589386,8,0.5,,20
double_cake,ccka,ccka_lr0_2_lr0_01_lr0_01_optadam_epochs100_epochs0_001_epochs0_001_clusters6__rep1,9,0.8,tensor(0.0896, grad_fn=<SqueezeBackward0>),tensor(0.5202, grad_fn=<AddBackward0>),2400,318.3471910953522,6,0.5,,20
double_cake,ccka,ccka_lr0_2_lr0_01_lr0_01_optadam_epochs100_epochs0_001_epochs0_001_clusters8__rep1,9,0.8,tensor(0.0960, grad_fn=<SqueezeBackward0>),tensor(0.5474, grad_fn=<AddBackward0>),3200,299.357919216156,8,0.5,,20
double_cake,ccka,ccka_lr0_2_lr0_01_lr0_01_optadam_epochs100_epochs0_001_epochs0_001_clusters10__rep1,0,0.85,tensor(0.1056, grad_fn=<SqueezeBackward0>),tensor(0.6370, grad_fn=<AddBackward0>),400,283.3315210342407,10,0.5,,20
double_cake,ccka,ccka_lr0_1_lr0_01_lr0_01_optgd_epochs100_epochs0_001_epochs0_001_clusters2__rep1,0,0.9166666666666666,tensor(0.1928, grad_fn=<SqueezeBackward0>),tensor(0.6544, grad_fn=<AddBackward0>),80,82.58297109603882,2,0.5,,20
double_cake,ccka,ccka_lr0_1_lr0_01_lr0_01_optgd_epochs100_epochs0_001_epochs0_001_clusters2__rep1,1,0.9166666666666666,tensor(0.1765, grad_fn=<SqueezeBackward0>),tensor(0.8003, grad_fn=<AddBackward0>),160,82.78298926353455,2,0.5,,20
double_cake,ccka,ccka_lr0_1_lr0_01_lr0_01_optgd_epochs100_epochs0_001_epochs0_001_clusters4__rep1,0,0.9583333333333334,tensor(0.1998, grad_fn=<SqueezeBackward0>),tensor(1.0434, grad_fn=<AddBackward0>),160,81.03413105010986,4,0.5,,20
double_cake,ccka,ccka_lr0_2_lr0_01_lr0_01_optadam_epochs100_epochs0_001_epochs0_001_clusters10__rep1,1,0.875,tensor(0.0884, grad_fn=<SqueezeBackward0>),tensor(0.6335, grad_fn=<AddBackward0>),800,261.09867691993713,10,0.5,,20
double_cake,ccka,ccka_lr0_1_lr0_01_lr0_01_optgd_epochs100_epochs0_001_epochs0_001_clusters2__rep1,2,0.9583333333333334,tensor(0.1827, grad_fn=<SqueezeBackward0>),tensor(0.5284, grad_fn=<AddBackward0>),240,88.35630679130554,2,0.5,,20
double_cake,ccka,ccka_lr0_1_lr0_01_lr0_01_optgd_epochs100_epochs0_001_epochs0_001_clusters4__rep1,1,0.9583333333333334,tensor(0.1964, grad_fn=<SqueezeBackward0>),tensor(1.0034, grad_fn=<AddBackward0>),320,86.7777726650238,4,0.5,,20
double_cake,ccka,ccka_lr0_1_lr0_01_lr0_01_optgd_epochs100_epochs0_001_epochs0_001_clusters2__rep1,3,0.9583333333333334,tensor(0.1829, grad_fn=<SqueezeBackward0>),tensor(0.7346, grad_fn=<AddBackward0>),320,91.2309501171112,2,0.5,,20
double_cake,ccka,ccka_lr0_1_lr0_01_lr0_01_optgd_epochs100_epochs0_001_epochs0_001_clusters4__rep1,2,0.9583333333333334,tensor(0.1990, grad_fn=<SqueezeBackward0>),tensor(0.9911, grad_fn=<AddBackward0>),480,93.42817401885986,4,0.5,,20
double_cake,ccka,ccka_lr0_1_lr0_01_lr0_01_optgd_epochs100_epochs0_001_epochs0_001_clusters2__rep1,4,1.0,tensor(0.1849, grad_fn=<SqueezeBackward0>),tensor(0.5311, grad_fn=<AddBackward0>),400,88.51826190948486,2,0.5,,20
double_cake,ccka,ccka_lr0_1_lr0_01_lr0_01_optgd_epochs100_epochs0_001_epochs0_001_clusters4__rep1,3,0.9583333333333334,tensor(0.1990, grad_fn=<SqueezeBackward0>),tensor(0.9352, grad_fn=<AddBackward0>),640,85.5640001296997,4,0.5,,20
double_cake,ccka,ccka_lr0_2_lr0_01_lr0_01_optadam_epochs100_epochs0_001_epochs0_001_clusters10__rep1,2,0.925,tensor(0.0987, grad_fn=<SqueezeBackward0>),tensor(0.5291, grad_fn=<AddBackward0>),1200,273.0351791381836,10,0.5,,20
double_cake,ccka,ccka_lr0_1_lr0_01_lr0_01_optgd_epochs100_epochs0_001_epochs0_001_clusters2__rep1,5,1.0,tensor(0.1883, grad_fn=<SqueezeBackward0>),tensor(1.3019, grad_fn=<AddBackward0>),480,89.72568202018738,2,0.5,,20
double_cake,ccka,ccka_lr0_1_lr0_01_lr0_01_optgd_epochs100_epochs0_001_epochs0_001_clusters4__rep1,4,1.0,tensor(0.1937, grad_fn=<SqueezeBackward0>),tensor(0.9434, grad_fn=<AddBackward0>),800,87.4776508808136,4,0.5,,20
double_cake,ccka,ccka_lr0_1_lr0_01_lr0_01_optgd_epochs100_epochs0_001_epochs0_001_clusters2__rep1,6,1.0,tensor(0.1867, grad_fn=<SqueezeBackward0>),tensor(0.6011, grad_fn=<AddBackward0>),560,84.89110827445984,2,0.5,,20
double_cake,ccka,ccka_lr0_1_lr0_01_lr0_01_optgd_epochs100_epochs0_001_epochs0_001_clusters4__rep1,5,0.9583333333333334,tensor(0.1918, grad_fn=<SqueezeBackward0>),tensor(0.8903, grad_fn=<AddBackward0>),960,90.61307621002197,4,0.5,,20
double_cake,ccka,ccka_lr0_1_lr0_01_lr0_01_optgd_epochs100_epochs0_001_epochs0_001_clusters2__rep1,7,1.0,tensor(0.1870, grad_fn=<SqueezeBackward0>),tensor(1.6762, grad_fn=<AddBackward0>),640,89.35382795333862,2,0.5,,20
double_cake,ccka,ccka_lr0_1_lr0_01_lr0_01_optgd_epochs100_epochs0_001_epochs0_001_clusters4__rep1,6,0.9583333333333334,tensor(0.1851, grad_fn=<SqueezeBackward0>),tensor(0.9248, grad_fn=<AddBackward0>),1120,86.64861607551575,4,0.5,,20
double_cake,ccka,ccka_lr0_2_lr0_01_lr0_01_optadam_epochs100_epochs0_001_epochs0_001_clusters10__rep1,3,0.85,tensor(0.0804, grad_fn=<SqueezeBackward0>),tensor(0.6823, grad_fn=<AddBackward0>),1600,285.1897039413452,10,0.5,,20
double_cake,ccka,ccka_lr0_1_lr0_01_lr0_01_optgd_epochs100_epochs0_001_epochs0_001_clusters2__rep1,8,1.0,tensor(0.1876, grad_fn=<SqueezeBackward0>),tensor(0.5840, grad_fn=<AddBackward0>),720,90.05515384674072,2,0.5,,20
double_cake,ccka,ccka_lr0_1_lr0_01_lr0_01_optgd_epochs100_epochs0_001_epochs0_001_clusters4__rep1,7,0.9166666666666666,tensor(0.1839, grad_fn=<SqueezeBackward0>),tensor(0.9016, grad_fn=<AddBackward0>),1280,92.46519589424133,4,0.5,,20
double_cake,ccka,ccka_lr0_1_lr0_01_lr0_01_optgd_epochs100_epochs0_001_epochs0_001_clusters2__rep1,9,1.0,tensor(0.1863, grad_fn=<SqueezeBackward0>),tensor(1.6690, grad_fn=<AddBackward0>),800,92.03734874725342,2,0.5,,20
double_cake,ccka,ccka_lr0_1_lr0_01_lr0_01_optgd_epochs100_epochs0_001_epochs0_001_clusters4__rep1,8,0.9166666666666666,tensor(0.1826, grad_fn=<SqueezeBackward0>),tensor(0.9753, grad_fn=<AddBackward0>),1440,88.40024709701538,4,0.5,,20
double_cake,ccka,ccka_lr0_1_lr0_01_lr0_01_optgd_epochs100_epochs0_001_epochs0_001_clusters4__rep1,9,0.9166666666666666,tensor(0.1841, grad_fn=<SqueezeBackward0>),tensor(0.9377, grad_fn=<AddBackward0>),1600,87.49473404884338,4,0.5,,20
double_cake,ccka,ccka_lr0_2_lr0_01_lr0_01_optadam_epochs100_epochs0_001_epochs0_001_clusters10__rep1,4,0.8,tensor(0.0910, grad_fn=<SqueezeBackward0>),tensor(0.9220, grad_fn=<AddBackward0>),2000,273.89578080177307,10,0.5,,20
double_cake,ccka,ccka_lr0_1_lr0_01_lr0_01_optgd_epochs100_epochs0_001_epochs0_001_clusters6__rep1,0,0.9166666666666666,tensor(0.1950, grad_fn=<SqueezeBackward0>),tensor(0.9992, grad_fn=<AddBackward0>),240,80.98986601829529,6,0.5,,20
double_cake,ccka,ccka_lr0_1_lr0_01_lr0_01_optgd_epochs100_epochs0_001_epochs0_001_clusters6__rep1,1,0.9583333333333334,tensor(0.1889, grad_fn=<SqueezeBackward0>),tensor(1.1170, grad_fn=<AddBackward0>),480,87.90525102615356,6,0.5,,20
double_cake,ccka,ccka_lr0_1_lr0_01_lr0_01_optgd_epochs100_epochs0_001_epochs0_001_clusters8__rep1,0,0.9583333333333334,tensor(0.2081, grad_fn=<SqueezeBackward0>),tensor(1.0101, grad_fn=<AddBackward0>),320,85.50805878639221,8,0.5,,20
double_cake,ccka,ccka_lr0_1_lr0_01_lr0_01_optgd_epochs100_epochs0_001_epochs0_001_clusters6__rep1,2,0.9583333333333334,tensor(0.1971, grad_fn=<SqueezeBackward0>),tensor(0.9262, grad_fn=<AddBackward0>),720,89.79530811309814,6,0.5,,20
double_cake,ccka,ccka_lr0_2_lr0_01_lr0_01_optadam_epochs100_epochs0_001_epochs0_001_clusters10__rep1,5,0.875,tensor(0.1001, grad_fn=<SqueezeBackward0>),tensor(0.7645, grad_fn=<AddBackward0>),2400,262.59623098373413,10,0.5,,20
double_cake,ccka,ccka_lr0_1_lr0_01_lr0_01_optgd_epochs100_epochs0_001_epochs0_001_clusters8__rep1,1,0.9583333333333334,tensor(0.1968, grad_fn=<SqueezeBackward0>),tensor(1.1128, grad_fn=<AddBackward0>),640,91.56790900230408,8,0.5,,20
double_cake,ccka,ccka_lr0_1_lr0_01_lr0_01_optgd_epochs100_epochs0_001_epochs0_001_clusters6__rep1,3,1.0,tensor(0.2029, grad_fn=<SqueezeBackward0>),tensor(0.9720, grad_fn=<AddBackward0>),960,96.62284994125366,6,0.5,,20
double_cake,ccka,ccka_lr0_1_lr0_01_lr0_01_optgd_epochs100_epochs0_001_epochs0_001_clusters8__rep1,2,1.0,tensor(0.2088, grad_fn=<SqueezeBackward0>),tensor(0.9268, grad_fn=<AddBackward0>),960,95.02593207359314,8,0.5,,20
double_cake,ccka,ccka_lr0_1_lr0_01_lr0_01_optgd_epochs100_epochs0_001_epochs0_001_clusters6__rep1,4,1.0,tensor(0.2086, grad_fn=<SqueezeBackward0>),tensor(0.8605, grad_fn=<AddBackward0>),1200,93.18814206123352,6,0.5,,20
double_cake,ccka,ccka_lr0_1_lr0_01_lr0_01_optgd_epochs100_epochs0_001_epochs0_001_clusters8__rep1,3,1.0,tensor(0.1961, grad_fn=<SqueezeBackward0>),tensor(1.1520, grad_fn=<AddBackward0>),1280,87.9145359992981,8,0.5,,20
double_cake,ccka,ccka_lr0_1_lr0_01_lr0_01_optgd_epochs100_epochs0_001_epochs0_001_clusters6__rep1,5,1.0,tensor(0.2115, grad_fn=<SqueezeBackward0>),tensor(0.8872, grad_fn=<AddBackward0>),1440,92.84326601028442,6,0.5,,20
double_cake,ccka,ccka_lr0_1_lr0_01_lr0_01_optgd_epochs100_epochs0_001_epochs0_001_clusters8__rep1,4,1.0,tensor(0.2039, grad_fn=<SqueezeBackward0>),tensor(0.8924, grad_fn=<AddBackward0>),1600,93.56750106811523,8,0.5,,20
double_cake,ccka,ccka_lr0_2_lr0_01_lr0_01_optadam_epochs100_epochs0_001_epochs0_001_clusters10__rep1,6,0.825,tensor(0.0969, grad_fn=<SqueezeBackward0>),tensor(0.6930, grad_fn=<AddBackward0>),2800,298.1061370372772,10,0.5,,20
double_cake,ccka,ccka_lr0_1_lr0_01_lr0_01_optgd_epochs100_epochs0_001_epochs0_001_clusters6__rep1,6,1.0,tensor(0.2116, grad_fn=<SqueezeBackward0>),tensor(0.8153, grad_fn=<AddBackward0>),1680,95.40292191505432,6,0.5,,20
double_cake,ccka,ccka_lr0_1_lr0_01_lr0_01_optgd_epochs100_epochs0_001_epochs0_001_clusters8__rep1,5,1.0,tensor(0.2025, grad_fn=<SqueezeBackward0>),tensor(1.1267, grad_fn=<AddBackward0>),1920,99.62955713272095,8,0.5,,20
double_cake,ccka,ccka_lr0_1_lr0_01_lr0_01_optgd_epochs100_epochs0_001_epochs0_001_clusters6__rep1,7,0.9583333333333334,tensor(0.2070, grad_fn=<SqueezeBackward0>),tensor(0.8165, grad_fn=<AddBackward0>),1920,93.0111141204834,6,0.5,,20
double_cake,ccka,ccka_lr0_1_lr0_01_lr0_01_optgd_epochs100_epochs0_001_epochs0_001_clusters8__rep1,6,1.0,tensor(0.2071, grad_fn=<SqueezeBackward0>),tensor(0.8795, grad_fn=<AddBackward0>),2240,93.64509582519531,8,0.5,,20
double_cake,ccka,ccka_lr0_1_lr0_01_lr0_01_optgd_epochs100_epochs0_001_epochs0_001_clusters6__rep1,8,0.9583333333333334,tensor(0.2055, grad_fn=<SqueezeBackward0>),tensor(0.7795, grad_fn=<AddBackward0>),2160,90.64446425437927,6,0.5,,20
double_cake,ccka,ccka_lr0_1_lr0_01_lr0_01_optgd_epochs100_epochs0_001_epochs0_001_clusters8__rep1,7,1.0,tensor(0.2119, grad_fn=<SqueezeBackward0>),tensor(1.0657, grad_fn=<AddBackward0>),2560,88.64359283447266,8,0.5,,20
double_cake,ccka,ccka_lr0_2_lr0_01_lr0_01_optadam_epochs100_epochs0_001_epochs0_001_clusters10__rep1,7,0.875,tensor(0.0918, grad_fn=<SqueezeBackward0>),tensor(0.5850, grad_fn=<AddBackward0>),3200,299.07162404060364,10,0.5,,20
double_cake,ccka,ccka_lr0_1_lr0_01_lr0_01_optgd_epochs100_epochs0_001_epochs0_001_clusters6__rep1,9,1.0,tensor(0.1936, grad_fn=<SqueezeBackward0>),tensor(0.6908, grad_fn=<AddBackward0>),2400,94.69524693489075,6,0.5,,20
double_cake,ccka,ccka_lr0_1_lr0_01_lr0_01_optgd_epochs100_epochs0_001_epochs0_001_clusters8__rep1,8,1.0,tensor(0.2135, grad_fn=<SqueezeBackward0>),tensor(0.8662, grad_fn=<AddBackward0>),2880,90.54881262779236,8,0.5,,20
double_cake,ccka,ccka_lr0_1_lr0_01_lr0_01_optgd_epochs100_epochs0_001_epochs0_001_clusters8__rep1,9,1.0,tensor(0.2170, grad_fn=<SqueezeBackward0>),tensor(1.0025, grad_fn=<AddBackward0>),3200,93.74329614639282,8,0.5,,20
double_cake,ccka,ccka_lr0_2_lr0_01_lr0_01_optadam_epochs100_epochs0_001_epochs0_001_clusters10__rep1,8,0.85,tensor(0.0945, grad_fn=<SqueezeBackward0>),tensor(0.6340, grad_fn=<AddBackward0>),3600,271.9557340145111,10,0.5,,20
double_cake,ccka,ccka_lr0_1_lr0_01_lr0_01_optgd_epochs100_epochs0_001_epochs0_001_clusters10__rep1,0,0.9583333333333334,tensor(0.2020, grad_fn=<SqueezeBackward0>),tensor(0.8300, grad_fn=<AddBackward0>),400,82.74333477020264,10,0.5,,20
double_cake,ccka,ccka_lr0_1_lr0_01_lr0_01_optgd_epochs100_epochs0_001_epochs0_001_clusters10__rep1,1,0.9166666666666666,tensor(0.1922, grad_fn=<SqueezeBackward0>),tensor(1.1146, grad_fn=<AddBackward0>),800,92.37415504455566,10,0.5,,20
double_cake,ccka,ccka_lr0_2_lr0_01_lr0_01_optgd_epochs100_epochs0_001_epochs0_001_clusters2__rep1,0,0.9583333333333334,tensor(0.1965, grad_fn=<SqueezeBackward0>),tensor(0.5429, grad_fn=<AddBackward0>),80,86.17128801345825,2,0.5,,20
double_cake,ccka,ccka_lr0_1_lr0_01_lr0_01_optgd_epochs100_epochs0_001_epochs0_001_clusters10__rep1,2,0.9583333333333334,tensor(0.2009, grad_fn=<SqueezeBackward0>),tensor(0.7810, grad_fn=<AddBackward0>),1200,86.31145215034485,10,0.5,,20
double_cake,ccka,ccka_lr0_2_lr0_01_lr0_01_optgd_epochs100_epochs0_001_epochs0_001_clusters2__rep1,1,0.9583333333333334,tensor(0.1783, grad_fn=<SqueezeBackward0>),tensor(0.6807, grad_fn=<AddBackward0>),160,87.58948087692261,2,0.5,,20
double_cake,ccka,ccka_lr0_2_lr0_01_lr0_01_optadam_epochs100_epochs0_001_epochs0_001_clusters10__rep1,9,0.875,tensor(0.1063, grad_fn=<SqueezeBackward0>),tensor(0.6513, grad_fn=<AddBackward0>),4000,281.552099943161,10,0.5,,20
double_cake,ccka,ccka_lr0_2_lr0_01_lr0_01_optgd_epochs100_epochs0_001_epochs0_001_clusters2__rep1,2,1.0,tensor(0.1866, grad_fn=<SqueezeBackward0>),tensor(0.4616, grad_fn=<AddBackward0>),240,92.91070103645325,2,0.5,,20
double_cake,ccka,ccka_lr0_1_lr0_01_lr0_01_optgd_epochs100_epochs0_001_epochs0_001_clusters10__rep1,3,1.0,tensor(0.1901, grad_fn=<SqueezeBackward0>),tensor(1.0547, grad_fn=<AddBackward0>),1600,96.07193684577942,10,0.5,,20
double_cake,ccka,ccka_lr0_2_lr0_01_lr0_01_optgd_epochs100_epochs0_001_epochs0_001_clusters2__rep1,3,1.0,tensor(0.1953, grad_fn=<SqueezeBackward0>),tensor(0.6688, grad_fn=<AddBackward0>),320,83.83626008033752,2,0.5,,20
double_cake,ccka,ccka_lr0_1_lr0_01_lr0_01_optgd_epochs100_epochs0_001_epochs0_001_clusters10__rep1,4,1.0,tensor(0.1945, grad_fn=<SqueezeBackward0>),tensor(0.7514, grad_fn=<AddBackward0>),2000,89.00288224220276,10,0.5,,20
double_cake,ccka,ccka_lr0_2_lr0_01_lr0_01_optgd_epochs100_epochs0_001_epochs0_001_clusters2__rep1,4,1.0,tensor(0.1896, grad_fn=<SqueezeBackward0>),tensor(0.4960, grad_fn=<AddBackward0>),400,86.717200756073,2,0.5,,20
double_cake,ccka,ccka_lr0_1_lr0_01_lr0_01_optgd_epochs100_epochs0_001_epochs0_001_clusters10__rep1,5,1.0,tensor(0.1812, grad_fn=<SqueezeBackward0>),tensor(1.0572, grad_fn=<AddBackward0>),2400,86.6181001663208,10,0.5,,20
double_cake,ccka,ccka_lr0_2_lr0_01_lr0_01_optgd_epochs100_epochs0_001_epochs0_001_clusters2__rep1,5,1.0,tensor(0.1890, grad_fn=<SqueezeBackward0>),tensor(1.2809, grad_fn=<AddBackward0>),480,83.7040228843689,2,0.5,,20
double_cake,ccka,ccka_lr0_1_lr0_01_lr0_01_optgd_epochs100_epochs0_001_epochs0_001_clusters10__rep1,6,1.0,tensor(0.1826, grad_fn=<SqueezeBackward0>),tensor(0.7361, grad_fn=<AddBackward0>),2800,82.51074504852295,10,0.5,,20
double_cake,ccka,ccka_lr0_2_lr0_01_lr0_01_optgd_epochs100_epochs0_001_epochs0_001_clusters2__rep1,6,1.0,tensor(0.1909, grad_fn=<SqueezeBackward0>),tensor(0.5605, grad_fn=<AddBackward0>),560,74.38929009437561,2,0.5,,20
double_cake,ccka,ccka_lr0_1_lr0_01_lr0_01_optgd_epochs100_epochs0_001_epochs0_001_clusters10__rep1,7,1.0,tensor(0.1783, grad_fn=<SqueezeBackward0>),tensor(1.1516, grad_fn=<AddBackward0>),3200,80.26919889450073,10,0.5,,20
double_cake,ccka,ccka_lr0_2_lr0_01_lr0_01_optgd_epochs100_epochs0_001_epochs0_001_clusters4__rep1,0,0.9583333333333334,tensor(0.2043, grad_fn=<SqueezeBackward0>),tensor(0.9960, grad_fn=<AddBackward0>),160,78.9221248626709,4,0.5,,20
double_cake,ccka,ccka_lr0_2_lr0_01_lr0_01_optgd_epochs100_epochs0_001_epochs0_001_clusters2__rep1,7,1.0,tensor(0.1772, grad_fn=<SqueezeBackward0>),tensor(1.3816, grad_fn=<AddBackward0>),640,79.75770497322083,2,0.5,,20
double_cake,ccka,ccka_lr0_1_lr0_01_lr0_01_optgd_epochs100_epochs0_001_epochs0_001_clusters10__rep1,8,1.0,tensor(0.1781, grad_fn=<SqueezeBackward0>),tensor(0.7296, grad_fn=<AddBackward0>),3600,80.95585465431213,10,0.5,,20
double_cake,ccka,ccka_lr0_2_lr0_01_lr0_01_optgd_epochs100_epochs0_001_epochs0_001_clusters4__rep1,1,1.0,tensor(0.1991, grad_fn=<SqueezeBackward0>),tensor(0.9553, grad_fn=<AddBackward0>),320,80.96684122085571,4,0.5,,20
double_cake,ccka,ccka_lr0_2_lr0_01_lr0_01_optgd_epochs100_epochs0_001_epochs0_001_clusters2__rep1,8,1.0,tensor(0.1826, grad_fn=<SqueezeBackward0>),tensor(0.7443, grad_fn=<AddBackward0>),720,77.52019810676575,2,0.5,,20
double_cake,ccka,ccka_lr0_1_lr0_01_lr0_01_optgd_epochs100_epochs0_001_epochs0_001_clusters10__rep1,9,1.0,tensor(0.1825, grad_fn=<SqueezeBackward0>),tensor(1.2880, grad_fn=<AddBackward0>),4000,85.76748180389404,10,0.5,,20
double_cake,ccka,ccka_lr0_2_lr0_01_lr0_01_optgd_epochs100_epochs0_001_epochs0_001_clusters4__rep1,2,1.0,tensor(0.1930, grad_fn=<SqueezeBackward0>),tensor(0.9330, grad_fn=<AddBackward0>),480,81.05656385421753,4,0.5,,20
double_cake,ccka,ccka_lr0_2_lr0_01_lr0_01_optgd_epochs100_epochs0_001_epochs0_001_clusters2__rep1,9,1.0,tensor(0.1658, grad_fn=<SqueezeBackward0>),tensor(1.3279, grad_fn=<AddBackward0>),800,80.79972314834595,2,0.5,,20
double_cake,ccka,ccka_lr0_2_lr0_01_lr0_01_optgd_epochs100_epochs0_001_epochs0_001_clusters4__rep1,3,1.0,tensor(0.1916, grad_fn=<SqueezeBackward0>),tensor(0.8397, grad_fn=<AddBackward0>),640,78.73521900177002,4,0.5,,20
double_cake,ccka,ccka_lr0_2_lr0_01_lr0_01_optgd_epochs100_epochs0_001_epochs0_001_clusters4__rep1,4,1.0,tensor(0.1863, grad_fn=<SqueezeBackward0>),tensor(0.8877, grad_fn=<AddBackward0>),800,77.66363215446472,4,0.5,,20
double_cake,ccka,ccka_lr0_2_lr0_01_lr0_01_optgd_epochs100_epochs0_001_epochs0_001_clusters6__rep1,0,0.9583333333333334,tensor(0.2014, grad_fn=<SqueezeBackward0>),tensor(0.9093, grad_fn=<AddBackward0>),240,78.03195071220398,6,0.5,,20
double_cake,ccka,ccka_lr0_2_lr0_01_lr0_01_optgd_epochs100_epochs0_001_epochs0_001_clusters4__rep1,5,0.9583333333333334,tensor(0.1861, grad_fn=<SqueezeBackward0>),tensor(0.8218, grad_fn=<AddBackward0>),960,80.5868489742279,4,0.5,,20
double_cake,ccka,ccka_lr0_2_lr0_01_lr0_01_optgd_epochs100_epochs0_001_epochs0_001_clusters8__rep1,0,0.9583333333333334,tensor(0.2200, grad_fn=<SqueezeBackward0>),tensor(0.8964, grad_fn=<AddBackward0>),320,80.38277292251587,8,0.5,,20
double_cake,ccka,ccka_lr0_2_lr0_01_lr0_01_optgd_epochs100_epochs0_001_epochs0_001_clusters6__rep1,1,1.0,tensor(0.2041, grad_fn=<SqueezeBackward0>),tensor(1.0426, grad_fn=<AddBackward0>),480,80.51213216781616,6,0.5,,20
double_cake,ccka,ccka_lr0_2_lr0_01_lr0_01_optgd_epochs100_epochs0_001_epochs0_001_clusters4__rep1,6,1.0,tensor(0.1907, grad_fn=<SqueezeBackward0>),tensor(0.8977, grad_fn=<AddBackward0>),1120,79.25297379493713,4,0.5,,20
double_cake,ccka,ccka_lr0_2_lr0_01_lr0_01_optgd_epochs100_epochs0_001_epochs0_001_clusters8__rep1,1,1.0,tensor(0.1941, grad_fn=<SqueezeBackward0>),tensor(1.0863, grad_fn=<AddBackward0>),640,79.3368330001831,8,0.5,,20
double_cake,ccka,ccka_lr0_2_lr0_01_lr0_01_optgd_epochs100_epochs0_001_epochs0_001_clusters6__rep1,2,1.0,tensor(0.2166, grad_fn=<SqueezeBackward0>),tensor(0.8316, grad_fn=<AddBackward0>),720,78.50278401374817,6,0.5,,20
double_cake,ccka,ccka_lr0_2_lr0_01_lr0_01_optgd_epochs100_epochs0_001_epochs0_001_clusters4__rep1,7,0.9583333333333334,tensor(0.1921, grad_fn=<SqueezeBackward0>),tensor(0.8724, grad_fn=<AddBackward0>),1280,80.41556191444397,4,0.5,,20
double_cake,ccka,ccka_lr0_2_lr0_01_lr0_01_optgd_epochs100_epochs0_001_epochs0_001_clusters8__rep1,2,1.0,tensor(0.2091, grad_fn=<SqueezeBackward0>),tensor(0.8244, grad_fn=<AddBackward0>),960,84.8870599269867,8,0.5,,20
double_cake,ccka,ccka_lr0_2_lr0_01_lr0_01_optgd_epochs100_epochs0_001_epochs0_001_clusters6__rep1,3,1.0,tensor(0.2151, grad_fn=<SqueezeBackward0>),tensor(0.8980, grad_fn=<AddBackward0>),960,85.18265104293823,6,0.5,,20
double_cake,ccka,ccka_lr0_2_lr0_01_lr0_01_optgd_epochs100_epochs0_001_epochs0_001_clusters4__rep1,8,1.0,tensor(0.2053, grad_fn=<SqueezeBackward0>),tensor(0.9654, grad_fn=<AddBackward0>),1440,79.73802399635315,4,0.5,,20
double_cake,ccka,ccka_lr0_2_lr0_01_lr0_01_optgd_epochs100_epochs0_001_epochs0_001_clusters8__rep1,3,1.0,tensor(0.2013, grad_fn=<SqueezeBackward0>),tensor(1.0794, grad_fn=<AddBackward0>),1280,80.86189222335815,8,0.5,,20
double_cake,ccka,ccka_lr0_2_lr0_01_lr0_01_optgd_epochs100_epochs0_001_epochs0_001_clusters6__rep1,4,0.9583333333333334,tensor(0.2105, grad_fn=<SqueezeBackward0>),tensor(0.7956, grad_fn=<AddBackward0>),1200,83.2900459766388,6,0.5,,20
double_cake,ccka,ccka_lr0_2_lr0_01_lr0_01_optgd_epochs100_epochs0_001_epochs0_001_clusters4__rep1,9,1.0,tensor(0.2084, grad_fn=<SqueezeBackward0>),tensor(0.9109, grad_fn=<AddBackward0>),1600,83.96290612220764,4,0.5,,20
double_cake,ccka,ccka_lr0_2_lr0_01_lr0_01_optgd_epochs100_epochs0_001_epochs0_001_clusters8__rep1,4,1.0,tensor(0.2069, grad_fn=<SqueezeBackward0>),tensor(0.8233, grad_fn=<AddBackward0>),1600,81.7985348701477,8,0.5,,20
double_cake,ccka,ccka_lr0_2_lr0_01_lr0_01_optgd_epochs100_epochs0_001_epochs0_001_clusters6__rep1,5,0.9583333333333334,tensor(0.2043, grad_fn=<SqueezeBackward0>),tensor(0.8122, grad_fn=<AddBackward0>),1440,82.58689308166504,6,0.5,,20
double_cake,ccka,ccka_lr0_2_lr0_01_lr0_01_optgd_epochs100_epochs0_001_epochs0_001_clusters8__rep1,5,1.0,tensor(0.2149, grad_fn=<SqueezeBackward0>),tensor(1.0223, grad_fn=<AddBackward0>),1920,81.33188700675964,8,0.5,,20
double_cake,ccka,ccka_lr0_2_lr0_01_lr0_01_optgd_epochs100_epochs0_001_epochs0_001_clusters6__rep1,6,1.0,tensor(0.1998, grad_fn=<SqueezeBackward0>),tensor(0.7678, grad_fn=<AddBackward0>),1680,79.47323489189148,6,0.5,,20
double_cake,ccka,ccka_lr0_2_lr0_01_lr0_01_optgd_epochs100_epochs0_001_epochs0_001_clusters8__rep1,6,1.0,tensor(0.2147, grad_fn=<SqueezeBackward0>),tensor(0.8124, grad_fn=<AddBackward0>),2240,80.52371215820312,8,0.5,,20
double_cake,ccka,ccka_lr0_2_lr0_01_lr0_01_optgd_epochs100_epochs0_001_epochs0_001_clusters6__rep1,7,1.0,tensor(0.1950, grad_fn=<SqueezeBackward0>),tensor(0.6944, grad_fn=<AddBackward0>),1920,78.70585298538208,6,0.5,,20
double_cake,ccka,ccka_lr0_2_lr0_01_lr0_01_optgd_epochs100_epochs0_001_epochs0_001_clusters10__rep1,0,0.9583333333333334,tensor(0.2064, grad_fn=<SqueezeBackward0>),tensor(0.7916, grad_fn=<AddBackward0>),400,79.70388102531433,10,0.5,,20
double_cake,ccka,ccka_lr0_2_lr0_01_lr0_01_optgd_epochs100_epochs0_001_epochs0_001_clusters8__rep1,7,1.0,tensor(0.2199, grad_fn=<SqueezeBackward0>),tensor(0.9675, grad_fn=<AddBackward0>),2560,84.68125796318054,8,0.5,,20
double_cake,ccka,ccka_lr0_2_lr0_01_lr0_01_optgd_epochs100_epochs0_001_epochs0_001_clusters6__rep1,8,1.0,tensor(0.1912, grad_fn=<SqueezeBackward0>),tensor(0.7343, grad_fn=<AddBackward0>),2160,81.87292218208313,6,0.5,,20
double_cake,ccka,ccka_lr0_2_lr0_01_lr0_01_optgd_epochs100_epochs0_001_epochs0_001_clusters10__rep1,1,1.0,tensor(0.1886, grad_fn=<SqueezeBackward0>),tensor(1.0360, grad_fn=<AddBackward0>),800,84.69402384757996,10,0.5,,20
double_cake,ccka,ccka_lr0_2_lr0_01_lr0_01_optgd_epochs100_epochs0_001_epochs0_001_clusters8__rep1,8,1.0,tensor(0.2170, grad_fn=<SqueezeBackward0>),tensor(0.7888, grad_fn=<AddBackward0>),2880,80.87397289276123,8,0.5,,20
double_cake,ccka,ccka_lr0_2_lr0_01_lr0_01_optgd_epochs100_epochs0_001_epochs0_001_clusters6__rep1,9,1.0,tensor(0.1837, grad_fn=<SqueezeBackward0>),tensor(0.5820, grad_fn=<AddBackward0>),2400,82.35226607322693,6,0.5,,20
double_cake,ccka,ccka_lr0_2_lr0_01_lr0_01_optgd_epochs100_epochs0_001_epochs0_001_clusters10__rep1,2,1.0,tensor(0.1943, grad_fn=<SqueezeBackward0>),tensor(0.7487, grad_fn=<AddBackward0>),1200,78.77253317832947,10,0.5,,20
double_cake,ccka,ccka_lr0_2_lr0_01_lr0_01_optgd_epochs100_epochs0_001_epochs0_001_clusters8__rep1,9,1.0,tensor(0.2232, grad_fn=<SqueezeBackward0>),tensor(0.9121, grad_fn=<AddBackward0>),3200,82.1117250919342,8,0.5,,20
double_cake,ccka,ccka_lr0_2_lr0_01_lr0_01_optgd_epochs100_epochs0_001_epochs0_001_clusters10__rep1,3,1.0,tensor(0.1695, grad_fn=<SqueezeBackward0>),tensor(0.9295, grad_fn=<AddBackward0>),1600,83.47623300552368,10,0.5,,20
double_cake,ccka,ccka_lr0_2_lr0_01_lr0_01_optgd_epochs100_epochs0_001_epochs0_001_clusters10__rep1,4,1.0,tensor(0.1687, grad_fn=<SqueezeBackward0>),tensor(0.7311, grad_fn=<AddBackward0>),2000,82.06136703491211,10,0.5,,20
double_cake,ccka,ccka_lr0_2_lr0_01_lr0_01_optgd_epochs100_epochs0_001_epochs0_001_clusters10__rep1,5,1.0,tensor(0.1651, grad_fn=<SqueezeBackward0>),tensor(0.9297, grad_fn=<AddBackward0>),2400,82.72053289413452,10,0.5,,20
double_cake,ccka,ccka_lr0_2_lr0_01_lr0_01_optgd_epochs100_epochs0_001_epochs0_001_clusters10__rep1,6,1.0,tensor(0.1646, grad_fn=<SqueezeBackward0>),tensor(0.7183, grad_fn=<AddBackward0>),2800,83.76431107521057,10,0.5,,20
double_cake,ccka,ccka_lr0_1_lr0_01_lr0_01_optgd_epochs100_epochs0_001_epochs0_001_clusters2__rep1,0,0.8888888888888888,tensor(0.1681, grad_fn=<SqueezeBackward0>),tensor(0.4495, grad_fn=<AddBackward0>),80,195.6943118572235,2,0.5,,20
double_cake,ccka,ccka_lr0_2_lr0_01_lr0_01_optgd_epochs100_epochs0_001_epochs0_001_clusters10__rep1,7,1.0,tensor(0.1738, grad_fn=<SqueezeBackward0>),tensor(1.1170, grad_fn=<AddBackward0>),3200,89.08264803886414,10,0.5,,20
double_cake,ccka,ccka_lr0_1_lr0_01_lr0_01_optgd_epochs100_epochs0_001_epochs0_001_clusters4__rep1,0,0.8888888888888888,tensor(0.1684, grad_fn=<SqueezeBackward0>),tensor(0.4815, grad_fn=<AddBackward0>),160,201.56069707870483,4,0.5,,20
double_cake,ccka,ccka_lr0_2_lr0_01_lr0_01_optgd_epochs100_epochs0_001_epochs0_001_clusters10__rep1,8,0.9583333333333334,tensor(0.1717, grad_fn=<SqueezeBackward0>),tensor(0.7104, grad_fn=<AddBackward0>),3600,93.85418391227722,10,0.5,,20
double_cake,ccka,ccka_lr0_2_lr0_01_lr0_01_optgd_epochs100_epochs0_001_epochs0_001_clusters10__rep1,9,1.0,tensor(0.1835, grad_fn=<SqueezeBackward0>),tensor(1.2937, grad_fn=<AddBackward0>),4000,108.51710796356201,10,0.5,,20
double_cake,ccka,ccka_lr0_1_lr0_01_lr0_01_optgd_epochs100_epochs0_001_epochs0_001_clusters2__rep1,1,0.8888888888888888,tensor(0.1669, grad_fn=<SqueezeBackward0>),tensor(0.4464, grad_fn=<AddBackward0>),160,241.32377910614014,2,0.5,,20
double_cake,ccka,ccka_lr0_1_lr0_01_lr0_01_optgd_epochs100_epochs0_001_epochs0_001_clusters4__rep1,1,0.9166666666666666,tensor(0.1648, grad_fn=<SqueezeBackward0>),tensor(0.4744, grad_fn=<AddBackward0>),320,247.89997005462646,4,0.5,,20
double_cake,ccka,ccka_lr0_1_lr0_01_lr0_01_optgd_epochs100_epochs0_001_epochs0_001_clusters2__rep1,2,0.8888888888888888,tensor(0.1662, grad_fn=<SqueezeBackward0>),tensor(0.4471, grad_fn=<AddBackward0>),240,230.08995509147644,2,0.5,,20
double_cake,ccka,ccka_lr0_1_lr0_01_lr0_01_optgd_epochs100_epochs0_001_epochs0_001_clusters4__rep1,2,0.9166666666666666,tensor(0.1653, grad_fn=<SqueezeBackward0>),tensor(0.4846, grad_fn=<AddBackward0>),480,243.39397501945496,4,0.5,,20
double_cake,ccka,ccka_lr0_1_lr0_01_lr0_01_optgd_epochs100_epochs0_001_epochs0_001_clusters2__rep1,3,0.8888888888888888,tensor(0.1659, grad_fn=<SqueezeBackward0>),tensor(0.4449, grad_fn=<AddBackward0>),320,259.48626494407654,2,0.5,,20
double_cake,ccka,ccka_lr0_1_lr0_01_lr0_01_optgd_epochs100_epochs0_001_epochs0_001_clusters6__rep1,0,0.9166666666666666,tensor(0.1713, grad_fn=<SqueezeBackward0>),tensor(0.6081, grad_fn=<AddBackward0>),240,236.41911101341248,6,0.5,,20
double_cake,ccka,ccka_lr0_1_lr0_01_lr0_01_optgd_epochs100_epochs0_001_epochs0_001_clusters4__rep1,3,0.9444444444444444,tensor(0.1648, grad_fn=<SqueezeBackward0>),tensor(0.4701, grad_fn=<AddBackward0>),640,257.4969131946564,4,0.5,,20
double_cake,ccka,ccka_lr0_1_lr0_01_lr0_01_optgd_epochs100_epochs0_001_epochs0_001_clusters2__rep1,4,0.8888888888888888,tensor(0.1655, grad_fn=<SqueezeBackward0>),tensor(0.4452, grad_fn=<AddBackward0>),400,259.1326460838318,2,0.5,,20
double_cake,ccka,ccka_lr0_1_lr0_01_lr0_01_optgd_epochs100_epochs0_001_epochs0_001_clusters6__rep1,1,0.9166666666666666,tensor(0.1651, grad_fn=<SqueezeBackward0>),tensor(0.5153, grad_fn=<AddBackward0>),480,269.84158515930176,6,0.5,,20
double_cake,ccka,ccka_lr0_1_lr0_01_lr0_01_optgd_epochs100_epochs0_001_epochs0_001_clusters4__rep1,4,0.9722222222222222,tensor(0.1662, grad_fn=<SqueezeBackward0>),tensor(0.4891, grad_fn=<AddBackward0>),800,268.1974468231201,4,0.5,,20
double_cake,ccka,ccka_lr0_1_lr0_01_lr0_01_optgd_epochs100_epochs0_001_epochs0_001_clusters2__rep1,5,0.9166666666666666,tensor(0.1655, grad_fn=<SqueezeBackward0>),tensor(0.4436, grad_fn=<AddBackward0>),480,277.96995401382446,2,0.5,,20
double_cake,ccka,ccka_lr0_1_lr0_01_lr0_01_optgd_epochs100_epochs0_001_epochs0_001_clusters6__rep1,2,0.9444444444444444,tensor(0.1650, grad_fn=<SqueezeBackward0>),tensor(0.5806, grad_fn=<AddBackward0>),720,271.6349530220032,6,0.5,,20
double_cake,ccka,ccka_lr0_1_lr0_01_lr0_01_optgd_epochs100_epochs0_001_epochs0_001_clusters4__rep1,5,0.9722222222222222,tensor(0.1669, grad_fn=<SqueezeBackward0>),tensor(0.4673, grad_fn=<AddBackward0>),960,255.73703908920288,4,0.5,,20
double_cake,ccka,ccka_lr0_1_lr0_01_lr0_01_optgd_epochs100_epochs0_001_epochs0_001_clusters2__rep1,6,0.9166666666666666,tensor(0.1652, grad_fn=<SqueezeBackward0>),tensor(0.4436, grad_fn=<AddBackward0>),560,273.6638343334198,2,0.5,,20
double_cake,ccka,ccka_lr0_1_lr0_01_lr0_01_optgd_epochs100_epochs0_001_epochs0_001_clusters6__rep1,3,0.9444444444444444,tensor(0.1613, grad_fn=<SqueezeBackward0>),tensor(0.4982, grad_fn=<AddBackward0>),960,262.22662901878357,6,0.5,,20
double_cake,ccka,ccka_lr0_1_lr0_01_lr0_01_optgd_epochs100_epochs0_001_epochs0_001_clusters4__rep1,6,0.9722222222222222,tensor(0.1696, grad_fn=<SqueezeBackward0>),tensor(0.4953, grad_fn=<AddBackward0>),1120,279.3409070968628,4,0.5,,20
double_cake,ccka,ccka_lr0_1_lr0_01_lr0_01_optgd_epochs100_epochs0_001_epochs0_001_clusters2__rep1,7,0.9166666666666666,tensor(0.1654, grad_fn=<SqueezeBackward0>),tensor(0.4424, grad_fn=<AddBackward0>),640,260.1565628051758,2,0.5,,20
double_cake,ccka,ccka_lr0_1_lr0_01_lr0_01_optgd_epochs100_epochs0_001_epochs0_001_clusters6__rep1,4,0.9722222222222222,tensor(0.1620, grad_fn=<SqueezeBackward0>),tensor(0.5697, grad_fn=<AddBackward0>),1200,268.02660393714905,6,0.5,,20
double_cake,ccka,ccka_lr0_1_lr0_01_lr0_01_optgd_epochs100_epochs0_001_epochs0_001_clusters4__rep1,7,1.0,tensor(0.1705, grad_fn=<SqueezeBackward0>),tensor(0.4649, grad_fn=<AddBackward0>),1280,255.7354440689087,4,0.5,,20
double_cake,ccka,ccka_lr0_1_lr0_01_lr0_01_optgd_epochs100_epochs0_001_epochs0_001_clusters2__rep1,8,0.9166666666666666,tensor(0.1652, grad_fn=<SqueezeBackward0>),tensor(0.4420, grad_fn=<AddBackward0>),720,269.09077620506287,2,0.5,,20
double_cake,ccka,ccka_lr0_1_lr0_01_lr0_01_optgd_epochs100_epochs0_001_epochs0_001_clusters6__rep1,5,0.9722222222222222,tensor(0.1597, grad_fn=<SqueezeBackward0>),tensor(0.4866, grad_fn=<AddBackward0>),1440,279.7606301307678,6,0.5,,20
double_cake,ccka,ccka_lr0_1_lr0_01_lr0_01_optgd_epochs100_epochs0_001_epochs0_001_clusters4__rep1,8,1.0,tensor(0.1751, grad_fn=<SqueezeBackward0>),tensor(0.5053, grad_fn=<AddBackward0>),1440,275.67092728614807,4,0.5,,20
double_cake,ccka,ccka_lr0_1_lr0_01_lr0_01_optgd_epochs100_epochs0_001_epochs0_001_clusters2__rep1,9,0.9166666666666666,tensor(0.1655, grad_fn=<SqueezeBackward0>),tensor(0.4412, grad_fn=<AddBackward0>),800,268.5843577384949,2,0.5,,20
double_cake,ccka,ccka_lr0_1_lr0_01_lr0_01_optgd_epochs100_epochs0_001_epochs0_001_clusters6__rep1,6,1.0,tensor(0.1627, grad_fn=<SqueezeBackward0>),tensor(0.5851, grad_fn=<AddBackward0>),1680,257.47153782844543,6,0.5,,20
double_cake,ccka,ccka_lr0_1_lr0_01_lr0_01_optgd_epochs100_epochs0_001_epochs0_001_clusters4__rep1,9,1.0,tensor(0.1755, grad_fn=<SqueezeBackward0>),tensor(0.4629, grad_fn=<AddBackward0>),1600,256.33060097694397,4,0.5,,20
double_cake,ccka,ccka_lr0_1_lr0_01_lr0_01_optgd_epochs100_epochs0_001_epochs0_001_clusters6__rep1,7,1.0,tensor(0.1602, grad_fn=<SqueezeBackward0>),tensor(0.4790, grad_fn=<AddBackward0>),1920,231.1708390712738,6,0.5,,20
double_cake,ccka,ccka_lr0_1_lr0_01_lr0_01_optgd_epochs100_epochs0_001_epochs0_001_clusters6__rep1,8,1.0,tensor(0.1663, grad_fn=<SqueezeBackward0>),tensor(0.6791, grad_fn=<AddBackward0>),2160,204.77002692222595,6,0.5,,20
double_cake,ccka,ccka_lr0_1_lr0_01_lr0_01_optgd_epochs100_epochs0_001_epochs0_001_clusters8__rep1,0,0.9166666666666666,tensor(0.1639, grad_fn=<SqueezeBackward0>),tensor(0.6712, grad_fn=<AddBackward0>),320,217.14380812644958,8,0.5,,20
double_cake,ccka,ccka_lr0_1_lr0_01_lr0_01_optgd_epochs100_epochs0_001_epochs0_001_clusters6__rep1,9,1.0,tensor(0.1628, grad_fn=<SqueezeBackward0>),tensor(0.4757, grad_fn=<AddBackward0>),2400,246.22850513458252,6,0.5,,20
double_cake,ccka,ccka_lr0_1_lr0_01_lr0_01_optgd_epochs100_epochs0_001_epochs0_001_clusters10__rep1,0,0.8888888888888888,tensor(0.1659, grad_fn=<SqueezeBackward0>),tensor(0.7062, grad_fn=<AddBackward0>),400,223.29812717437744,10,0.5,,20
double_cake,ccka,ccka_lr0_1_lr0_01_lr0_01_optgd_epochs100_epochs0_001_epochs0_001_clusters8__rep1,1,0.9444444444444444,tensor(0.1598, grad_fn=<SqueezeBackward0>),tensor(0.5843, grad_fn=<AddBackward0>),640,254.55711269378662,8,0.5,,20
double_cake,ccka,ccka_lr0_1_lr0_01_lr0_01_optgd_epochs100_epochs0_001_epochs0_001_clusters10__rep1,1,0.9444444444444444,tensor(0.1672, grad_fn=<SqueezeBackward0>),tensor(0.6688, grad_fn=<AddBackward0>),800,246.63793110847473,10,0.5,,20
double_cake,ccka,ccka_lr0_1_lr0_01_lr0_01_optgd_epochs100_epochs0_001_epochs0_001_clusters8__rep1,2,1.0,tensor(0.1585, grad_fn=<SqueezeBackward0>),tensor(0.6235, grad_fn=<AddBackward0>),960,238.80578017234802,8,0.5,,20
double_cake,ccka,ccka_lr0_1_lr0_01_lr0_01_optgd_epochs100_epochs0_001_epochs0_001_clusters10__rep1,2,0.9166666666666666,tensor(0.1631, grad_fn=<SqueezeBackward0>),tensor(0.6868, grad_fn=<AddBackward0>),1200,236.35500693321228,10,0.5,,20
double_cake,ccka,ccka_lr0_2_lr0_01_lr0_01_optgd_epochs100_epochs0_001_epochs0_001_clusters2__rep1,0,0.8888888888888888,tensor(0.1669, grad_fn=<SqueezeBackward0>),tensor(0.4485, grad_fn=<AddBackward0>),80,277.1500871181488,2,0.5,,20
double_cake,ccka,ccka_lr0_1_lr0_01_lr0_01_optgd_epochs100_epochs0_001_epochs0_001_clusters8__rep1,3,1.0,tensor(0.1593, grad_fn=<SqueezeBackward0>),tensor(0.5517, grad_fn=<AddBackward0>),1280,315.34958481788635,8,0.5,,20
double_cake,ccka,ccka_lr0_1_lr0_01_lr0_01_optgd_epochs100_epochs0_001_epochs0_001_clusters10__rep1,3,1.0,tensor(0.1665, grad_fn=<SqueezeBackward0>),tensor(0.6329, grad_fn=<AddBackward0>),1600,325.5439360141754,10,0.5,,20
double_cake,ccka,ccka_lr0_2_lr0_01_lr0_01_optgd_epochs100_epochs0_001_epochs0_001_clusters2__rep1,1,0.8888888888888888,tensor(0.1658, grad_fn=<SqueezeBackward0>),tensor(0.4450, grad_fn=<AddBackward0>),160,281.0357539653778,2,0.5,,20
double_cake,ccka,ccka_lr0_1_lr0_01_lr0_01_optgd_epochs100_epochs0_001_epochs0_001_clusters8__rep1,4,1.0,tensor(0.1638, grad_fn=<SqueezeBackward0>),tensor(0.5948, grad_fn=<AddBackward0>),1600,310.6641869544983,8,0.5,,20
double_cake,ccka,ccka_lr0_1_lr0_01_lr0_01_optgd_epochs100_epochs0_001_epochs0_001_clusters10__rep1,4,0.9722222222222222,tensor(0.1632, grad_fn=<SqueezeBackward0>),tensor(0.6834, grad_fn=<AddBackward0>),2000,320.09309101104736,10,0.5,,20
double_cake,ccka,ccka_lr0_2_lr0_01_lr0_01_optgd_epochs100_epochs0_001_epochs0_001_clusters2__rep1,2,0.8888888888888888,tensor(0.1654, grad_fn=<SqueezeBackward0>),tensor(0.4452, grad_fn=<AddBackward0>),240,327.7832088470459,2,0.5,,20
double_cake,ccka,ccka_lr0_1_lr0_01_lr0_01_optgd_epochs100_epochs0_001_epochs0_001_clusters8__rep1,5,1.0,tensor(0.1647, grad_fn=<SqueezeBackward0>),tensor(0.5321, grad_fn=<AddBackward0>),1920,301.38033294677734,8,0.5,,20
double_cake,ccka,ccka_lr0_1_lr0_01_lr0_01_optgd_epochs100_epochs0_001_epochs0_001_clusters10__rep1,5,1.0,tensor(0.1685, grad_fn=<SqueezeBackward0>),tensor(0.6120, grad_fn=<AddBackward0>),2400,290.2035129070282,10,0.5,,20
double_cake,ccka,ccka_lr0_2_lr0_01_lr0_01_optgd_epochs100_epochs0_001_epochs0_001_clusters2__rep1,3,0.9166666666666666,tensor(0.1653, grad_fn=<SqueezeBackward0>),tensor(0.4425, grad_fn=<AddBackward0>),320,295.0370981693268,2,0.5,,20
double_cake,ccka,ccka_lr0_1_lr0_01_lr0_01_optgd_epochs100_epochs0_001_epochs0_001_clusters8__rep1,6,1.0,tensor(0.1723, grad_fn=<SqueezeBackward0>),tensor(0.5864, grad_fn=<AddBackward0>),2240,319.5267572402954,8,0.5,,20
double_cake,ccka,ccka_lr0_1_lr0_01_lr0_01_optgd_epochs100_epochs0_001_epochs0_001_clusters10__rep1,6,1.0,tensor(0.1679, grad_fn=<SqueezeBackward0>),tensor(0.6912, grad_fn=<AddBackward0>),2800,326.1567018032074,10,0.5,,20
double_cake,ccka,ccka_lr0_2_lr0_01_lr0_01_optgd_epochs100_epochs0_001_epochs0_001_clusters2__rep1,4,0.9166666666666666,tensor(0.1652, grad_fn=<SqueezeBackward0>),tensor(0.4423, grad_fn=<AddBackward0>),400,315.6145820617676,2,0.5,,20
double_cake,ccka,ccka_lr0_1_lr0_01_lr0_01_optgd_epochs100_epochs0_001_epochs0_001_clusters8__rep1,7,1.0,tensor(0.1713, grad_fn=<SqueezeBackward0>),tensor(0.5210, grad_fn=<AddBackward0>),2560,330.928612947464,8,0.5,,20
double_cake,ccka,ccka_lr0_1_lr0_01_lr0_01_optgd_epochs100_epochs0_001_epochs0_001_clusters10__rep1,7,0.9722222222222222,tensor(0.1744, grad_fn=<SqueezeBackward0>),tensor(0.6027, grad_fn=<AddBackward0>),3200,328.2731201648712,10,0.5,,20
double_cake,ccka,ccka_lr0_2_lr0_01_lr0_01_optgd_epochs100_epochs0_001_epochs0_001_clusters2__rep1,5,0.9166666666666666,tensor(0.1654, grad_fn=<SqueezeBackward0>),tensor(0.4401, grad_fn=<AddBackward0>),480,358.1777021884918,2,0.5,,20
double_cake,ccka,ccka_lr0_1_lr0_01_lr0_01_optgd_epochs100_epochs0_001_epochs0_001_clusters8__rep1,8,1.0,tensor(0.1790, grad_fn=<SqueezeBackward0>),tensor(0.6204, grad_fn=<AddBackward0>),2880,338.7545499801636,8,0.5,,20
double_cake,ccka,ccka_lr0_1_lr0_01_lr0_01_optgd_epochs100_epochs0_001_epochs0_001_clusters10__rep1,8,0.9722222222222222,tensor(0.1744, grad_fn=<SqueezeBackward0>),tensor(0.7201, grad_fn=<AddBackward0>),3600,338.07974791526794,10,0.5,,20
double_cake,ccka,ccka_lr0_2_lr0_01_lr0_01_optgd_epochs100_epochs0_001_epochs0_001_clusters2__rep1,6,0.9166666666666666,tensor(0.1654, grad_fn=<SqueezeBackward0>),tensor(0.4396, grad_fn=<AddBackward0>),560,283.7218658924103,2,0.5,,20
double_cake,ccka,ccka_lr0_1_lr0_01_lr0_01_optgd_epochs100_epochs0_001_epochs0_001_clusters8__rep1,9,1.0,tensor(0.1770, grad_fn=<SqueezeBackward0>),tensor(0.5183, grad_fn=<AddBackward0>),3200,321.29002380371094,8,0.5,,20
double_cake,ccka,ccka_lr0_1_lr0_01_lr0_01_optgd_epochs100_epochs0_001_epochs0_001_clusters10__rep1,9,0.9722222222222222,tensor(0.1797, grad_fn=<SqueezeBackward0>),tensor(0.6084, grad_fn=<AddBackward0>),4000,286.1182310581207,10,0.5,,20
double_cake,ccka,ccka_lr0_2_lr0_01_lr0_01_optgd_epochs100_epochs0_001_epochs0_001_clusters2__rep1,7,0.9166666666666666,tensor(0.1658, grad_fn=<SqueezeBackward0>),tensor(0.4378, grad_fn=<AddBackward0>),640,274.56620383262634,2,0.5,,20
double_cake,ccka,ccka_lr0_2_lr0_01_lr0_01_optgd_epochs100_epochs0_001_epochs0_001_clusters2__rep1,8,0.9166666666666666,tensor(0.1659, grad_fn=<SqueezeBackward0>),tensor(0.4370, grad_fn=<AddBackward0>),720,245.07714319229126,2,0.5,,20
double_cake,ccka,ccka_lr0_2_lr0_01_lr0_01_optgd_epochs100_epochs0_001_epochs0_001_clusters2__rep1,9,0.9444444444444444,tensor(0.1665, grad_fn=<SqueezeBackward0>),tensor(0.4355, grad_fn=<AddBackward0>),800,288.1015501022339,2,0.5,,20
double_cake,ccka,ccka_lr0_2_lr0_01_lr0_01_optgd_epochs100_epochs0_001_epochs0_001_clusters4__rep1,0,0.9166666666666666,tensor(0.1682, grad_fn=<SqueezeBackward0>),tensor(0.4786, grad_fn=<AddBackward0>),160,271.18972420692444,4,0.5,,20
double_cake,ccka,ccka_lr0_2_lr0_01_lr0_01_optgd_epochs100_epochs0_001_epochs0_001_clusters6__rep1,0,0.9166666666666666,tensor(0.1717, grad_fn=<SqueezeBackward0>),tensor(0.5928, grad_fn=<AddBackward0>),240,265.3983750343323,6,0.5,,20
double_cake,ccka,ccka_lr0_2_lr0_01_lr0_01_optgd_epochs100_epochs0_001_epochs0_001_clusters4__rep1,1,0.9166666666666666,tensor(0.1648, grad_fn=<SqueezeBackward0>),tensor(0.4694, grad_fn=<AddBackward0>),320,290.3164460659027,4,0.5,,20
double_cake,ccka,ccka_lr0_2_lr0_01_lr0_01_optgd_epochs100_epochs0_001_epochs0_001_clusters6__rep1,1,0.9444444444444444,tensor(0.1618, grad_fn=<SqueezeBackward0>),tensor(0.5082, grad_fn=<AddBackward0>),480,293.2002491950989,6,0.5,,20
double_cake,ccka,ccka_lr0_2_lr0_01_lr0_01_optgd_epochs100_epochs0_001_epochs0_001_clusters4__rep1,2,0.9722222222222222,tensor(0.1683, grad_fn=<SqueezeBackward0>),tensor(0.4782, grad_fn=<AddBackward0>),480,302.8401939868927,4,0.5,,20
double_cake,ccka,ccka_lr0_2_lr0_01_lr0_01_optgd_epochs100_epochs0_001_epochs0_001_clusters6__rep1,2,1.0,tensor(0.1641, grad_fn=<SqueezeBackward0>),tensor(0.5604, grad_fn=<AddBackward0>),720,318.8352692127228,6,0.5,,20
double_cake,ccka,ccka_lr0_2_lr0_01_lr0_01_optgd_epochs100_epochs0_001_epochs0_001_clusters8__rep1,0,0.9444444444444444,tensor(0.1597, grad_fn=<SqueezeBackward0>),tensor(0.6524, grad_fn=<AddBackward0>),320,303.0122158527374,8,0.5,,20
double_cake,ccka,ccka_lr0_2_lr0_01_lr0_01_optgd_epochs100_epochs0_001_epochs0_001_clusters4__rep1,3,0.9722222222222222,tensor(0.1687, grad_fn=<SqueezeBackward0>),tensor(0.4632, grad_fn=<AddBackward0>),640,347.26743507385254,4,0.5,,20
double_cake,ccka,ccka_lr0_2_lr0_01_lr0_01_optgd_epochs100_epochs0_001_epochs0_001_clusters6__rep1,3,1.0,tensor(0.1590, grad_fn=<SqueezeBackward0>),tensor(0.4901, grad_fn=<AddBackward0>),960,333.5532810688019,6,0.5,,20
double_cake,ccka,ccka_lr0_2_lr0_01_lr0_01_optgd_epochs100_epochs0_001_epochs0_001_clusters8__rep1,1,1.0,tensor(0.1589, grad_fn=<SqueezeBackward0>),tensor(0.5667, grad_fn=<AddBackward0>),640,308.53731989860535,8,0.5,,20
double_cake,ccka,ccka_lr0_2_lr0_01_lr0_01_optgd_epochs100_epochs0_001_epochs0_001_clusters4__rep1,4,1.0,tensor(0.1729, grad_fn=<SqueezeBackward0>),tensor(0.4778, grad_fn=<AddBackward0>),800,331.25521421432495,4,0.5,,20
double_cake,ccka,ccka_lr0_2_lr0_01_lr0_01_optgd_epochs100_epochs0_001_epochs0_001_clusters6__rep1,4,1.0,tensor(0.1634, grad_fn=<SqueezeBackward0>),tensor(0.5510, grad_fn=<AddBackward0>),1200,329.75649309158325,6,0.5,,20
double_cake,ccka,ccka_lr0_2_lr0_01_lr0_01_optgd_epochs100_epochs0_001_epochs0_001_clusters8__rep1,2,1.0,tensor(0.1636, grad_fn=<SqueezeBackward0>),tensor(0.5890, grad_fn=<AddBackward0>),960,323.334269285202,8,0.5,,20
double_cake,ccka,ccka_lr0_2_lr0_01_lr0_01_optgd_epochs100_epochs0_001_epochs0_001_clusters4__rep1,5,1.0,tensor(0.1734, grad_fn=<SqueezeBackward0>),tensor(0.4581, grad_fn=<AddBackward0>),960,318.4532868862152,4,0.5,,20
double_cake,ccka,ccka_lr0_2_lr0_01_lr0_01_optgd_epochs100_epochs0_001_epochs0_001_clusters6__rep1,5,1.0,tensor(0.1593, grad_fn=<SqueezeBackward0>),tensor(0.4782, grad_fn=<AddBackward0>),1440,356.65596985816956,6,0.5,,20
double_cake,ccka,ccka_lr0_2_lr0_01_lr0_01_optgd_epochs100_epochs0_001_epochs0_001_clusters8__rep1,3,1.0,tensor(0.1647, grad_fn=<SqueezeBackward0>),tensor(0.5335, grad_fn=<AddBackward0>),1280,396.1317923069,8,0.5,,20
double_cake,ccka,ccka_lr0_2_lr0_01_lr0_01_optgd_epochs100_epochs0_001_epochs0_001_clusters4__rep1,6,1.0,tensor(0.1786, grad_fn=<SqueezeBackward0>),tensor(0.4782, grad_fn=<AddBackward0>),1120,456.2972240447998,4,0.5,,20
double_cake,ccka,ccka_lr0_2_lr0_01_lr0_01_optgd_epochs100_epochs0_001_epochs0_001_clusters6__rep1,6,1.0,tensor(0.1656, grad_fn=<SqueezeBackward0>),tensor(0.5712, grad_fn=<AddBackward0>),1680,456.83049392700195,6,0.5,,20
double_cake,ccka,ccka_lr0_2_lr0_01_lr0_01_optgd_epochs100_epochs0_001_epochs0_001_clusters8__rep1,4,1.0,tensor(0.1737, grad_fn=<SqueezeBackward0>),tensor(0.5528, grad_fn=<AddBackward0>),1600,467.1643888950348,8,0.5,,20
double_cake,ccka,ccka_lr0_2_lr0_01_lr0_01_optgd_epochs100_epochs0_001_epochs0_001_clusters4__rep1,7,1.0,tensor(0.1782, grad_fn=<SqueezeBackward0>),tensor(0.4535, grad_fn=<AddBackward0>),1280,367.82313799858093,4,0.5,,20
double_cake,ccka,ccka_lr0_2_lr0_01_lr0_01_optgd_epochs100_epochs0_001_epochs0_001_clusters6__rep1,7,1.0,tensor(0.1612, grad_fn=<SqueezeBackward0>),tensor(0.4701, grad_fn=<AddBackward0>),1920,362.16472005844116,6,0.5,,20
double_cake,ccka,ccka_lr0_2_lr0_01_lr0_01_optgd_epochs100_epochs0_001_epochs0_001_clusters8__rep1,5,1.0,tensor(0.1725, grad_fn=<SqueezeBackward0>),tensor(0.5128, grad_fn=<AddBackward0>),1920,316.28627490997314,8,0.5,,20
double_cake,ccka,ccka_lr0_2_lr0_01_lr0_01_optgd_epochs100_epochs0_001_epochs0_001_clusters4__rep1,8,1.0,tensor(0.1846, grad_fn=<SqueezeBackward0>),tensor(0.4799, grad_fn=<AddBackward0>),1440,360.1497600078583,4,0.5,,20
double_cake,ccka,ccka_lr0_2_lr0_01_lr0_01_optgd_epochs100_epochs0_001_epochs0_001_clusters6__rep1,8,1.0,tensor(0.1650, grad_fn=<SqueezeBackward0>),tensor(0.6766, grad_fn=<AddBackward0>),2160,343.0096609592438,6,0.5,,20
double_cake,ccka,ccka_lr0_2_lr0_01_lr0_01_optgd_epochs100_epochs0_001_epochs0_001_clusters8__rep1,6,1.0,tensor(0.1811, grad_fn=<SqueezeBackward0>),tensor(0.5367, grad_fn=<AddBackward0>),2240,321.942745923996,8,0.5,,20
double_cake,ccka,ccka_lr0_2_lr0_01_lr0_01_optgd_epochs100_epochs0_001_epochs0_001_clusters4__rep1,9,1.0,tensor(0.1831, grad_fn=<SqueezeBackward0>),tensor(0.4495, grad_fn=<AddBackward0>),1600,293.64950299263,4,0.5,,20
double_cake,ccka,ccka_lr0_2_lr0_01_lr0_01_optgd_epochs100_epochs0_001_epochs0_001_clusters6__rep1,9,1.0,tensor(0.1632, grad_fn=<SqueezeBackward0>),tensor(0.4658, grad_fn=<AddBackward0>),2400,280.60516595840454,6,0.5,,20
double_cake,ccka,ccka_lr0_2_lr0_01_lr0_01_optgd_epochs100_epochs0_001_epochs0_001_clusters8__rep1,7,1.0,tensor(0.1798, grad_fn=<SqueezeBackward0>),tensor(0.4984, grad_fn=<AddBackward0>),2560,275.076936006546,8,0.5,,20
double_cake,ccka,ccka_lr0_2_lr0_01_lr0_01_optgd_epochs100_epochs0_001_epochs0_001_clusters8__rep1,8,1.0,tensor(0.1890, grad_fn=<SqueezeBackward0>),tensor(0.5481, grad_fn=<AddBackward0>),2880,245.90899896621704,8,0.5,,20
double_cake,ccka,ccka_lr0_2_lr0_01_lr0_01_optgd_epochs100_epochs0_001_epochs0_001_clusters8__rep1,9,1.0,tensor(0.1879, grad_fn=<SqueezeBackward0>),tensor(0.4882, grad_fn=<AddBackward0>),3200,797.6501450538635,8,0.5,,20
double_cake,ccka,ccka_lr0_2_lr0_01_lr0_01_optgd_epochs100_epochs0_001_epochs0_001_clusters10__rep1,0,0.8888888888888888,tensor(0.1624, grad_fn=<SqueezeBackward0>),tensor(0.6896, grad_fn=<AddBackward0>),400,774.8159420490265,10,0.5,,20
double_cake,ccka,ccka_lr0_2_lr0_01_lr0_01_optgd_epochs100_epochs0_001_epochs0_001_clusters10__rep1,1,1.0,tensor(0.1678, grad_fn=<SqueezeBackward0>),tensor(0.6419, grad_fn=<AddBackward0>),800,299.6507399082184,10,0.5,,20
double_cake,ccka,ccka_lr0_2_lr0_01_lr0_01_optgd_epochs100_epochs0_001_epochs0_001_clusters10__rep1,2,0.9722222222222222,tensor(0.1609, grad_fn=<SqueezeBackward0>),tensor(0.6695, grad_fn=<AddBackward0>),1200,373.0803189277649,10,0.5,,20
double_cake,ccka,ccka_lr0_2_lr0_01_lr0_01_optgd_epochs100_epochs0_001_epochs0_001_clusters10__rep1,3,1.0,tensor(0.1679, grad_fn=<SqueezeBackward0>),tensor(0.6035, grad_fn=<AddBackward0>),1600,401.6256320476532,10,0.5,,20
double_cake,ccka,ccka_lr0_2_lr0_01_lr0_01_optgd_epochs100_epochs0_001_epochs0_001_clusters10__rep1,4,0.9722222222222222,tensor(0.1637, grad_fn=<SqueezeBackward0>),tensor(0.6622, grad_fn=<AddBackward0>),2000,305.8324558734894,10,0.5,,20
double_cake,ccka,ccka_lr0_2_lr0_01_lr0_01_optgd_epochs100_epochs0_001_epochs0_001_clusters10__rep1,5,0.9722222222222222,tensor(0.1722, grad_fn=<SqueezeBackward0>),tensor(0.5826, grad_fn=<AddBackward0>),2400,466.74200892448425,10,0.5,,20
double_cake,ccka,ccka_lr0_2_lr0_01_lr0_01_optgd_epochs100_epochs0_001_epochs0_001_clusters10__rep1,6,0.9722222222222222,tensor(0.1705, grad_fn=<SqueezeBackward0>),tensor(0.6619, grad_fn=<AddBackward0>),2800,332.3048048019409,10,0.5,,20
double_cake,ccka,ccka_lr0_2_lr0_01_lr0_01_optgd_epochs100_epochs0_001_epochs0_001_clusters10__rep1,7,0.9722222222222222,tensor(0.1777, grad_fn=<SqueezeBackward0>),tensor(0.5711, grad_fn=<AddBackward0>),3200,316.9501769542694,10,0.5,,20
double_cake,ccka,ccka_lr0_1_lr0_01_lr0_01_optgd_epochs100_epochs0_001_epochs0_001_clusters2__rep1,0,1.0,tensor(0.1899, grad_fn=<SqueezeBackward0>),tensor(0.6850, grad_fn=<AddBackward0>),80,2464.708030939102,2,0.5,,20
double_cake,ccka,ccka_lr0_2_lr0_01_lr0_01_optgd_epochs100_epochs0_001_epochs0_001_clusters10__rep1,8,0.9444444444444444,tensor(0.1749, grad_fn=<SqueezeBackward0>),tensor(0.6658, grad_fn=<AddBackward0>),3600,390.3890461921692,10,0.5,,20
double_cake,ccka,ccka_lr0_2_lr0_01_lr0_01_optgd_epochs100_epochs0_001_epochs0_001_clusters10__rep1,9,0.9722222222222222,tensor(0.1802, grad_fn=<SqueezeBackward0>),tensor(0.5678, grad_fn=<AddBackward0>),4000,386.10945200920105,10,0.5,,20
double_cake,ccka,ccka_lr0_1_lr0_01_lr0_01_optgd_epochs100_epochs0_001_epochs0_001_clusters4__rep1,0,1.0,tensor(0.1898, grad_fn=<SqueezeBackward0>),tensor(0.7577, grad_fn=<AddBackward0>),160,3044.0042259693146,4,0.5,,20
