dataset,method,metric,epoch,mean,min,max,n_seeds
checkerboard,fullKTA,direction_diversity,1.0,5.187891468456327,1.7013613915805497,6.733169524093123,10
checkerboard,fullKTA,direction_diversity,2.0,5.622511253798867,1.350524979738262,8.82293725209015,10
checkerboard,fullKTA,direction_diversity,3.0,5.563920808647069,1.2880934231708432,8.398195589831909,10
checkerboard,fullKTA,direction_diversity,4.0,6.036941595277332,1.2964560087196897,8.895279414921916,10
checkerboard,fullKTA,direction_diversity,5.0,6.2576781742108025,1.290600688420454,9.431867262668158,10
checkerboard,fullKTA,direction_diversity,6.0,6.233831295681371,1.2892383226461095,10.009432460518468,10
checkerboard,fullKTA,direction_diversity,7.0,6.5540681220367745,1.2955985598133677,11.066770751799313,10
checkerboard,fullKTA,direction_diversity,8.0,6.173480084180185,1.2966876684036486,10.772434609503094,10
checkerboard,fullKTA,direction_diversity,9.0,5.89304979527695,1.2750451178248432,10.391931565841404,10
checkerboard,fullKTA,direction_diversity,10.0,5.535261531308916,1.2657307558615793,10.124206803617684,10
checkerboard,fullKTA,direction_diversity,11.0,5.377377297617929,1.2741567338418398,8.826647359785904,10
checkerboard,fullKTA,direction_diversity,12.0,4.835121427370129,1.2846036617211216,7.712766017550212,10
checkerboard,fullKTA,direction_diversity,13.0,4.767087107928299,1.2918571028999124,7.421744635003473,10
checkerboard,fullKTA,direction_diversity,14.0,3.9296720387424173,1.3014377766768528,6.858523385539722,10
checkerboard,fullKTA,direction_diversity,15.0,3.742486657469719,1.3132816322742669,6.4804728313357876,10
checkerboard,fullKTA,direction_diversity,16.0,3.484395737291508,1.3202463400523723,5.932450862526436,10
checkerboard,fullKTA,direction_diversity,17.0,3.318913579777488,1.3261153988233843,5.042234587756691,10
checkerboard,fullKTA,direction_diversity,18.0,3.41018984098678,1.3506095172695425,5.163830217444239,10
checkerboard,fullKTA,direction_diversity,19.0,3.4660223758086692,1.381019498721876,6.119678105125001,10
checkerboard,fullKTA,direction_diversity,20.0,3.5514818510029307,1.4121105634370004,7.608086244150572,10
checkerboard,fullKTA,direction_diversity,21.0,3.6989048968278646,1.4314347941781351,9.168363719757306,10
checkerboard,fullKTA,direction_diversity,22.0,3.5989137363700605,1.4513227375800608,8.635267665012373,10
checkerboard,fullKTA,direction_diversity,23.0,3.474949004370346,1.4890040708689578,8.42592239174705,10
checkerboard,fullKTA,direction_diversity,24.0,3.2017984643418864,1.528268342492978,6.925174952184114,10
checkerboard,fullKTA,direction_diversity,25.0,3.0478377937073238,1.5442437350514986,5.745753243025458,10
checkerboard,fullKTA,direction_diversity,26.0,2.8947536699967014,1.5301697703597141,4.656595910875474,10
checkerboard,fullKTA,direction_diversity,27.0,3.0325402203337073,1.5167905692292496,6.768144058959755,10
checkerboard,fullKTA,direction_diversity,28.0,2.560391549700105,1.4932668969399987,3.690928158350134,10
checkerboard,fullKTA,direction_diversity,29.0,2.4422893402859795,1.4631952423699484,3.6084658788937984,10
checkerboard,fullKTA,direction_diversity,30.0,2.385302549203031,1.430838084345631,3.52259348380384,10
checkerboard,fullKTA,direction_diversity,31.0,2.3447826494162918,1.403450015120778,3.437393459181503,10
checkerboard,fullKTA,direction_diversity,32.0,2.3050405612465417,1.3839228087477797,3.3453184276785537,10
checkerboard,fullKTA,direction_diversity,33.0,2.2768901843943476,1.2939111879861687,3.3419728940302345,10
checkerboard,fullKTA,direction_diversity,34.0,2.3122015773874223,1.2823885069827514,4.2486508806845205,10
checkerboard,fullKTA,direction_diversity,35.0,2.3617146624474588,1.1919575282386952,5.259383264083642,10
checkerboard,fullKTA,direction_diversity,36.0,2.3594513093776133,1.1118532591957087,5.707118056224159,10
checkerboard,fullKTA,direction_diversity,37.0,2.2714300931941027,1.0606680119459944,5.308373833307907,10
checkerboard,fullKTA,direction_diversity,38.0,2.0203224352428566,1.0405048780110546,3.2581744389471825,10
checkerboard,fullKTA,direction_diversity,39.0,1.891461767275206,1.0369766511063438,2.522186509599971,10
checkerboard,fullKTA,direction_diversity,40.0,1.8175255507699706,1.0350920599504776,2.40250152887546,10
checkerboard,fullKTA,direction_diversity,41.0,1.7785205873962853,1.0251427775357769,2.299659947771602,10
checkerboard,fullKTA,direction_diversity,42.0,1.7601441053815006,1.0165816385044932,2.3311095958495063,10
checkerboard,fullKTA,direction_diversity,43.0,1.725724419890683,1.0131861945213438,2.254981406112054,10
checkerboard,fullKTA,direction_diversity,44.0,1.7110079767797763,1.014632832585412,2.3486939979385246,10
checkerboard,fullKTA,direction_diversity,45.0,1.6913009648493031,1.0207374155917197,2.3635368207170084,10
checkerboard,fullKTA,direction_diversity,46.0,1.6677942182389967,1.0256043361074636,2.3144958579921746,10
checkerboard,fullKTA,direction_diversity,47.0,1.64045900866645,1.014769037733479,2.226849377804477,10
checkerboard,fullKTA,direction_diversity,48.0,1.6140029774137226,1.011391288577648,2.1981103821390917,10
checkerboard,fullKTA,direction_diversity,49.0,1.5908017929474019,1.010382800082098,2.1936468641842253,10
checkerboard,fullKTA,direction_diversity,50.0,1.5729749823832133,1.0108343764280237,2.1830574139738204,10
checkerboard,fullKTA,direction_diversity,51.0,1.5614796684757342,1.0119907271555422,2.16180915937369,10
checkerboard,fullKTA,direction_diversity,52.0,1.5542841742469768,1.0134593387628867,2.1339544550182494,10
checkerboard,fullKTA,direction_diversity,53.0,1.5497446080614399,1.015366511035772,2.1003150310314083,10
checkerboard,fullKTA,direction_diversity,54.0,1.5476385509267812,1.0170875572044376,2.0636797556074455,10
checkerboard,fullKTA,direction_diversity,55.0,1.54807975613347,1.0145356344306689,2.033846769407172,10
checkerboard,fullKTA,direction_diversity,56.0,1.5492965420180835,1.007933251064979,2.0100822735051582,10
checkerboard,fullKTA,direction_diversity,57.0,1.5516528821321924,1.0076844064286425,2.0043867423304462,10
checkerboard,fullKTA,direction_diversity,58.0,1.555629940170681,1.0060508205486152,2.0020695656788168,10
checkerboard,fullKTA,direction_diversity,59.0,1.5597839502656528,1.0048816013398953,1.998387202744394,10
checkerboard,fullKTA,direction_diversity,60.0,1.5627702069766427,1.0040487682484793,1.9937425834541336,10
checkerboard,fullKTA,direction_diversity,61.0,1.5649855313119763,1.0036629211544996,1.98837420084467,10
checkerboard,fullKTA,direction_diversity,62.0,1.566568909917513,1.0037608155747793,1.9830026066183115,10
checkerboard,fullKTA,direction_diversity,63.0,1.567179236203669,1.0040875811632268,1.9790121756141157,10
checkerboard,fullKTA,direction_diversity,64.0,1.5660786411432268,1.0044123225029673,1.9799667086971784,10
checkerboard,fullKTA,direction_diversity,65.0,1.5618650892188146,1.0044361336325467,1.9806318247419408,10
checkerboard,fullKTA,direction_diversity,66.0,1.5556050789639913,1.004305736218985,1.9805627944748627,10
checkerboard,fullKTA,direction_diversity,67.0,1.5491879853315793,1.004500194575807,1.979592136194618,10
checkerboard,fullKTA,direction_diversity,68.0,1.5451559190479596,1.005053333742076,1.9788116407687617,10
checkerboard,fullKTA,direction_diversity,69.0,1.5441760817887946,1.005649928515879,1.9793956057323274,10
checkerboard,fullKTA,direction_diversity,70.0,1.5438964150768433,1.0059826140455588,1.9819745937834632,10
checkerboard,fullKTA,direction_diversity,71.0,1.5424221655894645,1.006169177463599,1.9848789583785609,10
checkerboard,fullKTA,direction_diversity,72.0,1.5400668075494235,1.006454510738376,1.9868902867396343,10
checkerboard,fullKTA,direction_diversity,73.0,1.5373891194246447,1.0050437475548555,1.987588778867511,10
checkerboard,fullKTA,direction_diversity,74.0,1.533046398967563,1.0029461855250197,1.9873691816832098,10
checkerboard,fullKTA,direction_diversity,75.0,1.5249118563286161,1.0030265756867796,1.986932914610135,10
checkerboard,fullKTA,direction_diversity,76.0,1.5130692101586896,1.0045383086218524,1.9866149185980553,10
checkerboard,fullKTA,direction_diversity,77.0,1.5012440670559317,1.006290923625768,1.9863646944334452,10
checkerboard,fullKTA,direction_diversity,78.0,1.4921072044406896,1.006845701876489,1.9861589142718918,10
checkerboard,fullKTA,direction_diversity,79.0,1.4869835140517762,1.006168849140526,1.9873861150651433,10
checkerboard,fullKTA,direction_diversity,80.0,1.4873441615600211,1.005809263009879,1.9897093910739059,10
checkerboard,fullKTA,direction_diversity,81.0,1.4911900588198808,1.0059231369237773,1.9914731222867823,10
checkerboard,fullKTA,direction_diversity,82.0,1.4945895013009416,1.0065455748059884,1.992551737748234,10
checkerboard,fullKTA,direction_diversity,83.0,1.498217375122127,1.0056958093469712,1.9929289183039065,10
checkerboard,fullKTA,direction_diversity,84.0,1.5030034854386403,1.0046287845541315,1.9929360785584243,10
checkerboard,fullKTA,direction_diversity,85.0,1.5072502392832507,1.0040674775054286,1.992890165128594,10
checkerboard,fullKTA,direction_diversity,86.0,1.5094762209001498,1.0039352329303852,1.9929008814592488,10
checkerboard,fullKTA,direction_diversity,87.0,1.5104977617060906,1.004146231087623,1.9931367220685459,10
checkerboard,fullKTA,direction_diversity,88.0,1.5114376481346912,1.0047020685378905,1.9936218578952807,10
checkerboard,fullKTA,direction_diversity,89.0,1.5127576343630638,1.0055182000343166,1.9943084572993357,10
checkerboard,fullKTA,direction_diversity,90.0,1.514433546886894,1.00632058774013,1.9951838211639437,10
checkerboard,fullKTA,direction_diversity,91.0,1.5161678613762122,1.006805939277206,1.995913660577723,10
checkerboard,fullKTA,direction_diversity,92.0,1.517395934139809,1.0068533151104244,1.9962569569795734,10
checkerboard,fullKTA,direction_diversity,93.0,1.5184716550889308,1.0064975243401026,1.996254099117108,10
checkerboard,fullKTA,direction_diversity,94.0,1.5201806061163574,1.0059856576927058,1.9960553073907703,10
checkerboard,fullKTA,direction_diversity,95.0,1.5220067746637411,1.0056473436229585,1.995959364909547,10
checkerboard,fullKTA,direction_diversity,96.0,1.5229512116831865,1.005622407580265,1.9960785993314767,10
checkerboard,fullKTA,direction_diversity,97.0,1.5237376700744794,1.0057900566899893,1.9962451849237741,10
checkerboard,fullKTA,direction_diversity,98.0,1.5253452984428817,1.0059239441698582,1.9964311081807733,10
checkerboard,fullKTA,direction_diversity,99.0,1.526916320002894,1.0058701950873827,1.9966550327575552,10
checkerboard,fullKTA,direction_diversity,100.0,1.5277681070739848,1.0055944286254253,1.9969484058119311,10
checkerboard,randomKTA,direction_diversity,1.0,5.103328647829127,2.113754074060072,6.997315862189212,10
checkerboard,randomKTA,direction_diversity,2.0,5.421545095814069,2.169061107163184,8.578629363442737,10
checkerboard,randomKTA,direction_diversity,3.0,5.895995335722877,2.412623364306146,9.882783685558941,10
checkerboard,randomKTA,direction_diversity,4.0,6.081485938556763,2.7981676971989478,9.465954842098181,10
checkerboard,randomKTA,direction_diversity,5.0,6.033637728400461,2.855759160142538,8.821648065538913,10
checkerboard,randomKTA,direction_diversity,6.0,5.753934672306945,2.903618804738647,7.184341642499094,10
checkerboard,randomKTA,direction_diversity,7.0,6.172106416652551,2.962970919309032,8.34149001487238,10
checkerboard,randomKTA,direction_diversity,8.0,6.298638952808194,3.112166429193475,8.98684440366981,10
checkerboard,randomKTA,direction_diversity,9.0,5.98136573008658,3.081689622602046,8.546563047181412,10
checkerboard,randomKTA,direction_diversity,10.0,6.0489669062853055,3.1014703704588285,8.67353792747547,10
checkerboard,randomKTA,direction_diversity,11.0,6.440106068336254,3.395388686681304,9.115537303148342,10
checkerboard,randomKTA,direction_diversity,12.0,6.545180113865444,3.644324131007086,9.266474802491896,10
checkerboard,randomKTA,direction_diversity,13.0,6.850310569668741,3.808513331153875,9.684177040378831,10
checkerboard,randomKTA,direction_diversity,14.0,7.022035563444378,3.925369706605863,10.053507490681403,10
checkerboard,randomKTA,direction_diversity,15.0,7.20651969390717,3.58975708150597,11.002290448632523,10
checkerboard,randomKTA,direction_diversity,16.0,7.150900518110238,3.458260659573553,12.30488536013432,10
checkerboard,randomKTA,direction_diversity,17.0,7.436597604323869,3.3047902494783985,13.95904729971608,10
checkerboard,randomKTA,direction_diversity,18.0,7.524907991836011,3.3122518106335748,14.507792981801181,10
checkerboard,randomKTA,direction_diversity,19.0,7.4886431947924255,3.6411116831001187,13.946085733078117,10
checkerboard,randomKTA,direction_diversity,20.0,7.280213467454662,3.9197263438786147,11.754705854990535,10
checkerboard,randomKTA,direction_diversity,21.0,7.318954868606241,3.678380437422541,12.073797923956588,10
checkerboard,randomKTA,direction_diversity,22.0,7.32927975128923,3.3413625901017023,11.522120008341691,10
checkerboard,randomKTA,direction_diversity,23.0,7.421192949007612,3.1058540503821095,11.10467935596624,10
checkerboard,randomKTA,direction_diversity,24.0,7.444725483071525,3.0603131933823535,10.861572301005172,10
checkerboard,randomKTA,direction_diversity,25.0,7.537719300033989,3.034598048329446,10.606678235048278,10
checkerboard,randomKTA,direction_diversity,26.0,7.614634438315119,3.0226735180043134,10.284236374064843,10
checkerboard,randomKTA,direction_diversity,27.0,7.7393927777801945,2.977719937707817,10.089703841416394,10
checkerboard,randomKTA,direction_diversity,28.0,7.925622070793561,3.1854206321875167,10.195431668732997,10
checkerboard,randomKTA,direction_diversity,29.0,7.881588750894258,3.4509256620044306,10.536396577812225,10
checkerboard,randomKTA,direction_diversity,30.0,7.520384878891877,3.5493920652384885,9.426970600839828,10
checkerboard,randomKTA,direction_diversity,31.0,7.662422996611022,3.5695124250005015,9.340089961722922,10
checkerboard,randomKTA,direction_diversity,32.0,7.673740221957109,3.501982093823182,10.236587481948591,10
checkerboard,randomKTA,direction_diversity,33.0,7.709105374415896,3.5614255115973825,10.54961788235703,10
checkerboard,randomKTA,direction_diversity,34.0,7.908793464539444,3.790534571293717,10.364482876115085,10
checkerboard,randomKTA,direction_diversity,35.0,7.909592585339858,3.6793108460465387,10.464781784542193,10
checkerboard,randomKTA,direction_diversity,36.0,7.774030185621291,3.628866976916933,10.44486999231863,10
checkerboard,randomKTA,direction_diversity,37.0,7.506152217263617,3.647620294937825,10.697730568467751,10
checkerboard,randomKTA,direction_diversity,38.0,7.242450690947146,3.6164709930430927,10.506896917431298,10
checkerboard,randomKTA,direction_diversity,39.0,7.136336114982463,3.596475028697249,10.557250186667211,10
checkerboard,randomKTA,direction_diversity,40.0,7.142052781261661,3.7347189762302606,10.348184121017521,10
checkerboard,randomKTA,direction_diversity,41.0,7.315279681268126,3.630671757855127,10.14468563056213,10
checkerboard,randomKTA,direction_diversity,42.0,7.231388401294632,3.450449630387813,10.089368829563792,10
checkerboard,randomKTA,direction_diversity,43.0,7.2614691078568425,3.5233277305469373,10.563212775978231,10
checkerboard,randomKTA,direction_diversity,44.0,7.38085512695004,3.623333454508667,10.24179313064964,10
checkerboard,randomKTA,direction_diversity,45.0,7.188404122305981,3.520794835097578,10.0947367497869,10
checkerboard,randomKTA,direction_diversity,46.0,6.82906613744917,3.156641295250153,10.09129015582241,10
checkerboard,randomKTA,direction_diversity,47.0,6.748906829825001,2.911391931862044,10.101315367109525,10
checkerboard,randomKTA,direction_diversity,48.0,6.86482229191181,3.06470521398119,10.972998068606813,10
checkerboard,randomKTA,direction_diversity,49.0,6.729253901390942,3.1404127998296247,11.430359177167924,10
checkerboard,randomKTA,direction_diversity,50.0,6.491559603595921,3.1540560248013008,11.295115094686752,10
checkerboard,randomKTA,direction_diversity,51.0,6.441768779255559,3.1688517261703333,10.345338600256047,10
checkerboard,randomKTA,direction_diversity,52.0,6.44030188109366,3.289968053802311,9.584203841652748,10
checkerboard,randomKTA,direction_diversity,53.0,6.219579602902362,3.410704374257075,9.660026186176017,10
checkerboard,randomKTA,direction_diversity,54.0,6.261345013524654,3.3156498366441807,9.773216039915106,10
checkerboard,randomKTA,direction_diversity,55.0,6.001914184284379,3.0373394833262433,9.962347739434483,10
checkerboard,randomKTA,direction_diversity,56.0,5.746431886497814,2.749831990212593,8.473522319256947,10
checkerboard,randomKTA,direction_diversity,57.0,5.589951868637762,2.744560883724732,8.725187081606732,10
checkerboard,randomKTA,direction_diversity,58.0,5.534973088796728,2.925139812424734,8.787601152113822,10
checkerboard,randomKTA,direction_diversity,59.0,5.718141429680469,2.9310278768175246,8.637261676203755,10
checkerboard,randomKTA,direction_diversity,60.0,5.7222575213590146,2.9207633221773137,8.469256221217561,10
checkerboard,randomKTA,direction_diversity,61.0,5.626412123564027,2.8192206855362296,8.478973148319538,10
checkerboard,randomKTA,direction_diversity,62.0,5.837076460523574,2.768951091279881,8.809447538762758,10
checkerboard,randomKTA,direction_diversity,63.0,5.649425666726309,2.747834050061847,9.091690988314465,10
checkerboard,randomKTA,direction_diversity,64.0,5.613497958766279,2.8048015830168107,9.141362170395448,10
checkerboard,randomKTA,direction_diversity,65.0,5.582500359341003,2.7163157047961506,9.250024961784401,10
checkerboard,randomKTA,direction_diversity,66.0,5.554572203042463,2.650503730248099,9.252391634546353,10
checkerboard,randomKTA,direction_diversity,67.0,5.540676598272224,2.5555829367502554,9.065805913046717,10
checkerboard,randomKTA,direction_diversity,68.0,5.490475673846481,2.3508443082819417,9.173976845544525,10
checkerboard,randomKTA,direction_diversity,69.0,5.432040237179167,2.5741067814783,9.14472757630154,10
checkerboard,randomKTA,direction_diversity,70.0,5.161844487896081,2.774943980305493,8.87528579518259,10
checkerboard,randomKTA,direction_diversity,71.0,5.295078569564957,2.845931666262594,9.282501811934122,10
checkerboard,randomKTA,direction_diversity,72.0,5.266976065815942,2.7173527075836366,9.322599441176383,10
checkerboard,randomKTA,direction_diversity,73.0,5.3397805541610825,2.5606737897250174,8.876420045694386,10
checkerboard,randomKTA,direction_diversity,74.0,5.198727921739685,2.364995271300151,8.876687768764759,10
checkerboard,randomKTA,direction_diversity,75.0,4.801779209339678,2.160086503994729,7.386450424778218,10
checkerboard,randomKTA,direction_diversity,76.0,4.8511193270368365,1.9617151775599222,7.676522989026271,10
checkerboard,randomKTA,direction_diversity,77.0,4.977774621024012,1.913908524971567,9.507435312565145,10
checkerboard,randomKTA,direction_diversity,78.0,4.794765835352369,1.7631392147923333,9.39097378524048,10
checkerboard,randomKTA,direction_diversity,79.0,4.739873449358347,1.755900252435791,9.64903246438798,10
checkerboard,randomKTA,direction_diversity,80.0,4.498090682149815,1.808449494654243,9.061097431733996,10
checkerboard,randomKTA,direction_diversity,81.0,4.393895129962695,1.6263105244707934,8.307153377760772,10
checkerboard,randomKTA,direction_diversity,82.0,4.378412071506764,1.5447539889312627,8.931361476886213,10
checkerboard,randomKTA,direction_diversity,83.0,4.4131670448424565,1.500422215367789,9.857568839984479,10
checkerboard,randomKTA,direction_diversity,84.0,4.437411695472575,1.496869979622657,10.23688873544959,10
checkerboard,randomKTA,direction_diversity,85.0,4.37714584711938,1.5468502893691578,10.266880639464215,10
checkerboard,randomKTA,direction_diversity,86.0,4.339671799821447,1.70013782372201,9.685472190049895,10
checkerboard,randomKTA,direction_diversity,87.0,4.279706272215749,1.7563378355659192,8.581115276239887,10
checkerboard,randomKTA,direction_diversity,88.0,4.235241934773518,1.8161152981211177,8.192997229984858,10
checkerboard,randomKTA,direction_diversity,89.0,4.209413800157888,1.8292557979014048,7.801386001572264,10
checkerboard,randomKTA,direction_diversity,90.0,4.155782646911861,1.862419733333533,7.383316580681175,10
checkerboard,randomKTA,direction_diversity,91.0,4.20634270633172,1.8884449684618707,7.994516744574672,10
checkerboard,randomKTA,direction_diversity,92.0,4.237673520757379,1.9052981052350442,8.361537334558884,10
checkerboard,randomKTA,direction_diversity,93.0,4.155959314710228,1.8947884048263874,8.373591571892813,10
checkerboard,randomKTA,direction_diversity,94.0,3.9381438524183636,1.7972202161655995,8.241158723818229,10
checkerboard,randomKTA,direction_diversity,95.0,3.913908423476004,1.6523972595418257,8.396001243212874,10
checkerboard,randomKTA,direction_diversity,96.0,3.8009224223522438,1.6147791940314586,7.974851509414788,10
checkerboard,randomKTA,direction_diversity,97.0,3.7613308580837823,1.656974986703237,7.254756182606255,10
checkerboard,randomKTA,direction_diversity,98.0,3.8017176401262667,1.671271414177425,7.206438530883874,10
checkerboard,randomKTA,direction_diversity,99.0,3.8970400833245114,1.6113067179965894,6.84588938508216,10
checkerboard,randomKTA,direction_diversity,100.0,3.699106045417902,1.620698102171833,6.749532641002164,10
checkerboard,quackKTA,direction_diversity,1.0,4.945941308755725,1.7842325954440497,8.012359230639317,10
checkerboard,quackKTA,direction_diversity,2.0,4.945941308755725,1.7842325954440497,8.012359230639317,10
checkerboard,quackKTA,direction_diversity,3.0,4.579477987376764,1.5280141335964468,6.4017731877855395,10
checkerboard,quackKTA,direction_diversity,4.0,4.579477987376764,1.5280141335964468,6.4017731877855395,10
checkerboard,quackKTA,direction_diversity,5.0,5.058402713478691,1.4185930406840692,8.370060508835557,10
checkerboard,quackKTA,direction_diversity,6.0,5.058402713478691,1.4185930406840692,8.370060508835557,10
checkerboard,quackKTA,direction_diversity,7.0,5.080422284165584,1.383001618241067,8.506077386734733,10
checkerboard,quackKTA,direction_diversity,8.0,5.080422284165584,1.383001618241067,8.506077386734733,10
checkerboard,quackKTA,direction_diversity,9.0,5.048720945253077,1.407727984219619,8.685473433231625,10
checkerboard,quackKTA,direction_diversity,10.0,5.048720945253077,1.407727984219619,8.685473433231625,10
checkerboard,quackKTA,direction_diversity,11.0,4.948443718190057,1.523113625324665,7.530128504150758,10
checkerboard,quackKTA,direction_diversity,12.0,4.948443718190057,1.523113625324665,7.530128504150758,10
checkerboard,quackKTA,direction_diversity,13.0,5.005551468888315,1.8069118818896859,7.339115502533425,10
checkerboard,quackKTA,direction_diversity,14.0,5.005551468888315,1.8069118818896859,7.339115502533425,10
checkerboard,quackKTA,direction_diversity,15.0,5.026483890743698,1.9119352702829429,6.656470233491751,10
checkerboard,quackKTA,direction_diversity,16.0,5.026483890743698,1.9119352702829429,6.656470233491751,10
checkerboard,quackKTA,direction_diversity,17.0,4.799143575723552,1.8933657916994233,6.264414487051626,10
checkerboard,quackKTA,direction_diversity,18.0,4.799143575723552,1.8933657916994233,6.264414487051626,10
checkerboard,quackKTA,direction_diversity,19.0,4.992924867608108,1.9054864392175637,7.287925021278366,10
checkerboard,quackKTA,direction_diversity,20.0,4.992924867608108,1.9054864392175637,7.287925021278366,10
checkerboard,quackKTA,direction_diversity,21.0,4.866943730537015,1.5150896256944335,7.511314670474545,10
checkerboard,quackKTA,direction_diversity,22.0,4.866943730537015,1.5150896256944335,7.511314670474545,10
checkerboard,quackKTA,direction_diversity,23.0,4.963541321156343,1.3312637168798684,7.860066139283775,10
checkerboard,quackKTA,direction_diversity,24.0,4.963541321156343,1.3312637168798684,7.860066139283775,10
checkerboard,quackKTA,direction_diversity,25.0,5.1023883711439755,1.3975253473424123,8.74769417857182,10
checkerboard,quackKTA,direction_diversity,26.0,5.1023883711439755,1.3975253473424123,8.74769417857182,10
checkerboard,quackKTA,direction_diversity,27.0,5.481795290434411,1.4846374846556132,8.524969926504742,10
checkerboard,quackKTA,direction_diversity,28.0,5.481795290434411,1.4846374846556132,8.524969926504742,10
checkerboard,quackKTA,direction_diversity,29.0,5.601304483839599,1.5785939613419184,10.395012957329536,10
checkerboard,quackKTA,direction_diversity,30.0,5.601304483839599,1.5785939613419184,10.395012957329536,10
checkerboard,quackKTA,direction_diversity,31.0,5.630169227130061,1.6560799811550722,10.219665211407323,10
checkerboard,quackKTA,direction_diversity,32.0,5.630169227130061,1.6560799811550722,10.219665211407323,10
checkerboard,quackKTA,direction_diversity,33.0,5.411357719022586,1.542008939835418,9.609674182586145,10
checkerboard,quackKTA,direction_diversity,34.0,5.411357719022586,1.542008939835418,9.609674182586145,10
checkerboard,quackKTA,direction_diversity,35.0,5.092648011896428,1.3915206976744228,8.872845595819596,10
checkerboard,quackKTA,direction_diversity,36.0,5.092648011896428,1.3915206976744228,8.872845595819596,10
checkerboard,quackKTA,direction_diversity,37.0,5.1633320635682,1.2764326200093705,8.581864212517491,10
checkerboard,quackKTA,direction_diversity,38.0,5.1633320635682,1.2764326200093705,8.581864212517491,10
checkerboard,quackKTA,direction_diversity,39.0,5.093218411147152,1.1950436199822572,8.961004399094872,10
checkerboard,quackKTA,direction_diversity,40.0,5.093218411147152,1.1950436199822572,8.961004399094872,10
checkerboard,quackKTA,direction_diversity,41.0,4.706543529257508,1.1364716469144496,8.44108993510413,10
checkerboard,quackKTA,direction_diversity,42.0,4.706543529257508,1.1364716469144496,8.44108993510413,10
checkerboard,quackKTA,direction_diversity,43.0,4.556032582429917,1.0960447121707644,7.193928407557798,10
checkerboard,quackKTA,direction_diversity,44.0,4.556032582429917,1.0960447121707644,7.193928407557798,10
checkerboard,quackKTA,direction_diversity,45.0,4.077764730506749,1.0721071317431414,7.524234430101122,10
checkerboard,quackKTA,direction_diversity,46.0,4.077764730506749,1.0721071317431414,7.524234430101122,10
checkerboard,quackKTA,direction_diversity,47.0,4.026348626433839,1.0631825098532424,7.35724787234016,10
checkerboard,quackKTA,direction_diversity,48.0,4.026348626433839,1.0631825098532424,7.35724787234016,10
checkerboard,quackKTA,direction_diversity,49.0,4.171472556131098,1.0656338924992557,8.291874421998745,10
checkerboard,quackKTA,direction_diversity,50.0,4.171472556131098,1.0656338924992557,8.291874421998745,10
checkerboard,quackKTA,direction_diversity,51.0,3.847845966170797,1.075659094084086,7.19907593887212,10
checkerboard,quackKTA,direction_diversity,52.0,3.847845966170797,1.075659094084086,7.19907593887212,10
checkerboard,quackKTA,direction_diversity,53.0,3.571938726434017,1.0900133128144742,7.476988293896585,10
checkerboard,quackKTA,direction_diversity,54.0,3.571938726434017,1.0900133128144742,7.476988293896585,10
checkerboard,quackKTA,direction_diversity,55.0,3.4118991779540586,1.1062778172121204,7.37319505991189,10
checkerboard,quackKTA,direction_diversity,56.0,3.4118991779540586,1.1062778172121204,7.37319505991189,10
checkerboard,quackKTA,direction_diversity,57.0,3.3701804021657553,1.123501208411519,6.671904336403142,10
checkerboard,quackKTA,direction_diversity,58.0,3.3701804021657553,1.123501208411519,6.671904336403142,10
checkerboard,quackKTA,direction_diversity,59.0,3.6187805386293213,1.1411438765802504,8.531146030029975,10
checkerboard,quackKTA,direction_diversity,60.0,3.6187805386293213,1.1411438765802504,8.531146030029975,10
checkerboard,quackKTA,direction_diversity,61.0,3.710975350279754,1.1590880117852784,8.557539328818063,10
checkerboard,quackKTA,direction_diversity,62.0,3.710975350279754,1.1590880117852784,8.557539328818063,10
checkerboard,quackKTA,direction_diversity,63.0,3.742787771237083,1.1770317526479899,8.38556735652433,10
checkerboard,quackKTA,direction_diversity,64.0,3.742787771237083,1.1770317526479899,8.38556735652433,10
checkerboard,quackKTA,direction_diversity,65.0,3.6808162214539664,1.1949803564427088,8.189559231335192,10
checkerboard,quackKTA,direction_diversity,66.0,3.6808162214539664,1.1949803564427088,8.189559231335192,10
checkerboard,quackKTA,direction_diversity,67.0,3.5073526220141025,1.1757011388946048,8.010208561089762,10
checkerboard,quackKTA,direction_diversity,68.0,3.5073526220141025,1.1757011388946048,8.010208561089762,10
checkerboard,quackKTA,direction_diversity,69.0,3.527944604369702,1.1490383863008302,7.77555508528916,10
checkerboard,quackKTA,direction_diversity,70.0,3.527944604369702,1.1490383863008302,7.77555508528916,10
checkerboard,quackKTA,direction_diversity,71.0,3.3900477234650657,1.1585984791862198,7.477450425528898,10
checkerboard,quackKTA,direction_diversity,72.0,3.3900477234650657,1.1585984791862198,7.477450425528898,10
checkerboard,quackKTA,direction_diversity,73.0,3.3681330401973155,1.217849455996118,7.157040182504184,10
checkerboard,quackKTA,direction_diversity,74.0,3.3681330401973155,1.217849455996118,7.157040182504184,10
checkerboard,quackKTA,direction_diversity,75.0,3.3640819615884516,1.2825988749284065,7.075712730094869,10
checkerboard,quackKTA,direction_diversity,76.0,3.3640819615884516,1.2825988749284065,7.075712730094869,10
checkerboard,quackKTA,direction_diversity,77.0,3.367256718580685,1.2978114585333889,7.167156746902448,10
checkerboard,quackKTA,direction_diversity,78.0,3.367256718580685,1.2978114585333889,7.167156746902448,10
checkerboard,quackKTA,direction_diversity,79.0,3.354942388598359,1.3116035769981373,7.237780232030162,10
checkerboard,quackKTA,direction_diversity,80.0,3.354942388598359,1.3116035769981373,7.237780232030162,10
checkerboard,quackKTA,direction_diversity,81.0,3.348684132310384,1.3239570378305696,7.304438534338054,10
checkerboard,quackKTA,direction_diversity,82.0,3.348684132310384,1.3239570378305696,7.304438534338054,10
checkerboard,quackKTA,direction_diversity,83.0,3.3496146353073777,1.3348002938059846,7.388733222196407,10
checkerboard,quackKTA,direction_diversity,84.0,3.3496146353073777,1.3348002938059846,7.388733222196407,10
checkerboard,quackKTA,direction_diversity,85.0,3.3610573143525984,1.344050850695601,7.500653104933469,10
checkerboard,quackKTA,direction_diversity,86.0,3.3610573143525984,1.344050850695601,7.500653104933469,10
checkerboard,quackKTA,direction_diversity,87.0,3.382544221792201,1.3517008077853492,7.631357931792023,10
checkerboard,quackKTA,direction_diversity,88.0,3.382544221792201,1.3517008077853492,7.631357931792023,10
checkerboard,quackKTA,direction_diversity,89.0,3.408958425443962,1.3578353342323466,7.755507696018703,10
checkerboard,quackKTA,direction_diversity,90.0,3.408958425443962,1.3578353342323466,7.755507696018703,10
checkerboard,quackKTA,direction_diversity,91.0,3.4344314558116222,1.3624665481034814,7.8377033718324345,10
checkerboard,quackKTA,direction_diversity,92.0,3.4344314558116222,1.3624665481034814,7.8377033718324345,10
checkerboard,quackKTA,direction_diversity,93.0,3.449857033227432,1.3654410292300945,7.808298421380384,10
checkerboard,quackKTA,direction_diversity,94.0,3.449857033227432,1.3654410292300945,7.808298421380384,10
checkerboard,quackKTA,direction_diversity,95.0,3.4504708401248365,1.3667685787356463,7.610304124780346,10
checkerboard,quackKTA,direction_diversity,96.0,3.4504708401248365,1.3667685787356463,7.610304124780346,10
checkerboard,quackKTA,direction_diversity,97.0,3.447266252138573,1.3665975835371458,7.338136877617458,10
checkerboard,quackKTA,direction_diversity,98.0,3.447266252138573,1.3665975835371458,7.338136877617458,10
checkerboard,quackKTA,direction_diversity,99.0,3.446647442463761,1.3651315921368359,7.071541109334227,10
checkerboard,quackKTA,direction_diversity,100.0,3.446647442463761,1.3651315921368359,7.071541109334227,10
checkerboard,centroidBasedKTA,direction_diversity,1.0,7.017006350934373,4.03613872862503,10.531958894261754,10
checkerboard,centroidBasedKTA,direction_diversity,2.0,6.5091785471890375,1.2213173160188755,9.382906478600146,10
checkerboard,centroidBasedKTA,direction_diversity,3.0,6.8550055602731295,1.3366689826184832,9.36382400448027,10
checkerboard,centroidBasedKTA,direction_diversity,4.0,7.884350442086799,1.1551408455545367,11.646897606278378,10
checkerboard,centroidBasedKTA,direction_diversity,5.0,7.457388052756196,1.6659432077306278,10.70456921670787,10
checkerboard,centroidBasedKTA,direction_diversity,6.0,6.822891394051602,1.8922802419546139,9.169811111835987,10
checkerboard,centroidBasedKTA,direction_diversity,7.0,6.85042136775288,1.606449929429626,9.690161177804601,10
checkerboard,centroidBasedKTA,direction_diversity,8.0,6.733889814351362,1.6598483328736129,9.41438011332092,10
checkerboard,centroidBasedKTA,direction_diversity,9.0,7.783097302751931,2.8023109022439123,12.845314844001896,10
checkerboard,centroidBasedKTA,direction_diversity,10.0,6.940669164993631,2.2762953725594,9.0738121668784,10
checkerboard,centroidBasedKTA,direction_diversity,11.0,7.817905667634193,2.8743795084950685,10.99146724624423,10
checkerboard,centroidBasedKTA,direction_diversity,12.0,7.764893809241423,2.3555659362615358,10.269743408646862,10
checkerboard,centroidBasedKTA,direction_diversity,13.0,7.143158435089137,2.8976775859477306,9.999306399058295,10
checkerboard,centroidBasedKTA,direction_diversity,14.0,7.2908703554944525,5.071070008753951,9.445968096262186,10
checkerboard,centroidBasedKTA,direction_diversity,15.0,7.514074511156342,5.190721436302118,12.505149235573315,10
checkerboard,centroidBasedKTA,direction_diversity,16.0,8.166879248198144,4.773539092515959,10.356197944662217,10
checkerboard,centroidBasedKTA,direction_diversity,17.0,7.91411906364109,3.9300991036774895,11.004741059969993,10
checkerboard,centroidBasedKTA,direction_diversity,18.0,7.667183801579206,5.043397902401375,11.646788572729253,10
checkerboard,centroidBasedKTA,direction_diversity,19.0,7.435567804865177,4.125333032669409,11.702027805121787,10
checkerboard,centroidBasedKTA,direction_diversity,20.0,7.419605736907373,4.410332223210618,11.316779141775823,10
checkerboard,centroidBasedKTA,direction_diversity,21.0,8.427948823361385,4.921254094074054,10.841030921809482,10
checkerboard,centroidBasedKTA,direction_diversity,22.0,8.109233370048381,5.282951005100343,10.458559118043047,10
checkerboard,centroidBasedKTA,direction_diversity,23.0,8.087154042120252,4.651294493814639,12.035026859176805,10
checkerboard,centroidBasedKTA,direction_diversity,24.0,8.297827318718065,5.996676447646409,11.66891654958718,10
checkerboard,centroidBasedKTA,direction_diversity,25.0,7.594086523089611,4.618800194666865,10.20498619884985,10
checkerboard,centroidBasedKTA,direction_diversity,26.0,7.987501117628061,3.8149826807305405,11.132484942020529,10
checkerboard,centroidBasedKTA,direction_diversity,27.0,7.561216568423925,4.635072818902185,9.537171724335208,10
checkerboard,centroidBasedKTA,direction_diversity,28.0,7.692357409953726,4.551092126918455,9.713971598157437,10
checkerboard,centroidBasedKTA,direction_diversity,29.0,7.931297656681503,4.364601330526809,11.19123240144688,10
checkerboard,centroidBasedKTA,direction_diversity,30.0,8.217495902760987,5.7455760925636925,11.347474631972345,10
checkerboard,centroidBasedKTA,direction_diversity,31.0,7.982626661649324,5.617008809555999,11.069517840579824,10
checkerboard,centroidBasedKTA,direction_diversity,32.0,7.980264699138175,5.170229191436973,10.89974958664323,10
checkerboard,centroidBasedKTA,direction_diversity,33.0,7.863016624837184,4.620677246083706,10.86177927540033,10
checkerboard,centroidBasedKTA,direction_diversity,34.0,7.929422337583864,5.910221707841558,10.525856162600814,10
checkerboard,centroidBasedKTA,direction_diversity,35.0,7.94495675580318,5.9490632196979885,11.8730277066152,10
checkerboard,centroidBasedKTA,direction_diversity,36.0,8.477215947440254,5.624354732129149,10.360699520140013,10
checkerboard,centroidBasedKTA,direction_diversity,37.0,7.685424253716041,5.351168752615316,8.862199487950782,10
checkerboard,centroidBasedKTA,direction_diversity,38.0,7.902782517166552,5.113740266659122,10.90386822533217,10
checkerboard,centroidBasedKTA,direction_diversity,39.0,8.294340354358516,4.646850789922179,10.581919336834186,10
checkerboard,centroidBasedKTA,direction_diversity,40.0,8.280686088815731,6.03492350607047,10.170592312064038,10
checkerboard,centroidBasedKTA,direction_diversity,41.0,8.478776922697826,6.037757925700283,10.814008154607606,10
checkerboard,centroidBasedKTA,direction_diversity,42.0,8.166184830067229,6.355060355854675,9.899530974438907,10
checkerboard,centroidBasedKTA,direction_diversity,43.0,8.427814989504498,3.437473092323594,11.86190300482928,10
checkerboard,centroidBasedKTA,direction_diversity,44.0,8.198916311226592,5.099285352577038,11.17081511982611,10
checkerboard,centroidBasedKTA,direction_diversity,45.0,8.118330693804037,5.293778693333251,10.666802023687628,10
checkerboard,centroidBasedKTA,direction_diversity,46.0,7.516525401858767,4.577071320411124,10.067177959846289,10
checkerboard,centroidBasedKTA,direction_diversity,47.0,7.365512932971262,5.391578256405276,9.49740310133747,10
checkerboard,centroidBasedKTA,direction_diversity,48.0,7.611156325795254,5.914809745584168,9.563159581783768,10
checkerboard,centroidBasedKTA,direction_diversity,49.0,8.535113168627076,6.195415707867338,11.406315549253312,10
checkerboard,centroidBasedKTA,direction_diversity,50.0,7.673050865894408,4.15276953926784,10.152583149309855,10
checkerboard,centroidBasedKTA,direction_diversity,51.0,7.56132879614182,6.060161860325369,11.319577666730753,10
checkerboard,centroidBasedKTA,direction_diversity,52.0,7.357311583986865,4.387259555260869,10.481406832077885,10
checkerboard,centroidBasedKTA,direction_diversity,53.0,7.212751161476225,5.360356109961125,9.813148300612799,10
checkerboard,centroidBasedKTA,direction_diversity,54.0,7.499021063475221,5.558835759741261,10.304920527355796,10
checkerboard,centroidBasedKTA,direction_diversity,55.0,7.437968290522707,5.077808523229064,10.910345863476472,10
checkerboard,centroidBasedKTA,direction_diversity,56.0,8.085530396399223,5.602115916251953,11.99468742217099,10
checkerboard,centroidBasedKTA,direction_diversity,57.0,7.493707599229369,5.4669006062092524,9.656161342937775,10
checkerboard,centroidBasedKTA,direction_diversity,58.0,8.09765002262757,5.778384168897151,10.937180533547725,10
checkerboard,centroidBasedKTA,direction_diversity,59.0,7.800805336362845,5.079141839354311,11.916844670173283,10
checkerboard,centroidBasedKTA,direction_diversity,60.0,7.482673801783356,5.169210389047574,10.542663581051253,10
checkerboard,centroidBasedKTA,direction_diversity,61.0,7.693893607244016,4.38422927920425,10.588859608879185,10
checkerboard,centroidBasedKTA,direction_diversity,62.0,7.894043981383187,5.886879817206757,11.649666746457408,10
checkerboard,centroidBasedKTA,direction_diversity,63.0,7.478984977763675,5.715489804114338,10.586149617799155,10
checkerboard,centroidBasedKTA,direction_diversity,64.0,7.45014558597294,4.419305187966651,10.965187385446255,10
checkerboard,centroidBasedKTA,direction_diversity,65.0,7.551014144064308,5.662130539286865,9.015239228067449,10
checkerboard,centroidBasedKTA,direction_diversity,66.0,7.685147530288949,5.613989315390784,11.016283572012151,10
checkerboard,centroidBasedKTA,direction_diversity,67.0,8.024808736289973,5.515586287459065,11.804316257068338,10
checkerboard,centroidBasedKTA,direction_diversity,68.0,7.558982059611793,5.489696998344678,9.919172328622647,10
checkerboard,centroidBasedKTA,direction_diversity,69.0,6.887759066471935,4.773001638319434,9.409988972442237,10
checkerboard,centroidBasedKTA,direction_diversity,70.0,7.314694313545067,5.487298199788819,9.546944027574868,10
checkerboard,centroidBasedKTA,direction_diversity,71.0,6.807904874471989,4.52811050740928,9.460510877882477,10
checkerboard,centroidBasedKTA,direction_diversity,72.0,7.161747967409203,5.197590214042458,9.903360676919323,10
checkerboard,centroidBasedKTA,direction_diversity,73.0,7.534518811801709,4.941380665786177,9.583144831005976,10
checkerboard,centroidBasedKTA,direction_diversity,74.0,7.61879698403572,5.134972095409267,9.682970007686055,10
checkerboard,centroidBasedKTA,direction_diversity,75.0,7.13606795141385,5.268434814095892,9.443291219719958,10
checkerboard,centroidBasedKTA,direction_diversity,76.0,7.079582373153906,5.227467409137235,8.606939648685582,10
checkerboard,centroidBasedKTA,direction_diversity,77.0,7.511581430379843,5.243841023777344,9.264086136683964,10
checkerboard,centroidBasedKTA,direction_diversity,78.0,6.770031602435044,4.587719681749024,8.583414505322548,10
checkerboard,centroidBasedKTA,direction_diversity,79.0,7.107072211714855,5.158625261596157,9.795300514666955,10
checkerboard,centroidBasedKTA,direction_diversity,80.0,6.489180217131266,4.528874252503615,8.31643939803629,10
checkerboard,centroidBasedKTA,direction_diversity,81.0,6.863682608190411,5.092134721270389,8.769417159747155,10
checkerboard,centroidBasedKTA,direction_diversity,82.0,7.342200661676683,4.170086332773819,11.174157725980738,10
checkerboard,centroidBasedKTA,direction_diversity,83.0,6.807230076323144,5.045186963890423,9.261134717076189,10
checkerboard,centroidBasedKTA,direction_diversity,84.0,7.375228475644283,4.990084637113273,9.4256079049364,10
checkerboard,centroidBasedKTA,direction_diversity,85.0,6.694884340793631,4.96618829478546,8.604761855501454,10
checkerboard,centroidBasedKTA,direction_diversity,86.0,7.166783502010723,4.981515100357758,9.194558711601879,10
checkerboard,centroidBasedKTA,direction_diversity,87.0,7.428918705322192,4.957942852722759,10.007420541229056,10
checkerboard,centroidBasedKTA,direction_diversity,88.0,6.225002868751391,4.6745112019344575,8.010919153432976,10
checkerboard,centroidBasedKTA,direction_diversity,89.0,6.349671725052147,3.7271956462875524,9.22346288622147,10
checkerboard,centroidBasedKTA,direction_diversity,90.0,7.0079459498848,4.716504239253417,8.591571324421581,10
checkerboard,centroidBasedKTA,direction_diversity,91.0,6.626396276131547,4.973424249150217,9.333531792635352,10
checkerboard,centroidBasedKTA,direction_diversity,92.0,7.6629765674359716,4.830797135550142,11.080789390426492,10
checkerboard,centroidBasedKTA,direction_diversity,93.0,7.174405136538385,4.719195504269323,10.228947188032633,10
checkerboard,centroidBasedKTA,direction_diversity,94.0,6.838164625450498,4.701428761832003,9.757964721203223,10
checkerboard,centroidBasedKTA,direction_diversity,95.0,7.098357068413267,4.706568912299389,9.8120177173152,10
checkerboard,centroidBasedKTA,direction_diversity,96.0,6.549633360006368,4.683867404596879,9.67433602829579,10
checkerboard,centroidBasedKTA,direction_diversity,97.0,7.166025028071519,4.591949799383619,10.057803853029053,10
checkerboard,centroidBasedKTA,direction_diversity,98.0,7.683971234278064,4.693307898872765,9.263893721602086,10
checkerboard,centroidBasedKTA,direction_diversity,99.0,7.718579548513159,4.636637365109817,12.170074340804275,10
checkerboard,centroidBasedKTA,direction_diversity,100.0,7.065491098913237,4.610323164914318,9.610575936959616,10
checkerboard,greedyKTA,direction_diversity,1.0,5.622951566837305,2.0792540551560736,8.70666752114212,10
checkerboard,greedyKTA,direction_diversity,2.0,5.901903890197675,1.9393774626655949,9.765443123670464,10
checkerboard,greedyKTA,direction_diversity,3.0,5.845575171838609,1.7502072417594983,9.409375321143362,10
checkerboard,greedyKTA,direction_diversity,4.0,5.51380746176674,1.6744544569225437,8.637374836359092,10
checkerboard,greedyKTA,direction_diversity,5.0,6.466978573742823,1.660923429740104,10.96020996063427,10
checkerboard,greedyKTA,direction_diversity,6.0,6.463715935104036,1.6507540088997967,10.019909642337906,10
checkerboard,greedyKTA,direction_diversity,7.0,6.249711923313638,1.6328716885706827,10.324206948546918,10
checkerboard,greedyKTA,direction_diversity,8.0,6.250496022506651,1.6419139632055126,10.881783552729098,10
checkerboard,greedyKTA,direction_diversity,9.0,6.369769735124356,1.6606148444852105,10.175723235024751,10
checkerboard,greedyKTA,direction_diversity,10.0,6.1193689169406245,1.676393060311048,9.353187141579737,10
checkerboard,greedyKTA,direction_diversity,11.0,6.219841382570442,1.6593401368616354,9.375473191191608,10
checkerboard,greedyKTA,direction_diversity,12.0,6.229728179867817,1.6251248191985246,9.84228771146096,10
checkerboard,greedyKTA,direction_diversity,13.0,6.699561726068522,1.6019066436837022,10.518752546506725,10
checkerboard,greedyKTA,direction_diversity,14.0,6.564835022816669,1.5939598212232313,10.59783315491608,10
checkerboard,greedyKTA,direction_diversity,15.0,6.233692840985919,1.6128680110245006,10.187538888226992,10
checkerboard,greedyKTA,direction_diversity,16.0,6.089145513760693,1.667190236337161,9.510836984764252,10
checkerboard,greedyKTA,direction_diversity,17.0,6.3796272815211825,1.7373557051682613,9.422011417816323,10
checkerboard,greedyKTA,direction_diversity,18.0,6.0556922019569175,1.7763446605580588,8.954943500819763,10
checkerboard,greedyKTA,direction_diversity,19.0,6.250758588115795,1.7840913166582628,9.728249263685582,10
checkerboard,greedyKTA,direction_diversity,20.0,5.29146100198199,1.7430155861979937,8.562547670132155,10
checkerboard,greedyKTA,direction_diversity,21.0,5.262449764439518,1.8976474348652785,7.201573591307702,10
checkerboard,greedyKTA,direction_diversity,22.0,5.6973490850426005,2.0492071317976746,7.684651112945831,10
checkerboard,greedyKTA,direction_diversity,23.0,5.42221042394201,2.1317182357250197,7.798110869740807,10
checkerboard,greedyKTA,direction_diversity,24.0,5.850513517376177,2.1964987281507646,7.906313393614939,10
checkerboard,greedyKTA,direction_diversity,25.0,5.959056348637175,2.202090253418017,8.039772816359031,10
checkerboard,greedyKTA,direction_diversity,26.0,6.0610188586501605,2.2417287815937628,8.700282115308687,10
checkerboard,greedyKTA,direction_diversity,27.0,6.118911194412258,2.4097534265138614,9.456609959297866,10
checkerboard,greedyKTA,direction_diversity,28.0,6.404753719087893,2.4536669695280633,11.563482282682163,10
checkerboard,greedyKTA,direction_diversity,29.0,5.9926588976704505,2.5690534494388344,10.338781633505908,10
checkerboard,greedyKTA,direction_diversity,30.0,5.7054104595875,2.693413645163175,10.50177153670845,10
checkerboard,greedyKTA,direction_diversity,31.0,5.570770940957934,2.9210495375942562,10.311200014513394,10
checkerboard,greedyKTA,direction_diversity,32.0,5.002089314417746,3.0206288748329464,10.215619454680612,10
checkerboard,greedyKTA,direction_diversity,33.0,4.734158558613341,2.7784717552005955,8.524312424833866,10
checkerboard,greedyKTA,direction_diversity,34.0,4.465309356321448,2.7544774472954647,7.2338177238385954,10
checkerboard,greedyKTA,direction_diversity,35.0,4.513448226844114,2.6936462845046414,7.824595949331433,10
checkerboard,greedyKTA,direction_diversity,36.0,4.515107150602723,2.463876859619819,8.556499683959869,10
checkerboard,greedyKTA,direction_diversity,37.0,4.543680821213911,2.228553368684451,9.349368376218395,10
checkerboard,greedyKTA,direction_diversity,38.0,4.525587624144702,2.1386284192569667,9.685207756510858,10
checkerboard,greedyKTA,direction_diversity,39.0,4.598264085788519,2.113752781106138,9.726794806836983,10
checkerboard,greedyKTA,direction_diversity,40.0,4.639246856037959,2.1310984852878168,9.998273689610004,10
checkerboard,greedyKTA,direction_diversity,41.0,4.551270985340864,2.2454912353806167,8.854269182632924,10
checkerboard,greedyKTA,direction_diversity,42.0,4.637810959898722,2.7562571999552348,7.764836112634663,10
checkerboard,greedyKTA,direction_diversity,43.0,4.5691750048605435,2.6234830809189083,6.981081523696406,10
checkerboard,greedyKTA,direction_diversity,44.0,4.55891592460264,2.1608377334539686,7.366086101172051,10
checkerboard,greedyKTA,direction_diversity,45.0,4.584584651854043,1.7985110712462824,8.348885886983144,10
checkerboard,greedyKTA,direction_diversity,46.0,4.540378902654426,1.5806885968082804,7.851088561492876,10
checkerboard,greedyKTA,direction_diversity,47.0,4.678351860334221,1.426892532393299,8.316079154585674,10
checkerboard,greedyKTA,direction_diversity,48.0,4.889790912302022,1.2925547647505913,8.484629502771794,10
checkerboard,greedyKTA,direction_diversity,49.0,4.818520826743219,1.2488025737080888,8.903930124338286,10
checkerboard,greedyKTA,direction_diversity,50.0,4.974236720839302,1.2894411469958773,9.226961140153517,10
checkerboard,greedyKTA,direction_diversity,51.0,4.656650819818858,1.292163592949896,8.213228312515428,10
checkerboard,greedyKTA,direction_diversity,52.0,4.343822795025206,1.2469576560114595,7.542760254454273,10
checkerboard,greedyKTA,direction_diversity,53.0,4.391746823186998,1.1650072851655637,7.589613421381144,10
checkerboard,greedyKTA,direction_diversity,54.0,4.357437048981883,1.0987792312030447,6.902796613474659,10
checkerboard,greedyKTA,direction_diversity,55.0,4.350739007073715,1.0816477767801052,7.314924640485859,10
checkerboard,greedyKTA,direction_diversity,56.0,4.394331421207383,1.1000426379239332,8.482088443834309,10
checkerboard,greedyKTA,direction_diversity,57.0,4.2770982786732406,1.079107093569386,7.939649095382516,10
checkerboard,greedyKTA,direction_diversity,58.0,4.333435141473707,1.0381206488787234,10.115885746615344,10
checkerboard,greedyKTA,direction_diversity,59.0,4.404622053458209,1.0589216304269835,9.94938755153258,10
checkerboard,greedyKTA,direction_diversity,60.0,4.52709010432839,1.1635049460278486,9.747964468848526,10
checkerboard,greedyKTA,direction_diversity,61.0,4.465729435285693,1.203626870953114,9.313635470357424,10
checkerboard,greedyKTA,direction_diversity,62.0,4.53957230329434,1.1494964021853993,10.593181727700747,10
checkerboard,greedyKTA,direction_diversity,63.0,4.489746114592932,1.072406560260688,10.262355934021093,10
checkerboard,greedyKTA,direction_diversity,64.0,4.219777504179264,1.0537284922524295,9.345523475759501,10
checkerboard,greedyKTA,direction_diversity,65.0,4.163128975803853,1.0706675371768977,9.341993810828225,10
checkerboard,greedyKTA,direction_diversity,66.0,4.477193625665288,1.1036054687306591,10.1733946322393,10
checkerboard,greedyKTA,direction_diversity,67.0,4.469179560389081,1.100189065852502,10.376375486375688,10
checkerboard,greedyKTA,direction_diversity,68.0,4.313908551450221,1.0791449565152138,9.498055850003718,10
checkerboard,greedyKTA,direction_diversity,69.0,4.176203054342439,1.0794914826999396,9.643193450170648,10
checkerboard,greedyKTA,direction_diversity,70.0,3.9448073411620763,1.0849463365185714,8.948955510816932,10
checkerboard,greedyKTA,direction_diversity,71.0,3.601815874179195,1.0958056071639093,7.915889981730837,10
checkerboard,greedyKTA,direction_diversity,72.0,3.542847853161194,1.1065959409543207,8.25266905428471,10
checkerboard,greedyKTA,direction_diversity,73.0,3.497966689896851,1.109104251958745,8.398076084772418,10
checkerboard,greedyKTA,direction_diversity,74.0,3.4451527971874554,1.1134081336230746,7.437023139124383,10
checkerboard,greedyKTA,direction_diversity,75.0,3.4052975691280105,1.0967600749160262,7.836777502377374,10
checkerboard,greedyKTA,direction_diversity,76.0,3.393825402835361,1.041921662483049,7.332148702338255,10
checkerboard,greedyKTA,direction_diversity,77.0,3.3915217707338328,1.0389376933903463,6.733652852799521,10
checkerboard,greedyKTA,direction_diversity,78.0,3.484132638309913,1.0403017516327937,7.145548459092658,10
checkerboard,greedyKTA,direction_diversity,79.0,3.3792193969033546,1.04361038336143,7.385759574416364,10
checkerboard,greedyKTA,direction_diversity,80.0,3.3436798157798293,1.049860177408044,7.537118188553388,10
checkerboard,greedyKTA,direction_diversity,81.0,3.374612603971342,1.0456058518548026,7.252775445154359,10
checkerboard,greedyKTA,direction_diversity,82.0,3.507811959055631,1.0478836077163773,8.260257446665415,10
checkerboard,greedyKTA,direction_diversity,83.0,3.5952767609390053,1.0540450770859529,8.83699784887509,10
checkerboard,greedyKTA,direction_diversity,84.0,3.504766563296562,1.0531836781095336,7.871009370237887,10
checkerboard,greedyKTA,direction_diversity,85.0,3.394807616248186,1.0349511322930807,8.350710025217676,10
checkerboard,greedyKTA,direction_diversity,86.0,3.2373880742199312,1.0300196140800686,8.172337377449136,10
checkerboard,greedyKTA,direction_diversity,87.0,3.2689343398801425,1.018866844795131,8.021972372692769,10
checkerboard,greedyKTA,direction_diversity,88.0,3.3192965986364493,1.0134393553057401,8.596064449827807,10
checkerboard,greedyKTA,direction_diversity,89.0,3.3587340269944406,1.02218166532679,8.694089446483272,10
checkerboard,greedyKTA,direction_diversity,90.0,3.3961469539566473,1.0492107780126374,9.103284254550239,10
checkerboard,greedyKTA,direction_diversity,91.0,3.4183748047487064,1.0905975755632191,9.098988811641481,10
checkerboard,greedyKTA,direction_diversity,92.0,3.351951168425475,1.091110983697331,9.003027432734504,10
checkerboard,greedyKTA,direction_diversity,93.0,3.282745556531028,1.0852123678057028,8.701861134518191,10
checkerboard,greedyKTA,direction_diversity,94.0,3.2857547332790356,1.0852933425371756,9.018021376602984,10
checkerboard,greedyKTA,direction_diversity,95.0,3.220006653848832,1.107603889117046,8.047788541035299,10
checkerboard,greedyKTA,direction_diversity,96.0,3.415339750109365,1.1107238543474596,9.09884446087983,10
checkerboard,greedyKTA,direction_diversity,97.0,3.5127678443135317,1.0667143757460038,8.908995719762233,10
checkerboard,greedyKTA,direction_diversity,98.0,3.3510810502984185,1.0459391088067806,8.254673578982315,10
checkerboard,greedyKTA,direction_diversity,99.0,3.206048350772653,1.0313298943964828,8.106667499728658,10
checkerboard,greedyKTA,direction_diversity,100.0,3.149806294426706,1.0217974562910352,7.712232475523422,10
checkerboard,fullKTA,max_alignment,1.0,0.5185353025951092,0.4317507871854451,0.6355403633916916,10
checkerboard,fullKTA,max_alignment,2.0,0.5134817708582604,0.4138883044023562,0.5747663397498096,10
checkerboard,fullKTA,max_alignment,3.0,0.5434330269796701,0.37674666771387544,0.6548118067893736,10
checkerboard,fullKTA,max_alignment,4.0,0.5295339786839759,0.40796862191928895,0.5937474894215679,10
checkerboard,fullKTA,max_alignment,5.0,0.5200559408260446,0.43132811550247724,0.5830947292462682,10
checkerboard,fullKTA,max_alignment,6.0,0.517467179772692,0.40375239015626635,0.6376949986426068,10
checkerboard,fullKTA,max_alignment,7.0,0.495860930706551,0.41393511797030236,0.6118665827719119,10
checkerboard,fullKTA,max_alignment,8.0,0.48783827313723893,0.37485832828725885,0.5912339095519947,10
checkerboard,fullKTA,max_alignment,9.0,0.488764588896286,0.40113055629662797,0.697161441094399,10
checkerboard,fullKTA,max_alignment,10.0,0.4966917299427446,0.41465753243572734,0.7837287770039497,10
checkerboard,fullKTA,max_alignment,11.0,0.4893262797066701,0.39207232990430013,0.6074066815217397,10
checkerboard,fullKTA,max_alignment,12.0,0.5456069616176423,0.4647519005911187,0.6744096508474372,10
checkerboard,fullKTA,max_alignment,13.0,0.5458600338913554,0.4455527985730079,0.7627287183872421,10
checkerboard,fullKTA,max_alignment,14.0,0.6223025813789176,0.47548912615788336,0.7985848143230927,10
checkerboard,fullKTA,max_alignment,15.0,0.6456898995749423,0.5037966678040171,0.8213583056433025,10
checkerboard,fullKTA,max_alignment,16.0,0.67213895298988,0.5282303987751247,0.8403808055161244,10
checkerboard,fullKTA,max_alignment,17.0,0.68285723087399,0.5380719507558617,0.8583912492251403,10
checkerboard,fullKTA,max_alignment,18.0,0.6747352095573752,0.49342693649924674,0.8759155418275861,10
checkerboard,fullKTA,max_alignment,19.0,0.6668386469463965,0.5257485111296366,0.8940267560322385,10
checkerboard,fullKTA,max_alignment,20.0,0.6722749683237159,0.49195932330550024,0.9113331012618688,10
checkerboard,fullKTA,max_alignment,21.0,0.652003010909587,0.4192450455542908,0.9231470712193872,10
checkerboard,fullKTA,max_alignment,22.0,0.6518973469944754,0.4565222919014221,0.926908631050806,10
checkerboard,fullKTA,max_alignment,23.0,0.6690617940034964,0.4898176521160462,0.9270351224705284,10
checkerboard,fullKTA,max_alignment,24.0,0.6792113805626083,0.5100702931266864,0.9282315321011577,10
checkerboard,fullKTA,max_alignment,25.0,0.6878145665483857,0.550416724152171,0.930440783799493,10
checkerboard,fullKTA,max_alignment,26.0,0.7047103685311854,0.5905126749626324,0.9319710349326005,10
checkerboard,fullKTA,max_alignment,27.0,0.7158366373194691,0.5642777527227377,0.9335412131124736,10
checkerboard,fullKTA,max_alignment,28.0,0.7275463510012682,0.5212742074349044,0.9365497396191698,10
checkerboard,fullKTA,max_alignment,29.0,0.7455400031027777,0.5944776446663285,0.9404675688404918,10
checkerboard,fullKTA,max_alignment,30.0,0.7518881856116311,0.5641736860471847,0.9445547214141142,10
checkerboard,fullKTA,max_alignment,31.0,0.7479320266017992,0.4085301526787477,0.948277363529263,10
checkerboard,fullKTA,max_alignment,32.0,0.7670725774203817,0.48196106545383244,0.9509166138235902,10
checkerboard,fullKTA,max_alignment,33.0,0.7857649704998335,0.5697116908878208,0.9521118345662776,10
checkerboard,fullKTA,max_alignment,34.0,0.7938071382657685,0.5770561995214182,0.9523660477823164,10
checkerboard,fullKTA,max_alignment,35.0,0.7942891499801952,0.519879627425942,0.9527132295869079,10
checkerboard,fullKTA,max_alignment,36.0,0.7955270484630539,0.46954507532968487,0.9665914470422079,10
checkerboard,fullKTA,max_alignment,37.0,0.8007194627887111,0.45729816466322376,0.9752464886868084,10
checkerboard,fullKTA,max_alignment,38.0,0.8288003493973003,0.671832133925074,0.9794139843759472,10
checkerboard,fullKTA,max_alignment,39.0,0.8420963274892477,0.7142246639259753,0.9816362227026374,10
checkerboard,fullKTA,max_alignment,40.0,0.8453843504499146,0.7085825202722419,0.9831725243775822,10
checkerboard,fullKTA,max_alignment,41.0,0.8473997902240576,0.6799137111689608,0.9846151963661028,10
checkerboard,fullKTA,max_alignment,42.0,0.8508824371217614,0.6741901851429745,0.9855626502771416,10
checkerboard,fullKTA,max_alignment,43.0,0.8569801410594889,0.6979839768813255,0.9861372844368077,10
checkerboard,fullKTA,max_alignment,44.0,0.8591829114609031,0.6867553118713609,0.9862940244848664,10
checkerboard,fullKTA,max_alignment,45.0,0.8614008457989983,0.680303071289819,0.9859924631944104,10
checkerboard,fullKTA,max_alignment,46.0,0.8640353358698334,0.6798399358431535,0.9882123509508902,10
checkerboard,fullKTA,max_alignment,47.0,0.8671788372904803,0.6847577561921245,0.9896790441890305,10
checkerboard,fullKTA,max_alignment,48.0,0.86964406984462,0.6863232878554688,0.9905147018250119,10
checkerboard,fullKTA,max_alignment,49.0,0.871103765984597,0.6842357492828449,0.9911768852030239,10
checkerboard,fullKTA,max_alignment,50.0,0.8736857904755585,0.6978811504444234,0.9917393108166038,10
checkerboard,fullKTA,max_alignment,51.0,0.8748056170358268,0.6993817035240167,0.9921606940558675,10
checkerboard,fullKTA,max_alignment,52.0,0.8750507977981519,0.6943591161659386,0.9923916239761866,10
checkerboard,fullKTA,max_alignment,53.0,0.8754116140577022,0.6924126104031366,0.9923675238301132,10
checkerboard,fullKTA,max_alignment,54.0,0.8756698686170612,0.6927640600977945,0.9922188638671524,10
checkerboard,fullKTA,max_alignment,55.0,0.8754779352839608,0.693035756019843,0.9924129709080787,10
checkerboard,fullKTA,max_alignment,56.0,0.8752865706514624,0.6944546094410132,0.9930163111343806,10
checkerboard,fullKTA,max_alignment,57.0,0.8754301861809092,0.6972695594174212,0.9932514865000853,10
checkerboard,fullKTA,max_alignment,58.0,0.8756573573653459,0.6988003373203863,0.9926817221560168,10
checkerboard,fullKTA,max_alignment,59.0,0.8759734195859638,0.7005615387780681,0.9917311151073929,10
checkerboard,fullKTA,max_alignment,60.0,0.8763657718080731,0.7035438267727361,0.9910727378031355,10
checkerboard,fullKTA,max_alignment,61.0,0.8764045279885302,0.7038260227245604,0.9911911287335051,10
checkerboard,fullKTA,max_alignment,62.0,0.8764458628768379,0.7047221993817535,0.9919939817681032,10
checkerboard,fullKTA,max_alignment,63.0,0.8765622759281589,0.7057104516012588,0.9928984343912448,10
checkerboard,fullKTA,max_alignment,64.0,0.8768021080040184,0.7054259421469545,0.9934883622203982,10
checkerboard,fullKTA,max_alignment,65.0,0.8774604543235635,0.7058812056319265,0.9936731186712635,10
checkerboard,fullKTA,max_alignment,66.0,0.8781945269855495,0.7044160505345646,0.9935597036586196,10
checkerboard,fullKTA,max_alignment,67.0,0.8791582040139112,0.7053518502151194,0.9933502226914686,10
checkerboard,fullKTA,max_alignment,68.0,0.8797584948115065,0.7057147541785592,0.9932112343455187,10
checkerboard,fullKTA,max_alignment,69.0,0.8799809516777746,0.7059428108396616,0.9932608547738342,10
checkerboard,fullKTA,max_alignment,70.0,0.879930226422798,0.7053883139796192,0.9935363530288572,10
checkerboard,fullKTA,max_alignment,71.0,0.8799787006548249,0.7053598514037632,0.9939308216951,10
checkerboard,fullKTA,max_alignment,72.0,0.8802030583432583,0.7059780160016806,0.9942686236635316,10
checkerboard,fullKTA,max_alignment,73.0,0.8804499063925453,0.7056493238530976,0.9944800335129496,10
checkerboard,fullKTA,max_alignment,74.0,0.8810144263966595,0.705480705127747,0.9946073302206143,10
checkerboard,fullKTA,max_alignment,75.0,0.8820361314097284,0.7049461700907326,0.9946467185950401,10
checkerboard,fullKTA,max_alignment,76.0,0.8834879250185583,0.705567527274462,0.9945784799639077,10
checkerboard,fullKTA,max_alignment,77.0,0.8847073071030815,0.705472599877401,0.9944394562505819,10
checkerboard,fullKTA,max_alignment,78.0,0.8855046011471049,0.7055504972028492,0.9943028960110123,10
checkerboard,fullKTA,max_alignment,79.0,0.8857294269006534,0.7050044017949252,0.9942256468607406,10
checkerboard,fullKTA,max_alignment,80.0,0.885546250338523,0.7050627620459264,0.994221797257908,10
checkerboard,fullKTA,max_alignment,81.0,0.8851017615288544,0.7046583095775668,0.9942688984408361,10
checkerboard,fullKTA,max_alignment,82.0,0.8847069517119648,0.7042704104013878,0.9943295534904164,10
checkerboard,fullKTA,max_alignment,83.0,0.8842548814291838,0.7036112713382663,0.9943723861031362,10
checkerboard,fullKTA,max_alignment,84.0,0.8836628072594122,0.7034107947689783,0.9943971895158755,10
checkerboard,fullKTA,max_alignment,85.0,0.8830876368419096,0.7032290193798119,0.9944333172903048,10
checkerboard,fullKTA,max_alignment,86.0,0.8827793837633845,0.7030465883339084,0.9944915224689655,10
checkerboard,fullKTA,max_alignment,87.0,0.8826578813668705,0.7027341209689961,0.9945414081526,10
checkerboard,fullKTA,max_alignment,88.0,0.8825540389978463,0.7025773088259021,0.9945521557540068,10
checkerboard,fullKTA,max_alignment,89.0,0.882353771614684,0.7025141576557573,0.994531433192327,10
checkerboard,fullKTA,max_alignment,90.0,0.8820576311312344,0.7023193391864632,0.9945215221653873,10
checkerboard,fullKTA,max_alignment,91.0,0.8817518662815033,0.7019939300825574,0.9945442334618169,10
checkerboard,fullKTA,max_alignment,92.0,0.881518023479454,0.7017960802210679,0.994572290673134,10
checkerboard,fullKTA,max_alignment,93.0,0.8813028714789869,0.7018160729905498,0.9945780990844754,10
checkerboard,fullKTA,max_alignment,94.0,0.881026754148231,0.7017929284437663,0.9945654130788152,10
checkerboard,fullKTA,max_alignment,95.0,0.8807916035141841,0.701762675734579,0.9945581355610926,10
checkerboard,fullKTA,max_alignment,96.0,0.8807066587970057,0.7019140290592388,0.9945674331000898,10
checkerboard,fullKTA,max_alignment,97.0,0.8806296575223035,0.7022074742170796,0.9945788295568151,10
checkerboard,fullKTA,max_alignment,98.0,0.8803758855036511,0.7024246353459245,0.994579116576673,10
checkerboard,fullKTA,max_alignment,99.0,0.8800654953811966,0.7025694688308752,0.994577077511427,10
checkerboard,fullKTA,max_alignment,100.0,0.8798402952754522,0.7028353090717243,0.994592497687297,10
checkerboard,randomKTA,max_alignment,1.0,0.5297675347285268,0.43362984944543836,0.6421644410075736,10
checkerboard,randomKTA,max_alignment,2.0,0.5342229344221827,0.4004027384655838,0.714679669467153,10
checkerboard,randomKTA,max_alignment,3.0,0.5366280538616375,0.38673473942122805,0.7101487352655944,10
checkerboard,randomKTA,max_alignment,4.0,0.5488084214990833,0.4051829239933817,0.7123155032214664,10
checkerboard,randomKTA,max_alignment,5.0,0.5368911016337592,0.3568113596753677,0.6934733450200599,10
checkerboard,randomKTA,max_alignment,6.0,0.5247419652678137,0.3715602601161684,0.669355905936467,10
checkerboard,randomKTA,max_alignment,7.0,0.5192089883612743,0.37484427272035237,0.6580248753282082,10
checkerboard,randomKTA,max_alignment,8.0,0.501337092450809,0.37701872457869845,0.6426090814421136,10
checkerboard,randomKTA,max_alignment,9.0,0.5150143039640924,0.4042342217244985,0.6487019366040063,10
checkerboard,randomKTA,max_alignment,10.0,0.5018237752529512,0.3985467142676668,0.6474768018627697,10
checkerboard,randomKTA,max_alignment,11.0,0.4954490315389046,0.3674917774361429,0.6761678941556987,10
checkerboard,randomKTA,max_alignment,12.0,0.49741357104063777,0.3890818092183729,0.7246531046389384,10
checkerboard,randomKTA,max_alignment,13.0,0.48136220363318716,0.38868229149723815,0.7277168315107682,10
checkerboard,randomKTA,max_alignment,14.0,0.47818992876669614,0.37920204786717676,0.6981500329597374,10
checkerboard,randomKTA,max_alignment,15.0,0.48322875819467487,0.3862729137577172,0.6257900027516758,10
checkerboard,randomKTA,max_alignment,16.0,0.47184424642976797,0.3923532777745877,0.5725639736799687,10
checkerboard,randomKTA,max_alignment,17.0,0.4698487594204125,0.41132917730393154,0.525793648015099,10
checkerboard,randomKTA,max_alignment,18.0,0.48173912157179694,0.39006515820964843,0.5362870131342644,10
checkerboard,randomKTA,max_alignment,19.0,0.4911571375431862,0.4233935050934501,0.5430831338355833,10
checkerboard,randomKTA,max_alignment,20.0,0.5015176051146659,0.4421865063194441,0.5586160972873321,10
checkerboard,randomKTA,max_alignment,21.0,0.5038727791176342,0.43297126465541014,0.6036578161632155,10
checkerboard,randomKTA,max_alignment,22.0,0.5060446537227297,0.37599616324154367,0.6265934162231529,10
checkerboard,randomKTA,max_alignment,23.0,0.509004534350321,0.43011216267612423,0.6343113808170537,10
checkerboard,randomKTA,max_alignment,24.0,0.5113663221585794,0.41421600102519773,0.634559460747749,10
checkerboard,randomKTA,max_alignment,25.0,0.5049196170490512,0.39413751504137623,0.6243595555476278,10
checkerboard,randomKTA,max_alignment,26.0,0.513804433467208,0.43652618830858275,0.6150693046848378,10
checkerboard,randomKTA,max_alignment,27.0,0.5141829098644723,0.41690946175946003,0.5933594828042321,10
checkerboard,randomKTA,max_alignment,28.0,0.5044272155616862,0.40174410885270617,0.6077979107999096,10
checkerboard,randomKTA,max_alignment,29.0,0.5074997821222788,0.4337519378394118,0.63843803065156,10
checkerboard,randomKTA,max_alignment,30.0,0.5121861149717101,0.4183106443622651,0.650686752886448,10
checkerboard,randomKTA,max_alignment,31.0,0.5117765754887059,0.3966635041201336,0.655866147031503,10
checkerboard,randomKTA,max_alignment,32.0,0.5102515553180131,0.3953949905272591,0.6521753171057705,10
checkerboard,randomKTA,max_alignment,33.0,0.5181772920104623,0.3908423654120713,0.6474464461971107,10
checkerboard,randomKTA,max_alignment,34.0,0.5151069968648536,0.39810212764935016,0.6371865252701148,10
checkerboard,randomKTA,max_alignment,35.0,0.5219571131333582,0.41052611015217916,0.626601828557541,10
checkerboard,randomKTA,max_alignment,36.0,0.515532950353631,0.38771096305592817,0.6170088984742763,10
checkerboard,randomKTA,max_alignment,37.0,0.5335251076221281,0.4325991209650299,0.6192753384116904,10
checkerboard,randomKTA,max_alignment,38.0,0.5448512885012908,0.4602393674783479,0.6208319072083331,10
checkerboard,randomKTA,max_alignment,39.0,0.551804911985111,0.46840469621981773,0.6505477511076967,10
checkerboard,randomKTA,max_alignment,40.0,0.5517502695435196,0.45804986911831136,0.6652391141841087,10
checkerboard,randomKTA,max_alignment,41.0,0.536175721833707,0.4412775855894811,0.6379326907031669,10
checkerboard,randomKTA,max_alignment,42.0,0.5355379031971372,0.42899557576748365,0.6602128866218677,10
checkerboard,randomKTA,max_alignment,43.0,0.5417693663654102,0.412319069738628,0.6818234856164654,10
checkerboard,randomKTA,max_alignment,44.0,0.5221046123635926,0.41889257708154226,0.6999833268119396,10
checkerboard,randomKTA,max_alignment,45.0,0.5336808854478828,0.3904193282803894,0.7259298529322804,10
checkerboard,randomKTA,max_alignment,46.0,0.5629522061288431,0.43500059094972854,0.7562463073936759,10
checkerboard,randomKTA,max_alignment,47.0,0.5692852675902682,0.42297537208201996,0.7790571648884577,10
checkerboard,randomKTA,max_alignment,48.0,0.5617092153403812,0.4249038391228556,0.7636236261548089,10
checkerboard,randomKTA,max_alignment,49.0,0.5694871372197032,0.42389015967301397,0.7544632277283045,10
checkerboard,randomKTA,max_alignment,50.0,0.5747324435940958,0.4338039069675474,0.752196072834287,10
checkerboard,randomKTA,max_alignment,51.0,0.5668895646219108,0.43522456089421235,0.7517567763592269,10
checkerboard,randomKTA,max_alignment,52.0,0.543455245764535,0.4206743385071516,0.7389266391205314,10
checkerboard,randomKTA,max_alignment,53.0,0.558213838031991,0.39100138117222843,0.7291405532172169,10
checkerboard,randomKTA,max_alignment,54.0,0.5563941200596566,0.3984488163723597,0.7351854858398881,10
checkerboard,randomKTA,max_alignment,55.0,0.5756984243797799,0.3861132566663107,0.7502181965704326,10
checkerboard,randomKTA,max_alignment,56.0,0.5808582727498859,0.4194280105753043,0.7557369426634165,10
checkerboard,randomKTA,max_alignment,57.0,0.5818904237692766,0.452110438142956,0.7488911420426253,10
checkerboard,randomKTA,max_alignment,58.0,0.5853080271073662,0.4556413485275484,0.7352594947944185,10
checkerboard,randomKTA,max_alignment,59.0,0.5765153648384909,0.4358167114056549,0.7253771304772895,10
checkerboard,randomKTA,max_alignment,60.0,0.5696499256214554,0.4719229504612278,0.7137034282125282,10
checkerboard,randomKTA,max_alignment,61.0,0.5736156586877957,0.4652093864183088,0.7130441969901871,10
checkerboard,randomKTA,max_alignment,62.0,0.5623490418597525,0.44271974275313536,0.7069100922457144,10
checkerboard,randomKTA,max_alignment,63.0,0.5727555537165768,0.42488740379277573,0.7279074793502797,10
checkerboard,randomKTA,max_alignment,64.0,0.5850359784043782,0.41464714214258697,0.7627683435360469,10
checkerboard,randomKTA,max_alignment,65.0,0.5935093802576459,0.4057363113932967,0.7902989094617835,10
checkerboard,randomKTA,max_alignment,66.0,0.5847739446431107,0.39129864632547734,0.7927048779052974,10
checkerboard,randomKTA,max_alignment,67.0,0.5845378002711523,0.38671015195352393,0.7945535830118216,10
checkerboard,randomKTA,max_alignment,68.0,0.5839647385087642,0.3942690974078129,0.8024468465779854,10
checkerboard,randomKTA,max_alignment,69.0,0.5846401836558863,0.4131196910578031,0.7821882929667753,10
checkerboard,randomKTA,max_alignment,70.0,0.583284152333108,0.397855250273197,0.7654882209051102,10
checkerboard,randomKTA,max_alignment,71.0,0.5890077751135225,0.39690805456100553,0.7607356297946142,10
checkerboard,randomKTA,max_alignment,72.0,0.5983611463509099,0.42089548404241095,0.7737318803711634,10
checkerboard,randomKTA,max_alignment,73.0,0.6047210388386313,0.46551950072624254,0.8000015938217475,10
checkerboard,randomKTA,max_alignment,74.0,0.6060889915391224,0.4930711296937282,0.8254611443282555,10
checkerboard,randomKTA,max_alignment,75.0,0.6211152340277495,0.49250227535287766,0.8520207752959927,10
checkerboard,randomKTA,max_alignment,76.0,0.6162427495875596,0.4751893761064103,0.8749633806548506,10
checkerboard,randomKTA,max_alignment,77.0,0.6145874282886161,0.4868430145268667,0.8798595140010077,10
checkerboard,randomKTA,max_alignment,78.0,0.6325637388690757,0.45113321280810187,0.8940909453538892,10
checkerboard,randomKTA,max_alignment,79.0,0.6277629987342498,0.415867834218558,0.8940204570685927,10
checkerboard,randomKTA,max_alignment,80.0,0.6566938564765027,0.5026513031375396,0.8884293830128984,10
checkerboard,randomKTA,max_alignment,81.0,0.661497460372205,0.5199531036381191,0.9111403711681044,10
checkerboard,randomKTA,max_alignment,82.0,0.6527023520847763,0.4655854038778118,0.9211901405824827,10
checkerboard,randomKTA,max_alignment,83.0,0.6531752579326792,0.41559276462293165,0.9264629917429517,10
checkerboard,randomKTA,max_alignment,84.0,0.6450727843912548,0.38502224177320116,0.9275726656048799,10
checkerboard,randomKTA,max_alignment,85.0,0.6489689007091116,0.42172732886698244,0.9212565511623759,10
checkerboard,randomKTA,max_alignment,86.0,0.6439630971746353,0.4344591296039001,0.901708858850934,10
checkerboard,randomKTA,max_alignment,87.0,0.6381114496207496,0.44851979438599876,0.8932843130261213,10
checkerboard,randomKTA,max_alignment,88.0,0.6392786532369168,0.4795959857245143,0.8852388555224882,10
checkerboard,randomKTA,max_alignment,89.0,0.6385503092077592,0.4969407302110407,0.8819131883962744,10
checkerboard,randomKTA,max_alignment,90.0,0.6520631886980233,0.5054427183088811,0.8771295305344791,10
checkerboard,randomKTA,max_alignment,91.0,0.6579867565894394,0.49930866437877547,0.8732044612005792,10
checkerboard,randomKTA,max_alignment,92.0,0.6636587508928857,0.48326179949126447,0.8708791376430157,10
checkerboard,randomKTA,max_alignment,93.0,0.6697584619313182,0.4800152680162513,0.8752116970411086,10
checkerboard,randomKTA,max_alignment,94.0,0.6767944734212094,0.47787062944232567,0.8906689292491444,10
checkerboard,randomKTA,max_alignment,95.0,0.6841602139667426,0.4727905060695155,0.9109416014997898,10
checkerboard,randomKTA,max_alignment,96.0,0.6983448560667489,0.49273928506113374,0.9158824466055622,10
checkerboard,randomKTA,max_alignment,97.0,0.6972475814796832,0.4987248928216346,0.9110190573281638,10
checkerboard,randomKTA,max_alignment,98.0,0.6897480816935087,0.48283798079158696,0.9096236173223495,10
checkerboard,randomKTA,max_alignment,99.0,0.6714067172289475,0.5159878438114183,0.9172512503226418,10
checkerboard,randomKTA,max_alignment,100.0,0.6966683397989958,0.5869107754532935,0.9150518363447081,10
checkerboard,quackKTA,max_alignment,1.0,0.5297479311091079,0.4098615779468205,0.7023279865098581,10
checkerboard,quackKTA,max_alignment,2.0,0.5297479311091079,0.4098615779468205,0.7023279865098581,10
checkerboard,quackKTA,max_alignment,3.0,0.561925410362276,0.44379968587223206,0.7732794034273234,10
checkerboard,quackKTA,max_alignment,4.0,0.561925410362276,0.44379968587223206,0.7732794034273234,10
checkerboard,quackKTA,max_alignment,5.0,0.5525718651214909,0.41066759015526294,0.7744302518011754,10
checkerboard,quackKTA,max_alignment,6.0,0.5525718651214909,0.41066759015526294,0.7744302518011754,10
checkerboard,quackKTA,max_alignment,7.0,0.5450726256872376,0.41457155477012825,0.7900337391606501,10
checkerboard,quackKTA,max_alignment,8.0,0.5450726256872376,0.41457155477012825,0.7900337391606501,10
checkerboard,quackKTA,max_alignment,9.0,0.5549884026060637,0.4353436675038361,0.7858370551843084,10
checkerboard,quackKTA,max_alignment,10.0,0.5549884026060637,0.4353436675038361,0.7858370551843084,10
checkerboard,quackKTA,max_alignment,11.0,0.5408981938882015,0.44088041830638064,0.7246268729814642,10
checkerboard,quackKTA,max_alignment,12.0,0.5408981938882015,0.44088041830638064,0.7246268729814642,10
checkerboard,quackKTA,max_alignment,13.0,0.5131121264550231,0.4308438930231217,0.6174351712884536,10
checkerboard,quackKTA,max_alignment,14.0,0.5131121264550231,0.4308438930231217,0.6174351712884536,10
checkerboard,quackKTA,max_alignment,15.0,0.5381174296272699,0.41564376281670445,0.7068998653566518,10
checkerboard,quackKTA,max_alignment,16.0,0.5381174296272699,0.41564376281670445,0.7068998653566518,10
checkerboard,quackKTA,max_alignment,17.0,0.5167767730789092,0.3942630395225689,0.6941535962598651,10
checkerboard,quackKTA,max_alignment,18.0,0.5167767730789092,0.3942630395225689,0.6941535962598651,10
checkerboard,quackKTA,max_alignment,19.0,0.5244495746704323,0.4167313360964422,0.7462329887360845,10
checkerboard,quackKTA,max_alignment,20.0,0.5244495746704323,0.4167313360964422,0.7462329887360845,10
checkerboard,quackKTA,max_alignment,21.0,0.568734686437532,0.4275484356721415,0.8543030966729727,10
checkerboard,quackKTA,max_alignment,22.0,0.568734686437532,0.4275484356721415,0.8543030966729727,10
checkerboard,quackKTA,max_alignment,23.0,0.5585480874917826,0.3853173453294,0.9037755800245997,10
checkerboard,quackKTA,max_alignment,24.0,0.5585480874917826,0.3853173453294,0.9037755800245997,10
checkerboard,quackKTA,max_alignment,25.0,0.5697990521521563,0.45971522009892446,0.9181728681318244,10
checkerboard,quackKTA,max_alignment,26.0,0.5697990521521563,0.45971522009892446,0.9181728681318244,10
checkerboard,quackKTA,max_alignment,27.0,0.5763742947011031,0.47314046210892224,0.9181924143031686,10
checkerboard,quackKTA,max_alignment,28.0,0.5763742947011031,0.47314046210892224,0.9181924143031686,10
checkerboard,quackKTA,max_alignment,29.0,0.5748296580865982,0.391860743621837,0.9108523719060027,10
checkerboard,quackKTA,max_alignment,30.0,0.5748296580865982,0.391860743621837,0.9108523719060027,10
checkerboard,quackKTA,max_alignment,31.0,0.5895076696412134,0.406070278041874,0.9012343669058763,10
checkerboard,quackKTA,max_alignment,32.0,0.5895076696412134,0.406070278041874,0.9012343669058763,10
checkerboard,quackKTA,max_alignment,33.0,0.5849849972405867,0.40726199216450754,0.9020309668864035,10
checkerboard,quackKTA,max_alignment,34.0,0.5849849972405867,0.40726199216450754,0.9020309668864035,10
checkerboard,quackKTA,max_alignment,35.0,0.6102467670262743,0.42852581277427165,0.9225002906736284,10
checkerboard,quackKTA,max_alignment,36.0,0.6102467670262743,0.42852581277427165,0.9225002906736284,10
checkerboard,quackKTA,max_alignment,37.0,0.6159903801595419,0.4105378700171931,0.9382373429279948,10
checkerboard,quackKTA,max_alignment,38.0,0.6159903801595419,0.4105378700171931,0.9382373429279948,10
checkerboard,quackKTA,max_alignment,39.0,0.6455136788280923,0.4784658787543967,0.9492881665317229,10
checkerboard,quackKTA,max_alignment,40.0,0.6455136788280923,0.4784658787543967,0.9492881665317229,10
checkerboard,quackKTA,max_alignment,41.0,0.6497725932069203,0.42271279660703615,0.9567797969875026,10
checkerboard,quackKTA,max_alignment,42.0,0.6497725932069203,0.42271279660703615,0.9567797969875026,10
checkerboard,quackKTA,max_alignment,43.0,0.6573844222812335,0.4353805378231227,0.9615645649284604,10
checkerboard,quackKTA,max_alignment,44.0,0.6573844222812335,0.4353805378231227,0.9615645649284604,10
checkerboard,quackKTA,max_alignment,45.0,0.7092146375123762,0.49438341140785996,0.964360920507016,10
checkerboard,quackKTA,max_alignment,46.0,0.7092146375123762,0.49438341140785996,0.964360920507016,10
checkerboard,quackKTA,max_alignment,47.0,0.7216832363223257,0.5015682156801927,0.965777775671451,10
checkerboard,quackKTA,max_alignment,48.0,0.7216832363223257,0.5015682156801927,0.965777775671451,10
checkerboard,quackKTA,max_alignment,49.0,0.7152880620984441,0.456199277532113,0.9662276990227404,10
checkerboard,quackKTA,max_alignment,50.0,0.7152880620984441,0.456199277532113,0.9662276990227404,10
checkerboard,quackKTA,max_alignment,51.0,0.7261990099911003,0.5264132940788503,0.9659830016712306,10
checkerboard,quackKTA,max_alignment,52.0,0.7261990099911003,0.5264132940788503,0.9659830016712306,10
checkerboard,quackKTA,max_alignment,53.0,0.7537873484551456,0.5322748246681192,0.9652491381443594,10
checkerboard,quackKTA,max_alignment,54.0,0.7537873484551456,0.5322748246681192,0.9652491381443594,10
checkerboard,quackKTA,max_alignment,55.0,0.7657091561208513,0.5357263248367509,0.9641968458093199,10
checkerboard,quackKTA,max_alignment,56.0,0.7657091561208513,0.5357263248367509,0.9641968458093199,10
checkerboard,quackKTA,max_alignment,57.0,0.771263322860731,0.5358071875806356,0.9629425363837174,10
checkerboard,quackKTA,max_alignment,58.0,0.771263322860731,0.5358071875806356,0.9629425363837174,10
checkerboard,quackKTA,max_alignment,59.0,0.7579477620334389,0.48891505645017214,0.9615524760873388,10
checkerboard,quackKTA,max_alignment,60.0,0.7579477620334389,0.48891505645017214,0.9615524760873388,10
checkerboard,quackKTA,max_alignment,61.0,0.7545756936030064,0.47089057988461097,0.9600612691768845,10
checkerboard,quackKTA,max_alignment,62.0,0.7545756936030064,0.47089057988461097,0.9600612691768845,10
checkerboard,quackKTA,max_alignment,63.0,0.7566264299539516,0.4638137560365416,0.9584879705062345,10
checkerboard,quackKTA,max_alignment,64.0,0.7566264299539516,0.4638137560365416,0.9584879705062345,10
checkerboard,quackKTA,max_alignment,65.0,0.7568168083632424,0.44477997924192336,0.9568446906810499,10
checkerboard,quackKTA,max_alignment,66.0,0.7568168083632424,0.44477997924192336,0.9568446906810499,10
checkerboard,quackKTA,max_alignment,67.0,0.7574538047731496,0.42269570209198365,0.9594895936342361,10
checkerboard,quackKTA,max_alignment,68.0,0.7574538047731496,0.42269570209198365,0.9594895936342361,10
checkerboard,quackKTA,max_alignment,69.0,0.7588805698231612,0.4250534444829785,0.9619672986783824,10
checkerboard,quackKTA,max_alignment,70.0,0.7588805698231612,0.4250534444829785,0.9619672986783824,10
checkerboard,quackKTA,max_alignment,71.0,0.7623507816631026,0.46026290567847783,0.9612462068550437,10
checkerboard,quackKTA,max_alignment,72.0,0.7623507816631026,0.46026290567847783,0.9612462068550437,10
checkerboard,quackKTA,max_alignment,73.0,0.7637882354833143,0.49089672121036537,0.9556775944837226,10
checkerboard,quackKTA,max_alignment,74.0,0.7637882354833143,0.49089672121036537,0.9556775944837226,10
checkerboard,quackKTA,max_alignment,75.0,0.7643895639015861,0.5064852312513276,0.9479573438693232,10
checkerboard,quackKTA,max_alignment,76.0,0.7643895639015861,0.5064852312513276,0.9479573438693232,10
checkerboard,quackKTA,max_alignment,77.0,0.7642187932706753,0.4993727213809562,0.946149033067011,10
checkerboard,quackKTA,max_alignment,78.0,0.7642187932706753,0.4993727213809562,0.946149033067011,10
checkerboard,quackKTA,max_alignment,79.0,0.7635606680726823,0.4894910448572659,0.9443740451341665,10
checkerboard,quackKTA,max_alignment,80.0,0.7635606680726823,0.4894910448572659,0.9443740451341665,10
checkerboard,quackKTA,max_alignment,81.0,0.762557699592233,0.4770481933918243,0.9426530114934625,10
checkerboard,quackKTA,max_alignment,82.0,0.762557699592233,0.4770481933918243,0.9426530114934625,10
checkerboard,quackKTA,max_alignment,83.0,0.7612182841716147,0.4628108021977396,0.9410060167335301,10
checkerboard,quackKTA,max_alignment,84.0,0.7612182841716147,0.4628108021977396,0.9410060167335301,10
checkerboard,quackKTA,max_alignment,85.0,0.7594945071801146,0.4476806156982036,0.9394512356047044,10
checkerboard,quackKTA,max_alignment,86.0,0.7594945071801146,0.4476806156982036,0.9394512356047044,10
checkerboard,quackKTA,max_alignment,87.0,0.7576747482109023,0.43504100336338125,0.9380049847098048,10
checkerboard,quackKTA,max_alignment,88.0,0.7576747482109023,0.43504100336338125,0.9380049847098048,10
checkerboard,quackKTA,max_alignment,89.0,0.7584368049214006,0.45057694252071195,0.9366793773750588,10
checkerboard,quackKTA,max_alignment,90.0,0.7584368049214006,0.45057694252071195,0.9366793773750588,10
checkerboard,quackKTA,max_alignment,91.0,0.7589536168403301,0.4641402766622546,0.9354826848054228,10
checkerboard,quackKTA,max_alignment,92.0,0.7589536168403301,0.4641402766622546,0.9354826848054228,10
checkerboard,quackKTA,max_alignment,93.0,0.7592758212487106,0.47687332382286324,0.9344185512008925,10
checkerboard,quackKTA,max_alignment,94.0,0.7592758212487106,0.47687332382286324,0.9344185512008925,10
checkerboard,quackKTA,max_alignment,95.0,0.7589026820867877,0.4896220747784904,0.9334861161820363,10
checkerboard,quackKTA,max_alignment,96.0,0.7589026820867877,0.4896220747784904,0.9334861161820363,10
checkerboard,quackKTA,max_alignment,97.0,0.757093404139778,0.4987374842025608,0.9326809309410574,10
checkerboard,quackKTA,max_alignment,98.0,0.757093404139778,0.4987374842025608,0.9326809309410574,10
checkerboard,quackKTA,max_alignment,99.0,0.7531016824807251,0.493080798733639,0.9319949555212272,10
checkerboard,quackKTA,max_alignment,100.0,0.7531016824807251,0.493080798733639,0.9319949555212272,10
checkerboard,centroidBasedKTA,max_alignment,1.0,0.5377729951206885,0.4100223329571974,0.6721071921283244,10
checkerboard,centroidBasedKTA,max_alignment,2.0,0.570686355282268,0.4442710991552361,0.7486520636829531,10
checkerboard,centroidBasedKTA,max_alignment,3.0,0.5284885000607998,0.3866534369868961,0.8514386694381074,10
checkerboard,centroidBasedKTA,max_alignment,4.0,0.5084287339673439,0.4141296312471989,0.637586546880046,10
checkerboard,centroidBasedKTA,max_alignment,5.0,0.5415128687463353,0.41280933607530196,0.8546858707678185,10
checkerboard,centroidBasedKTA,max_alignment,6.0,0.5266678732813406,0.4065125650793641,0.7482848014555996,10
checkerboard,centroidBasedKTA,max_alignment,7.0,0.5063596595625375,0.43406113389209366,0.6866823703994536,10
checkerboard,centroidBasedKTA,max_alignment,8.0,0.4640208097914263,0.41210589153569394,0.5017967062186551,10
checkerboard,centroidBasedKTA,max_alignment,9.0,0.5043887738554377,0.4098890213726332,0.6483323844240843,10
checkerboard,centroidBasedKTA,max_alignment,10.0,0.5112860062901828,0.3735394310725302,0.8231785644973749,10
checkerboard,centroidBasedKTA,max_alignment,11.0,0.5317418009461327,0.3836366979109101,0.8463639123100499,10
checkerboard,centroidBasedKTA,max_alignment,12.0,0.5398213855407349,0.4502178135570465,0.8535033479757824,10
checkerboard,centroidBasedKTA,max_alignment,13.0,0.5471101639606365,0.3850508978919204,0.8203368866468822,10
checkerboard,centroidBasedKTA,max_alignment,14.0,0.5316623885542493,0.409026653652527,0.8155617039449211,10
checkerboard,centroidBasedKTA,max_alignment,15.0,0.5383888638020436,0.4086963784950584,0.7859578947953487,10
checkerboard,centroidBasedKTA,max_alignment,16.0,0.5268372832698962,0.42525598222212263,0.7841189449632822,10
checkerboard,centroidBasedKTA,max_alignment,17.0,0.5282158307390071,0.4287960489312619,0.7889597567834131,10
checkerboard,centroidBasedKTA,max_alignment,18.0,0.5219200075608457,0.39026411345041434,0.8485207733623422,10
checkerboard,centroidBasedKTA,max_alignment,19.0,0.5240380367367461,0.44899033661984594,0.8481034704640317,10
checkerboard,centroidBasedKTA,max_alignment,20.0,0.5350648622665553,0.42733554673472895,0.7911973992813853,10
checkerboard,centroidBasedKTA,max_alignment,21.0,0.48935200081407537,0.41347989514506006,0.8004112406927724,10
checkerboard,centroidBasedKTA,max_alignment,22.0,0.5123124505464933,0.4097670394208583,0.7778564546040541,10
checkerboard,centroidBasedKTA,max_alignment,23.0,0.5112340529392124,0.4075976851831184,0.760512586501547,10
checkerboard,centroidBasedKTA,max_alignment,24.0,0.5272870588431011,0.4044740410136912,0.8035192059880033,10
checkerboard,centroidBasedKTA,max_alignment,25.0,0.5075541197227018,0.4190611433403262,0.8213264656530882,10
checkerboard,centroidBasedKTA,max_alignment,26.0,0.5492490441035505,0.4378786675958982,0.7915357967565094,10
checkerboard,centroidBasedKTA,max_alignment,27.0,0.5150010209269997,0.38882203692607736,0.8283765675783141,10
checkerboard,centroidBasedKTA,max_alignment,28.0,0.5315560630431485,0.39252698770170613,0.8294311518213299,10
checkerboard,centroidBasedKTA,max_alignment,29.0,0.5483441740523858,0.44319096906089595,0.8273624856757912,10
checkerboard,centroidBasedKTA,max_alignment,30.0,0.5321286174579962,0.4022578691625228,0.8210248089727388,10
checkerboard,centroidBasedKTA,max_alignment,31.0,0.5350742818082538,0.43286036004630957,0.8330627448782432,10
checkerboard,centroidBasedKTA,max_alignment,32.0,0.5396927574349547,0.43387556162968505,0.8111223577715,10
checkerboard,centroidBasedKTA,max_alignment,33.0,0.5028812328884888,0.3691112439650766,0.78825539506788,10
checkerboard,centroidBasedKTA,max_alignment,34.0,0.5263954399530922,0.3918343716412705,0.7658166914124701,10
checkerboard,centroidBasedKTA,max_alignment,35.0,0.5487104841400069,0.4024376562425264,0.7601109560692216,10
checkerboard,centroidBasedKTA,max_alignment,36.0,0.5304548522510018,0.42233075889326227,0.7329771960109002,10
checkerboard,centroidBasedKTA,max_alignment,37.0,0.5539292073699824,0.40916436921928956,0.7996270017761546,10
checkerboard,centroidBasedKTA,max_alignment,38.0,0.5509615136196089,0.4307535163276071,0.7293518558592771,10
checkerboard,centroidBasedKTA,max_alignment,39.0,0.5220246837963893,0.3875633007016431,0.6522741990494253,10
checkerboard,centroidBasedKTA,max_alignment,40.0,0.528098887987772,0.4092808509489959,0.7785441545872913,10
checkerboard,centroidBasedKTA,max_alignment,41.0,0.5007374994709075,0.40328311383642484,0.6446996636919948,10
checkerboard,centroidBasedKTA,max_alignment,42.0,0.5010713913258006,0.43485852475005776,0.6567955299563466,10
checkerboard,centroidBasedKTA,max_alignment,43.0,0.4887437178482175,0.3632547520366178,0.7052854535728204,10
checkerboard,centroidBasedKTA,max_alignment,44.0,0.47122428317801585,0.37990046967019403,0.6149921166729418,10
checkerboard,centroidBasedKTA,max_alignment,45.0,0.4868249319288437,0.4175459782846626,0.6050711234022637,10
checkerboard,centroidBasedKTA,max_alignment,46.0,0.5240197581744487,0.41876136404275377,0.7552079060312168,10
checkerboard,centroidBasedKTA,max_alignment,47.0,0.49906335723151657,0.4441848853953997,0.5646911804096132,10
checkerboard,centroidBasedKTA,max_alignment,48.0,0.4759997743986933,0.43093700512160316,0.5388828355854867,10
checkerboard,centroidBasedKTA,max_alignment,49.0,0.4836374004319025,0.3897364559439555,0.5532239071212735,10
checkerboard,centroidBasedKTA,max_alignment,50.0,0.5350520754948258,0.46089109943015755,0.7227387667478549,10
checkerboard,centroidBasedKTA,max_alignment,51.0,0.5004681728015826,0.4058625766658562,0.6876427005008153,10
checkerboard,centroidBasedKTA,max_alignment,52.0,0.5025031214149875,0.3792121787924762,0.6462117625194481,10
checkerboard,centroidBasedKTA,max_alignment,53.0,0.5089961315660808,0.4397053361226422,0.654874525134253,10
checkerboard,centroidBasedKTA,max_alignment,54.0,0.4961650749201432,0.44734042328624657,0.5666499469801622,10
checkerboard,centroidBasedKTA,max_alignment,55.0,0.51881771702656,0.4120143401242945,0.6425524722162879,10
checkerboard,centroidBasedKTA,max_alignment,56.0,0.47492654460292244,0.38781300660705964,0.5897651038995616,10
checkerboard,centroidBasedKTA,max_alignment,57.0,0.511231204274828,0.42049890804168455,0.640366995920207,10
checkerboard,centroidBasedKTA,max_alignment,58.0,0.47345180295383693,0.3782372455781426,0.6352917055370332,10
checkerboard,centroidBasedKTA,max_alignment,59.0,0.4901793337182038,0.42700365710384397,0.5835908838471868,10
checkerboard,centroidBasedKTA,max_alignment,60.0,0.4745007802557467,0.39425757461474015,0.5796757434231745,10
checkerboard,centroidBasedKTA,max_alignment,61.0,0.49326631907014046,0.3881183640454505,0.586114808259734,10
checkerboard,centroidBasedKTA,max_alignment,62.0,0.45507277463309126,0.42088718785818346,0.49191486240132587,10
checkerboard,centroidBasedKTA,max_alignment,63.0,0.5074676556642908,0.41512503628467096,0.6246889326628101,10
checkerboard,centroidBasedKTA,max_alignment,64.0,0.5322673312383056,0.4546478745828048,0.6750329555110626,10
checkerboard,centroidBasedKTA,max_alignment,65.0,0.48798909795156914,0.4076354845761629,0.5856467161306049,10
checkerboard,centroidBasedKTA,max_alignment,66.0,0.49296416545956256,0.41781282198978353,0.5992144350403386,10
checkerboard,centroidBasedKTA,max_alignment,67.0,0.48375478193792476,0.37215316161047807,0.6270044902124275,10
checkerboard,centroidBasedKTA,max_alignment,68.0,0.48094640198114835,0.4179071538376432,0.5448187622150126,10
checkerboard,centroidBasedKTA,max_alignment,69.0,0.5087653797225713,0.44260866478491206,0.5937546949717818,10
checkerboard,centroidBasedKTA,max_alignment,70.0,0.5137904805639602,0.43839019754974523,0.5961618475847537,10
checkerboard,centroidBasedKTA,max_alignment,71.0,0.5533062479127813,0.4364094062856253,0.6483255222179747,10
checkerboard,centroidBasedKTA,max_alignment,72.0,0.5228783927985992,0.4332243945277058,0.623979950106103,10
checkerboard,centroidBasedKTA,max_alignment,73.0,0.5060750330281,0.4295395342334993,0.5662226072552391,10
checkerboard,centroidBasedKTA,max_alignment,74.0,0.47046623421046874,0.4138345104749096,0.570999654964584,10
checkerboard,centroidBasedKTA,max_alignment,75.0,0.48399081444209247,0.43340393302068114,0.5626796843276244,10
checkerboard,centroidBasedKTA,max_alignment,76.0,0.4947460280308653,0.425590480040225,0.5747209809627571,10
checkerboard,centroidBasedKTA,max_alignment,77.0,0.4940776727337594,0.4217658124614668,0.579184977612648,10
checkerboard,centroidBasedKTA,max_alignment,78.0,0.50964023059683,0.4233181812493877,0.5870985448900156,10
checkerboard,centroidBasedKTA,max_alignment,79.0,0.49455490974484595,0.3977034819902789,0.5937804998508763,10
checkerboard,centroidBasedKTA,max_alignment,80.0,0.5193829047902162,0.4221465500150305,0.7172251451623343,10
checkerboard,centroidBasedKTA,max_alignment,81.0,0.4914361393788793,0.42345620856022675,0.557118367178968,10
checkerboard,centroidBasedKTA,max_alignment,82.0,0.47832259941162397,0.4047486676669422,0.5708287603252176,10
checkerboard,centroidBasedKTA,max_alignment,83.0,0.5142127741754721,0.39591439662726624,0.7156181302026695,10
checkerboard,centroidBasedKTA,max_alignment,84.0,0.48449009784506786,0.38722308174024284,0.5646957732557105,10
checkerboard,centroidBasedKTA,max_alignment,85.0,0.5141624901578669,0.4101686748692299,0.614206021015586,10
checkerboard,centroidBasedKTA,max_alignment,86.0,0.5065046632884943,0.40543067717968456,0.6163879601303958,10
checkerboard,centroidBasedKTA,max_alignment,87.0,0.4723314051036452,0.3891454674761065,0.5643285745737969,10
checkerboard,centroidBasedKTA,max_alignment,88.0,0.5278215913890295,0.43903005758250807,0.6393611490874476,10
checkerboard,centroidBasedKTA,max_alignment,89.0,0.5450069600801222,0.4350396456953184,0.7868841863054793,10
checkerboard,centroidBasedKTA,max_alignment,90.0,0.48215050032944334,0.3975130249597793,0.6279741161524316,10
checkerboard,centroidBasedKTA,max_alignment,91.0,0.5126250475533489,0.43642701843112947,0.5704163313552375,10
checkerboard,centroidBasedKTA,max_alignment,92.0,0.4703184021178533,0.4057248256360728,0.566082896295776,10
checkerboard,centroidBasedKTA,max_alignment,93.0,0.5057899817127596,0.38972981944929297,0.6089071132810318,10
checkerboard,centroidBasedKTA,max_alignment,94.0,0.5044122247317311,0.3776998377070003,0.5969776214014744,10
checkerboard,centroidBasedKTA,max_alignment,95.0,0.4940541729268396,0.4038079046937953,0.5829173808578506,10
checkerboard,centroidBasedKTA,max_alignment,96.0,0.521200245471799,0.4232115754821208,0.6609575642340109,10
checkerboard,centroidBasedKTA,max_alignment,97.0,0.5101683339201267,0.4204289159198626,0.7326273408875393,10
checkerboard,centroidBasedKTA,max_alignment,98.0,0.5026569358727012,0.37774963197531997,0.6196648405121582,10
checkerboard,centroidBasedKTA,max_alignment,99.0,0.4894539068394635,0.35181093635458843,0.5559287172655745,10
checkerboard,centroidBasedKTA,max_alignment,100.0,0.5105912962544715,0.3954150570496223,0.6471870198426244,10
checkerboard,greedyKTA,max_alignment,1.0,0.5174011621171181,0.40596294198824384,0.6663313162222968,10
checkerboard,greedyKTA,max_alignment,2.0,0.544133177159405,0.4291884590206895,0.8112335295488183,10
checkerboard,greedyKTA,max_alignment,3.0,0.5586469668086553,0.45415516493220387,0.7889522057423972,10
checkerboard,greedyKTA,max_alignment,4.0,0.5533661825373575,0.4676732982496374,0.7641713449019042,10
checkerboard,greedyKTA,max_alignment,5.0,0.5596571541966667,0.43736469196622557,0.7380003805547711,10
checkerboard,greedyKTA,max_alignment,6.0,0.5825810516475778,0.476411026821055,0.7029151316661864,10
checkerboard,greedyKTA,max_alignment,7.0,0.5780291452511613,0.4410184435555397,0.715229013763881,10
checkerboard,greedyKTA,max_alignment,8.0,0.5785970955329941,0.3998712638968287,0.7074165480943281,10
checkerboard,greedyKTA,max_alignment,9.0,0.5661130861428534,0.4033883652127966,0.6884015538843083,10
checkerboard,greedyKTA,max_alignment,10.0,0.5601195841651425,0.47167067528811674,0.6550030710499394,10
checkerboard,greedyKTA,max_alignment,11.0,0.5634931044938364,0.48644019128515625,0.6430121045923898,10
checkerboard,greedyKTA,max_alignment,12.0,0.5658534420356424,0.4979116974651503,0.6233558989655502,10
checkerboard,greedyKTA,max_alignment,13.0,0.530177178453497,0.38414642384032555,0.6078879407506109,10
checkerboard,greedyKTA,max_alignment,14.0,0.5285082630289507,0.4190281336124139,0.6196692513807928,10
checkerboard,greedyKTA,max_alignment,15.0,0.5434347108280859,0.4394160570036269,0.6455333929558154,10
checkerboard,greedyKTA,max_alignment,16.0,0.5390776281294211,0.4526202434350944,0.6739335724290215,10
checkerboard,greedyKTA,max_alignment,17.0,0.5365589009392051,0.37748652505450336,0.6817293567059283,10
checkerboard,greedyKTA,max_alignment,18.0,0.5710332649322852,0.4395460131084074,0.8044504118205132,10
checkerboard,greedyKTA,max_alignment,19.0,0.5486203179920973,0.44819103324552756,0.6744124157515566,10
checkerboard,greedyKTA,max_alignment,20.0,0.5733084953148639,0.469828906416891,0.7863642657313039,10
checkerboard,greedyKTA,max_alignment,21.0,0.5609743555691032,0.4535749475731643,0.7040366701349723,10
checkerboard,greedyKTA,max_alignment,22.0,0.5272568370976369,0.4474699163419584,0.5808814906839745,10
checkerboard,greedyKTA,max_alignment,23.0,0.5413189273443906,0.4239966316701957,0.742876674248379,10
checkerboard,greedyKTA,max_alignment,24.0,0.529732256199926,0.4071278843463892,0.6116547755071129,10
checkerboard,greedyKTA,max_alignment,25.0,0.5657841557067085,0.40406649483513984,0.7495917410221917,10
checkerboard,greedyKTA,max_alignment,26.0,0.5670240151042572,0.36112234684458283,0.7400656755985182,10
checkerboard,greedyKTA,max_alignment,27.0,0.5626971961442362,0.37842431978237423,0.7259049663934551,10
checkerboard,greedyKTA,max_alignment,28.0,0.5338509768228618,0.37089169909060127,0.6984682779595729,10
checkerboard,greedyKTA,max_alignment,29.0,0.5729038739454988,0.39713377638017794,0.8330424218148785,10
checkerboard,greedyKTA,max_alignment,30.0,0.5557898230524512,0.37410613220651795,0.7988351088168841,10
checkerboard,greedyKTA,max_alignment,31.0,0.5334126441598044,0.3525830270837234,0.7326128295086987,10
checkerboard,greedyKTA,max_alignment,32.0,0.573526104173645,0.41101109458168905,0.7168418517791915,10
checkerboard,greedyKTA,max_alignment,33.0,0.589616266987073,0.4405849645887184,0.7916413877149509,10
checkerboard,greedyKTA,max_alignment,34.0,0.6024955847045985,0.5009671192418315,0.8097109216584555,10
checkerboard,greedyKTA,max_alignment,35.0,0.612530354627575,0.5094869370405667,0.8158789413996335,10
checkerboard,greedyKTA,max_alignment,36.0,0.6211193329450767,0.471820991598383,0.8201448926791364,10
checkerboard,greedyKTA,max_alignment,37.0,0.6389104696801235,0.4600025044044225,0.8318802519699394,10
checkerboard,greedyKTA,max_alignment,38.0,0.6286658054800196,0.4568112396615086,0.831899189414334,10
checkerboard,greedyKTA,max_alignment,39.0,0.6208745512695277,0.48820328461051143,0.7728204693868591,10
checkerboard,greedyKTA,max_alignment,40.0,0.6107093883505323,0.4728327948025596,0.7615121061633721,10
checkerboard,greedyKTA,max_alignment,41.0,0.620478329597462,0.48920800935535375,0.7347579580716862,10
checkerboard,greedyKTA,max_alignment,42.0,0.5866758198260089,0.46164570418541395,0.7240785999347075,10
checkerboard,greedyKTA,max_alignment,43.0,0.6038512141068535,0.4927912163563793,0.75447556103791,10
checkerboard,greedyKTA,max_alignment,44.0,0.6163668999824374,0.46516950394208845,0.8236303272922794,10
checkerboard,greedyKTA,max_alignment,45.0,0.6252491078799148,0.4449795388524802,0.8723761488414514,10
checkerboard,greedyKTA,max_alignment,46.0,0.6294666719629641,0.4562275414852962,0.9039714416614462,10
checkerboard,greedyKTA,max_alignment,47.0,0.6178161830649797,0.46323214855259215,0.9237993935608848,10
checkerboard,greedyKTA,max_alignment,48.0,0.6089877007146568,0.42542210890775967,0.9426133571835762,10
checkerboard,greedyKTA,max_alignment,49.0,0.6228844155291031,0.47319274890580754,0.955338174457846,10
checkerboard,greedyKTA,max_alignment,50.0,0.6371886597130328,0.47128341236337784,0.9598783994394922,10
checkerboard,greedyKTA,max_alignment,51.0,0.6368045721436688,0.4554339334381104,0.9641989705724382,10
checkerboard,greedyKTA,max_alignment,52.0,0.6380667184794833,0.4630709758075969,0.9688959553262564,10
checkerboard,greedyKTA,max_alignment,53.0,0.641803860453836,0.470759526200931,0.9750703088245861,10
checkerboard,greedyKTA,max_alignment,54.0,0.6236782895955718,0.4757931441844406,0.9786066519271693,10
checkerboard,greedyKTA,max_alignment,55.0,0.6418762092990264,0.4774740576606043,0.9836694224054171,10
checkerboard,greedyKTA,max_alignment,56.0,0.6688747399050946,0.4503622542175739,0.9859616106001173,10
checkerboard,greedyKTA,max_alignment,57.0,0.6595828183835929,0.46676985652981906,0.9886345639632025,10
checkerboard,greedyKTA,max_alignment,58.0,0.6843575145475393,0.46151912511241155,0.9914621734197387,10
checkerboard,greedyKTA,max_alignment,59.0,0.6907178016099865,0.4527733968401603,0.9915638532650194,10
checkerboard,greedyKTA,max_alignment,60.0,0.6798474028824009,0.4353437209799885,0.983450280703525,10
checkerboard,greedyKTA,max_alignment,61.0,0.6776616178819761,0.4454619379353173,0.9794558688709376,10
checkerboard,greedyKTA,max_alignment,62.0,0.6772255274480296,0.39297836783180623,0.9845042325846619,10
checkerboard,greedyKTA,max_alignment,63.0,0.666285629812247,0.42467315608339823,0.9901035873672976,10
checkerboard,greedyKTA,max_alignment,64.0,0.6915177200487952,0.445087245285853,0.991953532372402,10
checkerboard,greedyKTA,max_alignment,65.0,0.7080780091914587,0.45240380623222415,0.9918285903157987,10
checkerboard,greedyKTA,max_alignment,66.0,0.6949261121387585,0.43974098833445563,0.9897048691748183,10
checkerboard,greedyKTA,max_alignment,67.0,0.6973733733145386,0.44391787369524327,0.9903550874975239,10
checkerboard,greedyKTA,max_alignment,68.0,0.6877979555229223,0.43959265995658425,0.9921963484515737,10
checkerboard,greedyKTA,max_alignment,69.0,0.6787786379121324,0.40440498811461867,0.9919749541198968,10
checkerboard,greedyKTA,max_alignment,70.0,0.6786295989405613,0.39982480366257,0.9896415017195671,10
checkerboard,greedyKTA,max_alignment,71.0,0.6928623275471093,0.41067819110108483,0.9851023357187709,10
checkerboard,greedyKTA,max_alignment,72.0,0.6949154101945297,0.4342447693841836,0.9826613528930251,10
checkerboard,greedyKTA,max_alignment,73.0,0.7013171403037786,0.45067217319727193,0.981780376045745,10
checkerboard,greedyKTA,max_alignment,74.0,0.7144844861485196,0.4651781949220879,0.9808858507729473,10
checkerboard,greedyKTA,max_alignment,75.0,0.7187860170973948,0.46800836213704317,0.9834880462595127,10
checkerboard,greedyKTA,max_alignment,76.0,0.701730120091147,0.46098890653715574,0.9885192921633262,10
checkerboard,greedyKTA,max_alignment,77.0,0.7128619473561795,0.4425623629572828,0.9888526106367269,10
checkerboard,greedyKTA,max_alignment,78.0,0.716635320440559,0.4339409281732512,0.9880388426858283,10
checkerboard,greedyKTA,max_alignment,79.0,0.7383488007076978,0.4391733401401465,0.9879713358873194,10
checkerboard,greedyKTA,max_alignment,80.0,0.7405178656245217,0.46041621577122077,0.9875108213672467,10
checkerboard,greedyKTA,max_alignment,81.0,0.7358405887739331,0.4855578099449698,0.9880961854446321,10
checkerboard,greedyKTA,max_alignment,82.0,0.7286964995963067,0.5011660747589051,0.9875746037090222,10
checkerboard,greedyKTA,max_alignment,83.0,0.7249393724840253,0.5142839375026108,0.9872744421504795,10
checkerboard,greedyKTA,max_alignment,84.0,0.7141002995414701,0.4303531232752115,0.9877629553896708,10
checkerboard,greedyKTA,max_alignment,85.0,0.7283920216408317,0.4622640846433487,0.9902626072508148,10
checkerboard,greedyKTA,max_alignment,86.0,0.7435973304876267,0.5198033513886124,0.9917173095882587,10
checkerboard,greedyKTA,max_alignment,87.0,0.7486442249164325,0.5332461639704442,0.9923571911152308,10
checkerboard,greedyKTA,max_alignment,88.0,0.7568561436692022,0.5530541952977233,0.9927793619587487,10
checkerboard,greedyKTA,max_alignment,89.0,0.7548156266522987,0.5591252926197637,0.9929867236039159,10
checkerboard,greedyKTA,max_alignment,90.0,0.7583508367873518,0.5638657579064251,0.9913672283389895,10
checkerboard,greedyKTA,max_alignment,91.0,0.7572662281970237,0.5672796169850264,0.9902281539856035,10
checkerboard,greedyKTA,max_alignment,92.0,0.7570696091204793,0.5698088460894896,0.9905239476732289,10
checkerboard,greedyKTA,max_alignment,93.0,0.7562228778377037,0.5196072879196743,0.9909305310259835,10
checkerboard,greedyKTA,max_alignment,94.0,0.7591175553683155,0.5210220218917356,0.9905670958717643,10
checkerboard,greedyKTA,max_alignment,95.0,0.7751683000580198,0.5729961762543492,0.9884980717378173,10
checkerboard,greedyKTA,max_alignment,96.0,0.7667249832367908,0.5393227642523899,0.986329768659296,10
checkerboard,greedyKTA,max_alignment,97.0,0.7425147743188298,0.40459436958315415,0.986443387714493,10
checkerboard,greedyKTA,max_alignment,98.0,0.7530085334547924,0.495823729170408,0.9895874780529588,10
checkerboard,greedyKTA,max_alignment,99.0,0.7601681385909409,0.49638427478691566,0.991487825649498,10
checkerboard,greedyKTA,max_alignment,100.0,0.7610529993576473,0.4861979186924535,0.9921178818474027,10
checkerboard,fullKTA,kta_top1_frac,1.0,0.2969003686742499,2.2522698246525563e-05,0.8998463901271418,10
checkerboard,fullKTA,kta_top1_frac,2.0,0.3081413201558717,0.001872631579966162,0.9502941783903873,10
checkerboard,fullKTA,kta_top1_frac,3.0,0.32211806215719413,2.695460566530709e-05,0.960699400078346,10
checkerboard,fullKTA,kta_top1_frac,4.0,0.3242830489366018,0.0001363820196075764,0.9594696235449718,10
checkerboard,fullKTA,kta_top1_frac,5.0,0.32518170926070544,8.85057323432378e-05,0.9595967977189207,10
checkerboard,fullKTA,kta_top1_frac,6.0,0.32398441240802883,8.599239470207358e-05,0.9585099188216986,10
checkerboard,fullKTA,kta_top1_frac,7.0,0.3197131064758441,4.3146268962240836e-05,0.9568012526831953,10
checkerboard,fullKTA,kta_top1_frac,8.0,0.31393288915208767,3.319377669244149e-05,0.9571471212224476,10
checkerboard,fullKTA,kta_top1_frac,9.0,0.30565518071218534,6.093263752358081e-05,0.9599568097837126,10
checkerboard,fullKTA,kta_top1_frac,10.0,0.2990854411165665,3.114181021847755e-05,0.9619220653271128,10
checkerboard,fullKTA,kta_top1_frac,11.0,0.30067912728897045,3.277135874761133e-05,0.9612306459287093,10
checkerboard,fullKTA,kta_top1_frac,12.0,0.3061049110241922,0.000328288418002225,0.9595226331152118,10
checkerboard,fullKTA,kta_top1_frac,13.0,0.30495244737154115,0.0016999503218696926,0.9577351630665452,10
checkerboard,fullKTA,kta_top1_frac,14.0,0.2987903533252845,0.004702263107251388,0.9556388198198597,10
checkerboard,fullKTA,kta_top1_frac,15.0,0.2944353409114734,0.009732687947771533,0.9534839675211898,10
checkerboard,fullKTA,kta_top1_frac,16.0,0.2916236215072575,0.016535170981342065,0.9524766431034353,10
checkerboard,fullKTA,kta_top1_frac,17.0,0.29232845909669214,0.02383129420005005,0.9519117806015659,10
checkerboard,fullKTA,kta_top1_frac,18.0,0.2972051565048709,0.03130600195499532,0.9503598086838386,10
checkerboard,fullKTA,kta_top1_frac,19.0,0.30255166450367005,0.03703533288108243,0.9477631115812069,10
checkerboard,fullKTA,kta_top1_frac,20.0,0.3098026436634818,0.04399295461635824,0.9447579267545458,10
checkerboard,fullKTA,kta_top1_frac,21.0,0.3220662528726885,0.053073857388633315,0.9416441289410122,10
checkerboard,fullKTA,kta_top1_frac,22.0,0.33703968412633917,0.05520035740897994,0.9377965137598571,10
checkerboard,fullKTA,kta_top1_frac,23.0,0.34920182148267803,0.05627177080019203,0.9325844099604217,10
checkerboard,fullKTA,kta_top1_frac,24.0,0.35919426649066954,0.052218378036831055,0.9265980617875132,10
checkerboard,fullKTA,kta_top1_frac,25.0,0.3675577872134406,0.04089127199152822,0.9214007505466238,10
checkerboard,fullKTA,kta_top1_frac,26.0,0.37221655923734936,0.031071789200905097,0.9176547954626627,10
checkerboard,fullKTA,kta_top1_frac,27.0,0.37158945194762655,0.025374773642900635,0.9139373919764419,10
checkerboard,fullKTA,kta_top1_frac,28.0,0.3673386359221421,0.022623407329881867,0.9076587775629565,10
checkerboard,fullKTA,kta_top1_frac,29.0,0.36159565532015947,0.02165280743316722,0.8959382246820242,10
checkerboard,fullKTA,kta_top1_frac,30.0,0.3541077694447482,0.015446205488115098,0.8751415370831694,10
checkerboard,fullKTA,kta_top1_frac,31.0,0.34497213708596064,0.010323878957988452,0.8402888142907872,10
checkerboard,fullKTA,kta_top1_frac,32.0,0.3338200331600174,0.005001310637713449,0.785556867382669,10
checkerboard,fullKTA,kta_top1_frac,33.0,0.3215355811148586,9.523174691495488e-06,0.7058248259689281,10
checkerboard,fullKTA,kta_top1_frac,34.0,0.3096949177259291,0.002179050705639964,0.6450501303918894,10
checkerboard,fullKTA,kta_top1_frac,35.0,0.29969880642057156,0.0026047683597380405,0.6382716013963502,10
checkerboard,fullKTA,kta_top1_frac,36.0,0.29450076270675124,0.0009545755067754125,0.6317790948500013,10
checkerboard,fullKTA,kta_top1_frac,37.0,0.29082864732174535,0.00013268361145605555,0.6252997520612325,10
checkerboard,fullKTA,kta_top1_frac,38.0,0.2843839887486799,8.509025346867097e-05,0.6186859304771956,10
checkerboard,fullKTA,kta_top1_frac,39.0,0.277720769704899,0.0010733117012416242,0.6127202248253943,10
checkerboard,fullKTA,kta_top1_frac,40.0,0.2745251931836041,0.0016566208963147966,0.6082534404530208,10
checkerboard,fullKTA,kta_top1_frac,41.0,0.2706562795431643,0.0007519327800836574,0.6260390629969825,10
checkerboard,fullKTA,kta_top1_frac,42.0,0.26440846563913095,0.00012263102129482265,0.6163302062715211,10
checkerboard,fullKTA,kta_top1_frac,43.0,0.25766325401674667,0.00011697755814419913,0.6007447803774512,10
checkerboard,fullKTA,kta_top1_frac,44.0,0.25298074213536376,0.0007191446002699644,0.5996125693545218,10
checkerboard,fullKTA,kta_top1_frac,45.0,0.24998882710564257,0.0019329090877843575,0.6118332661639134,10
checkerboard,fullKTA,kta_top1_frac,46.0,0.24737055785005008,0.0013535458633356975,0.6245889723960804,10
checkerboard,fullKTA,kta_top1_frac,47.0,0.2446793813002292,0.00029102672503944455,0.6339171336050974,10
checkerboard,fullKTA,kta_top1_frac,48.0,0.24318941603631297,0.0001518123843889662,0.6472353945464744,10
checkerboard,fullKTA,kta_top1_frac,49.0,0.24376659390934066,0.0002224560769944828,0.6682243632213067,10
checkerboard,fullKTA,kta_top1_frac,50.0,0.24473801852146856,0.0004009934443846497,0.6845685497012656,10
checkerboard,fullKTA,kta_top1_frac,51.0,0.24454174272200652,0.0006297221249903144,0.6851667586683144,10
checkerboard,fullKTA,kta_top1_frac,52.0,0.24372674473284056,0.0008601141858844742,0.6765456199482963,10
checkerboard,fullKTA,kta_top1_frac,53.0,0.24347506184654427,0.0011530861558048135,0.6717991960990409,10
checkerboard,fullKTA,kta_top1_frac,54.0,0.2440086522871859,0.0013687961618540564,0.6705467687240783,10
checkerboard,fullKTA,kta_top1_frac,55.0,0.24522052294214075,0.0009778838606587926,0.6685720935157694,10
checkerboard,fullKTA,kta_top1_frac,56.0,0.246712819578028,0.00015167235769328018,0.6672980687822564,10
checkerboard,fullKTA,kta_top1_frac,57.0,0.24802027875539148,0.00022152153518140494,0.6677922970171672,10
checkerboard,fullKTA,kta_top1_frac,58.0,0.24877534338617918,0.0003198656934088507,0.6663903287244116,10
checkerboard,fullKTA,kta_top1_frac,59.0,0.24934496918007398,0.00021127900842748222,0.6647387560810526,10
checkerboard,fullKTA,kta_top1_frac,60.0,0.24995962211831008,0.00011639485128483845,0.6648997002373551,10
checkerboard,fullKTA,kta_top1_frac,61.0,0.2501706878777255,4.5539315712856505e-05,0.6622974428047946,10
checkerboard,fullKTA,kta_top1_frac,62.0,0.25025441112390495,9.330157079032185e-06,0.6593031521079987,10
checkerboard,fullKTA,kta_top1_frac,63.0,0.25002721932888283,1.721772366336629e-08,0.6558498949349998,10
checkerboard,fullKTA,kta_top1_frac,64.0,0.24910576233662313,2.514489899748577e-06,0.6519203409857367,10
checkerboard,fullKTA,kta_top1_frac,65.0,0.24754211564806877,1.6336309925247595e-06,0.6499627326150202,10
checkerboard,fullKTA,kta_top1_frac,66.0,0.24522258991862733,2.3454000922250536e-06,0.6465379407112171,10
checkerboard,fullKTA,kta_top1_frac,67.0,0.24327870882718255,3.600895688897245e-05,0.6458740755269874,10
checkerboard,fullKTA,kta_top1_frac,68.0,0.24215299582761807,0.00010674451063756373,0.6449035697278319,10
checkerboard,fullKTA,kta_top1_frac,69.0,0.2420782364722002,0.00017330007280338201,0.6444977404176264,10
checkerboard,fullKTA,kta_top1_frac,70.0,0.24249655291391767,0.00021029426820272295,0.6438061301792544,10
checkerboard,fullKTA,kta_top1_frac,71.0,0.242817287497253,0.00023725591067379182,0.6433271352567146,10
checkerboard,fullKTA,kta_top1_frac,72.0,0.24285995300447882,0.00028572640553358586,0.6428895012966553,10
checkerboard,fullKTA,kta_top1_frac,73.0,0.2425772314608456,0.000238121718077592,0.6415776793675694,10
checkerboard,fullKTA,kta_top1_frac,74.0,0.24178443953035172,1.7781981211354417e-05,0.6410225666798525,10
checkerboard,fullKTA,kta_top1_frac,75.0,0.239896175714626,3.4711783209299526e-05,0.639979706979596,10
checkerboard,fullKTA,kta_top1_frac,76.0,0.2373117394173161,0.0002103718630768421,0.6396846446238595,10
checkerboard,fullKTA,kta_top1_frac,77.0,0.23488540202857527,0.0004349872493355499,0.6387824381205656,10
checkerboard,fullKTA,kta_top1_frac,78.0,0.23343685338681178,0.0003779336266565782,0.6386688585494881,10
checkerboard,fullKTA,kta_top1_frac,79.0,0.23309631153881244,0.00029971984958877893,0.6379286124187166,10
checkerboard,fullKTA,kta_top1_frac,80.0,0.23389431192005938,0.0002709676678459267,0.6374207891377834,10
checkerboard,fullKTA,kta_top1_frac,81.0,0.23509054926448386,0.0003033962594771136,0.636314089348301,10
checkerboard,fullKTA,kta_top1_frac,82.0,0.23611280782442562,0.00039623669684119527,0.635577907127573,10
checkerboard,fullKTA,kta_top1_frac,83.0,0.23711051002507758,0.0003529281993859995,0.6346876215364343,10
checkerboard,fullKTA,kta_top1_frac,84.0,0.23849003858334208,0.00022139899062130266,0.6340300182870691,10
checkerboard,fullKTA,kta_top1_frac,85.0,0.2397308008630883,0.00015558813881773063,0.6332446809738752,10
checkerboard,fullKTA,kta_top1_frac,86.0,0.24033655024455167,0.0001410157368053538,0.6326776689473047,10
checkerboard,fullKTA,kta_top1_frac,87.0,0.2405022701583313,0.00016650885174091448,0.6320753253508362,10
checkerboard,fullKTA,kta_top1_frac,88.0,0.24064567636011955,0.00023360157228935347,0.6313711846616435,10
checkerboard,fullKTA,kta_top1_frac,89.0,0.24096896097077555,0.0003356241806925277,0.6305700291646305,10
checkerboard,fullKTA,kta_top1_frac,90.0,0.24145678088156036,0.0004399790833952063,0.6297761707473505,10
checkerboard,fullKTA,kta_top1_frac,91.0,0.24193799578703135,0.0005056413114581993,0.6289864200142913,10
checkerboard,fullKTA,kta_top1_frac,92.0,0.2422887567142456,0.0005136696483241031,0.628243722359678,10
checkerboard,fullKTA,kta_top1_frac,93.0,0.242674540077833,0.0004682424772137199,0.6277056440022605,10
checkerboard,fullKTA,kta_top1_frac,94.0,0.24322835946080437,0.00040335076324894817,0.6274009416693177,10
checkerboard,fullKTA,kta_top1_frac,95.0,0.2437471376537787,0.00036210317188954834,0.6273990699751169,10
checkerboard,fullKTA,kta_top1_frac,96.0,0.24400364354690515,0.0003614344581175406,0.6276118223034065,10
checkerboard,fullKTA,kta_top1_frac,97.0,0.24426708897385305,0.0003858231485217277,0.6279353539702286,10
checkerboard,fullKTA,kta_top1_frac,98.0,0.2448843941765524,0.00040653174434934487,0.6283566372217653,10
checkerboard,fullKTA,kta_top1_frac,99.0,0.24556707263636346,0.00040332264405478825,0.6288257222962782,10
checkerboard,fullKTA,kta_top1_frac,100.0,0.24606351109441787,0.0003721324099789089,0.6292608565771335,10
checkerboard,randomKTA,kta_top1_frac,1.0,0.28907117882126376,2.7356934874260064e-05,0.8511845961329131,10
checkerboard,randomKTA,kta_top1_frac,2.0,0.27769951572264784,0.00865816291905556,0.8366338197398694,10
checkerboard,randomKTA,kta_top1_frac,3.0,0.2527612161502265,0.0036499040211539434,0.8118891846592311,10
checkerboard,randomKTA,kta_top1_frac,4.0,0.2252539746532412,0.0016626224370205791,0.7853489616952786,10
checkerboard,randomKTA,kta_top1_frac,5.0,0.2101247011066679,0.009478024850957773,0.781865777208122,10
checkerboard,randomKTA,kta_top1_frac,6.0,0.2065472295988613,0.01925177979530392,0.7779201180404904,10
checkerboard,randomKTA,kta_top1_frac,7.0,0.2064210819950829,0.019476380640230315,0.7683642041574771,10
checkerboard,randomKTA,kta_top1_frac,8.0,0.21124317400894105,0.02125410172706184,0.7527522245729472,10
checkerboard,randomKTA,kta_top1_frac,9.0,0.21482285904013332,0.030645705167698472,0.7440457376552908,10
checkerboard,randomKTA,kta_top1_frac,10.0,0.21755137578651204,0.025026374175896506,0.7249319361510881,10
checkerboard,randomKTA,kta_top1_frac,11.0,0.21590222672686768,0.01586040815215227,0.6944708601848465,10
checkerboard,randomKTA,kta_top1_frac,12.0,0.21476228512354872,0.009044106075423497,0.6814812201059468,10
checkerboard,randomKTA,kta_top1_frac,13.0,0.219446016240557,0.004541557158729774,0.6632134279007277,10
checkerboard,randomKTA,kta_top1_frac,14.0,0.22015614309960801,0.0037929586499738186,0.6299967890895194,10
checkerboard,randomKTA,kta_top1_frac,15.0,0.2123956386780458,0.0024390888512524503,0.5867847538291258,10
checkerboard,randomKTA,kta_top1_frac,16.0,0.2081783982542368,0.001639184660704732,0.5833295126807755,10
checkerboard,randomKTA,kta_top1_frac,17.0,0.20770452550974516,0.000449481330735582,0.6329091603066502,10
checkerboard,randomKTA,kta_top1_frac,18.0,0.20595793580217236,0.00023306008973111492,0.6552633120137906,10
checkerboard,randomKTA,kta_top1_frac,19.0,0.20472711682438854,3.503353214057911e-05,0.6614236947907206,10
checkerboard,randomKTA,kta_top1_frac,20.0,0.19867541984022274,1.0767572700410963e-05,0.649650739481079,10
checkerboard,randomKTA,kta_top1_frac,21.0,0.20198554289607928,1.5396570291579493e-05,0.6796344392675203,10
checkerboard,randomKTA,kta_top1_frac,22.0,0.2034483522194852,7.159239398587273e-08,0.7121354179469724,10
checkerboard,randomKTA,kta_top1_frac,23.0,0.20748737347764257,2.738339239144049e-06,0.7283781730879358,10
checkerboard,randomKTA,kta_top1_frac,24.0,0.20905183762379428,3.971017155149391e-05,0.7284309673214235,10
checkerboard,randomKTA,kta_top1_frac,25.0,0.2113285172622418,8.859737091290276e-06,0.7262674969080477,10
checkerboard,randomKTA,kta_top1_frac,26.0,0.21572898227120274,0.00020265042726788936,0.7245369009158649,10
checkerboard,randomKTA,kta_top1_frac,27.0,0.2221917858589852,0.0008461809008607939,0.725807143588432,10
checkerboard,randomKTA,kta_top1_frac,28.0,0.22729906288603985,0.0018207409209879018,0.7174534100178905,10
checkerboard,randomKTA,kta_top1_frac,29.0,0.23194590576127116,0.003333040847450198,0.7031200005749608,10
checkerboard,randomKTA,kta_top1_frac,30.0,0.23591567000968103,0.004609245455545628,0.6984174938092637,10
checkerboard,randomKTA,kta_top1_frac,31.0,0.23583785105754534,0.004339311390840699,0.7013571282648374,10
checkerboard,randomKTA,kta_top1_frac,32.0,0.23841154463580452,0.004258847936181528,0.7077756592722018,10
checkerboard,randomKTA,kta_top1_frac,33.0,0.23916736028637345,0.004680962688418459,0.7038813918447344,10
checkerboard,randomKTA,kta_top1_frac,34.0,0.23973119868511103,0.005412819487359399,0.6871974915052708,10
checkerboard,randomKTA,kta_top1_frac,35.0,0.2373328769717044,0.006462391170266807,0.6726693798950988,10
checkerboard,randomKTA,kta_top1_frac,36.0,0.23333956338441095,0.007827921851716553,0.6601647934388846,10
checkerboard,randomKTA,kta_top1_frac,37.0,0.23119241283824904,0.007921149391424843,0.6446189301336732,10
checkerboard,randomKTA,kta_top1_frac,38.0,0.23296649838707748,0.00839717819426472,0.6305391151496421,10
checkerboard,randomKTA,kta_top1_frac,39.0,0.23457995012962343,0.009791544988467564,0.6179542144565232,10
checkerboard,randomKTA,kta_top1_frac,40.0,0.23505675675021434,0.009897199537126608,0.6067925167774282,10
checkerboard,randomKTA,kta_top1_frac,41.0,0.23698532598600203,0.009105360543616752,0.6103312525542384,10
checkerboard,randomKTA,kta_top1_frac,42.0,0.2359969707273985,0.00878262468462638,0.6202769536714429,10
checkerboard,randomKTA,kta_top1_frac,43.0,0.23637136889552587,0.009166149059883513,0.6341808882394083,10
checkerboard,randomKTA,kta_top1_frac,44.0,0.2400829563056081,0.006565170889401053,0.6683919352740013,10
checkerboard,randomKTA,kta_top1_frac,45.0,0.24090756322676965,0.004521878916227743,0.683071211765334,10
checkerboard,randomKTA,kta_top1_frac,46.0,0.2424850451538097,0.0038082565996962335,0.6913039840988459,10
checkerboard,randomKTA,kta_top1_frac,47.0,0.2463996593492231,0.003477292337807101,0.6910256510187951,10
checkerboard,randomKTA,kta_top1_frac,48.0,0.2462336208774054,0.003159557805489574,0.6861523987733281,10
checkerboard,randomKTA,kta_top1_frac,49.0,0.24436066371032114,0.003207136036571012,0.6862451922833727,10
checkerboard,randomKTA,kta_top1_frac,50.0,0.2427997651882814,0.003852926085243375,0.6810751870984832,10
checkerboard,randomKTA,kta_top1_frac,51.0,0.23650267842574313,0.003190655288731694,0.6693564197525518,10
checkerboard,randomKTA,kta_top1_frac,52.0,0.22992242083792483,0.0020655008084118865,0.6519945520211696,10
checkerboard,randomKTA,kta_top1_frac,53.0,0.22615227997349674,0.002091358204390649,0.6373527322118545,10
checkerboard,randomKTA,kta_top1_frac,54.0,0.22835403413527727,0.0035245091547268037,0.6193077154985541,10
checkerboard,randomKTA,kta_top1_frac,55.0,0.23189432874315724,0.006011622127629362,0.5914011626610611,10
checkerboard,randomKTA,kta_top1_frac,56.0,0.2381051368761628,0.008956508676152624,0.5857878916072813,10
checkerboard,randomKTA,kta_top1_frac,57.0,0.2432909653787263,0.011997794742653129,0.5896059998454747,10
checkerboard,randomKTA,kta_top1_frac,58.0,0.24431514928876083,0.014564706379167097,0.5931535237993836,10
checkerboard,randomKTA,kta_top1_frac,59.0,0.24081148867058538,0.017387502447122005,0.5547043854799841,10
checkerboard,randomKTA,kta_top1_frac,60.0,0.2349204227450595,0.01901599986113185,0.5222480518846729,10
checkerboard,randomKTA,kta_top1_frac,61.0,0.23351061910779664,0.013519203050091898,0.5408576788170261,10
checkerboard,randomKTA,kta_top1_frac,62.0,0.2363277971525887,0.009352414095775724,0.5533323900683798,10
checkerboard,randomKTA,kta_top1_frac,63.0,0.23880416142082866,0.00911117326453811,0.561354412916733,10
checkerboard,randomKTA,kta_top1_frac,64.0,0.23336026302646656,0.00967058162968166,0.5673913329116012,10
checkerboard,randomKTA,kta_top1_frac,65.0,0.23024670293610203,0.010573384059992311,0.56948748641723,10
checkerboard,randomKTA,kta_top1_frac,66.0,0.23308584271351346,0.01204662923782139,0.5682634235263299,10
checkerboard,randomKTA,kta_top1_frac,67.0,0.23945778288309943,0.013238896527123584,0.5682318619766819,10
checkerboard,randomKTA,kta_top1_frac,68.0,0.24815544344914792,0.012250526196451205,0.5722265409420677,10
checkerboard,randomKTA,kta_top1_frac,69.0,0.2514027771976228,0.0010992365486431634,0.5744308333209073,10
checkerboard,randomKTA,kta_top1_frac,70.0,0.25319763670495543,6.961911349601377e-05,0.5738209891935261,10
checkerboard,randomKTA,kta_top1_frac,71.0,0.2547612403874558,1.0764404892557355e-05,0.5867586544429089,10
checkerboard,randomKTA,kta_top1_frac,72.0,0.25844710078103905,0.009273381707703742,0.6035417508067988,10
checkerboard,randomKTA,kta_top1_frac,73.0,0.2592150074309254,0.020928822558028828,0.6064231473610823,10
checkerboard,randomKTA,kta_top1_frac,74.0,0.26004436390611013,0.023933575123788128,0.6067641390412502,10
checkerboard,randomKTA,kta_top1_frac,75.0,0.2634761683368695,0.02385601782178352,0.6056592988220557,10
checkerboard,randomKTA,kta_top1_frac,76.0,0.26451574449338033,0.01941743675962382,0.6021957740613451,10
checkerboard,randomKTA,kta_top1_frac,77.0,0.2634171082289266,0.015756840814826124,0.603511509981758,10
checkerboard,randomKTA,kta_top1_frac,78.0,0.2599689079710561,0.013536278486819913,0.6069701829274889,10
checkerboard,randomKTA,kta_top1_frac,79.0,0.2574490461364203,0.012744320831414878,0.6135884874158763,10
checkerboard,randomKTA,kta_top1_frac,80.0,0.2573574366745831,0.017683299865596306,0.6230254036145438,10
checkerboard,randomKTA,kta_top1_frac,81.0,0.2577416138065457,0.025588553309687692,0.6332291219921949,10
checkerboard,randomKTA,kta_top1_frac,82.0,0.26027245713389113,0.030527067280556264,0.6371157742934905,10
checkerboard,randomKTA,kta_top1_frac,83.0,0.26550538417238195,0.0342416039817601,0.6419188609567886,10
checkerboard,randomKTA,kta_top1_frac,84.0,0.26429496092678273,0.041808202078137395,0.6396970126225254,10
checkerboard,randomKTA,kta_top1_frac,85.0,0.2666954094172777,0.04927779586646084,0.6344953137961096,10
checkerboard,randomKTA,kta_top1_frac,86.0,0.2737048063328681,0.055198175921004004,0.6264906738411751,10
checkerboard,randomKTA,kta_top1_frac,87.0,0.2774161939527576,0.06253671361894177,0.6253283236040343,10
checkerboard,randomKTA,kta_top1_frac,88.0,0.277783134216021,0.06876255461996728,0.6312920409678985,10
checkerboard,randomKTA,kta_top1_frac,89.0,0.2789613605436517,0.06868495792516803,0.6344079038929361,10
checkerboard,randomKTA,kta_top1_frac,90.0,0.2793134259780183,0.06622871254642368,0.6333731742599453,10
checkerboard,randomKTA,kta_top1_frac,91.0,0.2834886159400162,0.0655150102052823,0.6478810603476612,10
checkerboard,randomKTA,kta_top1_frac,92.0,0.2880571326992231,0.0632035455210973,0.6563591024382905,10
checkerboard,randomKTA,kta_top1_frac,93.0,0.2835320558079962,0.06695394526023571,0.6734648430988757,10
checkerboard,randomKTA,kta_top1_frac,94.0,0.27365624084140255,0.06965973209331303,0.6791037177422687,10
checkerboard,randomKTA,kta_top1_frac,95.0,0.2577980393178877,0.07237138980156121,0.6787315371998034,10
checkerboard,randomKTA,kta_top1_frac,96.0,0.2530496165934834,0.07713576910356265,0.6827332272596548,10
checkerboard,randomKTA,kta_top1_frac,97.0,0.2532404670881679,0.08496878205373214,0.6810497754405054,10
checkerboard,randomKTA,kta_top1_frac,98.0,0.254174209963525,0.08864046009178725,0.6830993747785745,10
checkerboard,randomKTA,kta_top1_frac,99.0,0.2590170588716866,0.08889998534517532,0.6830511590218349,10
checkerboard,randomKTA,kta_top1_frac,100.0,0.2662604386601482,0.08926332978601942,0.6815654252236865,10
checkerboard,quackKTA,kta_top1_frac,1.0,0.28368554650919153,0.0008078923162928936,0.893904454872743,10
checkerboard,quackKTA,kta_top1_frac,2.0,0.28368554650919153,0.0008078923162928936,0.893904454872743,10
checkerboard,quackKTA,kta_top1_frac,3.0,0.28607908381399727,0.0012083327377857339,0.927684042077349,10
checkerboard,quackKTA,kta_top1_frac,4.0,0.28607908381399727,0.0012083327377857339,0.927684042077349,10
checkerboard,quackKTA,kta_top1_frac,5.0,0.2893327592023637,0.0007175351466828684,0.9423305486574157,10
checkerboard,quackKTA,kta_top1_frac,6.0,0.2893327592023637,0.0007175351466828684,0.9423305486574157,10
checkerboard,quackKTA,kta_top1_frac,7.0,0.2845673118430244,0.004563549647924339,0.9466342420270472,10
checkerboard,quackKTA,kta_top1_frac,8.0,0.2845673118430244,0.004563549647924339,0.9466342420270472,10
checkerboard,quackKTA,kta_top1_frac,9.0,0.2772321657209053,0.0017423034079875072,0.9424804676822328,10
checkerboard,quackKTA,kta_top1_frac,10.0,0.2772321657209053,0.0017423034079875072,0.9424804676822328,10
checkerboard,quackKTA,kta_top1_frac,11.0,0.2557396864369658,4.569598877060477e-05,0.9226031946088433,10
checkerboard,quackKTA,kta_top1_frac,12.0,0.2557396864369658,4.569598877060477e-05,0.9226031946088433,10
checkerboard,quackKTA,kta_top1_frac,13.0,0.21833827698976843,0.0009291627189864397,0.8815054603737603,10
checkerboard,quackKTA,kta_top1_frac,14.0,0.21833827698976843,0.0009291627189864397,0.8815054603737603,10
checkerboard,quackKTA,kta_top1_frac,15.0,0.1845503089219589,7.926164771642397e-06,0.8498807171751085,10
checkerboard,quackKTA,kta_top1_frac,16.0,0.1845503089219589,7.926164771642397e-06,0.8498807171751085,10
checkerboard,quackKTA,kta_top1_frac,17.0,0.17636215771197078,0.0013126420015092267,0.8557728239073655,10
checkerboard,quackKTA,kta_top1_frac,18.0,0.17636215771197078,0.0013126420015092267,0.8557728239073655,10
checkerboard,quackKTA,kta_top1_frac,19.0,0.1726684554180317,0.0006048601917745865,0.8512707986003355,10
checkerboard,quackKTA,kta_top1_frac,20.0,0.1726684554180317,0.0006048601917745865,0.8512707986003355,10
checkerboard,quackKTA,kta_top1_frac,21.0,0.16560148121605062,0.00030364628331953984,0.8494112558080912,10
checkerboard,quackKTA,kta_top1_frac,22.0,0.16560148121605062,0.00030364628331953984,0.8494112558080912,10
checkerboard,quackKTA,kta_top1_frac,23.0,0.16164123070757905,1.4981739445197489e-05,0.8401777167585415,10
checkerboard,quackKTA,kta_top1_frac,24.0,0.16164123070757905,1.4981739445197489e-05,0.8401777167585415,10
checkerboard,quackKTA,kta_top1_frac,25.0,0.16488508733777724,0.0007163422940474008,0.8338116649965834,10
checkerboard,quackKTA,kta_top1_frac,26.0,0.16488508733777724,0.0007163422940474008,0.8338116649965834,10
checkerboard,quackKTA,kta_top1_frac,27.0,0.1687077129122827,0.0018314136936834868,0.8206228183553477,10
checkerboard,quackKTA,kta_top1_frac,28.0,0.1687077129122827,0.0018314136936834868,0.8206228183553477,10
checkerboard,quackKTA,kta_top1_frac,29.0,0.1640095554454742,0.002819252435099444,0.7992571947024183,10
checkerboard,quackKTA,kta_top1_frac,30.0,0.1640095554454742,0.002819252435099444,0.7992571947024183,10
checkerboard,quackKTA,kta_top1_frac,31.0,0.16132483391515046,0.0028320950642879606,0.764347834372023,10
checkerboard,quackKTA,kta_top1_frac,32.0,0.16132483391515046,0.0028320950642879606,0.764347834372023,10
checkerboard,quackKTA,kta_top1_frac,33.0,0.15703653666217793,0.001376344440567551,0.7206963775460667,10
checkerboard,quackKTA,kta_top1_frac,34.0,0.15703653666217793,0.001376344440567551,0.7206963775460667,10
checkerboard,quackKTA,kta_top1_frac,35.0,0.15263261404189613,0.0002026346132200714,0.6841894360846886,10
checkerboard,quackKTA,kta_top1_frac,36.0,0.15263261404189613,0.0002026346132200714,0.6841894360846886,10
checkerboard,quackKTA,kta_top1_frac,37.0,0.15013316617173939,4.4400152060648354e-06,0.6685554806336629,10
checkerboard,quackKTA,kta_top1_frac,38.0,0.15013316617173939,4.4400152060648354e-06,0.6685554806336629,10
checkerboard,quackKTA,kta_top1_frac,39.0,0.14842212004615923,1.2122794513474407e-05,0.6585598543643161,10
checkerboard,quackKTA,kta_top1_frac,40.0,0.14842212004615923,1.2122794513474407e-05,0.6585598543643161,10
checkerboard,quackKTA,kta_top1_frac,41.0,0.14460656798103205,1.1617658800528635e-05,0.6352640973192348,10
checkerboard,quackKTA,kta_top1_frac,42.0,0.14460656798103205,1.1617658800528635e-05,0.6352640973192348,10
checkerboard,quackKTA,kta_top1_frac,43.0,0.14088543198836398,6.464905014559899e-05,0.6057499015212501,10
checkerboard,quackKTA,kta_top1_frac,44.0,0.14088543198836398,6.464905014559899e-05,0.6057499015212501,10
checkerboard,quackKTA,kta_top1_frac,45.0,0.13919941398588181,0.00033927080107321657,0.5406712825417781,10
checkerboard,quackKTA,kta_top1_frac,46.0,0.13919941398588181,0.00033927080107321657,0.5406712825417781,10
checkerboard,quackKTA,kta_top1_frac,47.0,0.14302015511085497,3.8073280399337944e-05,0.41357704011995433,10
checkerboard,quackKTA,kta_top1_frac,48.0,0.14302015511085497,3.8073280399337944e-05,0.41357704011995433,10
checkerboard,quackKTA,kta_top1_frac,49.0,0.14295296187112772,0.0006789570694912195,0.32064627045217575,10
checkerboard,quackKTA,kta_top1_frac,50.0,0.14295296187112772,0.0006789570694912195,0.32064627045217575,10
checkerboard,quackKTA,kta_top1_frac,51.0,0.13848054489032416,0.0006417553813181344,0.3192530450488153,10
checkerboard,quackKTA,kta_top1_frac,52.0,0.13848054489032416,0.0006417553813181344,0.3192530450488153,10
checkerboard,quackKTA,kta_top1_frac,53.0,0.13420576851885985,0.0006345988990246261,0.32454303551436153,10
checkerboard,quackKTA,kta_top1_frac,54.0,0.13420576851885985,0.0006345988990246261,0.32454303551436153,10
checkerboard,quackKTA,kta_top1_frac,55.0,0.13307327216762324,0.0006422483314771673,0.32901881449068754,10
checkerboard,quackKTA,kta_top1_frac,56.0,0.13307327216762324,0.0006422483314771673,0.32901881449068754,10
checkerboard,quackKTA,kta_top1_frac,57.0,0.13214462848087788,0.000679483810041809,0.33278843760101423,10
checkerboard,quackKTA,kta_top1_frac,58.0,0.13214462848087788,0.000679483810041809,0.33278843760101423,10
checkerboard,quackKTA,kta_top1_frac,59.0,0.1320475050278257,0.0008135565718532712,0.3359448696559193,10
checkerboard,quackKTA,kta_top1_frac,60.0,0.1320475050278257,0.0008135565718532712,0.3359448696559193,10
checkerboard,quackKTA,kta_top1_frac,61.0,0.1340644043662036,0.0011654871678781426,0.338568736220274,10
checkerboard,quackKTA,kta_top1_frac,62.0,0.1340644043662036,0.0011654871678781426,0.338568736220274,10
checkerboard,quackKTA,kta_top1_frac,63.0,0.1362002937898275,0.0019651065853120236,0.3407299930571562,10
checkerboard,quackKTA,kta_top1_frac,64.0,0.1362002937898275,0.0019651065853120236,0.3407299930571562,10
checkerboard,quackKTA,kta_top1_frac,65.0,0.13889751579829615,0.003613694432481167,0.3424958601805393,10
checkerboard,quackKTA,kta_top1_frac,66.0,0.13889751579829615,0.003613694432481167,0.3424958601805393,10
checkerboard,quackKTA,kta_top1_frac,67.0,0.1420467490485392,0.006711946984655762,0.3439263136885373,10
checkerboard,quackKTA,kta_top1_frac,68.0,0.1420467490485392,0.006711946984655762,0.3439263136885373,10
checkerboard,quackKTA,kta_top1_frac,69.0,0.1453619613031143,0.008131724734258819,0.3450753981916776,10
checkerboard,quackKTA,kta_top1_frac,70.0,0.1453619613031143,0.008131724734258819,0.3450753981916776,10
checkerboard,quackKTA,kta_top1_frac,71.0,0.1486548596625694,0.008472116010657523,0.34598991731327017,10
checkerboard,quackKTA,kta_top1_frac,72.0,0.1486548596625694,0.008472116010657523,0.34598991731327017,10
checkerboard,quackKTA,kta_top1_frac,73.0,0.15171634914971857,0.008734410750328983,0.346711741578241,10
checkerboard,quackKTA,kta_top1_frac,74.0,0.15171634914971857,0.008734410750328983,0.346711741578241,10
checkerboard,quackKTA,kta_top1_frac,75.0,0.1544815456324014,0.009062070167782365,0.34727735730749915,10
checkerboard,quackKTA,kta_top1_frac,76.0,0.1544815456324014,0.009062070167782365,0.34727735730749915,10
checkerboard,quackKTA,kta_top1_frac,77.0,0.1568837243881826,0.00947109293529554,0.3477176501238648,10
checkerboard,quackKTA,kta_top1_frac,78.0,0.1568837243881826,0.00947109293529554,0.3477176501238648,10
checkerboard,quackKTA,kta_top1_frac,79.0,0.15890348756584166,0.009721434935338892,0.34806012299385186,10
checkerboard,quackKTA,kta_top1_frac,80.0,0.15890348756584166,0.009721434935338892,0.34806012299385186,10
checkerboard,quackKTA,kta_top1_frac,81.0,0.1605338922144146,0.00950665213310208,0.3483275534514055,10
checkerboard,quackKTA,kta_top1_frac,82.0,0.1605338922144146,0.00950665213310208,0.3483275534514055,10
checkerboard,quackKTA,kta_top1_frac,83.0,0.1618000618351522,0.008793842978963776,0.34854029647586504,10
checkerboard,quackKTA,kta_top1_frac,84.0,0.1618000618351522,0.008793842978963776,0.34854029647586504,10
checkerboard,quackKTA,kta_top1_frac,85.0,0.16275549154665284,0.007846888829012782,0.34871661997107734,10
checkerboard,quackKTA,kta_top1_frac,86.0,0.16275549154665284,0.007846888829012782,0.34871661997107734,10
checkerboard,quackKTA,kta_top1_frac,87.0,0.1634425613017339,0.006940782080397264,0.3488717887544881,10
checkerboard,quackKTA,kta_top1_frac,88.0,0.1634425613017339,0.006940782080397264,0.3488717887544881,10
checkerboard,quackKTA,kta_top1_frac,89.0,0.1638742511536868,0.0061654124324544935,0.3490200401323735,10
checkerboard,quackKTA,kta_top1_frac,90.0,0.1638742511536868,0.0061654124324544935,0.3490200401323735,10
checkerboard,quackKTA,kta_top1_frac,91.0,0.16404267712363887,0.005452154024072718,0.34917278212769604,10
checkerboard,quackKTA,kta_top1_frac,92.0,0.16404267712363887,0.005452154024072718,0.34917278212769604,10
checkerboard,quackKTA,kta_top1_frac,93.0,0.16393699819887955,0.0046762033944588235,0.34934229864750166,10
checkerboard,quackKTA,kta_top1_frac,94.0,0.16393699819887955,0.0046762033944588235,0.34934229864750166,10
checkerboard,quackKTA,kta_top1_frac,95.0,0.16356155703583122,0.003737021704770359,0.34953807464439457,10
checkerboard,quackKTA,kta_top1_frac,96.0,0.16356155703583122,0.003737021704770359,0.34953807464439457,10
checkerboard,quackKTA,kta_top1_frac,97.0,0.16295319412028142,0.002645754660803613,0.34976864297376736,10
checkerboard,quackKTA,kta_top1_frac,98.0,0.16295319412028142,0.002645754660803613,0.34976864297376736,10
checkerboard,quackKTA,kta_top1_frac,99.0,0.16218212444321498,0.0015240908426120468,0.35004137076845476,10
checkerboard,quackKTA,kta_top1_frac,100.0,0.16218212444321498,0.0015240908426120468,0.35004137076845476,10
checkerboard,centroidBasedKTA,kta_top1_frac,1.0,0.212478626899113,0.015413301701960983,0.6464115594103741,10
checkerboard,centroidBasedKTA,kta_top1_frac,2.0,0.250318746396185,0.003923301039591206,0.9669640322347314,10
checkerboard,centroidBasedKTA,kta_top1_frac,3.0,0.2441915733852147,0.0010832805081844948,0.9411109632366582,10
checkerboard,centroidBasedKTA,kta_top1_frac,4.0,0.19843406948013892,0.004346214047603132,0.9794172969471158,10
checkerboard,centroidBasedKTA,kta_top1_frac,5.0,0.219135169195063,0.007907549847620219,0.8921213527732947,10
checkerboard,centroidBasedKTA,kta_top1_frac,6.0,0.2015982338588551,0.008315797551818027,0.8767855667991478,10
checkerboard,centroidBasedKTA,kta_top1_frac,7.0,0.22997470065014575,0.0030666383997290316,0.8961079936396401,10
checkerboard,centroidBasedKTA,kta_top1_frac,8.0,0.23277664261122735,0.0018185216743097567,0.873492617513122,10
checkerboard,centroidBasedKTA,kta_top1_frac,9.0,0.20669014972470653,0.009664775025851937,0.7655660668055316,10
checkerboard,centroidBasedKTA,kta_top1_frac,10.0,0.23807678753572464,0.00034693572454173714,0.7983990171126577,10
checkerboard,centroidBasedKTA,kta_top1_frac,11.0,0.24701304541409996,0.010133164463412522,0.770258378640968,10
checkerboard,centroidBasedKTA,kta_top1_frac,12.0,0.19702879705825913,0.007145366579790357,0.8208633181885541,10
checkerboard,centroidBasedKTA,kta_top1_frac,13.0,0.22322119109142563,0.0025655672764546217,0.7402571556595006,10
checkerboard,centroidBasedKTA,kta_top1_frac,14.0,0.15862954853467381,0.00038538499141058515,0.4608922999899563,10
checkerboard,centroidBasedKTA,kta_top1_frac,15.0,0.15100375441695263,0.010950254800896815,0.4705524680024852,10
checkerboard,centroidBasedKTA,kta_top1_frac,16.0,0.14677479008776517,0.006507170024356746,0.4643915230301347,10
checkerboard,centroidBasedKTA,kta_top1_frac,17.0,0.164819239342299,0.009454940806424788,0.6123961415599238,10
checkerboard,centroidBasedKTA,kta_top1_frac,18.0,0.20302255218371584,0.025196629159312298,0.4835095552570884,10
checkerboard,centroidBasedKTA,kta_top1_frac,19.0,0.19417044068735786,0.013957214713035262,0.5510329171797149,10
checkerboard,centroidBasedKTA,kta_top1_frac,20.0,0.17093799702643048,0.007984191235457157,0.5325802313325904,10
checkerboard,centroidBasedKTA,kta_top1_frac,21.0,0.19581634727150618,0.017211207947049,0.5515577046866936,10
checkerboard,centroidBasedKTA,kta_top1_frac,22.0,0.1855236219987309,0.006812096298887837,0.49026820330472565,10
checkerboard,centroidBasedKTA,kta_top1_frac,23.0,0.16970825778909063,0.012312698545478779,0.557596707728991,10
checkerboard,centroidBasedKTA,kta_top1_frac,24.0,0.14780442207863081,0.01356226183462237,0.48678422297038954,10
checkerboard,centroidBasedKTA,kta_top1_frac,25.0,0.16106049880675938,0.0039013929263174802,0.5296071660561765,10
checkerboard,centroidBasedKTA,kta_top1_frac,26.0,0.1632785288002982,0.01219974675327733,0.5096161901856718,10
checkerboard,centroidBasedKTA,kta_top1_frac,27.0,0.1901666884571536,0.009755952346340519,0.5864161484074064,10
checkerboard,centroidBasedKTA,kta_top1_frac,28.0,0.18952810375242793,0.0005418545613660906,0.5789279710054831,10
checkerboard,centroidBasedKTA,kta_top1_frac,29.0,0.16319406667369338,0.00237932374466105,0.49925940028066423,10
checkerboard,centroidBasedKTA,kta_top1_frac,30.0,0.16122162393228884,0.026609200682358416,0.5178054233877963,10
checkerboard,centroidBasedKTA,kta_top1_frac,31.0,0.16992378590957874,0.021327891349039,0.5192163924448197,10
checkerboard,centroidBasedKTA,kta_top1_frac,32.0,0.1494163662955768,0.0029754663929952158,0.48835429858022333,10
checkerboard,centroidBasedKTA,kta_top1_frac,33.0,0.16243536140403012,0.001237085279840803,0.6084731829604703,10
checkerboard,centroidBasedKTA,kta_top1_frac,34.0,0.16275079510265716,5.788323980028233e-06,0.46810959404399843,10
checkerboard,centroidBasedKTA,kta_top1_frac,35.0,0.1368281261246626,0.001938463051453596,0.38032634047582253,10
checkerboard,centroidBasedKTA,kta_top1_frac,36.0,0.1505766532899442,0.0038153116591298727,0.45477692995865976,10
checkerboard,centroidBasedKTA,kta_top1_frac,37.0,0.1396666511820634,0.00422523828389445,0.47494288144967717,10
checkerboard,centroidBasedKTA,kta_top1_frac,38.0,0.14981686133447453,0.0020536245437489087,0.4982740455277835,10
checkerboard,centroidBasedKTA,kta_top1_frac,39.0,0.14035409506481034,0.009484695554352537,0.5138799028628652,10
checkerboard,centroidBasedKTA,kta_top1_frac,40.0,0.14786310105573025,0.003768469048680764,0.4713541793746408,10
checkerboard,centroidBasedKTA,kta_top1_frac,41.0,0.15566851567826617,0.003791100669246274,0.48500361120481283,10
checkerboard,centroidBasedKTA,kta_top1_frac,42.0,0.1466015234162647,0.02028098982736536,0.4304193595449171,10
checkerboard,centroidBasedKTA,kta_top1_frac,43.0,0.1525925000916904,0.008392553442696595,0.524975579379604,10
checkerboard,centroidBasedKTA,kta_top1_frac,44.0,0.15900120628834105,0.0056661735945243725,0.5231152922926434,10
checkerboard,centroidBasedKTA,kta_top1_frac,45.0,0.1601734931372961,0.0016887472712510995,0.5021793416316452,10
checkerboard,centroidBasedKTA,kta_top1_frac,46.0,0.15831363905107257,0.009365335664866409,0.5169449217207881,10
checkerboard,centroidBasedKTA,kta_top1_frac,47.0,0.13560612974086805,0.006985989046036585,0.4377470891078123,10
checkerboard,centroidBasedKTA,kta_top1_frac,48.0,0.16694728599408068,0.0001614836220485831,0.47204170619857644,10
checkerboard,centroidBasedKTA,kta_top1_frac,49.0,0.1533086603007023,0.014525473591679341,0.3730190941018605,10
checkerboard,centroidBasedKTA,kta_top1_frac,50.0,0.14924514937289352,0.02027358598659424,0.45989164384584075,10
checkerboard,centroidBasedKTA,kta_top1_frac,51.0,0.13883271758829474,0.011951664724803242,0.3768161829167992,10
checkerboard,centroidBasedKTA,kta_top1_frac,52.0,0.14805613849799143,0.0034636037530063777,0.3713917028087786,10
checkerboard,centroidBasedKTA,kta_top1_frac,53.0,0.1773495282488395,0.01572254799468538,0.47209307295823,10
checkerboard,centroidBasedKTA,kta_top1_frac,54.0,0.15734085466985898,0.0013348664671840543,0.39815883609589864,10
checkerboard,centroidBasedKTA,kta_top1_frac,55.0,0.17241326737836152,0.03441032892308114,0.4858142472525428,10
checkerboard,centroidBasedKTA,kta_top1_frac,56.0,0.16570674155899795,9.78009922371533e-05,0.5034604519039015,10
checkerboard,centroidBasedKTA,kta_top1_frac,57.0,0.1545707711239829,0.025143054396295453,0.3791086456114177,10
checkerboard,centroidBasedKTA,kta_top1_frac,58.0,0.15535493930013006,0.004043954610102414,0.41497025060400294,10
checkerboard,centroidBasedKTA,kta_top1_frac,59.0,0.17792693942101617,0.009086268998466875,0.4614217472996901,10
checkerboard,centroidBasedKTA,kta_top1_frac,60.0,0.17131347798107624,0.025794339272208908,0.4955566728435634,10
checkerboard,centroidBasedKTA,kta_top1_frac,61.0,0.1633739357180996,0.002011970335289473,0.5088280549403607,10
checkerboard,centroidBasedKTA,kta_top1_frac,62.0,0.16837124980278836,0.014013434687777562,0.4906643438019387,10
checkerboard,centroidBasedKTA,kta_top1_frac,63.0,0.16462436823558854,0.01493219705477862,0.4200891334807752,10
checkerboard,centroidBasedKTA,kta_top1_frac,64.0,0.17959802363989472,0.046389731246422886,0.5521718362632478,10
checkerboard,centroidBasedKTA,kta_top1_frac,65.0,0.17124325235330984,0.023991282605972334,0.4593106963939509,10
checkerboard,centroidBasedKTA,kta_top1_frac,66.0,0.1561915412418054,0.015809942043459157,0.43189548493609364,10
checkerboard,centroidBasedKTA,kta_top1_frac,67.0,0.1606521254395449,0.023695322698603076,0.4093699196617612,10
checkerboard,centroidBasedKTA,kta_top1_frac,68.0,0.15541841649525928,0.01235779407047562,0.41927827031118653,10
checkerboard,centroidBasedKTA,kta_top1_frac,69.0,0.17113825180446976,0.013490601451642681,0.539229016484003,10
checkerboard,centroidBasedKTA,kta_top1_frac,70.0,0.1618943380118593,0.023602722188177983,0.43541876450734296,10
checkerboard,centroidBasedKTA,kta_top1_frac,71.0,0.17648524218724373,0.03651184837270269,0.43186868479744245,10
checkerboard,centroidBasedKTA,kta_top1_frac,72.0,0.16544338708051043,0.000578307312807526,0.4442578233713008,10
checkerboard,centroidBasedKTA,kta_top1_frac,73.0,0.1810112778733546,0.0323409476379815,0.5129377475345311,10
checkerboard,centroidBasedKTA,kta_top1_frac,74.0,0.1745550321826606,0.04027388440669328,0.5199726422764457,10
checkerboard,centroidBasedKTA,kta_top1_frac,75.0,0.16409767863662875,0.020249840642713696,0.4661747793220756,10
checkerboard,centroidBasedKTA,kta_top1_frac,76.0,0.16934105436473484,0.020644078493876776,0.4502163195063712,10
checkerboard,centroidBasedKTA,kta_top1_frac,77.0,0.1744681613410861,0.02377295550308684,0.40641061946399587,10
checkerboard,centroidBasedKTA,kta_top1_frac,78.0,0.17295906676667236,0.0018552538377166396,0.5726031910534455,10
checkerboard,centroidBasedKTA,kta_top1_frac,79.0,0.17750573510805415,0.009783593778968092,0.5090320386573465,10
checkerboard,centroidBasedKTA,kta_top1_frac,80.0,0.1689361384443559,0.0002516343716010796,0.46201515767897516,10
checkerboard,centroidBasedKTA,kta_top1_frac,81.0,0.15609856174490638,0.01670822706269081,0.49644474467545524,10
checkerboard,centroidBasedKTA,kta_top1_frac,82.0,0.18986211280260798,0.01586487435520168,0.5735478549619246,10
checkerboard,centroidBasedKTA,kta_top1_frac,83.0,0.16865466614616367,0.007293210329705261,0.4765592559061254,10
checkerboard,centroidBasedKTA,kta_top1_frac,84.0,0.17982611297583062,0.02034391408357929,0.501935125094505,10
checkerboard,centroidBasedKTA,kta_top1_frac,85.0,0.18436595441759712,0.012141629539800759,0.46916935680383265,10
checkerboard,centroidBasedKTA,kta_top1_frac,86.0,0.17039851217194973,0.00027781027855298637,0.46287863903518156,10
checkerboard,centroidBasedKTA,kta_top1_frac,87.0,0.18527498145188312,0.019077103836693896,0.4868541262546961,10
checkerboard,centroidBasedKTA,kta_top1_frac,88.0,0.15298797421943697,0.0016844190170603776,0.4536080094034118,10
checkerboard,centroidBasedKTA,kta_top1_frac,89.0,0.15608507110599795,0.017462430824502675,0.48700866370675067,10
checkerboard,centroidBasedKTA,kta_top1_frac,90.0,0.20222113852205395,0.0279725803007033,0.514218371573847,10
checkerboard,centroidBasedKTA,kta_top1_frac,91.0,0.17563423718495252,0.0035603986951768785,0.43266091392515715,10
checkerboard,centroidBasedKTA,kta_top1_frac,92.0,0.15713555689589892,0.000935007580678121,0.42189313528865874,10
checkerboard,centroidBasedKTA,kta_top1_frac,93.0,0.16933683976467068,0.030707598542919812,0.4611035572557545,10
checkerboard,centroidBasedKTA,kta_top1_frac,94.0,0.20251308046832323,0.012270754294945991,0.45325803616280685,10
checkerboard,centroidBasedKTA,kta_top1_frac,95.0,0.18668211776942417,0.02825490057375584,0.4595314820264027,10
checkerboard,centroidBasedKTA,kta_top1_frac,96.0,0.15664122934304925,0.0007723808657950766,0.4914477495310228,10
checkerboard,centroidBasedKTA,kta_top1_frac,97.0,0.16218786011588585,0.003427251824350163,0.4734896984551654,10
checkerboard,centroidBasedKTA,kta_top1_frac,98.0,0.15759008258347887,0.020093105217551702,0.43604265503833906,10
checkerboard,centroidBasedKTA,kta_top1_frac,99.0,0.16854492124729284,0.015290065171192697,0.4481483247719594,10
checkerboard,centroidBasedKTA,kta_top1_frac,100.0,0.17948558431620654,0.0009152314729551515,0.5074231373191385,10
checkerboard,greedyKTA,kta_top1_frac,1.0,0.29441834363901154,0.00028073795744173677,0.845097188447361,10
checkerboard,greedyKTA,kta_top1_frac,2.0,0.30535834628097297,0.00012720370598700727,0.8662118913021958,10
checkerboard,greedyKTA,kta_top1_frac,3.0,0.3041387629998995,0.00014687841063783585,0.8876760563296874,10
checkerboard,greedyKTA,kta_top1_frac,4.0,0.3190077834374706,0.0012972619942838604,0.8967703059368901,10
checkerboard,greedyKTA,kta_top1_frac,5.0,0.3233520244583323,0.002356542086452067,0.8986162400765608,10
checkerboard,greedyKTA,kta_top1_frac,6.0,0.31786040407094523,0.006271113713189131,0.8998892930827264,10
checkerboard,greedyKTA,kta_top1_frac,7.0,0.3078485160340152,0.006180503318931516,0.899747537375351,10
checkerboard,greedyKTA,kta_top1_frac,8.0,0.2976655076381394,0.01895645311726627,0.8991276017070762,10
checkerboard,greedyKTA,kta_top1_frac,9.0,0.29160719142613073,0.008634249324310048,0.8983878223566262,10
checkerboard,greedyKTA,kta_top1_frac,10.0,0.28725903533431996,0.0008538656812554046,0.8978859306623732,10
checkerboard,greedyKTA,kta_top1_frac,11.0,0.28485532674767383,0.002072601553156068,0.9008564957347895,10
checkerboard,greedyKTA,kta_top1_frac,12.0,0.2817386107638644,0.004881338472577171,0.9064827397171508,10
checkerboard,greedyKTA,kta_top1_frac,13.0,0.2762627253934263,0.003939920318659633,0.9098943228813642,10
checkerboard,greedyKTA,kta_top1_frac,14.0,0.27375247245840095,0.004673106912172928,0.910009941752426,10
checkerboard,greedyKTA,kta_top1_frac,15.0,0.26884314365606565,0.0021116718486446505,0.9062829832989864,10
checkerboard,greedyKTA,kta_top1_frac,16.0,0.26628234597996203,0.0001374969827402012,0.8983711458814654,10
checkerboard,greedyKTA,kta_top1_frac,17.0,0.2668964301064313,1.5522888837809438e-06,0.8872416183740585,10
checkerboard,greedyKTA,kta_top1_frac,18.0,0.2670587077138335,0.004155915315886926,0.884129355015783,10
checkerboard,greedyKTA,kta_top1_frac,19.0,0.26675738994125786,0.004340003344147146,0.8853285414947463,10
checkerboard,greedyKTA,kta_top1_frac,20.0,0.26480435177949263,0.003852247564594601,0.883961277014973,10
checkerboard,greedyKTA,kta_top1_frac,21.0,0.2591132471702931,0.0010662634206303995,0.8748361487324164,10
checkerboard,greedyKTA,kta_top1_frac,22.0,0.24992536694379108,1.362139950615152e-05,0.8591996964436203,10
checkerboard,greedyKTA,kta_top1_frac,23.0,0.24215578520499106,0.0009512950000938084,0.848980415341218,10
checkerboard,greedyKTA,kta_top1_frac,24.0,0.2351692542837255,0.001379581165509883,0.8417698459538202,10
checkerboard,greedyKTA,kta_top1_frac,25.0,0.23027194251438976,0.000598470195189289,0.8370373748827769,10
checkerboard,greedyKTA,kta_top1_frac,26.0,0.22856808027408665,6.421812686535676e-06,0.8311689919279954,10
checkerboard,greedyKTA,kta_top1_frac,27.0,0.23209816089600563,0.00023053379624751806,0.8196102938387968,10
checkerboard,greedyKTA,kta_top1_frac,28.0,0.2392879743618639,0.000345485042525951,0.799728295878103,10
checkerboard,greedyKTA,kta_top1_frac,29.0,0.25086020234411593,5.4937013080267954e-05,0.774090615712417,10
checkerboard,greedyKTA,kta_top1_frac,30.0,0.2606955298748806,0.00026241131732249965,0.7501161619773685,10
checkerboard,greedyKTA,kta_top1_frac,31.0,0.2660559064453711,0.001791998788190029,0.7390253845170254,10
checkerboard,greedyKTA,kta_top1_frac,32.0,0.27106062160738037,0.00554765127522591,0.7347590378257373,10
checkerboard,greedyKTA,kta_top1_frac,33.0,0.2751600628895782,0.0001909078307148799,0.7600673261861983,10
checkerboard,greedyKTA,kta_top1_frac,34.0,0.2754270613692141,5.36421111924321e-05,0.7709190317685427,10
checkerboard,greedyKTA,kta_top1_frac,35.0,0.2744397469351399,4.74261716887161e-08,0.7759938160402027,10
checkerboard,greedyKTA,kta_top1_frac,36.0,0.2721926490316768,1.7979342388249522e-05,0.7923525136196982,10
checkerboard,greedyKTA,kta_top1_frac,37.0,0.26783415024394347,0.0002774547052111093,0.8165936872913218,10
checkerboard,greedyKTA,kta_top1_frac,38.0,0.26576752221243893,4.5070720898803144e-05,0.8410561456277037,10
checkerboard,greedyKTA,kta_top1_frac,39.0,0.2601712653140572,1.0431676848572135e-06,0.8506240506039306,10
checkerboard,greedyKTA,kta_top1_frac,40.0,0.2508847402753002,0.0009114876326752916,0.8452854402383398,10
checkerboard,greedyKTA,kta_top1_frac,41.0,0.23757764315669339,0.0030445305604570685,0.8225271967871061,10
checkerboard,greedyKTA,kta_top1_frac,42.0,0.22318157224688492,0.0018048343259657962,0.7763704835248084,10
checkerboard,greedyKTA,kta_top1_frac,43.0,0.2078557649199249,0.0002737590005790471,0.712442558691595,10
checkerboard,greedyKTA,kta_top1_frac,44.0,0.19754322072039987,0.00023499204741619012,0.6765277090977657,10
checkerboard,greedyKTA,kta_top1_frac,45.0,0.19345636255042997,0.0011156449786686575,0.6644024585545225,10
checkerboard,greedyKTA,kta_top1_frac,46.0,0.19441540475078467,0.000803324677472997,0.674875121860311,10
checkerboard,greedyKTA,kta_top1_frac,47.0,0.1978708656092703,7.312188771244233e-10,0.7052336623263926,10
checkerboard,greedyKTA,kta_top1_frac,48.0,0.19851331087604296,0.0009189309730857256,0.7177075969497965,10
checkerboard,greedyKTA,kta_top1_frac,49.0,0.19657373947592816,0.006142571505846101,0.7182429913281075,10
checkerboard,greedyKTA,kta_top1_frac,50.0,0.1950745465034679,0.005020753846984695,0.7133879559738336,10
checkerboard,greedyKTA,kta_top1_frac,51.0,0.19475817511348004,0.0038325288980519574,0.7116309833818045,10
checkerboard,greedyKTA,kta_top1_frac,52.0,0.19521219088583006,0.004190857750906701,0.7107793828274906,10
checkerboard,greedyKTA,kta_top1_frac,53.0,0.19378533849374713,0.004009281601147987,0.7121386648021957,10
checkerboard,greedyKTA,kta_top1_frac,54.0,0.1961918091653882,0.003442156844371069,0.7188473143919141,10
checkerboard,greedyKTA,kta_top1_frac,55.0,0.1994654120925996,0.000266310119984323,0.7279180278263456,10
checkerboard,greedyKTA,kta_top1_frac,56.0,0.2049140290804614,0.0008448337578528106,0.7372353003980855,10
checkerboard,greedyKTA,kta_top1_frac,57.0,0.2128077858446039,0.0006561747928322339,0.7471985022715301,10
checkerboard,greedyKTA,kta_top1_frac,58.0,0.22265290297485746,0.0014040808963996592,0.7540815986611572,10
checkerboard,greedyKTA,kta_top1_frac,59.0,0.2318026070717445,0.0033804598344621935,0.7563914062328829,10
checkerboard,greedyKTA,kta_top1_frac,60.0,0.23716746520504955,0.0069037333034137425,0.756108204301541,10
checkerboard,greedyKTA,kta_top1_frac,61.0,0.23604286759345366,0.005055059603014735,0.7557436095367472,10
checkerboard,greedyKTA,kta_top1_frac,62.0,0.229341394643148,0.003192622458317391,0.7566659090174276,10
checkerboard,greedyKTA,kta_top1_frac,63.0,0.22434669821273928,0.003925511366382359,0.7592817285990267,10
checkerboard,greedyKTA,kta_top1_frac,64.0,0.2246791705162256,0.006165625563456394,0.7647863962530776,10
checkerboard,greedyKTA,kta_top1_frac,65.0,0.2292046388802409,0.009031819814757733,0.7734922790644131,10
checkerboard,greedyKTA,kta_top1_frac,66.0,0.23338078756185823,0.01290135393192376,0.7848968054790214,10
checkerboard,greedyKTA,kta_top1_frac,67.0,0.23513537237156185,0.01339118121650531,0.7977515164946015,10
checkerboard,greedyKTA,kta_top1_frac,68.0,0.23665766155285048,0.007049157298376287,0.8105893852416602,10
checkerboard,greedyKTA,kta_top1_frac,69.0,0.24035710899732604,0.0005191718341485367,0.8223139748195655,10
checkerboard,greedyKTA,kta_top1_frac,70.0,0.2467765730236907,0.0002043277164715929,0.8324565185695562,10
checkerboard,greedyKTA,kta_top1_frac,71.0,0.2529372630841043,0.0005576576752387929,0.8410809990385153,10
checkerboard,greedyKTA,kta_top1_frac,72.0,0.25508272958110756,0.0004017723844141607,0.8485357279332499,10
checkerboard,greedyKTA,kta_top1_frac,73.0,0.25436646068886865,0.00012068833486240445,0.8552227539172998,10
checkerboard,greedyKTA,kta_top1_frac,74.0,0.251816031133409,7.916441766089462e-06,0.8614570898586252,10
checkerboard,greedyKTA,kta_top1_frac,75.0,0.24977463800262778,0.0005334819524214301,0.8674164292009323,10
checkerboard,greedyKTA,kta_top1_frac,76.0,0.2474487555793822,0.00037600936354875177,0.8731532208550299,10
checkerboard,greedyKTA,kta_top1_frac,77.0,0.24551783559317256,0.00021525131057554192,0.8783600714356482,10
checkerboard,greedyKTA,kta_top1_frac,78.0,0.24537585969837092,4.6539460931612475e-05,0.8831466269037423,10
checkerboard,greedyKTA,kta_top1_frac,79.0,0.24750896902915492,0.0005524666627426488,0.8876414211966793,10
checkerboard,greedyKTA,kta_top1_frac,80.0,0.25148951475308917,0.0011157820563328,0.8916189059836899,10
checkerboard,greedyKTA,kta_top1_frac,81.0,0.25674121003769584,0.0006081565161183042,0.8951323867956795,10
checkerboard,greedyKTA,kta_top1_frac,82.0,0.26293864655877763,0.0005543072595543787,0.8982425394545823,10
checkerboard,greedyKTA,kta_top1_frac,83.0,0.2691818436936722,0.001381906361491939,0.9009864798799263,10
checkerboard,greedyKTA,kta_top1_frac,84.0,0.2736861868114572,0.002113630806372412,0.9034899406174537,10
checkerboard,greedyKTA,kta_top1_frac,85.0,0.273704019648891,0.0006761895606375324,0.9057856646117306,10
checkerboard,greedyKTA,kta_top1_frac,86.0,0.2667081977949318,0.0026674961051792716,0.9078977014266884,10
checkerboard,greedyKTA,kta_top1_frac,87.0,0.2588924624638603,0.0005878477939438362,0.9098401911848711,10
checkerboard,greedyKTA,kta_top1_frac,88.0,0.25558216962018054,0.0002728100670624955,0.9116154649522845,10
checkerboard,greedyKTA,kta_top1_frac,89.0,0.2564213492071678,0.0018056301867053173,0.9132406148466088,10
checkerboard,greedyKTA,kta_top1_frac,90.0,0.258397050135756,0.006718101127383673,0.9146745696224547,10
checkerboard,greedyKTA,kta_top1_frac,91.0,0.25829977489922856,0.0017666577661234904,0.91589621926301,10
checkerboard,greedyKTA,kta_top1_frac,92.0,0.2539662987845239,3.4089096699738498e-06,0.9168995871075677,10
checkerboard,greedyKTA,kta_top1_frac,93.0,0.24848138552550694,1.9785256930927845e-07,0.9176981434292433,10
checkerboard,greedyKTA,kta_top1_frac,94.0,0.24194255586916152,0.001791892084833871,0.9183048030415215,10
checkerboard,greedyKTA,kta_top1_frac,95.0,0.24008275925754252,0.007948661876771547,0.9187438088668008,10
checkerboard,greedyKTA,kta_top1_frac,96.0,0.23929888815616424,0.008431986259659272,0.9195418357588627,10
checkerboard,greedyKTA,kta_top1_frac,97.0,0.23989986193045568,0.0004306837918855683,0.9201607683919405,10
checkerboard,greedyKTA,kta_top1_frac,98.0,0.24644833973284977,0.0032495146602866984,0.9206350403853057,10
checkerboard,greedyKTA,kta_top1_frac,99.0,0.2534125708014452,0.0019065214093038662,0.9214450499053892,10
checkerboard,greedyKTA,kta_top1_frac,100.0,0.25850860234785616,0.0009147061306274403,0.9225454064473612,10
checkerboard,fullKTA,kta_top2_frac,1.0,0.4080486142208809,0.028903874123574196,0.9096567546475015,10
checkerboard,fullKTA,kta_top2_frac,2.0,0.4059526436473561,0.0080922889789892,0.9519006177567968,10
checkerboard,fullKTA,kta_top2_frac,3.0,0.4102598979604585,0.0009301686501756058,0.9621987631498451,10
checkerboard,fullKTA,kta_top2_frac,4.0,0.41920494928010077,0.006161769444502044,0.9622497949282827,10
checkerboard,fullKTA,kta_top2_frac,5.0,0.4337514813014769,0.005669525119233437,0.9605846172299981,10
checkerboard,fullKTA,kta_top2_frac,6.0,0.44368329656093264,0.0020695655058592063,0.9585178524897819,10
checkerboard,fullKTA,kta_top2_frac,7.0,0.44392838265911916,0.00033956763510393866,0.9570885047763312,10
checkerboard,fullKTA,kta_top2_frac,8.0,0.43637473206862676,3.319431154638376e-05,0.9575705919022885,10
checkerboard,fullKTA,kta_top2_frac,9.0,0.422621684331714,0.00011130913075229418,0.9599799252691336,10
checkerboard,fullKTA,kta_top2_frac,10.0,0.4122830832295013,4.471297274223165e-05,0.962391494457493,10
checkerboard,fullKTA,kta_top2_frac,11.0,0.42883480478581903,0.00012236135192728829,0.9626337763982028,10
checkerboard,fullKTA,kta_top2_frac,12.0,0.47080577306528726,0.0014877717626480026,0.960868800149368,10
checkerboard,fullKTA,kta_top2_frac,13.0,0.5290995974097801,0.005810033849982342,0.9583976755159297,10
checkerboard,fullKTA,kta_top2_frac,14.0,0.6165258975323397,0.013733450576798346,0.955708763857996,10
checkerboard,fullKTA,kta_top2_frac,15.0,0.638997339928933,0.026682818950084976,0.9535026440148551,10
checkerboard,fullKTA,kta_top2_frac,16.0,0.6511429590428011,0.045836382480715795,0.9524774923207999,10
checkerboard,fullKTA,kta_top2_frac,17.0,0.6451205823769729,0.06811057451423111,0.9521208768882208,10
checkerboard,fullKTA,kta_top2_frac,18.0,0.6524222696628765,0.08744176798201997,0.9515025396447488,10
checkerboard,fullKTA,kta_top2_frac,19.0,0.6938304803197817,0.10225925596009892,0.9504041446658793,10
checkerboard,fullKTA,kta_top2_frac,20.0,0.7140773428150803,0.11265269865995935,0.9695416467297069,10
checkerboard,fullKTA,kta_top2_frac,21.0,0.7177793932409721,0.11499754577626757,0.9769709958881296,10
checkerboard,fullKTA,kta_top2_frac,22.0,0.7329762438994963,0.11410067464990678,0.982038246650226,10
checkerboard,fullKTA,kta_top2_frac,23.0,0.7536932482924459,0.12613650443368843,0.9881011279857784,10
checkerboard,fullKTA,kta_top2_frac,24.0,0.7712181709863031,0.14863849105369908,0.9912341509021528,10
checkerboard,fullKTA,kta_top2_frac,25.0,0.7782708631609507,0.1472384490600625,0.9926684576935564,10
checkerboard,fullKTA,kta_top2_frac,26.0,0.7824606071718312,0.11830255353903239,0.9932716719641747,10
checkerboard,fullKTA,kta_top2_frac,27.0,0.7933123690424384,0.10613069689785434,0.9938216466543699,10
checkerboard,fullKTA,kta_top2_frac,28.0,0.8755190064364502,0.6594811543842773,0.9945948807000442,10
checkerboard,fullKTA,kta_top2_frac,29.0,0.8858970495166544,0.6718832452046858,0.9954442818205739,10
checkerboard,fullKTA,kta_top2_frac,30.0,0.8930839681965723,0.6829859967898834,0.9965625692593245,10
checkerboard,fullKTA,kta_top2_frac,31.0,0.9017538139536534,0.6920642212849272,0.9971699675482217,10
checkerboard,fullKTA,kta_top2_frac,32.0,0.9085922589013695,0.6988641388515187,0.9975614377339096,10
checkerboard,fullKTA,kta_top2_frac,33.0,0.9119895822098684,0.7049907347408101,0.9979379076283441,10
checkerboard,fullKTA,kta_top2_frac,34.0,0.9186121141989723,0.7125671283477283,0.9982028583876723,10
checkerboard,fullKTA,kta_top2_frac,35.0,0.9150767361069502,0.6236851428755834,0.9984331659995681,10
checkerboard,fullKTA,kta_top2_frac,36.0,0.913051550390081,0.5431265925227816,0.9986513714036167,10
checkerboard,fullKTA,kta_top2_frac,37.0,0.9169624890777355,0.5277688831856784,0.9989903141674078,10
checkerboard,fullKTA,kta_top2_frac,38.0,0.9190846769268379,0.5089254656528642,0.9992041684802542,10
checkerboard,fullKTA,kta_top2_frac,39.0,0.9235374862693762,0.5242001588447845,0.9992703317488068,10
checkerboard,fullKTA,kta_top2_frac,40.0,0.933107757235574,0.59425127654851,0.9992942153982742,10
checkerboard,fullKTA,kta_top2_frac,41.0,0.9394503452265347,0.6318077969996361,0.9993590823958411,10
checkerboard,fullKTA,kta_top2_frac,42.0,0.9424362240371094,0.6350055436385201,0.9993932994143094,10
checkerboard,fullKTA,kta_top2_frac,43.0,0.9781880663269863,0.8567441786274412,0.9993996918451749,10
checkerboard,fullKTA,kta_top2_frac,44.0,0.9790969636644725,0.8752135911916648,0.9994279005598241,10
checkerboard,fullKTA,kta_top2_frac,45.0,0.9808054665396696,0.8918548911212886,0.9994563426729718,10
checkerboard,fullKTA,kta_top2_frac,46.0,0.9829467572101727,0.9077828284672913,0.9994990966770736,10
checkerboard,fullKTA,kta_top2_frac,47.0,0.9854370673330349,0.9236046155874813,0.9995391170193967,10
checkerboard,fullKTA,kta_top2_frac,48.0,0.9879321481131369,0.938875027620477,0.9995421923358045,10
checkerboard,fullKTA,kta_top2_frac,49.0,0.9899646416295311,0.9526798266084167,0.9995311388160423,10
checkerboard,fullKTA,kta_top2_frac,50.0,0.991529056415196,0.9645062246374082,0.999525089502538,10
checkerboard,fullKTA,kta_top2_frac,51.0,0.9927611689311444,0.9688934744371375,0.9995081795907571,10
checkerboard,fullKTA,kta_top2_frac,52.0,0.9937625811323697,0.9685317818991922,0.9995373802110253,10
checkerboard,fullKTA,kta_top2_frac,53.0,0.9945170345812345,0.9682144368895137,0.9995764474252943,10
checkerboard,fullKTA,kta_top2_frac,54.0,0.9950305175982752,0.968427442617187,0.9996088494940285,10
checkerboard,fullKTA,kta_top2_frac,55.0,0.9954538094034937,0.9695101211250382,0.9996302239909458,10
checkerboard,fullKTA,kta_top2_frac,56.0,0.9958521915079575,0.9712366520902284,0.9996513157241792,10
checkerboard,fullKTA,kta_top2_frac,57.0,0.9961990536555888,0.9731991033415022,0.9996825739296892,10
checkerboard,fullKTA,kta_top2_frac,58.0,0.9965091696339519,0.9751693143091507,0.9997184761560406,10
checkerboard,fullKTA,kta_top2_frac,59.0,0.9967784388938308,0.9768959319976523,0.9997424600681918,10
checkerboard,fullKTA,kta_top2_frac,60.0,0.9969743690666469,0.9780881213486106,0.9997416584404242,10
checkerboard,fullKTA,kta_top2_frac,61.0,0.9970930047328546,0.978752743035542,0.9997133990606991,10
checkerboard,fullKTA,kta_top2_frac,62.0,0.9971625021929796,0.9791468068713498,0.9996651824192676,10
checkerboard,fullKTA,kta_top2_frac,63.0,0.9972124105561939,0.9794334716490639,0.9996308671612006,10
checkerboard,fullKTA,kta_top2_frac,64.0,0.9972493232235837,0.9796256130622482,0.9996689659372548,10
checkerboard,fullKTA,kta_top2_frac,65.0,0.997277905931492,0.979729766509599,0.9996995708271096,10
checkerboard,fullKTA,kta_top2_frac,66.0,0.9973063361959857,0.9798312957538533,0.9997211683388618,10
checkerboard,fullKTA,kta_top2_frac,67.0,0.9973496248410137,0.9800583800078199,0.9997352896121833,10
checkerboard,fullKTA,kta_top2_frac,68.0,0.9974090616910068,0.9804767047086375,0.9997430667077275,10
checkerboard,fullKTA,kta_top2_frac,69.0,0.9974835079513416,0.9810953454964575,0.9997443946356491,10
checkerboard,fullKTA,kta_top2_frac,70.0,0.9975745482797782,0.981928227236322,0.9997419881587987,10
checkerboard,fullKTA,kta_top2_frac,71.0,0.9976918202060441,0.9829900019358762,0.9997399750814927,10
checkerboard,fullKTA,kta_top2_frac,72.0,0.9978413181899313,0.984293877115566,0.999740515828962,10
checkerboard,fullKTA,kta_top2_frac,73.0,0.9980091244523612,0.9857805280527631,0.9997446026396012,10
checkerboard,fullKTA,kta_top2_frac,74.0,0.9981804636554805,0.9873562917651751,0.9997523164041694,10
checkerboard,fullKTA,kta_top2_frac,75.0,0.9983560812717116,0.989011982847703,0.9997616359198344,10
checkerboard,fullKTA,kta_top2_frac,76.0,0.9985340590031273,0.9906864141746373,0.9997702292968634,10
checkerboard,fullKTA,kta_top2_frac,77.0,0.9986935872068174,0.992214264182105,0.9997769585114368,10
checkerboard,fullKTA,kta_top2_frac,78.0,0.9988264803254365,0.9935237632834707,0.9997812662032134,10
checkerboard,fullKTA,kta_top2_frac,79.0,0.9989499740447487,0.994742575740179,0.9997825745608688,10
checkerboard,fullKTA,kta_top2_frac,80.0,0.9990779442130033,0.9959544701972848,0.9997806939188151,10
checkerboard,fullKTA,kta_top2_frac,81.0,0.999195044749527,0.9970280865464047,0.999776676139195,10
checkerboard,fullKTA,kta_top2_frac,82.0,0.9992865223040663,0.9978526046144083,0.9997726098492719,10
checkerboard,fullKTA,kta_top2_frac,83.0,0.9993524441566585,0.998459077189956,0.9997700390863432,10
checkerboard,fullKTA,kta_top2_frac,84.0,0.9993954388817621,0.9988226650729645,0.9997690025920807,10
checkerboard,fullKTA,kta_top2_frac,85.0,0.9994162162971343,0.9988109593953429,0.999768948864077,10
checkerboard,fullKTA,kta_top2_frac,86.0,0.9994235211522611,0.998794365833187,0.9997697957037088,10
checkerboard,fullKTA,kta_top2_frac,87.0,0.9994287743734838,0.9987986285382432,0.9997716290270953,10
checkerboard,fullKTA,kta_top2_frac,88.0,0.9994335683123732,0.9988272258727822,0.9997741270571795,10
checkerboard,fullKTA,kta_top2_frac,89.0,0.9994321025770262,0.9988602420611129,0.9997767378494488,10
checkerboard,fullKTA,kta_top2_frac,90.0,0.9994227676922947,0.9988758823135273,0.999779183013828,10
checkerboard,fullKTA,kta_top2_frac,91.0,0.9994101038186131,0.9988699943686631,0.9997812254653056,10
checkerboard,fullKTA,kta_top2_frac,92.0,0.999398609680995,0.9988060910531732,0.9997825346880602,10
checkerboard,fullKTA,kta_top2_frac,93.0,0.9993916400485008,0.9987513494677385,0.9997832699813103,10
checkerboard,fullKTA,kta_top2_frac,94.0,0.9993918675406717,0.998767824694708,0.9997839624281675,10
checkerboard,fullKTA,kta_top2_frac,95.0,0.9993984738910825,0.998840373570432,0.9997850888701032,10
checkerboard,fullKTA,kta_top2_frac,96.0,0.9994071529217715,0.9988959835537914,0.9997868054099933,10
checkerboard,fullKTA,kta_top2_frac,97.0,0.9994139894041701,0.998894829785814,0.9997890802037601,10
checkerboard,fullKTA,kta_top2_frac,98.0,0.9994169738230807,0.9988875980581366,0.9997918158773809,10
checkerboard,fullKTA,kta_top2_frac,99.0,0.9994152909182732,0.998881357594913,0.9997946615655222,10
checkerboard,fullKTA,kta_top2_frac,100.0,0.9994118559043674,0.99887982342772,0.999797022308686,10
checkerboard,randomKTA,kta_top2_frac,1.0,0.396273755584837,0.01565259875666205,0.8513205051056596,10
checkerboard,randomKTA,kta_top2_frac,2.0,0.38244219758737313,0.017797464108126,0.844705904346713,10
checkerboard,randomKTA,kta_top2_frac,3.0,0.35264486452458177,0.021892699308049646,0.830058077056583,10
checkerboard,randomKTA,kta_top2_frac,4.0,0.330069982761347,0.0244438447591996,0.8126375485049865,10
checkerboard,randomKTA,kta_top2_frac,5.0,0.3194166869675576,0.03823738167251842,0.8150796061926101,10
checkerboard,randomKTA,kta_top2_frac,6.0,0.3534285950241315,0.05717108071535286,0.8106938650025167,10
checkerboard,randomKTA,kta_top2_frac,7.0,0.35098761804977424,0.08182916486750766,0.8011180774187623,10
checkerboard,randomKTA,kta_top2_frac,8.0,0.346212388281369,0.07420297313816027,0.7808544191511004,10
checkerboard,randomKTA,kta_top2_frac,9.0,0.35196948783215504,0.08178664059680432,0.7655705974266078,10
checkerboard,randomKTA,kta_top2_frac,10.0,0.3546968274780409,0.07673315733807351,0.7376997164440405,10
checkerboard,randomKTA,kta_top2_frac,11.0,0.3662729326242423,0.0731342723000307,0.711138751518299,10
checkerboard,randomKTA,kta_top2_frac,12.0,0.3640500017523651,0.06563714226953846,0.700735022848321,10
checkerboard,randomKTA,kta_top2_frac,13.0,0.36252286741733253,0.058280083556273767,0.6826469738652915,10
checkerboard,randomKTA,kta_top2_frac,14.0,0.3604659181824583,0.04988111008774632,0.6477353946939253,10
checkerboard,randomKTA,kta_top2_frac,15.0,0.3548371944846201,0.0443478627240271,0.597890124935182,10
checkerboard,randomKTA,kta_top2_frac,16.0,0.3508456401079619,0.04098430520084846,0.6010653943805984,10
checkerboard,randomKTA,kta_top2_frac,17.0,0.34524888615414645,0.037041096306594835,0.637925576509844,10
checkerboard,randomKTA,kta_top2_frac,18.0,0.3417441876009073,0.03539948763607773,0.6572328662517398,10
checkerboard,randomKTA,kta_top2_frac,19.0,0.3407963308389498,0.032731289944434215,0.6866438059294285,10
checkerboard,randomKTA,kta_top2_frac,20.0,0.33580837892056514,0.029538152762623244,0.6976828413055899,10
checkerboard,randomKTA,kta_top2_frac,21.0,0.3321040269904049,0.026979835773899577,0.7149855164956952,10
checkerboard,randomKTA,kta_top2_frac,22.0,0.32792959263093524,0.023920359347011148,0.728405297634261,10
checkerboard,randomKTA,kta_top2_frac,23.0,0.3228485807922251,0.01953288352777728,0.7328176038306757,10
checkerboard,randomKTA,kta_top2_frac,24.0,0.31691868211151303,0.013815973122558764,0.7300214503374645,10
checkerboard,randomKTA,kta_top2_frac,25.0,0.31007600489753046,0.009809216528429775,0.7266944719381878,10
checkerboard,randomKTA,kta_top2_frac,26.0,0.30738744254986283,0.006946193372860035,0.7245498108969769,10
checkerboard,randomKTA,kta_top2_frac,27.0,0.30889672792292794,0.005497358886050575,0.727825118233305,10
checkerboard,randomKTA,kta_top2_frac,28.0,0.307286446470199,0.0060617426694531025,0.7292297922243615,10
checkerboard,randomKTA,kta_top2_frac,29.0,0.3072191624141304,0.007633703157670136,0.7314530903787042,10
checkerboard,randomKTA,kta_top2_frac,30.0,0.3095258065438146,0.009214844928114549,0.7306551094878557,10
checkerboard,randomKTA,kta_top2_frac,31.0,0.31334844358991437,0.009397443520873437,0.7326934018158868,10
checkerboard,randomKTA,kta_top2_frac,32.0,0.32066863169578125,0.007939450531639051,0.7327042672218316,10
checkerboard,randomKTA,kta_top2_frac,33.0,0.3235402793568597,0.007123243453329349,0.7296101222110718,10
checkerboard,randomKTA,kta_top2_frac,34.0,0.3275154773798048,0.006603439074593324,0.7280943528882409,10
checkerboard,randomKTA,kta_top2_frac,35.0,0.3282061970546459,0.007269083369568121,0.7271334108755884,10
checkerboard,randomKTA,kta_top2_frac,36.0,0.32672694779581596,0.00925992524958565,0.7270954709596755,10
checkerboard,randomKTA,kta_top2_frac,37.0,0.3271454901654014,0.010725435075484242,0.7211157562837504,10
checkerboard,randomKTA,kta_top2_frac,38.0,0.3313510226056137,0.011636717437447902,0.7163886472773972,10
checkerboard,randomKTA,kta_top2_frac,39.0,0.33370951156810597,0.013731025100361952,0.713216244385361,10
checkerboard,randomKTA,kta_top2_frac,40.0,0.33687290510413737,0.01514442237291658,0.7096202671608483,10
checkerboard,randomKTA,kta_top2_frac,41.0,0.34098990020272196,0.01673573345624519,0.7079877185740869,10
checkerboard,randomKTA,kta_top2_frac,42.0,0.34124220047800724,0.018660573441602355,0.7058888050779096,10
checkerboard,randomKTA,kta_top2_frac,43.0,0.3518802970074554,0.019695120351932945,0.7054528548172208,10
checkerboard,randomKTA,kta_top2_frac,44.0,0.3706031482318345,0.021037754559330386,0.7340698048614941,10
checkerboard,randomKTA,kta_top2_frac,45.0,0.38291598258773285,0.01920859029246804,0.7917261379298564,10
checkerboard,randomKTA,kta_top2_frac,46.0,0.3936169826490986,0.013678887205777548,0.8471933924690735,10
checkerboard,randomKTA,kta_top2_frac,47.0,0.3958597051815416,0.00849171570280547,0.8858581628335664,10
checkerboard,randomKTA,kta_top2_frac,48.0,0.39159851351028857,0.003326000274892202,0.8621231578393801,10
checkerboard,randomKTA,kta_top2_frac,49.0,0.39517841306490276,0.004093687083686346,0.8562489110093622,10
checkerboard,randomKTA,kta_top2_frac,50.0,0.4000075042219445,0.00933919145540012,0.8552955823736947,10
checkerboard,randomKTA,kta_top2_frac,51.0,0.39930378720418314,0.013165103379166517,0.8522196259343789,10
checkerboard,randomKTA,kta_top2_frac,52.0,0.398017547413808,0.016669024269537765,0.8421200984346398,10
checkerboard,randomKTA,kta_top2_frac,53.0,0.3979272436334158,0.018969370558639818,0.828391571017818,10
checkerboard,randomKTA,kta_top2_frac,54.0,0.4041557370125533,0.023569730118882755,0.8193374597944029,10
checkerboard,randomKTA,kta_top2_frac,55.0,0.41119773076745936,0.026203836294729898,0.8221363210938603,10
checkerboard,randomKTA,kta_top2_frac,56.0,0.425292648721798,0.02873704796711593,0.8583747347464069,10
checkerboard,randomKTA,kta_top2_frac,57.0,0.43690399619544673,0.033254745791632324,0.8722341772122335,10
checkerboard,randomKTA,kta_top2_frac,58.0,0.4389755994776875,0.03633885136245247,0.8602864177107303,10
checkerboard,randomKTA,kta_top2_frac,59.0,0.4334668894135351,0.039115059062725756,0.8383009150028962,10
checkerboard,randomKTA,kta_top2_frac,60.0,0.43584941752507306,0.04218226928446078,0.8116448130866322,10
checkerboard,randomKTA,kta_top2_frac,61.0,0.43416099349780624,0.013698606006796852,0.8009886639916238,10
checkerboard,randomKTA,kta_top2_frac,62.0,0.41901201182171244,0.010775542939150902,0.7802323301611818,10
checkerboard,randomKTA,kta_top2_frac,63.0,0.4048295195142838,0.011898844994331645,0.793479842637795,10
checkerboard,randomKTA,kta_top2_frac,64.0,0.40765861154601585,0.018560455703459263,0.8307553743818226,10
checkerboard,randomKTA,kta_top2_frac,65.0,0.41265926384285834,0.04058848637972525,0.8703709025648525,10
checkerboard,randomKTA,kta_top2_frac,66.0,0.42087250014634164,0.037868635897628955,0.9030352096978,10
checkerboard,randomKTA,kta_top2_frac,67.0,0.43245259780815165,0.0355815950836331,0.9263195832580196,10
checkerboard,randomKTA,kta_top2_frac,68.0,0.44649375996712337,0.030093888234967253,0.9511693254752405,10
checkerboard,randomKTA,kta_top2_frac,69.0,0.45182424790602316,0.024978509882800797,0.9273211559151794,10
checkerboard,randomKTA,kta_top2_frac,70.0,0.4557341265504601,0.0218783184533953,0.8998759160897746,10
checkerboard,randomKTA,kta_top2_frac,71.0,0.4676805832240368,0.02239350511641715,0.8855179377999725,10
checkerboard,randomKTA,kta_top2_frac,72.0,0.4864904780250928,0.023130663297781733,0.8876510425749485,10
checkerboard,randomKTA,kta_top2_frac,73.0,0.49878039591138046,0.028312095866877565,0.8995698993960917,10
checkerboard,randomKTA,kta_top2_frac,74.0,0.49722045325569536,0.04009340993373668,0.9176765580885865,10
checkerboard,randomKTA,kta_top2_frac,75.0,0.5055945633208416,0.04654172473093207,0.933835038260421,10
checkerboard,randomKTA,kta_top2_frac,76.0,0.5053235887864795,0.041748143853602065,0.9494417866618048,10
checkerboard,randomKTA,kta_top2_frac,77.0,0.49687210469280646,0.03190476282305919,0.953314988970348,10
checkerboard,randomKTA,kta_top2_frac,78.0,0.4921035504568,0.021352420193457688,0.9667731795427793,10
checkerboard,randomKTA,kta_top2_frac,79.0,0.5053353564522778,0.017220681901688868,0.9712389805439797,10
checkerboard,randomKTA,kta_top2_frac,80.0,0.5387015069472018,0.019092436057889718,0.9725883724723556,10
checkerboard,randomKTA,kta_top2_frac,81.0,0.5476437868745816,0.02558976747829268,0.9748196046902263,10
checkerboard,randomKTA,kta_top2_frac,82.0,0.5500044252250182,0.03059086576897883,0.9759385509966895,10
checkerboard,randomKTA,kta_top2_frac,83.0,0.554369966269132,0.03432650042695907,0.9800009997375984,10
checkerboard,randomKTA,kta_top2_frac,84.0,0.5590550670173957,0.044098048534782455,0.9816712232547514,10
checkerboard,randomKTA,kta_top2_frac,85.0,0.5641645771907322,0.0509130958959003,0.9818040485925449,10
checkerboard,randomKTA,kta_top2_frac,86.0,0.5739729262302695,0.05525399155586249,0.9799714845607242,10
checkerboard,randomKTA,kta_top2_frac,87.0,0.5832688311912628,0.06253748211076512,0.9792948371199526,10
checkerboard,randomKTA,kta_top2_frac,88.0,0.5965219051763428,0.0687630107463406,0.9778102880482582,10
checkerboard,randomKTA,kta_top2_frac,89.0,0.5816100923433504,0.06868498198976868,0.9785297728359346,10
checkerboard,randomKTA,kta_top2_frac,90.0,0.5965931892826031,0.06629399961085758,0.9771281261758665,10
checkerboard,randomKTA,kta_top2_frac,91.0,0.6076066575088221,0.06631556539047091,0.9764086356003248,10
checkerboard,randomKTA,kta_top2_frac,92.0,0.6186550290266299,0.06528079072424638,0.9754720955083526,10
checkerboard,randomKTA,kta_top2_frac,93.0,0.627282558828582,0.0718835743133826,0.9737476694257465,10
checkerboard,randomKTA,kta_top2_frac,94.0,0.6253283798821923,0.07712065410297475,0.9716995525287182,10
checkerboard,randomKTA,kta_top2_frac,95.0,0.6007381243435458,0.0788389173294122,0.9708209762805885,10
checkerboard,randomKTA,kta_top2_frac,96.0,0.5958156935592723,0.0833082995561081,0.9682343198498249,10
checkerboard,randomKTA,kta_top2_frac,97.0,0.5989403098715933,0.09659943516969387,0.9685219358918385,10
checkerboard,randomKTA,kta_top2_frac,98.0,0.6052852888218399,0.10265771065102988,0.9720135629994718,10
checkerboard,randomKTA,kta_top2_frac,99.0,0.6463732631546322,0.10637190471209974,0.9753419117101759,10
checkerboard,randomKTA,kta_top2_frac,100.0,0.6841633363642583,0.14177120048580802,0.9796938666297824,10
checkerboard,quackKTA,kta_top2_frac,1.0,0.4186266842971091,0.020967919152234765,0.9057853947880279,10
checkerboard,quackKTA,kta_top2_frac,2.0,0.4186266842971091,0.020967919152234765,0.9057853947880279,10
checkerboard,quackKTA,kta_top2_frac,3.0,0.4035889237257712,0.00668411871091252,0.9297621654023139,10
checkerboard,quackKTA,kta_top2_frac,4.0,0.4035889237257712,0.00668411871091252,0.9297621654023139,10
checkerboard,quackKTA,kta_top2_frac,5.0,0.39558412587700864,0.0007221094877270284,0.9426613717188116,10
checkerboard,quackKTA,kta_top2_frac,6.0,0.39558412587700864,0.0007221094877270284,0.9426613717188116,10
checkerboard,quackKTA,kta_top2_frac,7.0,0.3962015337966644,0.008459826210309022,0.94708406116315,10
checkerboard,quackKTA,kta_top2_frac,8.0,0.3962015337966644,0.008459826210309022,0.94708406116315,10
checkerboard,quackKTA,kta_top2_frac,9.0,0.38012891052340897,0.023516568732029376,0.9444130265523943,10
checkerboard,quackKTA,kta_top2_frac,10.0,0.38012891052340897,0.023516568732029376,0.9444130265523943,10
checkerboard,quackKTA,kta_top2_frac,11.0,0.35230100896187433,0.03334101975902833,0.9299758513649398,10
checkerboard,quackKTA,kta_top2_frac,12.0,0.35230100896187433,0.03334101975902833,0.9299758513649398,10
checkerboard,quackKTA,kta_top2_frac,13.0,0.3116000801021973,0.04184019536292936,0.8988115952845375,10
checkerboard,quackKTA,kta_top2_frac,14.0,0.3116000801021973,0.04184019536292936,0.8988115952845375,10
checkerboard,quackKTA,kta_top2_frac,15.0,0.3139886771698435,0.05118638720474375,0.8499938287496291,10
checkerboard,quackKTA,kta_top2_frac,16.0,0.3139886771698435,0.05118638720474375,0.8499938287496291,10
checkerboard,quackKTA,kta_top2_frac,17.0,0.3728296313303521,0.06229911325669817,0.8558124235741527,10
checkerboard,quackKTA,kta_top2_frac,18.0,0.3728296313303521,0.06229911325669817,0.8558124235741527,10
checkerboard,quackKTA,kta_top2_frac,19.0,0.408462109400309,0.07944009415211369,0.8517249394499531,10
checkerboard,quackKTA,kta_top2_frac,20.0,0.408462109400309,0.07944009415211369,0.8517249394499531,10
checkerboard,quackKTA,kta_top2_frac,21.0,0.43962507078543067,0.07528157626507707,0.9246137860357627,10
checkerboard,quackKTA,kta_top2_frac,22.0,0.43962507078543067,0.07528157626507707,0.9246137860357627,10
checkerboard,quackKTA,kta_top2_frac,23.0,0.4429086526177771,0.0659775820723764,0.9643416635619059,10
checkerboard,quackKTA,kta_top2_frac,24.0,0.4429086526177771,0.0659775820723764,0.9643416635619059,10
checkerboard,quackKTA,kta_top2_frac,25.0,0.43880174735150346,0.05648958815289755,0.9779523084511188,10
checkerboard,quackKTA,kta_top2_frac,26.0,0.43880174735150346,0.05648958815289755,0.9779523084511188,10
checkerboard,quackKTA,kta_top2_frac,27.0,0.45489007928468334,0.0057297763647611135,0.9853523009045253,10
checkerboard,quackKTA,kta_top2_frac,28.0,0.45489007928468334,0.0057297763647611135,0.9853523009045253,10
checkerboard,quackKTA,kta_top2_frac,29.0,0.446932895438629,0.00301694173954927,0.9897424246005733,10
checkerboard,quackKTA,kta_top2_frac,30.0,0.446932895438629,0.00301694173954927,0.9897424246005733,10
checkerboard,quackKTA,kta_top2_frac,31.0,0.4512808882873099,0.020667211527998955,0.9922574325714105,10
checkerboard,quackKTA,kta_top2_frac,32.0,0.4512808882873099,0.020667211527998955,0.9922574325714105,10
checkerboard,quackKTA,kta_top2_frac,33.0,0.4501130011406323,0.0022644932162357964,0.993580957510717,10
checkerboard,quackKTA,kta_top2_frac,34.0,0.4501130011406323,0.0022644932162357964,0.993580957510717,10
checkerboard,quackKTA,kta_top2_frac,35.0,0.44952622856976204,0.028333927970835407,0.9942722425284232,10
checkerboard,quackKTA,kta_top2_frac,36.0,0.44952622856976204,0.028333927970835407,0.9942722425284232,10
checkerboard,quackKTA,kta_top2_frac,37.0,0.4454532527623889,0.03148692090929453,0.99468067930718,10
checkerboard,quackKTA,kta_top2_frac,38.0,0.4454532527623889,0.03148692090929453,0.99468067930718,10
checkerboard,quackKTA,kta_top2_frac,39.0,0.4417787493639621,0.05726773306188753,0.9949597131083563,10
checkerboard,quackKTA,kta_top2_frac,40.0,0.4417787493639621,0.05726773306188753,0.9949597131083563,10
checkerboard,quackKTA,kta_top2_frac,41.0,0.4446321336081175,0.054553926344198464,0.9951775190569971,10
checkerboard,quackKTA,kta_top2_frac,42.0,0.4446321336081175,0.054553926344198464,0.9951775190569971,10
checkerboard,quackKTA,kta_top2_frac,43.0,0.45825634238474733,0.019308714750960496,0.9953548850758263,10
checkerboard,quackKTA,kta_top2_frac,44.0,0.45825634238474733,0.019308714750960496,0.9953548850758263,10
checkerboard,quackKTA,kta_top2_frac,45.0,0.5172582954361644,0.04267975710583063,0.9954953255361906,10
checkerboard,quackKTA,kta_top2_frac,46.0,0.5172582954361644,0.04267975710583063,0.9954953255361906,10
checkerboard,quackKTA,kta_top2_frac,47.0,0.5444424040384147,0.038700264943564384,0.9956059802441399,10
checkerboard,quackKTA,kta_top2_frac,48.0,0.5444424040384147,0.038700264943564384,0.9956059802441399,10
checkerboard,quackKTA,kta_top2_frac,49.0,0.5479242123297892,0.03575698100502757,0.9956930137954183,10
checkerboard,quackKTA,kta_top2_frac,50.0,0.5479242123297892,0.03575698100502757,0.9956930137954183,10
checkerboard,quackKTA,kta_top2_frac,51.0,0.5630319075963331,0.03362914646037374,0.9957599307810507,10
checkerboard,quackKTA,kta_top2_frac,52.0,0.5630319075963331,0.03362914646037374,0.9957599307810507,10
checkerboard,quackKTA,kta_top2_frac,53.0,0.5838707409676098,0.032292888888501244,0.9958115348310631,10
checkerboard,quackKTA,kta_top2_frac,54.0,0.5838707409676098,0.032292888888501244,0.9958115348310631,10
checkerboard,quackKTA,kta_top2_frac,55.0,0.5924904227105697,0.031590574071042224,0.9958509047402654,10
checkerboard,quackKTA,kta_top2_frac,56.0,0.5924904227105697,0.031590574071042224,0.9958509047402654,10
checkerboard,quackKTA,kta_top2_frac,57.0,0.5974570862399997,0.031359411629393326,0.9958801894339283,10
checkerboard,quackKTA,kta_top2_frac,58.0,0.5974570862399997,0.031359411629393326,0.9958801894339283,10
checkerboard,quackKTA,kta_top2_frac,59.0,0.6035772548048312,0.03144864100317128,0.9959011509577402,10
checkerboard,quackKTA,kta_top2_frac,60.0,0.6035772548048312,0.03144864100317128,0.9959011509577402,10
checkerboard,quackKTA,kta_top2_frac,61.0,0.6110740676146322,0.0316994192345264,0.9959153195468333,10
checkerboard,quackKTA,kta_top2_frac,62.0,0.6110740676146322,0.0316994192345264,0.9959153195468333,10
checkerboard,quackKTA,kta_top2_frac,63.0,0.6187427416685984,0.031993189398215494,0.9959242735970136,10
checkerboard,quackKTA,kta_top2_frac,64.0,0.6187427416685984,0.031993189398215494,0.9959242735970136,10
checkerboard,quackKTA,kta_top2_frac,65.0,0.6261898485103036,0.032276880891190324,0.995929569257037,10
checkerboard,quackKTA,kta_top2_frac,66.0,0.6261898485103036,0.032276880891190324,0.995929569257037,10
checkerboard,quackKTA,kta_top2_frac,67.0,0.6325737548099346,0.032529201978186886,0.9959325173670585,10
checkerboard,quackKTA,kta_top2_frac,68.0,0.6325737548099346,0.032529201978186886,0.9959325173670585,10
checkerboard,quackKTA,kta_top2_frac,69.0,0.6374223808065891,0.032718217654837095,0.9959341498716952,10
checkerboard,quackKTA,kta_top2_frac,70.0,0.6374223808065891,0.032718217654837095,0.9959341498716952,10
checkerboard,quackKTA,kta_top2_frac,71.0,0.6405639398270238,0.03280549040903981,0.9959353085612536,10
checkerboard,quackKTA,kta_top2_frac,72.0,0.6405639398270238,0.03280549040903981,0.9959353085612536,10
checkerboard,quackKTA,kta_top2_frac,73.0,0.642077934925564,0.03278705956092491,0.9959365845378244,10
checkerboard,quackKTA,kta_top2_frac,74.0,0.642077934925564,0.03278705956092491,0.9959365845378244,10
checkerboard,quackKTA,kta_top2_frac,75.0,0.6423488801263829,0.03269999448077665,0.9959384330398696,10
checkerboard,quackKTA,kta_top2_frac,76.0,0.6423488801263829,0.03269999448077665,0.9959384330398696,10
checkerboard,quackKTA,kta_top2_frac,77.0,0.6419625907041794,0.03257419413610206,0.9959410931190229,10
checkerboard,quackKTA,kta_top2_frac,78.0,0.6419625907041794,0.03257419413610206,0.9959410931190229,10
checkerboard,quackKTA,kta_top2_frac,79.0,0.6414255697230719,0.032413994303430275,0.9959446854092563,10
checkerboard,quackKTA,kta_top2_frac,80.0,0.6414255697230719,0.032413994303430275,0.9959446854092563,10
checkerboard,quackKTA,kta_top2_frac,81.0,0.6409786030150783,0.03222372102454253,0.9959491777074562,10
checkerboard,quackKTA,kta_top2_frac,82.0,0.6409786030150783,0.03222372102454253,0.9959491777074562,10
checkerboard,quackKTA,kta_top2_frac,83.0,0.6406491335758718,0.032035441315711885,0.995954432298541,10
checkerboard,quackKTA,kta_top2_frac,84.0,0.6406491335758718,0.032035441315711885,0.995954432298541,10
checkerboard,quackKTA,kta_top2_frac,85.0,0.6404179611811869,0.03192076079134911,0.9959602585475287,10
checkerboard,quackKTA,kta_top2_frac,86.0,0.6404179611811869,0.03192076079134911,0.9959602585475287,10
checkerboard,quackKTA,kta_top2_frac,87.0,0.6403834679202084,0.03196096198011495,0.9959663763242794,10
checkerboard,quackKTA,kta_top2_frac,88.0,0.6403834679202084,0.03196096198011495,0.9959663763242794,10
checkerboard,quackKTA,kta_top2_frac,89.0,0.6408454989350516,0.03218492915660844,0.9959725291229027,10
checkerboard,quackKTA,kta_top2_frac,90.0,0.6408454989350516,0.03218492915660844,0.9959725291229027,10
checkerboard,quackKTA,kta_top2_frac,91.0,0.6422402574486665,0.032523210165130816,0.9959784096573142,10
checkerboard,quackKTA,kta_top2_frac,92.0,0.6422402574486665,0.032523210165130816,0.9959784096573142,10
checkerboard,quackKTA,kta_top2_frac,93.0,0.6447534325291642,0.03281965482750577,0.9959836934191402,10
checkerboard,quackKTA,kta_top2_frac,94.0,0.6447534325291642,0.03281965482750577,0.9959836934191402,10
checkerboard,quackKTA,kta_top2_frac,95.0,0.6480452989552938,0.03289447943288144,0.9959881152705335,10
checkerboard,quackKTA,kta_top2_frac,96.0,0.6480452989552938,0.03289447943288144,0.9959881152705335,10
checkerboard,quackKTA,kta_top2_frac,97.0,0.6519234073544345,0.03261567198475,0.9959913751180127,10
checkerboard,quackKTA,kta_top2_frac,98.0,0.6519234073544345,0.03261567198475,0.9959913751180127,10
checkerboard,quackKTA,kta_top2_frac,99.0,0.65694370213414,0.03192703927811028,0.9959932564833073,10
checkerboard,quackKTA,kta_top2_frac,100.0,0.65694370213414,0.03192703927811028,0.9959932564833073,10
checkerboard,centroidBasedKTA,kta_top2_frac,1.0,0.3471812148298264,0.08277537470113755,0.6872948228956227,10
checkerboard,centroidBasedKTA,kta_top2_frac,2.0,0.3389009750823976,0.04384530450695467,0.9704922381274234,10
checkerboard,centroidBasedKTA,kta_top2_frac,3.0,0.31889516013851715,0.027613282445207082,0.9417622477954474,10
checkerboard,centroidBasedKTA,kta_top2_frac,4.0,0.29964893037211204,0.03339292566056726,0.9840329455449467,10
checkerboard,centroidBasedKTA,kta_top2_frac,5.0,0.3149751175337522,0.02139342496917103,0.9166727696464287,10
checkerboard,centroidBasedKTA,kta_top2_frac,6.0,0.34721987054474057,0.03090953812372588,0.8885507880533091,10
checkerboard,centroidBasedKTA,kta_top2_frac,7.0,0.3300463193316635,0.006886116364429264,0.9022686718161136,10
checkerboard,centroidBasedKTA,kta_top2_frac,8.0,0.3447690265984033,0.03427253841547029,0.877382541591353,10
checkerboard,centroidBasedKTA,kta_top2_frac,9.0,0.2875039611502105,0.015375176097359488,0.8370852030993746,10
checkerboard,centroidBasedKTA,kta_top2_frac,10.0,0.30634937188555245,0.020473507737771426,0.8755064505408585,10
checkerboard,centroidBasedKTA,kta_top2_frac,11.0,0.29464602181469773,0.010876504505715078,0.8184036371143779,10
checkerboard,centroidBasedKTA,kta_top2_frac,12.0,0.27209518488250783,0.01355192558679417,0.8216840571510171,10
checkerboard,centroidBasedKTA,kta_top2_frac,13.0,0.28856411608056554,0.00863035117159478,0.7751802539798701,10
checkerboard,centroidBasedKTA,kta_top2_frac,14.0,0.20168966347753076,0.008047166298860445,0.5426553745063936,10
checkerboard,centroidBasedKTA,kta_top2_frac,15.0,0.21181859257458974,0.011328983919511194,0.5248169364981449,10
checkerboard,centroidBasedKTA,kta_top2_frac,16.0,0.1974319995176499,0.011587816292129224,0.48158002021108626,10
checkerboard,centroidBasedKTA,kta_top2_frac,17.0,0.2175445156480707,0.02780329390397763,0.6187988793800407,10
checkerboard,centroidBasedKTA,kta_top2_frac,18.0,0.2934567829985998,0.06229435009717077,0.6009624253051191,10
checkerboard,centroidBasedKTA,kta_top2_frac,19.0,0.24817793647490377,0.014032306464014994,0.553626907852837,10
checkerboard,centroidBasedKTA,kta_top2_frac,20.0,0.21675588207808585,0.018557365939578244,0.5430499269348259,10
checkerboard,centroidBasedKTA,kta_top2_frac,21.0,0.23630570086330466,0.017354851112257288,0.5700402111931167,10
checkerboard,centroidBasedKTA,kta_top2_frac,22.0,0.2520620006610598,0.011189111094855844,0.5431991511911914,10
checkerboard,centroidBasedKTA,kta_top2_frac,23.0,0.23731121372068137,0.013103827815187262,0.557598186623506,10
checkerboard,centroidBasedKTA,kta_top2_frac,24.0,0.1929558939484665,0.016223401901923104,0.5338251820834246,10
checkerboard,centroidBasedKTA,kta_top2_frac,25.0,0.23386969990316583,0.029597831775540696,0.5307250208162589,10
checkerboard,centroidBasedKTA,kta_top2_frac,26.0,0.21234554351992788,0.015854545289343235,0.5224936877160051,10
checkerboard,centroidBasedKTA,kta_top2_frac,27.0,0.23355147616921862,0.014491961908263894,0.5899868174039263,10
checkerboard,centroidBasedKTA,kta_top2_frac,28.0,0.22446793809046245,0.031828978154558506,0.5789326989363939,10
checkerboard,centroidBasedKTA,kta_top2_frac,29.0,0.21201480949138257,0.031493558964594354,0.5094744918182685,10
checkerboard,centroidBasedKTA,kta_top2_frac,30.0,0.22656531238143535,0.02738128843361055,0.5832782974185792,10
checkerboard,centroidBasedKTA,kta_top2_frac,31.0,0.24990783194666527,0.027335388228379245,0.5862691137905754,10
checkerboard,centroidBasedKTA,kta_top2_frac,32.0,0.2547788827099153,0.022328540659922746,0.5953387114391618,10
checkerboard,centroidBasedKTA,kta_top2_frac,33.0,0.25307764026569146,0.03102781997621266,0.6169949904394285,10
checkerboard,centroidBasedKTA,kta_top2_frac,34.0,0.2236631726737249,0.007893720133103395,0.5848400606699786,10
checkerboard,centroidBasedKTA,kta_top2_frac,35.0,0.20417220380273599,0.02797632324034066,0.49813157136826186,10
checkerboard,centroidBasedKTA,kta_top2_frac,36.0,0.22605294887489674,0.0377307989062734,0.5443745249195582,10
checkerboard,centroidBasedKTA,kta_top2_frac,37.0,0.19345661080961676,0.02975635909971155,0.536448240065276,10
checkerboard,centroidBasedKTA,kta_top2_frac,38.0,0.20950707475189176,0.01905195598336792,0.5453429845864279,10
checkerboard,centroidBasedKTA,kta_top2_frac,39.0,0.21564832535685502,0.037035817099506194,0.5444354837127414,10
checkerboard,centroidBasedKTA,kta_top2_frac,40.0,0.2374232118573313,0.0331575426854281,0.6315233708488606,10
checkerboard,centroidBasedKTA,kta_top2_frac,41.0,0.23289304805249894,0.012051709745212668,0.5568656497570671,10
checkerboard,centroidBasedKTA,kta_top2_frac,42.0,0.2490875297612642,0.03331064289893608,0.5693974700363567,10
checkerboard,centroidBasedKTA,kta_top2_frac,43.0,0.24754904265259053,0.009896090609773684,0.5480439683408338,10
checkerboard,centroidBasedKTA,kta_top2_frac,44.0,0.273900801457002,0.09041569893769312,0.5231770103530083,10
checkerboard,centroidBasedKTA,kta_top2_frac,45.0,0.21378171154824308,0.05920924375607204,0.502239339018728,10
checkerboard,centroidBasedKTA,kta_top2_frac,46.0,0.24571029542094291,0.07811450696501052,0.5169741810447853,10
checkerboard,centroidBasedKTA,kta_top2_frac,47.0,0.24428312869096094,0.03528593098286172,0.5310383520739713,10
checkerboard,centroidBasedKTA,kta_top2_frac,48.0,0.28569284917617954,0.03986565532919721,0.5813493676649696,10
checkerboard,centroidBasedKTA,kta_top2_frac,49.0,0.2673952057856118,0.08593098396382522,0.5951802031924114,10
checkerboard,centroidBasedKTA,kta_top2_frac,50.0,0.24345349677784736,0.02672934258523293,0.569418144219922,10
checkerboard,centroidBasedKTA,kta_top2_frac,51.0,0.2627730549277326,0.06681755621293828,0.555111280399712,10
checkerboard,centroidBasedKTA,kta_top2_frac,52.0,0.24791080054636438,0.041497251850410956,0.5338256541754439,10
checkerboard,centroidBasedKTA,kta_top2_frac,53.0,0.23126665706926156,0.01742118512448954,0.5524568840067515,10
checkerboard,centroidBasedKTA,kta_top2_frac,54.0,0.27469814407323284,0.07675430708794627,0.5496491446977403,10
checkerboard,centroidBasedKTA,kta_top2_frac,55.0,0.24416684705905572,0.08802061571398892,0.5643475094897155,10
checkerboard,centroidBasedKTA,kta_top2_frac,56.0,0.26162143684446515,0.06651831753687042,0.5336473847125067,10
checkerboard,centroidBasedKTA,kta_top2_frac,57.0,0.25931669753451236,0.051105579654732565,0.5143406199100466,10
checkerboard,centroidBasedKTA,kta_top2_frac,58.0,0.258630193961601,0.05871748604225616,0.5632349310076966,10
checkerboard,centroidBasedKTA,kta_top2_frac,59.0,0.24669703778009885,0.0667057268821469,0.5046045335275313,10
checkerboard,centroidBasedKTA,kta_top2_frac,60.0,0.23016565986668627,0.07995248069026384,0.49630905735557473,10
checkerboard,centroidBasedKTA,kta_top2_frac,61.0,0.2577635088623798,0.08796373645159056,0.5287141837389614,10
checkerboard,centroidBasedKTA,kta_top2_frac,62.0,0.23359747691212046,0.028791824367357707,0.5520427533031825,10
checkerboard,centroidBasedKTA,kta_top2_frac,63.0,0.26562983854081507,0.033648803736399766,0.5510051920831867,10
checkerboard,centroidBasedKTA,kta_top2_frac,64.0,0.29184036305865846,0.04888523550164655,0.5712453590056492,10
checkerboard,centroidBasedKTA,kta_top2_frac,65.0,0.2576342722737548,0.06639238652794878,0.5592411425664723,10
checkerboard,centroidBasedKTA,kta_top2_frac,66.0,0.2632079653703639,0.05754598725238157,0.6077376658434613,10
checkerboard,centroidBasedKTA,kta_top2_frac,67.0,0.24328455320961542,0.04509956202966086,0.5368610323035455,10
checkerboard,centroidBasedKTA,kta_top2_frac,68.0,0.2516348174427864,0.033502062132116824,0.5780621115048592,10
checkerboard,centroidBasedKTA,kta_top2_frac,69.0,0.2533001001327952,0.033455538973214315,0.6235388820741603,10
checkerboard,centroidBasedKTA,kta_top2_frac,70.0,0.26989545395834175,0.06179045129217833,0.6062032141341666,10
checkerboard,centroidBasedKTA,kta_top2_frac,71.0,0.30396315469726176,0.037645240739531835,0.6382535779858342,10
checkerboard,centroidBasedKTA,kta_top2_frac,72.0,0.2908764500694152,0.04870697663413583,0.6681781611285251,10
checkerboard,centroidBasedKTA,kta_top2_frac,73.0,0.2800718287203102,0.034558835567020975,0.600519500254763,10
checkerboard,centroidBasedKTA,kta_top2_frac,74.0,0.27902374676243713,0.056296307395606045,0.6164405863356677,10
checkerboard,centroidBasedKTA,kta_top2_frac,75.0,0.28938631937534665,0.0419632045160775,0.6168127289600143,10
checkerboard,centroidBasedKTA,kta_top2_frac,76.0,0.250462816147428,0.02114470200917059,0.6221049879738916,10
checkerboard,centroidBasedKTA,kta_top2_frac,77.0,0.2600014236247762,0.025103556927683807,0.5816217482606628,10
checkerboard,centroidBasedKTA,kta_top2_frac,78.0,0.2846843069496778,0.0347702099190341,0.5807764268172754,10
checkerboard,centroidBasedKTA,kta_top2_frac,79.0,0.24759037868849787,0.033932935143589846,0.5618503249756296,10
checkerboard,centroidBasedKTA,kta_top2_frac,80.0,0.24324709673313344,0.012167036720162408,0.5667866525768211,10
checkerboard,centroidBasedKTA,kta_top2_frac,81.0,0.27289934457507903,0.023633864135637166,0.5720692598336523,10
checkerboard,centroidBasedKTA,kta_top2_frac,82.0,0.2707679984032492,0.019986240802603326,0.5776067667827665,10
checkerboard,centroidBasedKTA,kta_top2_frac,83.0,0.2564764805286052,0.023572683555956864,0.5259033895421283,10
checkerboard,centroidBasedKTA,kta_top2_frac,84.0,0.2891391612631968,0.023763827725933613,0.569362958332202,10
checkerboard,centroidBasedKTA,kta_top2_frac,85.0,0.27214370639353,0.025233073362266274,0.5577578815335607,10
checkerboard,centroidBasedKTA,kta_top2_frac,86.0,0.2646747932986008,0.02645040682139567,0.5606488499338595,10
checkerboard,centroidBasedKTA,kta_top2_frac,87.0,0.2665905295252435,0.024456132887928746,0.5815535863453207,10
checkerboard,centroidBasedKTA,kta_top2_frac,88.0,0.19576624064852596,0.019090995097951674,0.5538943650332337,10
checkerboard,centroidBasedKTA,kta_top2_frac,89.0,0.19766966322053262,0.023487803942751947,0.5517578844608625,10
checkerboard,centroidBasedKTA,kta_top2_frac,90.0,0.30176041968410033,0.03230163102251476,0.5574203651062251,10
checkerboard,centroidBasedKTA,kta_top2_frac,91.0,0.2713085057425813,0.034197808361134084,0.5551306966249535,10
checkerboard,centroidBasedKTA,kta_top2_frac,92.0,0.25608275719966034,0.033588963019289604,0.5496180480616591,10
checkerboard,centroidBasedKTA,kta_top2_frac,93.0,0.26342368758107104,0.03713236368590133,0.6061734242956623,10
checkerboard,centroidBasedKTA,kta_top2_frac,94.0,0.30333405881500247,0.033774432522002795,0.6167693871976706,10
checkerboard,centroidBasedKTA,kta_top2_frac,95.0,0.26578864341635916,0.034266655843671945,0.5614332940672713,10
checkerboard,centroidBasedKTA,kta_top2_frac,96.0,0.268858331245277,0.03500070211569951,0.6243286464909494,10
checkerboard,centroidBasedKTA,kta_top2_frac,97.0,0.21241096582950028,0.03492508018105232,0.5065192440031209,10
checkerboard,centroidBasedKTA,kta_top2_frac,98.0,0.24618557067354643,0.03887662856360331,0.5326074660438536,10
checkerboard,centroidBasedKTA,kta_top2_frac,99.0,0.2632218036981261,0.03506904052486022,0.5258334747107726,10
checkerboard,centroidBasedKTA,kta_top2_frac,100.0,0.25732664619388296,0.044207988221739616,0.5825487181052185,10
checkerboard,greedyKTA,kta_top2_frac,1.0,0.41385984927355046,0.0032967463011017066,0.8544658626036199,10
checkerboard,greedyKTA,kta_top2_frac,2.0,0.4066652014526702,0.016219963402517055,0.8921974192593861,10
checkerboard,greedyKTA,kta_top2_frac,3.0,0.3890157721056393,0.04668484816802052,0.9177705017080606,10
checkerboard,greedyKTA,kta_top2_frac,4.0,0.38621432465664995,0.07444281590335027,0.9306419160758274,10
checkerboard,greedyKTA,kta_top2_frac,5.0,0.39074647341197144,0.05557084561238798,0.9362704395771572,10
checkerboard,greedyKTA,kta_top2_frac,6.0,0.3946421002323896,0.04495580351995601,0.9394857393401252,10
checkerboard,greedyKTA,kta_top2_frac,7.0,0.39135682809119554,0.014175167630501561,0.940168481317273,10
checkerboard,greedyKTA,kta_top2_frac,8.0,0.37983435097797946,0.023188081869877766,0.9394802865960256,10
checkerboard,greedyKTA,kta_top2_frac,9.0,0.3626954466263882,0.031601591947962304,0.9383485534820694,10
checkerboard,greedyKTA,kta_top2_frac,10.0,0.33807093019178164,0.03795611554502134,0.9376211080036412,10
checkerboard,greedyKTA,kta_top2_frac,11.0,0.33288275259662736,0.04061861122062701,0.9399975688694029,10
checkerboard,greedyKTA,kta_top2_frac,12.0,0.33349821742146174,0.04002957124687644,0.9434124554146506,10
checkerboard,greedyKTA,kta_top2_frac,13.0,0.336771345079944,0.03783991422291234,0.945216293091177,10
checkerboard,greedyKTA,kta_top2_frac,14.0,0.3435385330035096,0.03677211163941709,0.944951456200364,10
checkerboard,greedyKTA,kta_top2_frac,15.0,0.3501616633773553,0.032482333410909274,0.9425807712870243,10
checkerboard,greedyKTA,kta_top2_frac,16.0,0.3539506338553478,0.02353447620683979,0.9388851537229828,10
checkerboard,greedyKTA,kta_top2_frac,17.0,0.35662929481061495,0.02815424875987311,0.932251307035772,10
checkerboard,greedyKTA,kta_top2_frac,18.0,0.36155701590917116,0.023508760006001495,0.9251875979737415,10
checkerboard,greedyKTA,kta_top2_frac,19.0,0.36586616964652385,0.016608934011980186,0.8967098659724226,10
checkerboard,greedyKTA,kta_top2_frac,20.0,0.36965423877707426,0.009519085387300947,0.8843815135966547,10
checkerboard,greedyKTA,kta_top2_frac,21.0,0.36781896204692793,0.004977982503516249,0.8832049599309929,10
checkerboard,greedyKTA,kta_top2_frac,22.0,0.35633304637139473,0.004157085683398862,0.880749564712134,10
checkerboard,greedyKTA,kta_top2_frac,23.0,0.3402372904136318,0.0063147080712869594,0.8783571879760579,10
checkerboard,greedyKTA,kta_top2_frac,24.0,0.31535237628886803,0.010622738554565728,0.8788987670909774,10
checkerboard,greedyKTA,kta_top2_frac,25.0,0.3105400217564713,0.007380699706079441,0.8776587699591917,10
checkerboard,greedyKTA,kta_top2_frac,26.0,0.31176548601637444,0.007635008131690416,0.8670292494042121,10
checkerboard,greedyKTA,kta_top2_frac,27.0,0.3178495799168225,0.01450604424028713,0.8391353283276857,10
checkerboard,greedyKTA,kta_top2_frac,28.0,0.32613718579505824,0.012961782296217307,0.8059033741538255,10
checkerboard,greedyKTA,kta_top2_frac,29.0,0.3321434689281156,0.01023858058930224,0.7774570741816113,10
checkerboard,greedyKTA,kta_top2_frac,30.0,0.3448119544913486,0.014188258380488396,0.7551314410382578,10
checkerboard,greedyKTA,kta_top2_frac,31.0,0.35826055168814924,0.0185267780393186,0.7472723261140082,10
checkerboard,greedyKTA,kta_top2_frac,32.0,0.3687932301095621,0.022182916785528927,0.76080364177761,10
checkerboard,greedyKTA,kta_top2_frac,33.0,0.3801085232717228,0.024668840423108025,0.7861545713124413,10
checkerboard,greedyKTA,kta_top2_frac,34.0,0.39188119475627253,0.02341749319645034,0.7910303649561677,10
checkerboard,greedyKTA,kta_top2_frac,35.0,0.40771700121170645,0.0190399641738572,0.7876354564615601,10
checkerboard,greedyKTA,kta_top2_frac,36.0,0.40923787408988915,0.0133558687839433,0.8022381266594996,10
checkerboard,greedyKTA,kta_top2_frac,37.0,0.4223238849766789,0.011381001368936607,0.8265588133722439,10
checkerboard,greedyKTA,kta_top2_frac,38.0,0.43116590246062697,0.022944448015969853,0.8493376230701389,10
checkerboard,greedyKTA,kta_top2_frac,39.0,0.434887705395235,0.05835603316663897,0.8578481454175919,10
checkerboard,greedyKTA,kta_top2_frac,40.0,0.42678213455058744,0.05014759889422376,0.8544918349836306,10
checkerboard,greedyKTA,kta_top2_frac,41.0,0.406746911743209,0.04233374942576433,0.8387141615005459,10
checkerboard,greedyKTA,kta_top2_frac,42.0,0.3868615265306917,0.030820189874111434,0.7978324479507709,10
checkerboard,greedyKTA,kta_top2_frac,43.0,0.37117075340555344,0.020626635364321248,0.7279875619956863,10
checkerboard,greedyKTA,kta_top2_frac,44.0,0.37001716335937,0.01943527938800364,0.7838706492504799,10
checkerboard,greedyKTA,kta_top2_frac,45.0,0.37138738239096697,0.015931361797571545,0.859197863781566,10
checkerboard,greedyKTA,kta_top2_frac,46.0,0.3768121066188177,0.008499193277079738,0.9032302991510942,10
checkerboard,greedyKTA,kta_top2_frac,47.0,0.3855258180219248,0.002013393951392813,0.9284572177388073,10
checkerboard,greedyKTA,kta_top2_frac,48.0,0.3867719596362526,0.002967561622493533,0.9521554643102044,10
checkerboard,greedyKTA,kta_top2_frac,49.0,0.37781329657490226,0.012950212530526736,0.9699438424307558,10
checkerboard,greedyKTA,kta_top2_frac,50.0,0.36278533086719744,0.024428645991096877,0.9800200265756528,10
checkerboard,greedyKTA,kta_top2_frac,51.0,0.3539138443966997,0.010197347376642019,0.9873728582787291,10
checkerboard,greedyKTA,kta_top2_frac,52.0,0.37053815790118116,0.012283225192552236,0.9895017409644847,10
checkerboard,greedyKTA,kta_top2_frac,53.0,0.3927786408058892,0.011990879321457534,0.9898334004226813,10
checkerboard,greedyKTA,kta_top2_frac,54.0,0.4235890475935973,0.004182757491397364,0.9896891230542642,10
checkerboard,greedyKTA,kta_top2_frac,55.0,0.47526565558137046,0.024987945336358945,0.9930911709483465,10
checkerboard,greedyKTA,kta_top2_frac,56.0,0.5390328262591402,0.05699067269108334,0.9960408287669872,10
checkerboard,greedyKTA,kta_top2_frac,57.0,0.5750674727186826,0.06153289360297414,0.9967877050767812,10
checkerboard,greedyKTA,kta_top2_frac,58.0,0.6018196505708839,0.12251085547101798,0.9969032359326799,10
checkerboard,greedyKTA,kta_top2_frac,59.0,0.6224905612767134,0.21033149657464903,0.997972000333375,10
checkerboard,greedyKTA,kta_top2_frac,60.0,0.6293976162605993,0.22437719630198288,0.9990331747961979,10
checkerboard,greedyKTA,kta_top2_frac,61.0,0.6295914917932837,0.2035873177393215,0.9992763019219373,10
checkerboard,greedyKTA,kta_top2_frac,62.0,0.6261483410131461,0.13585276702967836,0.9988530759890732,10
checkerboard,greedyKTA,kta_top2_frac,63.0,0.6191312801381789,0.03086511862748365,0.9980858371267424,10
checkerboard,greedyKTA,kta_top2_frac,64.0,0.6235160959428643,0.02601356830559257,0.9985436138119199,10
checkerboard,greedyKTA,kta_top2_frac,65.0,0.6318405561372277,0.048030094214958775,0.9992594878965481,10
checkerboard,greedyKTA,kta_top2_frac,66.0,0.6367561820990687,0.05171981763728933,0.9996669099192778,10
checkerboard,greedyKTA,kta_top2_frac,67.0,0.6372642351891635,0.039940592992584616,0.9997616047863804,10
checkerboard,greedyKTA,kta_top2_frac,68.0,0.6384418727995431,0.023717715109264313,0.9997243558163276,10
checkerboard,greedyKTA,kta_top2_frac,69.0,0.6442279784125209,0.017153366753511843,0.9996941008993059,10
checkerboard,greedyKTA,kta_top2_frac,70.0,0.6546772866898263,0.020162879509998254,0.9996724276982385,10
checkerboard,greedyKTA,kta_top2_frac,71.0,0.6645536686301631,0.020802945754737574,0.999661036400174,10
checkerboard,greedyKTA,kta_top2_frac,72.0,0.6695224937568658,0.021325334995534878,0.9996621832923076,10
checkerboard,greedyKTA,kta_top2_frac,73.0,0.6707012048198986,0.022961226286556707,0.9997828153421503,10
checkerboard,greedyKTA,kta_top2_frac,74.0,0.6700556410838588,0.02459067052184005,0.9998655915048051,10
checkerboard,greedyKTA,kta_top2_frac,75.0,0.6698365086244848,0.026654489628379602,0.9999155563391973,10
checkerboard,greedyKTA,kta_top2_frac,76.0,0.6684904682463293,0.029460921906045313,0.9999328661750171,10
checkerboard,greedyKTA,kta_top2_frac,77.0,0.6650569897727855,0.031119456930019024,0.9999187332950643,10
checkerboard,greedyKTA,kta_top2_frac,78.0,0.6620037897482032,0.031128770416426553,0.9999067795802364,10
checkerboard,greedyKTA,kta_top2_frac,79.0,0.6620924709649716,0.02694476041567765,0.9999065751994313,10
checkerboard,greedyKTA,kta_top2_frac,80.0,0.6642423148864446,0.02264228736448787,0.9999148738952718,10
checkerboard,greedyKTA,kta_top2_frac,81.0,0.6667436534064028,0.02326284189088784,0.9999291905961182,10
checkerboard,greedyKTA,kta_top2_frac,82.0,0.6691771966791412,0.02843334366905327,0.999929221705376,10
checkerboard,greedyKTA,kta_top2_frac,83.0,0.6717631004009396,0.03597582531769574,0.999908403739181,10
checkerboard,greedyKTA,kta_top2_frac,84.0,0.6745202722102135,0.05126256660092127,0.9998794876281906,10
checkerboard,greedyKTA,kta_top2_frac,85.0,0.6776939140284807,0.05841656382604647,0.9998191828264876,10
checkerboard,greedyKTA,kta_top2_frac,86.0,0.6800828214680071,0.052862582525072616,0.999692462605399,10
checkerboard,greedyKTA,kta_top2_frac,87.0,0.6818261684414477,0.04289212498009632,0.9995658377076588,10
checkerboard,greedyKTA,kta_top2_frac,88.0,0.6826542704099595,0.03554228363498244,0.9995200705685153,10
checkerboard,greedyKTA,kta_top2_frac,89.0,0.68352559469698,0.034828101724890835,0.9994387562629363,10
checkerboard,greedyKTA,kta_top2_frac,90.0,0.6850506556942377,0.03915654573715258,0.9993946809409527,10
checkerboard,greedyKTA,kta_top2_frac,91.0,0.6860486686143028,0.04759090153794814,0.9994823800874486,10
checkerboard,greedyKTA,kta_top2_frac,92.0,0.6865061846697083,0.06152428980968731,0.9995333862345498,10
checkerboard,greedyKTA,kta_top2_frac,93.0,0.6878861206434601,0.0850337572773608,0.9995100434636253,10
checkerboard,greedyKTA,kta_top2_frac,94.0,0.6894881309500905,0.11686818449720092,0.9994170588059408,10
checkerboard,greedyKTA,kta_top2_frac,95.0,0.6910139165312118,0.12020657036363241,0.9993866840607584,10
checkerboard,greedyKTA,kta_top2_frac,96.0,0.6891112645957531,0.10176304912332042,0.9993277294621729,10
checkerboard,greedyKTA,kta_top2_frac,97.0,0.6856078025300333,0.04945138836771985,0.9993306788191391,10
checkerboard,greedyKTA,kta_top2_frac,98.0,0.727528875379033,0.0342831045960459,0.9994153192693462,10
checkerboard,greedyKTA,kta_top2_frac,99.0,0.7450410033147659,0.03553232151590715,0.999522668863155,10
checkerboard,greedyKTA,kta_top2_frac,100.0,0.7473186886061549,0.028271679712471808,0.9996305993904482,10
checkerboard,fullKTA,top1_label_energy,1.0,0.2969003688097344,2.2522698261911e-05,0.8998463904986097,10
checkerboard,fullKTA,top1_label_energy,2.0,0.3081413202508284,0.0018726315822993574,0.9502941784804944,10
checkerboard,fullKTA,top1_label_energy,3.0,0.3221180622763541,2.695460569435016e-05,0.9606994004614818,10
checkerboard,fullKTA,top1_label_energy,4.0,0.3242830490429237,0.00013638201974147283,0.9594696238722891,10
checkerboard,fullKTA,top1_label_energy,5.0,0.3251817093625079,8.85057324249158e-05,0.9595967980839861,10
checkerboard,fullKTA,top1_label_energy,6.0,0.32398441250037285,8.599239477795249e-05,0.9585099191792955,10
checkerboard,fullKTA,top1_label_energy,7.0,0.3197131065583537,4.314626899869504e-05,0.9568012530243728,10
checkerboard,fullKTA,top1_label_energy,8.0,0.31393288922661233,3.319377671933599e-05,0.9571471215521319,10
checkerboard,fullKTA,top1_label_energy,9.0,0.3056551807813882,6.093263757127677e-05,0.9599568101187637,10
checkerboard,fullKTA,top1_label_energy,10.0,0.29908544117729063,3.114181024179275e-05,0.9619220656223693,10
checkerboard,fullKTA,top1_label_energy,11.0,0.30067912732579566,3.277135877088516e-05,0.9612306460129036,10
checkerboard,fullKTA,top1_label_energy,12.0,0.3061049110811926,0.00032828841822604054,0.9595226334201956,10
checkerboard,fullKTA,top1_label_energy,13.0,0.30495244742700145,0.0016999503229990435,0.9577351633754937,10
checkerboard,fullKTA,top1_label_energy,14.0,0.29879035337968435,0.004702263110309369,0.9556388201367695,10
checkerboard,fullKTA,top1_label_energy,15.0,0.2944353409460531,0.009732687953900166,0.9534839676537834,10
checkerboard,fullKTA,top1_label_energy,16.0,0.2916236215452536,0.016535170991267705,0.9524766432800955,10
checkerboard,fullKTA,top1_label_energy,17.0,0.2923284591373504,0.02383129421359958,0.9519117808103402,10
checkerboard,fullKTA,top1_label_energy,18.0,0.29720515655398627,0.03130600197181967,0.9503598089794384,10
checkerboard,fullKTA,top1_label_energy,19.0,0.30255166455205185,0.03703533288428953,0.9477631118723925,10
checkerboard,fullKTA,top1_label_energy,20.0,0.3098026437023858,0.04399295462005456,0.9447579269541185,10
checkerboard,fullKTA,top1_label_energy,21.0,0.3220662529197782,0.053073857410246277,0.9416441292243091,10
checkerboard,fullKTA,top1_label_energy,22.0,0.3370396841728865,0.05520035742856485,0.9377965140386433,10
checkerboard,fullKTA,top1_label_energy,23.0,0.3492018215285614,0.056271770817105465,0.9325844102343569,10
checkerboard,fullKTA,top1_label_energy,24.0,0.3591942665358271,0.05221837804987593,0.9265980620569194,10
checkerboard,fullKTA,top1_label_energy,25.0,0.3675577872578769,0.04089127199996836,0.9214007508119145,10
checkerboard,fullKTA,top1_label_energy,26.0,0.372216559281016,0.031071789206126233,0.9176547957237222,10
checkerboard,fullKTA,top1_label_energy,27.0,0.3715894519903219,0.02537477364637271,0.9139373922325855,10
checkerboard,fullKTA,top1_label_energy,28.0,0.3673386359636583,0.022623407332455506,0.9076587778130136,10
checkerboard,fullKTA,top1_label_energy,29.0,0.3615956553603136,0.021652807435258974,0.8959382249240224,10
checkerboard,fullKTA,top1_label_energy,30.0,0.3541077694831801,0.015446205489439696,0.8751415373136999,10
checkerboard,fullKTA,top1_label_energy,31.0,0.3449721371221617,0.0103238789587909,0.8402888145046048,10
checkerboard,fullKTA,top1_label_energy,32.0,0.33382003319327314,0.0050013106380766975,0.7855568675723917,10
checkerboard,fullKTA,top1_label_energy,33.0,0.32153558114433817,9.523174692155634e-06,0.7058248261252272,10
checkerboard,fullKTA,top1_label_energy,34.0,0.3096949177510205,0.0021790507057832067,0.6450501304227356,10
checkerboard,fullKTA,top1_label_energy,35.0,0.2996988064417464,0.0026047683598986768,0.6382716014266739,10
checkerboard,fullKTA,top1_label_energy,36.0,0.29450076272553327,0.0009545755068307595,0.6317790948797954,10
checkerboard,fullKTA,top1_label_energy,37.0,0.2908286473390189,0.0001326836114634472,0.6252997520905162,10
checkerboard,fullKTA,top1_label_energy,38.0,0.284383988764793,8.509025347327919e-05,0.618685930506028,10
checkerboard,fullKTA,top1_label_energy,39.0,0.2777207697200871,0.0010733117012984477,0.6127202248538642,10
checkerboard,fullKTA,top1_label_energy,40.0,0.27452519319825397,0.001656620896401537,0.6082534404812187,10
checkerboard,fullKTA,top1_label_energy,41.0,0.27065627955740074,0.0007519327801228728,0.6260390630333887,10
checkerboard,fullKTA,top1_label_energy,42.0,0.264408465652943,0.00012263102130116748,0.6163302063069866,10
checkerboard,fullKTA,top1_label_energy,43.0,0.2576632540302025,0.00011697755815018392,0.6007447804051333,10
checkerboard,fullKTA,top1_label_energy,44.0,0.25298074214858046,0.0007191446003064475,0.5996125693820987,10
checkerboard,fullKTA,top1_label_energy,45.0,0.2499888271186656,0.0019329090878818349,0.6118332662001118,10
checkerboard,fullKTA,top1_label_energy,46.0,0.2473705578628349,0.001353545863401348,0.6245889724323529,10
checkerboard,fullKTA,top1_label_energy,47.0,0.24467938131272043,0.000291026725053472,0.6339171336407535,10
checkerboard,fullKTA,top1_label_energy,48.0,0.24318941604855276,0.0001518123843962472,0.6472353945815182,10
checkerboard,fullKTA,top1_label_energy,49.0,0.24376659392144934,0.00022245607700511021,0.6682243632562538,10
checkerboard,fullKTA,top1_label_energy,50.0,0.2447380185335019,0.0004009934444037489,0.6845685497362084,10
checkerboard,fullKTA,top1_label_energy,51.0,0.2445417427339623,0.0006297221250202287,0.6851667587030043,10
checkerboard,fullKTA,top1_label_energy,52.0,0.24372674474471895,0.000860114185925202,0.6765456199825566,10
checkerboard,fullKTA,top1_label_energy,53.0,0.24347506185836224,0.0011530861558592307,0.6717991961329042,10
checkerboard,fullKTA,top1_label_energy,54.0,0.24400865229897994,0.0013687961619184867,0.670546768757637,10
checkerboard,fullKTA,top1_label_energy,55.0,0.2452205229539448,0.000977883860704729,0.6685720935489519,10
checkerboard,fullKTA,top1_label_energy,56.0,0.2467128195898481,0.00015167235770039182,0.667298068814986,10
checkerboard,fullKTA,top1_label_energy,57.0,0.2480202787672164,0.00022152153519177704,0.6677922970494918,10
checkerboard,fullKTA,top1_label_energy,58.0,0.24877534339799384,0.000319865693424704,0.66639032875635,10
checkerboard,fullKTA,top1_label_energy,59.0,0.24934496919187157,0.0002112790084379499,0.664738756112607,10
checkerboard,fullKTA,top1_label_energy,60.0,0.24995962213009276,0.00011639485129060411,0.6648997002685918,10
checkerboard,fullKTA,top1_label_energy,61.0,0.2501706878894928,4.5539315715112106e-05,0.6622974428357313,10
checkerboard,fullKTA,top1_label_energy,62.0,0.2502544111356546,9.330157079494344e-06,0.659303152138611,10
checkerboard,fullKTA,top1_label_energy,63.0,0.2500272193406045,1.7217723664219236e-08,0.6558498949652918,10
checkerboard,fullKTA,top1_label_energy,64.0,0.24910576234828827,2.514489899873125e-06,0.651920341015746,10
checkerboard,fullKTA,top1_label_energy,65.0,0.24754211565963846,1.6336309926056388e-06,0.6499627326447955,10
checkerboard,fullKTA,top1_label_energy,66.0,0.2452225899300707,2.345400092341091e-06,0.6465379407407753,10
checkerboard,fullKTA,top1_label_energy,67.0,0.243278708838512,3.600895689075248e-05,0.6458740755564156,10
checkerboard,fullKTA,top1_label_energy,68.0,0.2421529958388776,0.0001067445106428355,0.6449035697571635,10
checkerboard,fullKTA,top1_label_energy,69.0,0.24207823648343868,0.0001733000728119334,0.6444977404468798,10
checkerboard,fullKTA,top1_label_energy,70.0,0.24249655292516029,0.0002102942682130931,0.6438061302084405,10
checkerboard,fullKTA,top1_label_energy,71.0,0.24281728750849513,0.0002372559106854857,0.6433271352858467,10
checkerboard,fullKTA,top1_label_energy,72.0,0.24285995301570756,0.00028572640554766217,0.6428895013257279,10
checkerboard,fullKTA,top1_label_energy,73.0,0.24257723147204951,0.0002381217180886105,0.6415776793965638,10
checkerboard,fullKTA,top1_label_energy,74.0,0.24178443954150466,1.7781981212177103e-05,0.6410225667087883,10
checkerboard,fullKTA,top1_label_energy,75.0,0.2398961757256764,3.4711783210905216e-05,0.6399797070084765,10
checkerboard,fullKTA,top1_label_energy,76.0,0.2373117394282279,0.00021037186308657212,0.6396846446526969,10
checkerboard,fullKTA,top1_label_energy,77.0,0.23488540203936079,0.0004349872493556662,0.6387824381493566,10
checkerboard,fullKTA,top1_label_energy,78.0,0.23343685339751868,0.00037793362667514304,0.6386688585782515,10
checkerboard,fullKTA,top1_label_energy,79.0,0.2330963115494976,0.000299719849603495,0.6379286124474397,10
checkerboard,fullKTA,top1_label_energy,80.0,0.2338943119307768,0.0002709676678592255,0.6374207891664596,10
checkerboard,fullKTA,top1_label_energy,81.0,0.23509054927525494,0.00030339625949199836,0.6363140893769166,10
checkerboard,fullKTA,top1_label_energy,82.0,0.23611280783524125,0.00039623669686062764,0.6355779071561375,10
checkerboard,fullKTA,top1_label_energy,83.0,0.23711051003593786,0.00035292819940230935,0.6346876215649505,10
checkerboard,fullKTA,top1_label_energy,84.0,0.23849003859426482,0.000221398990631533,0.6340300183155431,10
checkerboard,fullKTA,top1_label_energy,85.0,0.23973080087406745,0.000155588138824919,0.6332446810023074,10
checkerboard,fullKTA,top1_label_energy,86.0,0.240336550255557,0.00014101573681186806,0.6326776689757021,10
checkerboard,fullKTA,top1_label_energy,87.0,0.240502270169342,0.00016650885174860546,0.6320753253791989,10
checkerboard,fullKTA,top1_label_energy,88.0,0.24064567637113435,0.0002336015723001423,0.6313711846899654,10
checkerboard,fullKTA,top1_label_energy,89.0,0.24096896098180293,0.0003356241807080268,0.6305700291929078,10
checkerboard,fullKTA,top1_label_energy,90.0,0.24145678089260839,0.00043997908341552255,0.6297761707755841,10
checkerboard,fullKTA,top1_label_energy,91.0,0.24193799579809863,0.0005056413114815448,0.6289864200424816,10
checkerboard,fullKTA,top1_label_energy,92.0,0.24228875672532885,0.0005136696483478167,0.6282437223878277,10
checkerboard,fullKTA,top1_label_energy,93.0,0.24267454008893236,0.00046824247723533394,0.6277056440303783,10
checkerboard,fullKTA,top1_label_energy,94.0,0.24322835947192772,0.0004033507632675651,0.627400941697415,10
checkerboard,fullKTA,top1_label_energy,95.0,0.2437471376649242,0.00036210317190625996,0.6273990700032072,10
checkerboard,fullKTA,top1_label_energy,96.0,0.24400364355806028,0.00036143445813421996,0.6276118223315005,10
checkerboard,fullKTA,top1_label_energy,97.0,0.2442670889850179,0.00038582314853953113,0.6279353539983311,10
checkerboard,fullKTA,top1_label_energy,98.0,0.2448843941877433,0.00040653174436810233,0.6283566372498811,10
checkerboard,fullKTA,top1_label_energy,99.0,0.24556707264758346,0.00040332264407339614,0.62882572232441,10
checkerboard,fullKTA,top1_label_energy,100.0,0.24606351110565822,0.0003721324099960765,0.6292608566052792,10
checkerboard,randomKTA,top1_label_energy,1.0,0.28907117898620366,2.7356934890261354e-05,0.8511845964898611,10
checkerboard,randomKTA,top1_label_energy,2.0,0.2776995158677171,0.008658162923571088,0.8366338200010828,10
checkerboard,randomKTA,top1_label_energy,3.0,0.2527612162883252,0.003649904024074945,0.8118891850650128,10
checkerboard,randomKTA,top1_label_energy,4.0,0.2252539747753961,0.0016626224382651881,0.7853489620925134,10
checkerboard,randomKTA,top1_label_energy,5.0,0.21012470122299862,0.009478024857663006,0.781865777598983,10
checkerboard,randomKTA,top1_label_energy,6.0,0.206547229711546,0.019251779807997287,0.7779201184307705,10
checkerboard,randomKTA,top1_label_energy,7.0,0.2064210821001073,0.019476380652786025,0.7683642045457101,10
checkerboard,randomKTA,top1_label_energy,8.0,0.21124317412016969,0.021254101739982958,0.7527522249559929,10
checkerboard,randomKTA,top1_label_energy,9.0,0.21482285912860002,0.030645705055214873,0.744045738033494,10
checkerboard,randomKTA,top1_label_energy,10.0,0.21755137589546666,0.025026374241128174,0.7249319365148874,10
checkerboard,randomKTA,top1_label_energy,11.0,0.21590222683445598,0.01586040818846546,0.6944708605281233,10
checkerboard,randomKTA,top1_label_energy,12.0,0.21476228522599622,0.009044106066368863,0.6814812204397404,10
checkerboard,randomKTA,top1_label_energy,13.0,0.2194460163491406,0.004541557167011542,0.6632134282194987,10
checkerboard,randomKTA,top1_label_energy,14.0,0.2201561432066627,0.0037929586419308235,0.6299967893831049,10
checkerboard,randomKTA,top1_label_energy,15.0,0.21239563878147685,0.002439088856408597,0.5867847540882323,10
checkerboard,randomKTA,top1_label_energy,16.0,0.20817839835468774,0.0016391846642157917,0.5833295129179773,10
checkerboard,randomKTA,top1_label_energy,17.0,0.207704525605625,0.00044948133169314404,0.632909160548324,10
checkerboard,randomKTA,top1_label_energy,18.0,0.20595793589407757,0.00023306008982167754,0.6552633122554413,10
checkerboard,randomKTA,top1_label_energy,19.0,0.20472711691468706,3.503353220703862e-05,0.661423695033123,10
checkerboard,randomKTA,top1_label_energy,20.0,0.1986754199265594,1.0767572715282605e-05,0.6496507397184925,10
checkerboard,randomKTA,top1_label_energy,21.0,0.20198554298208382,1.5396570327664876e-05,0.6796344395200715,10
checkerboard,randomKTA,top1_label_energy,22.0,0.2034483523044775,7.159239415830835e-08,0.7121354182104886,10
checkerboard,randomKTA,top1_label_energy,23.0,0.20748737356377706,2.738339245585514e-06,0.7283781733590557,10
checkerboard,randomKTA,top1_label_energy,24.0,0.20905183770987557,3.9710171631630306e-05,0.7284309675945678,10
checkerboard,randomKTA,top1_label_energy,25.0,0.21132851734724706,8.859737109809957e-06,0.726267497175917,10
checkerboard,randomKTA,top1_label_energy,26.0,0.21572898235672328,0.00020265042766805556,0.7245369011887933,10
checkerboard,randomKTA,top1_label_energy,27.0,0.22219178594468608,0.0008461809024368983,0.725807143860902,10
checkerboard,randomKTA,top1_label_energy,28.0,0.22729906297147653,0.001820740924216385,0.7174534102840423,10
checkerboard,randomKTA,top1_label_energy,29.0,0.23194590584667255,0.0033330408530192223,0.7031200008301144,10
checkerboard,randomKTA,top1_label_energy,30.0,0.2359156700943031,0.004609245462814851,0.69841749405976,10
checkerboard,randomKTA,top1_label_energy,31.0,0.23583785113922434,0.0043393113973579965,0.7013571285122642,10
checkerboard,randomKTA,top1_label_energy,32.0,0.23841154471504006,0.00425884794217418,0.7077756595198799,10
checkerboard,randomKTA,top1_label_energy,33.0,0.23916736036189962,0.004680962694475284,0.703881392089241,10
checkerboard,randomKTA,top1_label_energy,34.0,0.2397311987567723,0.005412819493834445,0.687197491738756,10
checkerboard,randomKTA,top1_label_energy,35.0,0.23733287703935063,0.006462391177512641,0.6726693801174122,10
checkerboard,randomKTA,top1_label_energy,36.0,0.2333395634484665,0.007827921859950238,0.6601647936511983,10
checkerboard,randomKTA,top1_label_energy,37.0,0.23119241289994497,0.007921149399326087,0.644618930340804,10
checkerboard,randomKTA,top1_label_energy,38.0,0.23296649844739087,0.008397178202196513,0.63053911535102,10
checkerboard,randomKTA,top1_label_energy,39.0,0.23457995018837569,0.009791544996929162,0.6179542146487598,10
checkerboard,randomKTA,top1_label_energy,40.0,0.23505675680734311,0.009897199544972033,0.6067925169651366,10
checkerboard,randomKTA,top1_label_energy,41.0,0.2369853260413391,0.00910536055031862,0.6103312527372884,10
checkerboard,randomKTA,top1_label_energy,42.0,0.23599697078084172,0.00878262469059051,0.6202769538533611,10
checkerboard,randomKTA,top1_label_energy,43.0,0.23637136894714866,0.009166149065748414,0.6341808884183461,10
checkerboard,randomKTA,top1_label_energy,44.0,0.2400829563552712,0.006565170893526345,0.6683919354556722,10
checkerboard,randomKTA,top1_label_energy,45.0,0.24090756327386367,0.004521878919027059,0.683071211944626,10
checkerboard,randomKTA,top1_label_energy,46.0,0.2424850451984224,0.003808256601984386,0.6913039842737817,10
checkerboard,randomKTA,top1_label_energy,47.0,0.24639965939164094,0.0034772923398803707,0.6910256511842873,10
checkerboard,randomKTA,top1_label_energy,48.0,0.24623362091752526,0.0031595578073683214,0.6861523989288039,10
checkerboard,randomKTA,top1_label_energy,49.0,0.24436066374835436,0.0032071360385163834,0.6862451924310141,10
checkerboard,randomKTA,top1_label_energy,50.0,0.24279976522470123,0.0038529260875620306,0.6810751872371749,10
checkerboard,randomKTA,top1_label_energy,51.0,0.2365026784600429,0.0031906552906691,0.6693564198819637,10
checkerboard,randomKTA,top1_label_energy,52.0,0.22992242087025244,0.0020655008096724975,0.6519945521408905,10
checkerboard,randomKTA,top1_label_energy,53.0,0.22615228000415274,0.002091358205679435,0.6373527323223784,10
checkerboard,randomKTA,top1_label_energy,54.0,0.2283540341647691,0.0035245091568987725,0.6193077155985364,10
checkerboard,randomKTA,top1_label_energy,55.0,0.2318943287716903,0.006011622131274301,0.5914011627501267,10
checkerboard,randomKTA,top1_label_energy,56.0,0.23810513690419072,0.00895650868141981,0.5857878916899601,10
checkerboard,randomKTA,top1_label_energy,57.0,0.2432909654063004,0.011997794749378907,0.5896059999238144,10
checkerboard,randomKTA,top1_label_energy,58.0,0.24431514931583687,0.014564706386764208,0.5931535238742927,10
checkerboard,randomKTA,top1_label_energy,59.0,0.24081148869694785,0.017387502455392057,0.5547043855468515,10
checkerboard,randomKTA,top1_label_energy,60.0,0.2349204227704512,0.01901599986937504,0.5222480519201432,10
checkerboard,randomKTA,top1_label_energy,61.0,0.23351061913247464,0.01351920305563957,0.5408576788530279,10
checkerboard,randomKTA,top1_label_energy,62.0,0.23632779717699962,0.009352414099382466,0.5533323901047653,10
checkerboard,randomKTA,top1_label_energy,63.0,0.23880416144513417,0.009111173267828666,0.5613544129534731,10
checkerboard,randomKTA,top1_label_energy,64.0,0.23336026304983903,0.009670581632973317,0.5673913329487805,10
checkerboard,randomKTA,top1_label_energy,65.0,0.23024670295867544,0.01057338406335026,0.5694874864539017,10
checkerboard,randomKTA,top1_label_energy,66.0,0.2330858427357267,0.012046629241396262,0.5682634235625832,10
checkerboard,randomKTA,top1_label_energy,67.0,0.23945778290522343,0.013238896530819106,0.5682318620125852,10
checkerboard,randomKTA,top1_label_energy,68.0,0.24815544347148394,0.012250526197565496,0.5722265409779187,10
checkerboard,randomKTA,top1_label_energy,69.0,0.2514027772197987,0.0010992365487419102,0.5744308333568217,10
checkerboard,randomKTA,top1_label_energy,70.0,0.25319763672701046,6.961911350212516e-05,0.57382098922951,10
checkerboard,randomKTA,top1_label_energy,71.0,0.2547612404094766,1.0764404893477431e-05,0.5867586544958623,10
checkerboard,randomKTA,top1_label_energy,72.0,0.25844710080323463,0.009273381708479474,0.6035417508601026,10
checkerboard,randomKTA,top1_label_energy,73.0,0.2592150074530982,0.020928822562658888,0.6064231474137726,10
checkerboard,randomKTA,top1_label_energy,74.0,0.26004436392832003,0.023933575129012476,0.6067641390934162,10
checkerboard,randomKTA,top1_label_energy,75.0,0.26347616835917237,0.023856017826907737,0.6056592988736775,10
checkerboard,randomKTA,top1_label_energy,76.0,0.2645157445155252,0.01941743676376173,0.6021957741122699,10
checkerboard,randomKTA,top1_label_energy,77.0,0.2634171082505378,0.01575684081816305,0.6035115100321482,10
checkerboard,randomKTA,top1_label_energy,78.0,0.2599689079920517,0.013536278489663685,0.6069701829775648,10
checkerboard,randomKTA,top1_label_energy,79.0,0.2574490461569023,0.012744320834082518,0.6135884874655967,10
checkerboard,randomKTA,top1_label_energy,80.0,0.2573574366948625,0.017683299869242122,0.623025403664053,10
checkerboard,randomKTA,top1_label_energy,81.0,0.25774161382677013,0.025588553314784025,0.6332291220412479,10
checkerboard,randomKTA,top1_label_energy,82.0,0.2602724571541173,0.03052706728653407,0.6371157743417841,10
checkerboard,randomKTA,top1_label_energy,83.0,0.26550538419289416,0.03424160398822722,0.6419188610050625,10
checkerboard,randomKTA,top1_label_energy,84.0,0.2642949609472445,0.04180820208560208,0.6396970126707273,10
checkerboard,randomKTA,top1_label_energy,85.0,0.2666954094379194,0.049277795874695225,0.6344953138439469,10
checkerboard,randomKTA,top1_label_energy,86.0,0.27370480635397726,0.055198175929750834,0.6264906738881096,10
checkerboard,randomKTA,top1_label_energy,87.0,0.2774161939740759,0.06253671362843512,0.6253283236505326,10
checkerboard,randomKTA,top1_label_energy,88.0,0.2777831342372544,0.06876255463010539,0.6312920410143673,10
checkerboard,randomKTA,top1_label_energy,89.0,0.27896136056477,0.06868495793508272,0.6344079039397211,10
checkerboard,randomKTA,top1_label_energy,90.0,0.2793134259989788,0.06622871255585308,0.6333731743063648,10
checkerboard,randomKTA,top1_label_energy,91.0,0.2834886159611301,0.06551501021449835,0.6478810603945229,10
checkerboard,randomKTA,top1_label_energy,92.0,0.2880571327205212,0.06320354552996342,0.6563591024851533,10
checkerboard,randomKTA,top1_label_energy,93.0,0.2835320558289072,0.06695394526956097,0.6734648431464241,10
checkerboard,randomKTA,top1_label_energy,94.0,0.27365624086162066,0.06965973210288809,0.6791037177903859,10
checkerboard,randomKTA,top1_label_energy,95.0,0.25779803933711504,0.07237138981137108,0.6787315372477544,10
checkerboard,randomKTA,top1_label_energy,96.0,0.25304961661231895,0.07713576911381444,0.6827332273071669,10
checkerboard,randomKTA,top1_label_energy,97.0,0.25324046710700965,0.08496878206482195,0.6810497754874334,10
checkerboard,randomKTA,top1_label_energy,98.0,0.2541742099823377,0.08864046010308833,0.683099374825125,10
checkerboard,randomKTA,top1_label_energy,99.0,0.2590170588906345,0.08889998535631694,0.6830511590682351,10
checkerboard,randomKTA,top1_label_energy,100.0,0.26626043867935045,0.08926332979707968,0.6815654252699735,10
checkerboard,quackKTA,top1_label_energy,1.0,0.2836855466845755,0.0008078923168465418,0.8939044552840353,10
checkerboard,quackKTA,top1_label_energy,2.0,0.2836855466845755,0.0008078923168465418,0.8939044552840353,10
checkerboard,quackKTA,top1_label_energy,3.0,0.28607908399144827,0.0012083327385212503,0.9276840424177945,10
checkerboard,quackKTA,top1_label_energy,4.0,0.28607908399144827,0.0012083327385212503,0.9276840424177945,10
checkerboard,quackKTA,top1_label_energy,5.0,0.2893327593852858,0.0007175351471052818,0.9423305489744145,10
checkerboard,quackKTA,top1_label_energy,6.0,0.2893327593852858,0.0007175351471052818,0.9423305489744145,10
checkerboard,quackKTA,top1_label_energy,7.0,0.2845673120374139,0.004563549653314531,0.946634242395158,10
checkerboard,quackKTA,top1_label_energy,8.0,0.2845673120374139,0.004563549653314531,0.946634242395158,10
checkerboard,quackKTA,top1_label_energy,9.0,0.27723216589978567,0.0017423034126555165,0.942480468042299,10
checkerboard,quackKTA,top1_label_energy,10.0,0.27723216589978567,0.0017423034126555165,0.942480468042299,10
checkerboard,quackKTA,top1_label_energy,11.0,0.255739686568652,4.5695988891242786e-05,0.9226031948833413,10
checkerboard,quackKTA,top1_label_energy,12.0,0.255739686568652,4.5695988891242786e-05,0.9226031948833413,10
checkerboard,quackKTA,top1_label_energy,13.0,0.21833827709362183,0.0009291627212781018,0.8815054607351236,10
checkerboard,quackKTA,top1_label_energy,14.0,0.21833827709362183,0.0009291627212781018,0.8815054607351236,10
checkerboard,quackKTA,top1_label_energy,15.0,0.1845503089883969,7.926164774840587e-06,0.8498807174540863,10
checkerboard,quackKTA,top1_label_energy,16.0,0.1845503089883969,7.926164774840587e-06,0.8498807174540863,10
checkerboard,quackKTA,top1_label_energy,17.0,0.17636215777893044,0.0013126420029552315,0.8557728242540154,10
checkerboard,quackKTA,top1_label_energy,18.0,0.17636215777893044,0.0013126420029552315,0.8557728242540154,10
checkerboard,quackKTA,top1_label_energy,19.0,0.1726684554831601,0.0006048601920454738,0.8512707989662345,10
checkerboard,quackKTA,top1_label_energy,20.0,0.1726684554831601,0.0006048601920454738,0.8512707989662345,10
checkerboard,quackKTA,top1_label_energy,21.0,0.16560148128030044,0.0003036462834182769,0.849411256211156,10
checkerboard,quackKTA,top1_label_energy,22.0,0.16560148128030044,0.0003036462834182769,0.849411256211156,10
checkerboard,quackKTA,top1_label_energy,23.0,0.1616412307638871,1.4981739459877966e-05,0.8401777171075625,10
checkerboard,quackKTA,top1_label_energy,24.0,0.1616412307638871,1.4981739459877966e-05,0.8401777171075625,10
checkerboard,quackKTA,top1_label_energy,25.0,0.16488508739684915,0.0007163422947041796,0.833811665384972,10
checkerboard,quackKTA,top1_label_energy,26.0,0.16488508739684915,0.0007163422947041796,0.833811665384972,10
checkerboard,quackKTA,top1_label_energy,27.0,0.1687077129569124,0.001831413695213124,0.8206228186261187,10
checkerboard,quackKTA,top1_label_energy,28.0,0.1687077129569124,0.001831413695213124,0.8206228186261187,10
checkerboard,quackKTA,top1_label_energy,29.0,0.16400955549573734,0.002819252437116565,0.7992571950729365,10
checkerboard,quackKTA,top1_label_energy,30.0,0.16400955549573734,0.002819252437116565,0.7992571950729365,10
checkerboard,quackKTA,top1_label_energy,31.0,0.16132483396167538,0.002832095065649834,0.7643478347195735,10
checkerboard,quackKTA,top1_label_energy,32.0,0.16132483396167538,0.002832095065649834,0.7643478347195735,10
checkerboard,quackKTA,top1_label_energy,33.0,0.15703653670451534,0.0013763444410204199,0.7206963778662203,10
checkerboard,quackKTA,top1_label_energy,34.0,0.15703653670451534,0.0013763444410204199,0.7206963778662203,10
checkerboard,quackKTA,top1_label_energy,35.0,0.15263261408100814,0.0002026346132715264,0.6841894363817695,10
checkerboard,quackKTA,top1_label_energy,36.0,0.15263261408100814,0.0002026346132715264,0.6841894363817695,10
checkerboard,quackKTA,top1_label_energy,37.0,0.15013316620905268,4.440015206984784e-06,0.6685554809173894,10
checkerboard,quackKTA,top1_label_energy,38.0,0.15013316620905268,4.440015206984784e-06,0.6685554809173894,10
checkerboard,quackKTA,top1_label_energy,39.0,0.14842212008195999,1.2122794515536316e-05,0.6585598546358294,10
checkerboard,quackKTA,top1_label_energy,40.0,0.14842212008195999,1.2122794515536316e-05,0.6585598546358294,10
checkerboard,quackKTA,top1_label_energy,41.0,0.1446065680138136,1.1617658802175967e-05,0.635264097570323,10
checkerboard,quackKTA,top1_label_energy,42.0,0.1446065680138136,1.1617658802175967e-05,0.635264097570323,10
checkerboard,quackKTA,top1_label_energy,43.0,0.14088543201809256,6.464905015358117e-05,0.6057499017481581,10
checkerboard,quackKTA,top1_label_energy,44.0,0.14088543201809256,6.464905015358117e-05,0.6057499017481581,10
checkerboard,quackKTA,top1_label_energy,45.0,0.13919941401199581,0.0003392708011113196,0.5406712827284387,10
checkerboard,quackKTA,top1_label_energy,46.0,0.13919941401199581,0.0003392708011113196,0.5406712827284387,10
checkerboard,quackKTA,top1_label_energy,47.0,0.14302015513195243,3.807328040152149e-05,0.41357704024455294,10
checkerboard,quackKTA,top1_label_energy,48.0,0.14302015513195243,3.807328040152149e-05,0.41357704024455294,10
checkerboard,quackKTA,top1_label_energy,49.0,0.1429529618888306,0.0006789570695603641,0.32064627053890477,10
checkerboard,quackKTA,top1_label_energy,50.0,0.1429529618888306,0.0006789570695603641,0.32064627053890477,10
checkerboard,quackKTA,top1_label_energy,51.0,0.1384805449059665,0.0006417553813818726,0.31925304506553603,10
checkerboard,quackKTA,top1_label_energy,52.0,0.1384805449059665,0.0006417553813818726,0.31925304506553603,10
checkerboard,quackKTA,top1_label_energy,53.0,0.13420576853313265,0.0006345988990862605,0.3245430355313047,10
checkerboard,quackKTA,top1_label_energy,54.0,0.13420576853313265,0.0006345988990862605,0.3245430355313047,10
checkerboard,quackKTA,top1_label_energy,55.0,0.13307327218095313,0.0006422483315381649,0.3290188145078165,10
checkerboard,quackKTA,top1_label_energy,56.0,0.13307327218095313,0.0006422483315381649,0.3290188145078165,10
checkerboard,quackKTA,top1_label_energy,57.0,0.13214462849333372,0.000679483810104909,0.33278843761829735,10
checkerboard,quackKTA,top1_label_energy,58.0,0.13214462849333372,0.000679483810104909,0.33278843761829735,10
checkerboard,quackKTA,top1_label_energy,59.0,0.13204750503971316,0.000813556571927097,0.3359448696733294,10
checkerboard,quackKTA,top1_label_energy,60.0,0.13204750503971316,0.000813556571927097,0.3359448696733294,10
checkerboard,quackKTA,top1_label_energy,61.0,0.13406440437786152,0.0011654871679814046,0.33856873623778777,10
checkerboard,quackKTA,top1_label_energy,62.0,0.13406440437786152,0.0011654871679814046,0.33856873623778777,10
checkerboard,quackKTA,top1_label_energy,63.0,0.13620029380136728,0.0019651065854819167,0.3407299930747533,10
checkerboard,quackKTA,top1_label_energy,64.0,0.13620029380136728,0.0019651065854819167,0.3407299930747533,10
checkerboard,quackKTA,top1_label_energy,65.0,0.13889751580985624,0.0036136944327861097,0.34249586019820244,10
checkerboard,quackKTA,top1_label_energy,66.0,0.13889751580985624,0.0036136944327861097,0.34249586019820244,10
checkerboard,quackKTA,top1_label_energy,67.0,0.1420467490602167,0.006711946985209564,0.343926313706252,10
checkerboard,quackKTA,top1_label_energy,68.0,0.1420467490602167,0.006711946985209564,0.343926313706252,10
checkerboard,quackKTA,top1_label_energy,69.0,0.14536196131496001,0.00813172473492349,0.3450753982094314,10
checkerboard,quackKTA,top1_label_energy,70.0,0.14536196131496001,0.00813172473492349,0.3450753982094314,10
checkerboard,quackKTA,top1_label_energy,71.0,0.14865485967460532,0.008472116011346714,0.34598991733105294,10
checkerboard,quackKTA,top1_label_energy,72.0,0.14865485967460532,0.008472116011346714,0.34598991733105294,10
checkerboard,quackKTA,top1_label_energy,73.0,0.15171634916194254,0.008734410751035763,0.3467117415960443,10
checkerboard,quackKTA,top1_label_energy,74.0,0.15171634916194254,0.008734410751035763,0.3467117415960443,10
checkerboard,quackKTA,top1_label_energy,75.0,0.15448154564480213,0.009062070168511582,0.34727735732531634,10
checkerboard,quackKTA,top1_label_energy,76.0,0.15448154564480213,0.009062070168511582,0.34727735732531634,10
checkerboard,quackKTA,top1_label_energy,77.0,0.1568837244007418,0.009471092936053428,0.3477176501416905,10
checkerboard,quackKTA,top1_label_energy,78.0,0.1568837244007418,0.009471092936053428,0.3477176501416905,10
checkerboard,quackKTA,top1_label_energy,79.0,0.15890348757853662,0.009721434936112718,0.34806012301168193,10
checkerboard,quackKTA,top1_label_energy,80.0,0.15890348757853662,0.009721434936112718,0.34806012301168193,10
checkerboard,quackKTA,top1_label_energy,81.0,0.16053389222722014,0.009506652133855615,0.3483275534692369,10
checkerboard,quackKTA,top1_label_energy,82.0,0.16053389222722014,0.009506652133855615,0.3483275534692369,10
checkerboard,quackKTA,top1_label_energy,83.0,0.16180006184804388,0.008793842979659404,0.34854029649369556,10
checkerboard,quackKTA,top1_label_energy,84.0,0.16180006184804388,0.008793842979659404,0.34854029649369556,10
checkerboard,quackKTA,top1_label_energy,85.0,0.16275549155961028,0.007846888829634146,0.34871661998890574,10
checkerboard,quackKTA,top1_label_energy,86.0,0.16275549155961028,0.007846888829634146,0.34871661998890574,10
checkerboard,quackKTA,top1_label_energy,87.0,0.16344256131473994,0.00694078208094914,0.3488717887723138,10
checkerboard,quackKTA,top1_label_energy,88.0,0.16344256131473994,0.00694078208094914,0.3488717887723138,10
checkerboard,quackKTA,top1_label_energy,89.0,0.16387425116672513,0.006165412432947806,0.3490200401501964,10
checkerboard,quackKTA,top1_label_energy,90.0,0.16387425116672513,0.006165412432947806,0.3490200401501964,10
checkerboard,quackKTA,top1_label_energy,91.0,0.1640426771366925,0.005452154024512137,0.3491727821455169,10
checkerboard,quackKTA,top1_label_energy,92.0,0.1640426771366925,0.005452154024512137,0.3491727821455169,10
checkerboard,quackKTA,top1_label_energy,93.0,0.1639369982119303,0.004676203394838572,0.3493422986653216,10
checkerboard,quackKTA,top1_label_energy,94.0,0.1639369982119303,0.004676203394838572,0.3493422986653216,10
checkerboard,quackKTA,top1_label_energy,95.0,0.16356155704886083,0.003737021705076127,0.3495380746622152,10
checkerboard,quackKTA,top1_label_energy,96.0,0.16356155704886083,0.003737021705076127,0.3495380746622152,10
checkerboard,quackKTA,top1_label_energy,97.0,0.16295319413327375,0.0026457546610215853,0.3497686429915907,10
checkerboard,quackKTA,top1_label_energy,98.0,0.16295319413327375,0.0026457546610215853,0.3497686429915907,10
checkerboard,quackKTA,top1_label_energy,99.0,0.16218212445615893,0.001524090842738454,0.3500413707862833,10
checkerboard,quackKTA,top1_label_energy,100.0,0.16218212445615893,0.001524090842738454,0.3500413707862833,10
checkerboard,centroidBasedKTA,top1_label_energy,1.0,0.2124786269644925,0.015413301714202377,0.6464115595747486,10
checkerboard,centroidBasedKTA,top1_label_energy,2.0,0.2503187464751609,0.0039233010401351935,0.9669640323738572,10
checkerboard,centroidBasedKTA,top1_label_energy,3.0,0.24419157340780667,0.0010832805085081703,0.9411109630643888,10
checkerboard,centroidBasedKTA,top1_label_energy,4.0,0.19843406947684278,0.004346214049163352,0.9794172966183707,10
checkerboard,centroidBasedKTA,top1_label_energy,5.0,0.2191351692698665,0.007907549849111914,0.8921213531844313,10
checkerboard,centroidBasedKTA,top1_label_energy,6.0,0.20159823388997103,0.008315797553055884,0.8767855669251833,10
checkerboard,centroidBasedKTA,top1_label_energy,7.0,0.22997470069719,0.003066638400828109,0.8961079938591369,10
checkerboard,centroidBasedKTA,top1_label_energy,8.0,0.23277664267473525,0.0018185216752041459,0.8734926178873567,10
checkerboard,centroidBasedKTA,top1_label_energy,9.0,0.20669014978393813,0.009664775030266881,0.7655660671482587,10
checkerboard,centroidBasedKTA,top1_label_energy,10.0,0.23807678759977566,0.00034693572459233317,0.7983990174555147,10
checkerboard,centroidBasedKTA,top1_label_energy,11.0,0.24701304548141886,0.010133164468839596,0.7702583789992822,10
checkerboard,centroidBasedKTA,top1_label_energy,12.0,0.1970287971148817,0.0071453665825671805,0.8208633185629879,10
checkerboard,centroidBasedKTA,top1_label_energy,13.0,0.2232211911488696,0.0025655672782752895,0.7402571560162322,10
checkerboard,centroidBasedKTA,top1_label_energy,14.0,0.15862954857547457,0.0003853849915194904,0.4608923002149535,10
checkerboard,centroidBasedKTA,top1_label_energy,15.0,0.1510037544467267,0.010950254808142691,0.47055246807503315,10
checkerboard,centroidBasedKTA,top1_label_energy,16.0,0.1467747901148038,0.006507170030128453,0.4643915230863732,10
checkerboard,centroidBasedKTA,top1_label_energy,17.0,0.16481923937287812,0.009454940813136364,0.6123961416271714,10
checkerboard,centroidBasedKTA,top1_label_energy,18.0,0.20302255222945656,0.02519662916399793,0.48350955543465246,10
checkerboard,centroidBasedKTA,top1_label_energy,19.0,0.19417044072890824,0.013957214721036225,0.5510329172509786,10
checkerboard,centroidBasedKTA,top1_label_energy,20.0,0.17093799706404675,0.007984191240064336,0.5325802313956545,10
checkerboard,centroidBasedKTA,top1_label_energy,21.0,0.19581634731529873,0.01721120795558185,0.5515577047456081,10
checkerboard,centroidBasedKTA,top1_label_energy,22.0,0.18552362204373066,0.006812096302874531,0.49026820350071115,10
checkerboard,centroidBasedKTA,top1_label_energy,23.0,0.1697082578216369,0.012312698552763497,0.5575967078008333,10
checkerboard,centroidBasedKTA,top1_label_energy,24.0,0.14780442210640465,0.013562261838191952,0.4867842230271813,10
checkerboard,centroidBasedKTA,top1_label_energy,25.0,0.16106049883362333,0.003901392926967612,0.5296071661168966,10
checkerboard,centroidBasedKTA,top1_label_energy,26.0,0.16327852882692692,0.012199746761428449,0.5096161902457819,10
checkerboard,centroidBasedKTA,top1_label_energy,27.0,0.19016668849088833,0.009755952348072222,0.5864161484767574,10
checkerboard,centroidBasedKTA,top1_label_energy,28.0,0.18952810378704102,0.0005418545614516841,0.5789279710762364,10
checkerboard,centroidBasedKTA,top1_label_energy,29.0,0.16319406670243491,0.0023793237450785193,0.4992594003447969,10
checkerboard,centroidBasedKTA,top1_label_energy,30.0,0.16122162396010467,0.02660920070185149,0.5178054234436998,10
checkerboard,centroidBasedKTA,top1_label_energy,31.0,0.16992378593931315,0.021327891367078525,0.5192163925007803,10
checkerboard,centroidBasedKTA,top1_label_energy,32.0,0.149416366320365,0.002975466393465791,0.4883542986341244,10
checkerboard,centroidBasedKTA,top1_label_energy,33.0,0.1624353614275304,0.0012370852800075627,0.6084731830242923,10
checkerboard,centroidBasedKTA,top1_label_energy,34.0,0.16275079512740717,5.788323980909705e-06,0.4681095940957595,10
checkerboard,centroidBasedKTA,top1_label_energy,35.0,0.13682812614682127,0.001938463051715885,0.38032634052163333,10
checkerboard,centroidBasedKTA,top1_label_energy,36.0,0.1505766533167347,0.0038153116596452434,0.4547769300110774,10
checkerboard,centroidBasedKTA,top1_label_energy,37.0,0.13966665120489877,0.0042252382858884085,0.47494288150460917,10
checkerboard,centroidBasedKTA,top1_label_energy,38.0,0.14981686135857902,0.002053624544912846,0.4982740455899793,10
checkerboard,centroidBasedKTA,top1_label_energy,39.0,0.1403540950884128,0.009484695556726522,0.5138799029196379,10
checkerboard,centroidBasedKTA,top1_label_energy,40.0,0.14786310108428252,0.0037684690509702024,0.47135417942083535,10
checkerboard,centroidBasedKTA,top1_label_energy,41.0,0.15566851570988904,0.0037911006700672304,0.4850036112558386,10
checkerboard,centroidBasedKTA,top1_label_energy,42.0,0.1466015234447567,0.020280989831531517,0.4304193595932324,10
checkerboard,centroidBasedKTA,top1_label_energy,43.0,0.1525925001211032,0.008392553444223102,0.5249755794408826,10
checkerboard,centroidBasedKTA,top1_label_energy,44.0,0.15900120631953535,0.005666173595215223,0.5231152923528369,10
checkerboard,centroidBasedKTA,top1_label_energy,45.0,0.16017349317153004,0.0016887472714510708,0.5021793416963128,10
checkerboard,centroidBasedKTA,top1_label_energy,46.0,0.1583136390856057,0.00936533566601622,0.5169449217869942,10
checkerboard,centroidBasedKTA,top1_label_energy,47.0,0.13560612976936756,0.006985989046893595,0.437747089154685,10
checkerboard,centroidBasedKTA,top1_label_energy,48.0,0.16694728603016856,0.0001614836220686607,0.47204170624810265,10
checkerboard,centroidBasedKTA,top1_label_energy,49.0,0.15330866033468113,0.014525473593562304,0.3730190941414627,10
checkerboard,centroidBasedKTA,top1_label_energy,50.0,0.14924514940754002,0.020273585989968364,0.4598916438949431,10
checkerboard,centroidBasedKTA,top1_label_energy,51.0,0.13883271761890242,0.011951664726164803,0.3768161829570354,10
checkerboard,centroidBasedKTA,top1_label_energy,52.0,0.14805613853060964,0.003463603753484984,0.371391702873511,10
checkerboard,centroidBasedKTA,top1_label_energy,53.0,0.17734952828608985,0.015722547999192617,0.4720930730093024,10
checkerboard,centroidBasedKTA,top1_label_energy,54.0,0.15734085470650058,0.0013348664674334525,0.3981588361395433,10
checkerboard,centroidBasedKTA,top1_label_energy,55.0,0.17241326741710722,0.03441032892709717,0.4858142473026071,10
checkerboard,centroidBasedKTA,top1_label_energy,56.0,0.16570674159613422,9.780099224842075e-05,0.5034604519564866,10
checkerboard,centroidBasedKTA,top1_label_energy,57.0,0.1545707711603188,0.025143054400439603,0.37910864565616204,10
checkerboard,centroidBasedKTA,top1_label_energy,58.0,0.15535493933912017,0.0040439546108253475,0.4149702506503765,10
checkerboard,centroidBasedKTA,top1_label_energy,59.0,0.17792693946396948,0.009086268999507712,0.4614217473584803,10
checkerboard,centroidBasedKTA,top1_label_energy,60.0,0.1713134780236028,0.025794339274984493,0.49555667291062067,10
checkerboard,centroidBasedKTA,top1_label_energy,61.0,0.16337393576008158,0.0020119703355306784,0.508828055007282,10
checkerboard,centroidBasedKTA,top1_label_energy,62.0,0.1683712498447965,0.01401343468944087,0.4906643438618847,10
checkerboard,centroidBasedKTA,top1_label_energy,63.0,0.16462436827909285,0.014932197056445879,0.4200891335366579,10
checkerboard,centroidBasedKTA,top1_label_energy,64.0,0.17959802368850783,0.04638973125754239,0.5521718363508041,10
checkerboard,centroidBasedKTA,top1_label_energy,65.0,0.17124325240003785,0.02399128260887951,0.4593106964551546,10
checkerboard,centroidBasedKTA,top1_label_energy,66.0,0.15619154128513374,0.01580994204534544,0.4318954849846591,10
checkerboard,centroidBasedKTA,top1_label_energy,67.0,0.16065212548482327,0.023695322702115433,0.40936991971507336,10
checkerboard,centroidBasedKTA,top1_label_energy,68.0,0.15541841653866909,0.012357794072668755,0.41927827035685844,10
checkerboard,centroidBasedKTA,top1_label_energy,69.0,0.17113825184867618,0.013490601453634378,0.5392290165410598,10
checkerboard,centroidBasedKTA,top1_label_energy,70.0,0.16189433805615666,0.023602722190967162,0.435418764555046,10
checkerboard,centroidBasedKTA,top1_label_energy,71.0,0.1764852422262811,0.03651184837945319,0.431868684846274,10
checkerboard,centroidBasedKTA,top1_label_energy,72.0,0.16544338712472487,0.0005783073129073406,0.4442578234225077,10
checkerboard,centroidBasedKTA,top1_label_energy,73.0,0.1810112779162543,0.03234094764355907,0.5129377475903735,10
checkerboard,centroidBasedKTA,top1_label_energy,74.0,0.17455503222574573,0.04027388441195701,0.5199726423279074,10
checkerboard,centroidBasedKTA,top1_label_energy,75.0,0.1640976786806591,0.020249840645953015,0.46617477937181767,10
checkerboard,centroidBasedKTA,top1_label_energy,76.0,0.16934105441021952,0.020644078497417524,0.4502163195505004,10
checkerboard,centroidBasedKTA,top1_label_energy,77.0,0.17446816138785032,0.02377295550750501,0.4064106195045969,10
checkerboard,centroidBasedKTA,top1_label_energy,78.0,0.17295906681210213,0.0018552538379233683,0.5726031911111,10
checkerboard,centroidBasedKTA,top1_label_energy,79.0,0.17750573515503068,0.009783593780265802,0.5090320387078046,10
checkerboard,centroidBasedKTA,top1_label_energy,80.0,0.16893613848864036,0.0002516343716356016,0.46201515772507296,10
checkerboard,centroidBasedKTA,top1_label_energy,81.0,0.15609856178936546,0.016708227064523986,0.4964447447233425,10
checkerboard,centroidBasedKTA,top1_label_energy,82.0,0.18986211285113003,0.015864874358179216,0.573547855017266,10
checkerboard,centroidBasedKTA,top1_label_energy,83.0,0.16865466619342914,0.007293210330557124,0.4765592559541299,10
checkerboard,centroidBasedKTA,top1_label_energy,84.0,0.17982611302497364,0.020343914087458812,0.5019351251431157,10
checkerboard,centroidBasedKTA,top1_label_energy,85.0,0.18436595446765575,0.012141629541420557,0.4691693568497194,10
checkerboard,centroidBasedKTA,top1_label_energy,86.0,0.1703985122190263,0.0002778102785918113,0.46287863908102855,10
checkerboard,centroidBasedKTA,top1_label_energy,87.0,0.1852749814954055,0.01907710383951431,0.4868541263025091,10
checkerboard,centroidBasedKTA,top1_label_energy,88.0,0.1529879742603677,0.0016844190172758133,0.4536080094493404,10
checkerboard,centroidBasedKTA,top1_label_energy,89.0,0.15608507115059306,0.017462430826530064,0.48700866375570323,10
checkerboard,centroidBasedKTA,top1_label_energy,90.0,0.2022211385723475,0.02797258030633095,0.5142183716251144,10
checkerboard,centroidBasedKTA,top1_label_energy,91.0,0.17563423722819463,0.0035603986955757066,0.43266091397229806,10
checkerboard,centroidBasedKTA,top1_label_energy,92.0,0.15713555694220008,0.0009350075808050656,0.4218931353341145,10
checkerboard,centroidBasedKTA,top1_label_energy,93.0,0.16933683979598807,0.030707598549207536,0.46110355730334956,10
checkerboard,centroidBasedKTA,top1_label_energy,94.0,0.20251308052206923,0.012270754296535291,0.4532580362099917,10
checkerboard,centroidBasedKTA,top1_label_energy,95.0,0.18668211781431154,0.028254900579573295,0.45953148207411415,10
checkerboard,centroidBasedKTA,top1_label_energy,96.0,0.15664122939338226,0.0007723808658772769,0.49144774958218,10
checkerboard,centroidBasedKTA,top1_label_energy,97.0,0.1621878601424458,0.0034272518248176713,0.4734896985046842,10
checkerboard,centroidBasedKTA,top1_label_energy,98.0,0.1575900825834667,0.020093105220342234,0.43604265508426443,10
checkerboard,centroidBasedKTA,top1_label_energy,99.0,0.16854492129158077,0.01529006517293751,0.4481483248179222,10
checkerboard,centroidBasedKTA,top1_label_energy,100.0,0.17948558433097567,0.0009152314730568342,0.507423137370113,10
checkerboard,greedyKTA,top1_label_energy,1.0,0.29441834380959486,0.00028073795760822295,0.8450971887975612,10
checkerboard,greedyKTA,top1_label_energy,2.0,0.3053583464545512,0.0001272037063084302,0.8662118916869928,10
checkerboard,greedyKTA,top1_label_energy,3.0,0.3041387631402696,0.00014687841095935801,0.887676056723994,10
checkerboard,greedyKTA,top1_label_energy,4.0,0.3190077835797152,0.001297261996807208,0.8967703062556328,10
checkerboard,greedyKTA,top1_label_energy,5.0,0.32335202461782514,0.0023565420906229103,0.8986162404950706,10
checkerboard,greedyKTA,top1_label_energy,6.0,0.3178604042203334,0.006271113725657209,0.8998892934648924,10
checkerboard,greedyKTA,top1_label_energy,7.0,0.3078485161811221,0.006180503320933738,0.8997475377844462,10
checkerboard,greedyKTA,top1_label_energy,8.0,0.297665507780593,0.01895645312340471,0.8991276021045461,10
checkerboard,greedyKTA,top1_label_energy,9.0,0.29160719154898546,0.008634249330290542,0.8983878227487431,10
checkerboard,greedyKTA,top1_label_energy,10.0,0.28725903544400055,0.0008538656818849792,0.8978859309773304,10
checkerboard,greedyKTA,top1_label_energy,11.0,0.28485532685568793,0.002072601554682468,0.9008564961299523,10
checkerboard,greedyKTA,top1_label_energy,12.0,0.2817386108691003,0.004881338482801106,0.9064827400491621,10
checkerboard,greedyKTA,top1_label_energy,13.0,0.27626272550488673,0.003939920325855667,0.9098943233257375,10
checkerboard,greedyKTA,top1_label_energy,14.0,0.27375247257273316,0.004673106919828852,0.91000994219936,10
checkerboard,greedyKTA,top1_label_energy,15.0,0.2688431437543154,0.0021116718498194183,0.9062829837052025,10
checkerboard,greedyKTA,top1_label_energy,16.0,0.2662823460790769,0.00013749698280932318,0.8983711462423198,10
checkerboard,greedyKTA,top1_label_energy,17.0,0.2668964302115263,1.5522888840471203e-06,0.8872416187857618,10
checkerboard,greedyKTA,top1_label_energy,18.0,0.2670587078108231,0.00415591531656471,0.8841293554038475,10
checkerboard,greedyKTA,top1_label_energy,19.0,0.26675739003479626,0.004340003348760797,0.8853285418385314,10
checkerboard,greedyKTA,top1_label_energy,20.0,0.2648043518711128,0.0038522475651517974,0.8839612773228472,10
checkerboard,greedyKTA,top1_label_energy,21.0,0.2591132472555087,0.0010662634207739823,0.8748361489908266,10
checkerboard,greedyKTA,top1_label_energy,22.0,0.24992536702767315,1.3621399507857054e-05,0.8591996967116438,10
checkerboard,greedyKTA,top1_label_energy,23.0,0.24215578528676646,0.0009512950002050435,0.8489804156040417,10
checkerboard,greedyKTA,top1_label_energy,24.0,0.23516925436103914,0.001379581165661497,0.8417698461965644,10
checkerboard,greedyKTA,top1_label_energy,25.0,0.23027194258941458,0.000598470195251292,0.8370373751163572,10
checkerboard,greedyKTA,top1_label_energy,26.0,0.22856808034810286,6.4218126871665394e-06,0.8311689921525174,10
checkerboard,greedyKTA,top1_label_energy,27.0,0.23209816096859986,0.00023053379626930857,0.8196102940342465,10
checkerboard,greedyKTA,top1_label_energy,28.0,0.23928797443331984,0.0003454850425579496,0.7997282960392292,10
checkerboard,greedyKTA,top1_label_energy,29.0,0.25086020242248275,5.493701308532797e-05,0.774090615910019,10
checkerboard,greedyKTA,top1_label_energy,30.0,0.26069552995472267,0.0002624113173469279,0.7501161621569225,10
checkerboard,greedyKTA,top1_label_energy,31.0,0.26605590652885924,0.0017919987883574279,0.7390253847045168,10
checkerboard,greedyKTA,top1_label_energy,32.0,0.27106062169155176,0.005547651275738238,0.7347590379874609,10
checkerboard,greedyKTA,top1_label_energy,33.0,0.2751600629787526,0.0001909078307327341,0.7600673263821597,10
checkerboard,greedyKTA,top1_label_energy,34.0,0.27542706145836665,5.364211119766782e-05,0.7709190319690606,10
checkerboard,greedyKTA,top1_label_energy,35.0,0.27443974702197793,4.7426171693485834e-08,0.7759938162429668,10
checkerboard,greedyKTA,top1_label_energy,36.0,0.27219264912038027,1.7979342390115763e-05,0.7923525138315773,10
checkerboard,greedyKTA,top1_label_energy,37.0,0.2678341503321784,0.0002774547052407642,0.8165936875177526,10
checkerboard,greedyKTA,top1_label_energy,38.0,0.2657675223010548,4.5070720902528286e-05,0.8410561458724982,10
checkerboard,greedyKTA,top1_label_energy,39.0,0.26017126540174795,1.0431676854158472e-06,0.8506240508546414,10
checkerboard,greedyKTA,top1_label_energy,40.0,0.25088474036073066,0.0009114876331239484,0.8452854404813694,10
checkerboard,greedyKTA,top1_label_energy,41.0,0.23757764323815547,0.003044530560718778,0.8225271970133493,10
checkerboard,greedyKTA,top1_label_energy,42.0,0.22318157232427677,0.0018048343267152043,0.7763704837288549,10
checkerboard,greedyKTA,top1_label_energy,43.0,0.20785576499299863,0.00027375900069128784,0.7124425588749653,10
checkerboard,greedyKTA,top1_label_energy,44.0,0.19754322079018868,0.0002349920475133353,0.6765277092751274,10
checkerboard,greedyKTA,top1_label_energy,45.0,0.19345636261806073,0.0011156449791274955,0.6644024587348343,10
checkerboard,greedyKTA,top1_label_energy,46.0,0.19441540481748198,0.0008033246775304682,0.67487512204917,10
checkerboard,greedyKTA,top1_label_energy,47.0,0.19787086567613876,7.312188774137635e-10,0.7052336625294902,10
checkerboard,greedyKTA,top1_label_energy,48.0,0.19851331094206734,0.0009189309731492284,0.7177075971603174,10
checkerboard,greedyKTA,top1_label_energy,49.0,0.1965737395402468,0.006142571506440013,0.7182429915383071,10
checkerboard,greedyKTA,top1_label_energy,50.0,0.19507454656573578,0.005020753847457273,0.7133879561766173,10
checkerboard,greedyKTA,top1_label_energy,51.0,0.19475817517382307,0.0038325288983961886,0.7116309835753857,10
checkerboard,greedyKTA,top1_label_energy,52.0,0.19521219094455683,0.004190857751266243,0.7107793830106358,10
checkerboard,greedyKTA,top1_label_energy,53.0,0.1937853385505272,0.004009281601480951,0.712138664973272,10
checkerboard,greedyKTA,top1_label_energy,54.0,0.1961918092210571,0.003442156844647085,0.7188473145551388,10
checkerboard,greedyKTA,top1_label_energy,55.0,0.19946541214789587,0.00026631012002891407,0.7279180279866952,10
checkerboard,greedyKTA,top1_label_energy,56.0,0.20491402913615947,0.0008448337579157182,0.7372353005584878,10
checkerboard,greedyKTA,top1_label_energy,57.0,0.21280778590141577,0.0006561747928792396,0.747198502433432,10
checkerboard,greedyKTA,top1_label_energy,58.0,0.22265290303316787,0.0014040808964967508,0.7540815988246298,10
checkerboard,greedyKTA,top1_label_energy,59.0,0.23180260713145157,0.0033804598346881113,0.7563914063982087,10
checkerboard,greedyKTA,top1_label_energy,60.0,0.23716746526538088,0.006903733303865176,0.7561082044697649,10
checkerboard,greedyKTA,top1_label_energy,61.0,0.23604286765398905,0.0050550596037281575,0.7557436097093491,10
checkerboard,greedyKTA,top1_label_energy,62.0,0.2293413947040157,0.003192622458760852,0.7566659091957241,10
checkerboard,greedyKTA,top1_label_energy,63.0,0.2243466982747599,0.003925511366936098,0.7592817287837614,10
checkerboard,greedyKTA,top1_label_energy,64.0,0.22467917057994793,0.006165625564351925,0.7647863964447862,10
checkerboard,greedyKTA,top1_label_energy,65.0,0.22920463894553925,0.009031819816115508,0.7734922792629562,10
checkerboard,greedyKTA,top1_label_energy,66.0,0.23338078762780645,0.01290135393385745,0.784896805683688,10
checkerboard,greedyKTA,top1_label_energy,67.0,0.235135372437041,0.013391181217277469,0.7977515167043829,10
checkerboard,greedyKTA,top1_label_energy,68.0,0.2366576616176707,0.007049157300982469,0.810589385455585,10
checkerboard,greedyKTA,top1_label_energy,69.0,0.24035710906210989,0.0005191718343506914,0.8223139750369389,10
checkerboard,greedyKTA,top1_label_energy,70.0,0.24677657308908355,0.00020432771655515503,0.8324565187900206,10
checkerboard,greedyKTA,top1_label_energy,71.0,0.2529372631502336,0.0005576576754694832,0.8410809992619808,10
checkerboard,greedyKTA,top1_label_energy,72.0,0.25508272964763645,0.0004017723845778816,0.8485357281597945,10
checkerboard,greedyKTA,top1_label_energy,73.0,0.254366460755634,0.0001206883349101291,0.8552227541470925,10
checkerboard,greedyKTA,top1_label_energy,74.0,0.2518160312004419,7.916441769104171e-06,0.8614570900918812,10
checkerboard,greedyKTA,top1_label_energy,75.0,0.24977463807008285,0.0005334819526161722,0.8674164294378818,10
checkerboard,greedyKTA,top1_label_energy,76.0,0.24744875564731883,0.00037600936356828367,0.8731532210958883,10
checkerboard,greedyKTA,top1_label_energy,77.0,0.24551783566151672,0.00021525131058677905,0.878360071680474,10
checkerboard,greedyKTA,top1_label_energy,78.0,0.24537585976732162,4.653946093405786e-05,0.8831466271526638,10
checkerboard,greedyKTA,top1_label_energy,79.0,0.24750896909891792,0.0005524666627718205,0.8876414214497792,10
checkerboard,greedyKTA,top1_label_energy,80.0,0.2514895148238655,0.0011157820563911834,0.8916189062408496,10
checkerboard,greedyKTA,top1_label_energy,81.0,0.25674121010950657,0.000608156516149711,0.8951323870567306,10
checkerboard,greedyKTA,top1_label_energy,82.0,0.26293864663160027,0.0005543072595829596,0.8982425397193198,10
checkerboard,greedyKTA,top1_label_energy,83.0,0.2691818437676986,0.0013819063615634149,0.900986480148113,10
checkerboard,greedyKTA,top1_label_energy,84.0,0.2736861868865798,0.0021136308064820188,0.9034899408888623,10
checkerboard,greedyKTA,top1_label_energy,85.0,0.27370401972465935,0.0006761895606727139,0.9057856648860855,10
checkerboard,greedyKTA,top1_label_energy,86.0,0.2667081978706775,0.002667496105312374,0.9078977017036595,10
checkerboard,greedyKTA,top1_label_energy,87.0,0.25889246253931153,0.0005878477939734708,0.9098401914640757,10
checkerboard,greedyKTA,top1_label_energy,88.0,0.25558216969557074,0.00027281006707622854,0.9116154652333004,10
checkerboard,greedyKTA,top1_label_energy,89.0,0.25642134928279464,0.001805630186794498,0.91324061512898,10
checkerboard,greedyKTA,top1_label_energy,90.0,0.2583970502116407,0.006718101128113976,0.9146745699056853,10
checkerboard,greedyKTA,top1_label_energy,91.0,0.2582997749751771,0.0017666577663145967,0.9158962195466992,10
checkerboard,greedyKTA,top1_label_energy,92.0,0.25396629886024724,3.4089096703387554e-06,0.9168995873913672,10
checkerboard,greedyKTA,top1_label_energy,93.0,0.2484813856009767,1.9785256933032095e-07,0.9176981437129084,10
checkerboard,greedyKTA,top1_label_energy,94.0,0.24194255594462297,0.0017918920850236073,0.9183048033248848,10
checkerboard,greedyKTA,top1_label_energy,95.0,0.24008275933342746,0.007948661881085404,0.9187438091497651,10
checkerboard,greedyKTA,top1_label_energy,96.0,0.23929888823244946,0.008431986264172072,0.9195418360417104,10
checkerboard,greedyKTA,top1_label_energy,97.0,0.23989986200694094,0.00043068379209522834,0.920160768674607,10
checkerboard,greedyKTA,top1_label_energy,98.0,0.2464483398106958,0.0032495146604464473,0.9206350406677691,10
checkerboard,greedyKTA,top1_label_energy,99.0,0.2534125708806521,0.0019065214093969668,0.9214450501880366,10
checkerboard,greedyKTA,top1_label_energy,100.0,0.2585086024280619,0.0009147061306721328,0.9225454067305429,10
