{
    "initial_metrics": {
        "alignment": 0.07958577573299408,
        "executions": null,
        "training_accuracy": 0.88,
        "testing_accuracy": 0.64,
        "f1_score": 0.6353623188405797,
        "alignment_arr": [
            0.100226990878582,
            0.11401955038309097,
            0.11240263283252716,
            0.11113984137773514,
            0.11362922191619873,
            0.10872051119804382,
            0.10407166928052902,
            0.09883682429790497,
            0.0921824648976326,
            0.09079474955797195,
            0.08579963445663452,
            0.08706139773130417,
            0.08355794847011566,
            0.0860406681895256,
            0.08347484469413757,
            0.08590801805257797,
            0.0835665836930275,
            0.08430709689855576,
            0.08131750673055649,
            0.07999599725008011
        ],
        "loss_arr": [],
        "validation_accuracy_arr": []
    },
    "after_metrics": {
        "alignment": 0.07999599725008011,
        "executions": 8000,
        "training_accuracy": 0.92,
        "testing_accuracy": 0.68,
        "f1_score": 0.6722077922077923,
        "alignment_arr": [
            0.100226990878582,
            0.11401955038309097,
            0.11240263283252716,
            0.11113984137773514,
            0.11362922191619873,
            0.10872051119804382,
            0.10407166928052902,
            0.09883682429790497,
            0.0921824648976326,
            0.09079474955797195,
            0.08579963445663452,
            0.08706139773130417,
            0.08355794847011566,
            0.0860406681895256,
            0.08347484469413757,
            0.08590801805257797,
            0.0835665836930275,
            0.08430709689855576,
            0.08131750673055649,
            0.07999599725008011
        ],
        "loss_arr": [],
        "validation_accuracy_arr": []
    }
}