{
    "initial_metrics": {
        "alignment": 0.12423273175954819,
        "executions": null,
        "training_accuracy": 0.9,
        "testing_accuracy": 0.69,
        "f1_score": 0.6907769423558898,
        "alignment_arr": [
            0.09836217015981674,
            0.08869197219610214,
            0.09329995512962341,
            0.09871269017457962,
            0.08757112175226212,
            0.09053633362054825,
            0.08567356318235397,
            0.0759044960141182
        ],
        "loss_arr": [],
        "validation_accuracy_arr": []
    },
    "after_metrics": {
        "alignment": 0.0759044960141182,
        "executions": 3200,
        "training_accuracy": 0.98,
        "testing_accuracy": 0.72,
        "f1_score": 0.7173022882376554,
        "alignment_arr": [
            0.09836217015981674,
            0.08869197219610214,
            0.09329995512962341,
            0.09871269017457962,
            0.08757112175226212,
            0.09053633362054825,
            0.08567356318235397,
            0.0759044960141182
        ],
        "loss_arr": [],
        "validation_accuracy_arr": []
    }
}