{
    "initial_metrics": {
        "alignment": 0.002759830793365836,
        "executions": null,
        "training_accuracy": 0.5666666666666667,
        "testing_accuracy": 0.4666666666666667,
        "f1_score": 0.46190476190476193,
        "auc": 0.4732142857142857,
        "alignment_arr": [],
        "loss_arr": [
            -0.42122605443000793,
            -0.20050546526908875,
            -0.05471424385905266,
            -0.6072705984115601,
            -0.15071210265159607,
            -0.15700921416282654,
            -0.28421756625175476,
            -0.22771552205085754,
            -0.2716751992702484,
            -0.2828475534915924,
            -0.7222049832344055,
            -0.3269500434398651,
            -0.6827318668365479,
            -0.6095235347747803,
            -0.24158255755901337,
            -0.7505316734313965,
            -0.3231566548347473,
            -0.24336767196655273,
            -0.2692997455596924,
            -0.1736704260110855,
            -0.6857265830039978,
            -0.2530187964439392,
            -0.3671559989452362,
            -0.2637948989868164,
            -0.7345843315124512,
            -0.4946121871471405,
            -0.18696090579032898,
            -0.37690410017967224,
            -0.32458406686782837,
            -0.09602704644203186,
            -0.34393149614334106,
            -0.5394710898399353,
            -0.5373421311378479,
            -0.39984118938446045,
            -0.34961286187171936,
            -0.3032471537590027,
            -0.4392157793045044,
            -0.4148276150226593,
            -0.3260410726070404,
            -0.43459585309028625,
            -0.538989782333374,
            -0.574173092842102,
            -0.5554903745651245,
            -0.5931036472320557,
            -0.38808363676071167,
            -0.5392428636550903,
            -0.48072949051856995,
            -0.4749302268028259,
            -0.5205918550491333,
            -0.4903249442577362,
            -0.5310720205307007,
            -0.5083743929862976,
            -0.5295346975326538,
            -0.7922829389572144,
            -0.49009189009666443,
            -0.41239288449287415,
            -0.696010410785675,
            -0.6099039316177368,
            -0.5115607976913452,
            -0.42469140887260437,
            -0.506746232509613,
            -0.37547603249549866,
            -0.3672482967376709,
            -0.4976983368396759,
            -0.7002699375152588,
            -0.4599283039569855,
            -0.4882676601409912,
            -0.522952675819397,
            -0.4966468811035156,
            -0.49778634309768677,
            -0.45258697867393494,
            -0.5013685822486877,
            -0.5070961117744446,
            -0.41408324241638184,
            -0.5270460247993469,
            -0.5409842729568481,
            -0.5364280939102173,
            -0.590665876865387,
            -0.5382260084152222,
            -0.46526038646698,
            -0.5341548323631287,
            -0.4643794596195221,
            -0.6182461977005005,
            -0.362821489572525,
            -0.6453071236610413,
            -0.5910354852676392,
            -0.5373779535293579,
            -0.6326438188552856,
            -0.6001020073890686,
            -0.3023220896720886,
            -0.43084242939949036,
            -0.4844679832458496,
            -0.4492951035499573,
            -0.4553389847278595,
            -0.40979617834091187,
            -0.47104310989379883,
            -0.544495165348053,
            -0.5070486664772034,
            -0.4373413324356079,
            -0.5503641963005066,
            -0.6433745622634888,
            -0.5645734071731567,
            -0.5976265668869019,
            -0.4484580457210541,
            -0.46653294563293457,
            -0.5362820029258728,
            -0.60433030128479,
            -0.5710012316703796,
            -0.5785305500030518,
            -0.42898187041282654,
            -0.3455451428890228,
            -0.47898536920547485,
            -0.5405049920082092,
            -0.5186084508895874,
            -0.46964067220687866,
            -0.618166983127594,
            -0.6097248792648315,
            -0.4334799349308014,
            -0.5377609133720398,
            -0.5896686315536499,
            -0.5278348922729492,
            -0.6151087284088135,
            -0.7481481432914734,
            -0.489268958568573,
            -0.6301212310791016,
            -0.4081253409385681,
            -0.31629809737205505,
            -0.5043720602989197,
            -0.60112065076828,
            -0.6458541750907898,
            -0.5659730434417725,
            -0.5114775896072388,
            -0.48568955063819885,
            -0.7860676646232605,
            -0.5882555842399597,
            -0.5147347450256348,
            -0.5113783478736877,
            -0.6045149564743042,
            -0.6003440618515015,
            -0.5588005185127258,
            -0.651642382144928,
            -0.45701712369918823,
            -0.470071941614151,
            -0.5124117136001587,
            -0.5175690650939941,
            -0.5719718933105469,
            -0.5736707448959351,
            -0.4772779047489166,
            -0.6438398361206055,
            -0.5122796893119812,
            -0.5254625082015991,
            -0.607604444026947,
            -0.6367368698120117,
            -0.6443439722061157,
            -0.5590053796768188,
            -0.5481513738632202,
            -0.5132097601890564,
            -0.5086043477058411,
            -0.49721193313598633,
            -0.5457231998443604,
            -0.6209703087806702,
            -0.5999495983123779,
            -0.6597575545310974,
            -0.44564980268478394,
            -0.5417528748512268,
            -0.5830650329589844,
            -0.819008469581604,
            -0.5597442984580994,
            -0.5913034677505493,
            -0.5494300127029419,
            -0.6693548560142517,
            -0.6629198789596558,
            -0.5507372617721558,
            -0.6535526514053345,
            -0.4825117886066437,
            -0.4048008620738983,
            -0.5388593077659607,
            -0.6136001944541931,
            -0.6299878358840942,
            -0.4815327525138855,
            -0.6236515045166016,
            -0.5034278631210327,
            -0.5831069350242615,
            -0.8276370167732239,
            -0.507720410823822,
            -0.6155667304992676,
            -0.7403969764709473,
            -0.492840439081192,
            -0.6256158947944641,
            -0.5664212107658386,
            -0.593551754951477,
            -0.6199539303779602,
            -0.7607656121253967,
            -0.6122930645942688,
            -0.5746767520904541,
            -0.5467005372047424,
            -0.5378665924072266,
            -0.4229618310928345,
            -0.5893855094909668,
            -0.536979079246521
        ],
        "validation_accuracy_arr": []
    },
    "after_metrics": {
        "alignment": 0.4173077642917633,
        "executions": 3200,
        "training_accuracy": 1.0,
        "testing_accuracy": 1.0,
        "f1_score": 1.0,
        "auc": 1.0,
        "alignment_arr": [],