{
    "initial_metrics": {
        "alignment": 0.1361805498600006,
        "executions": null,
        "training_accuracy": 0.8333333333333334,
        "testing_accuracy": 0.6,
        "f1_score": 0.5910714285714285,
        "alignment_arr": [
            0.18401123583316803,
            0.19113655388355255,
            0.15758413076400757,
            0.25047430396080017,
            0.23680530488491058,
            0.1874847710132599,
            0.22835387289524078,
            0.2027529776096344,
            0.23611223697662354,
            0.20257815718650818,
            0.24744056165218353,
            0.22342222929000854,
            0.16669577360153198,
            0.18403206765651703,
            0.21630947291851044,
            0.25049644708633423
        ],
        "loss_arr": [],
        "validation_accuracy_arr": []
    },
    "after_metrics": {
        "alignment": 0.25049644708633423,
        "executions": 6400,
        "training_accuracy": 1.0,
        "testing_accuracy": 0.7333333333333333,
        "f1_score": 0.736904761904762,
        "alignment_arr": [
            0.18401123583316803,
            0.19113655388355255,
            0.15758413076400757,
            0.25047430396080017,
            0.23680530488491058,
            0.1874847710132599,
            0.22835387289524078,
            0.2027529776096344,
            0.23611223697662354,
            0.20257815718650818,
            0.24744056165218353,
            0.22342222929000854,
            0.16669577360153198,
            0.18403206765651703,
            0.21630947291851044,
            0.25049644708633423
        ],
        "loss_arr": [],
        "validation_accuracy_arr": []
    }
}