{
    "initial_metrics": {
        "alignment": 0.1354500949382782,
        "executions": null,
        "training_accuracy": 0.9333333333333333,
        "testing_accuracy": 0.7,
        "f1_score": 0.6949494949494949,
        "alignment_arr": [
            0.1354500949382782,
            0.1354500949382782,
            0.1354500949382782,
            0.1354500949382782
        ],
        "loss_arr": [],
        "validation_accuracy_arr": []
    },
    "after_metrics": {
        "alignment": 0.1354500949382782,
        "executions": 1600,
        "training_accuracy": 0.9333333333333333,
        "testing_accuracy": 0.7,
        "f1_score": 0.6949494949494949,
        "alignment_arr": [
            0.1354500949382782,
            0.1354500949382782,
            0.1354500949382782,
            0.1354500949382782
        ],
        "loss_arr": [],
        "validation_accuracy_arr": []
    }
}