{
    "initial_metrics": {
        "alignment": 0.01168607782776432,
        "executions": null,
        "training_accuracy": 0.6,
        "testing_accuracy": 0.6,
        "f1_score": 0.5777777777777777,
        "auc": 0.6160714285714286,
        "alignment_arr": [
            0.005616840041995521,
            0.0031609819505408125,
            0.0005603326484772225,
            0.00032891146911936806,
            0.0015279298214912888,
            0.0018452929868226983,
            0.00031954798179999666,
            0.0007008489879490788,
            0.0012187967684684985,
            0.0012543834075220037,
            0.0015339623070154476,
            0.0014581785181226254,
            0.001664208437743272,
            0.0034370195502396194,
            0.0021841387419071867,
            0.009823187863625602,
            0.011231928568018619,
            0.009389460216361483,
            0.009231460818592187,
            0.003662287911514673,
            0.01031690286510754,
            0.014123884665989041,
            0.043394375524196345,
            0.016273153601232004,
            0.016467185668187508,
            0.012619884896868844,
            0.028968733332792734,
            0.0478670479239042,
            0.01666961278108151,
            0.04564241010622693,
            0.01580882562138917,
            0.02608568995792321,
            0.03361219173919089,
            0.04593505376876529,
            0.14915145511850436,
            0.06547051721128169,
            0.14065295869267125,
            0.18527375277284683,
            0.06279574199142283,
            0.25207300867386095,
            0.08501679935542618,
            0.05714442724199674,
            0.10385569876776757,
            0.0943316066483727,
            0.0741184850330643,
            0.08534439742314079,
            0.033487070828791175,
            0.12366174297205583,
            0.12450058198607378,
            0.10299658141887065
        ],
        "loss_arr": [],
        "validation_accuracy_arr": []
    },
    "after_metrics": {
        "alignment": 0.10299658141887065,
        "executions": 6330750,
        "training_accuracy": 0.9,
        "testing_accuracy": 0.8333333333333334,
        "f1_score": 0.8305274971941637,
        "auc": 0.84375,
        "alignment_arr": [
            0.005616840041995521,
            0.0031609819505408125,
            0.0005603326484772225,
            0.00032891146911936806,
            0.0015279298214912888,
            0.0018452929868226983,
            0.00031954798179999666,
            0.0007008489879490788,
            0.0012187967684684985,
            0.0012543834075220037,
            0.0015339623070154476,
            0.0014581785181226254,
            0.001664208437743272,
            0.0034370195502396194,
            0.0021841387419071867,
            0.009823187863625602,
            0.011231928568018619,
            0.009389460216361483,
            0.009231460818592187,
            0.003662287911514673,
            0.01031690286510754,
            0.014123884665989041,
            0.043394375524196345,
            0.016273153601232004,
            0.016467185668187508,
            0.012619884896868844,
            0.028968733332792734,
            0.0478670479239042,
            0.01666961278108151,
            0.04564241010622693,
            0.01580882562138917,
            0.02608568995792321,
            0.03361219173919089,
            0.04593505376876529,
            0.14915145511850436,
            0.06547051721128169,
            0.14065295869267125,
            0.18527375277284683,
            0.06279574199142283,
            0.25207300867386095,
            0.08501679935542618,
            0.05714442724199674,
            0.10385569876776757,
            0.0943316066483727,
            0.0741184850330643,
            0.08534439742314079,
            0.033487070828791175,
            0.12366174297205583,
            0.12450058198607378,
            0.10299658141887065
        ],
        "loss_arr": [],
        "validation_accuracy_arr": []
    }
}