{
    "initial_metrics": {
        "alignment": 0.002759830793365836,
        "executions": null,
        "training_accuracy": 0.5666666666666667,
        "testing_accuracy": 0.4666666666666667,
        "f1_score": 0.46190476190476193,
        "auc": 0.4732142857142857,
        "alignment_arr": [],
        "loss_arr": [
            -0.15991365909576416,
            -0.1654002070426941,
            -0.17100930213928223,
            -0.17674297094345093,
            -0.18260347843170166,
            -0.18859291076660156,
            -0.19471395015716553,
            -0.20096874237060547,
            -0.2073601484298706,
            -0.21389079093933105,
            -0.22056329250335693,
            -0.227380633354187,
            -0.2343454360961914,
            -0.24146080017089844,
            -0.24872946739196777,
            -0.25615447759628296,
            -0.26373863220214844,
            -0.271484911441803,
            -0.2793964147567749,
            -0.2874757647514343,
            -0.2957261800765991,
            -0.30415046215057373,
            -0.3127514123916626,
            -0.32153207063674927,
            -0.3304949998855591,
            -0.33964335918426514,
            -0.3489795923233032,
            -0.3585067391395569,
            -0.3682272434234619,
            -0.3781439960002899,
            -0.38825929164886475,
            -0.39857614040374756,
            -0.40909671783447266,
            -0.41982370615005493,
            -0.4307595491409302,
            -0.44190657138824463,
            -0.453266978263855,
            -0.4648435413837433,
            -0.4766380786895752,
            -0.48865318298339844,
            -0.5008907914161682,
            -0.5133531093597412,
            -0.5260421633720398,
            -0.5389598608016968,
            -0.5521087646484375,
            -0.5654901266098022,
            -0.5791063904762268,
            -0.5929592847824097,
            -0.6070505976676941,
            -0.6213822364807129,
            -0.6359559297561646,
            -0.6507731676101685,
            -0.6658360362052917,
            -0.6811459064483643,
            -0.6967043876647949,
            -0.7125130891799927,
            -0.7285738587379456,
            -0.7448875904083252,
            -0.7614566087722778,
            -0.7782817482948303,
            -0.7953646183013916,
            -0.8127065896987915,
            -0.8303087949752808,
            -0.8481729030609131,
            -0.8663002252578735,
            -0.8846917748451233,
            -0.9033491611480713,
            -0.9222732782363892,
            -0.9414655566215515,
            -0.96092689037323,
            -0.980658769607544,
            -1.0006622076034546,
            -1.0209381580352783,
            -1.041487693786621,
            -1.062312126159668,
            -1.0834126472473145,
            -1.1047894954681396,
            -1.1264444589614868,
            -1.1483783721923828,
            -1.1705920696258545,
            -1.1930863857269287,
            -1.2158621549606323,
            -1.2389206886291504,
            -1.2622627019882202,
            -1.285888671875,
            -1.309800386428833,
            -1.3339977264404297,
            -1.3584816455841064,
            -1.3832533359527588,
            -1.4083133935928345,
            -1.4336628913879395,
            -1.459302306175232,
            -1.4852321147918701,
            -1.5114541053771973,
            -1.537967562675476,
            -1.5647737979888916,
            -1.5918738842010498,
            -1.6192679405212402,
            -1.6469569206237793,
            -1.6749409437179565,
            -1.7032215595245361,
            -1.7317990064620972,
            -1.7606737613677979,
            -1.7898463010787964,
            -1.8193176984786987,
            -1.8490874767303467,
            -1.8791581392288208,
            -1.9095282554626465,
            -1.9401991367340088,
            -1.9711713790893555,
            -2.002446174621582,
            -2.034022331237793,
            -2.065901279449463,
            -2.098083972930908,
            -2.13057017326355,
            -2.163360834121704,
            -2.1964564323425293,
            -2.2298567295074463,
            -2.263563632965088,
            -2.2975759506225586,
            -2.331894874572754,
            -2.366520404815674,
            -2.401453733444214,
            -2.4366941452026367,
            -2.472243309020996,
            -2.508101224899292,
            -2.5442678928375244,
            -2.5807433128356934,
            -2.6175284385681152,
            -2.654623508453369,
            -2.6920294761657715,
            -2.729745864868164,
            -2.767772674560547,
            -2.8061108589172363,
            -2.844761610031128,
            -2.883723735809326,
            -2.9229984283447266,
            -2.96258544921875,
            -3.0024850368499756,
            -3.0426981449127197,
            -3.0832247734069824,
            -3.1240644454956055,
            -3.165219306945801,
            -3.2066869735717773,
            -3.248469829559326,
            -3.2905666828155518,
            -3.332979679107666,
            -3.3757076263427734,
            -3.418750286102295,
            -3.462108612060547,
            -3.5057835578918457,
            -3.549774169921875,
            -3.594080686569214,
            -3.638704299926758,
            -3.6836447715759277,
            -3.7289013862609863,
            -3.7744760513305664,
            -3.8203678131103516,
            -3.8665771484375,
            -3.913104295730591,
            -3.9599485397338867,
            -4.007111072540283,
            -4.054593086242676,
            -4.102391242980957,
            -4.150508880615234,
            -4.198945999145508,
            -4.2477006912231445,
            -4.296774387359619,
            -4.34616756439209,
            -4.395879745483398,
            -4.445911407470703,
            -4.496262550354004,
            -4.546933650970459,
            -4.59792423248291,
            -4.649233341217041,
            -4.700863838195801,
            -4.752814769744873,
            -4.805085182189941,
            -4.8576765060424805,
            -4.910587310791016,
            -4.96381950378418,
            -5.017371654510498,
            -5.071244239807129,
            -5.125438690185547,
            -5.179952621459961,
            -5.234787940979004,
            -5.289944171905518,
            -5.34542179107666,
            -5.401220321655273,
            -5.457341194152832,
            -5.513781547546387,
            -5.5705437660217285,
            -5.627627372741699,
            -5.685032844543457,
            -5.74276065826416,
            -5.800809383392334,
            -5.85917854309082,
            -5.917870998382568,
            -5.976885795593262,
            -6.036219596862793
        ],
        "validation_accuracy_arr": []
    },
    "after_metrics": {
        "alignment": 0.07663048803806305,
        "executions": 800,
        "training_accuracy": 0.8,
        "testing_accuracy": 0.5,
        "f1_score": 0.49831649831649827,
        "auc": 0.4955357142857143,
        "alignment_arr": [],