{
    "initial_metrics": {
        "alignment": 0.13618053495883942,
        "executions": null,
        "training_accuracy": 0.8333333333333334,
        "testing_accuracy": 0.6,
        "f1_score": 0.5910714285714285,
        "alignment_arr": [
            0.1634501814842224,
            0.17542137205600739,
            0.2686115801334381,
            0.25675255060195923,
            0.25369706749916077,
            0.19203530251979828,
            0.19879207015037537,
            0.2221103459596634,
            0.2599707841873169,
            0.26883116364479065
        ],
        "loss_arr": [],
        "validation_accuracy_arr": []
    },
    "after_metrics": {
        "alignment": 0.26883116364479065,
        "executions": 6000,
        "training_accuracy": 1.0,
        "testing_accuracy": 0.8666666666666667,
        "f1_score": 0.8685185185185186,
        "alignment_arr": [
            0.1634501814842224,
            0.17542137205600739,
            0.2686115801334381,
            0.25675255060195923,
            0.25369706749916077,
            0.19203530251979828,
            0.19879207015037537,
            0.2221103459596634,
            0.2599707841873169,
            0.26883116364479065
        ],
        "loss_arr": [],
        "validation_accuracy_arr": []
    }
}