{
    "initial_metrics": {
        "alignment": 0.0027598291800480096,
        "executions": null,
        "training_accuracy": 0.5666666666666667,
        "testing_accuracy": 0.4666666666666667,
        "f1_score": 0.46190476190476193,
        "auc": 0.4732142857142857,
        "alignment_arr": [
            0.003072595489964863,
            0.0031855278196599827,
            0.003346051366961481,
            0.0036898103833544493,
            0.004333948122559516,
            0.004582512953936673,
            0.004984837706690132,
            0.005642961149626049,
            0.006170393088549939,
            0.0066196273585130555,
            0.006985464886672283,
            0.007570157981586432,
            0.008151051262441892,
            0.008748877468605686,
            0.009395781124973237,
            0.010390276289476844,
            0.010824167569059337,
            0.011743623167764054,
            0.012186360257422448,
            0.012961321264420617
        ],
        "loss_arr": [
            -0.19821119757696803,
            -0.018523933339498783,
            -0.026871149816485633,
            -0.2731894702470292,
            -0.05295087627148692,
            -0.019037253720737227,
            -0.11207700116765293,
            -0.13584138808866547,
            -0.030763786829961077,
            -0.05646155523837798,
            -0.9769084350886456,
            -0.1427120787230447,
            -0.9373028492980716,
            -0.9191072354170723,
            -0.049014331299634464,
            -0.9541673399985093,
            -0.3788899820535229,
            -0.02453062891012448,
            -0.20491381830256516,
            -0.1070952674945617,
            -0.957981811880645,
            -0.01729005958680109,
            -0.09199456954797829,
            -0.06451053738724735,
            -0.9386760467512363,
            -0.17264877482753238,
            -0.10990239350888431,
            -0.13649428757204624,
            -0.041558543698757194,
            -0.029538838497723468,
            -0.02823181609649533,
            -0.24877059385077013,
            -0.19187893340965465,
            -0.07869392446344099,
            -0.037930316895558036,
            -0.08428276003893977,
            -0.0520151372171323,
            -0.033190208277103214,
            -0.14068209300907075,
            -0.21787081198399763,
            -0.2797904394467734,
            -0.416709298425658,
            -0.1994641710145666,
            -0.2620020350609975,
            -0.04720999057515528,
            -0.3220496674611313,
            -0.15075290227904833,
            -0.05749565328952869,
            -0.36402789632831806,
            -0.06438295413671478,
            -0.16247205746124457,
            -0.032876854855592774,
            -0.16292163045182592,
            -0.898094529714886,
            -0.08163576845515394,
            -0.056126520464401614,
            -0.985259076368473,
            -0.16271826978055712,
            -0.16147060189244028,
            -0.12660301062172405,
            -0.06528136740599196,
            -0.042155828953658665,
            -0.10454419654830717,
            -0.135280002195585,
            -0.20669225934392396,
            -0.13912456146654908,
            -0.04992614277640861,
            -0.45076874450684734,
            -0.03153103106223089,
            -0.03961887371466967,
            -0.1795711828195784,
            -0.06037811581883143,
            -0.10058794285854425,
            -0.1525270457268001,
            -0.29087649082064243,
            -0.27614127820566536,
            -0.217957393407685,
            -0.1923221280173057,
            -0.08633520801237474,
            -0.11760323476603862,
            -0.05700068190068746,
            -0.18231458149212607,
            -0.36464606957752194,
            -0.24358324457562155,
            -0.061838612023576274,
            -0.19696891852279977,
            -0.14738448201406487,
            -0.35261340164675065,
            -0.05974504628785041,
            -0.07555555165368828,
            -0.15624585906854466,
            -0.11707695925788567,
            -0.06302355882130237,
            -0.08713768155527178,
            -0.041706836628153665,
            -0.21717500616002813,
            -0.2771491727762361,
            -0.06849938480879811,
            -0.13562830443915339,
            -0.3401701002964061,
            -0.8075371910275004,
            -0.09832748732793828,
            -0.1594007147982154,
            -0.1494202940302909,
            -0.1309868893631795,
            -0.33660986881697197,
            -0.058891641783233036,
            -0.25246912857348625,
            -0.4230410123308765,
            -0.05216777491087151,
            -0.030809082327858648,
            -0.012124408610787245,
            -0.27348914390074563,
            -0.35334888248166463,
            -0.29014904466374086,
            -0.1536529703114412,
            -0.13860536785769,
            -0.016458675581968354,
            -0.12043470630510515,
            -0.06653198481803231,
            -0.19348160123581365,
            -0.3579073860430408,
            -0.9157881714024172,
            -0.06946856130652533,
            -0.07918582262101365,
            -0.06626070438332644,
            -0.04578575785845332,
            -0.13413174312134263,
            -0.2639643263181122,
            -0.23067088570331468,
            -0.3317420448360407,
            -0.14900073824726745,
            -0.07655128134160037,
            -0.9664419054995126,
            -0.12512012983549686,
            -0.4176114650288034,
            -0.15075878747722302,
            -0.4169195019587202,
            -0.3155340063652035,
            -0.14912066194491777,
            -0.212151927262471,
            -0.1708719308149117,
            -0.20692159523059617,
            -0.15324635163037467,
            -0.08477615462966578,
            -0.24595661074732778,
            -0.16038489577460463,
            -0.34228979195290843,
            -0.025050469550443398,
            -0.21168061051231252,
            -0.2307524496878438,
            -0.15317737082147315,
            -0.027901483970588867,
            -0.31304211733638504,
            -0.263336883082011,
            -0.38884281463404,
            -0.1248782063772198,
            -0.20745762082861618,
            -0.26281332128047946,
            -0.13957142944890555,
            -0.516068273557419,
            -0.24779222129136158,
            -0.8150957598757395,
            -0.0712529497725743,
            -0.13781456375944773,
            -0.44886019696951324,
            -0.8559830267445215,
            -0.20569345667575425,
            -0.44234239978637535,
            -0.20785925370455205,
            -0.4299254970472693,
            -0.282789482903566,
            -0.5336644294674221,
            -0.2369100796676656,
            -0.17294081316479715,
            -0.23059349375969515,
            -0.1999690034783087,
            -0.2292041451878335,
            -0.13953432930845813,
            -0.2820146303982412,
            -0.19246793175366908,
            -0.1715228057537133,
            -0.2242220104527337,
            -0.7194013919887693,
            -0.42474147897031767,
            -0.2335615967859332,
            -0.7464294110114699,
            -0.10318944457293465,
            -0.22513334439388555,
            -0.13118683341344098,
            -0.37032899752310766,
            -0.08957789074133225,
            -0.851109581127326,
            -0.16209862370682027,
            -0.49481569895916117,
            -0.3891644398686293,
            -0.38431669123595263,
            -0.028867346528395392,
            -0.22558922538571713,
            -0.10254100032332844
        ],