{
    "initial_metrics": {
        "alignment": 0.1361805498600006,
        "executions": null,
        "training_accuracy": 0.8333333333333334,
        "testing_accuracy": 0.6,
        "f1_score": 0.5910714285714285,
        "alignment_arr": [
            0.16603195667266846,
            0.20213598012924194,
            0.2159997969865799,
            0.19506900012493134,
            0.17317163944244385,
            0.18178506195545197,
            0.21075816452503204,
            0.1915511190891266,
            0.19644442200660706,
            0.21063673496246338,
            0.16440463066101074,
            0.17701920866966248,
            0.1664619743824005,
            0.19244013726711273,
            0.20017299056053162,
            0.2567588686943054,
            0.2692241072654724,
            0.25148412585258484,
            0.23943981528282166,
            0.18659082055091858,
            0.15480110049247742,
            0.20767460763454437,
            0.25403326749801636,
            0.18700772523880005,
            0.16319574415683746,
            0.15004800260066986,
            0.14054755866527557,
            0.14715541899204254,
            0.15478843450546265,
            0.13630948960781097,
            0.1549312323331833,
            0.20955771207809448,
            0.1854182928800583,
            0.18872016668319702,
            0.18941155076026917,
            0.20893840491771698,
            0.225930854678154,
            0.20836582779884338,
            0.21446143090724945,
            0.23037447035312653,
            0.20258037745952606,
            0.19272956252098083,
            0.15398550033569336,
            0.19156894087791443,
            0.16196301579475403,
            0.19080810248851776,
            0.23722855746746063,
            0.18746089935302734,
            0.22021397948265076,
            0.20106332004070282,
            0.19607847929000854,
            0.18638677895069122,
            0.1826261729001999,
            0.18245987594127655,
            0.18007342517375946,
            0.1854877769947052,
            0.17910340428352356,
            0.18250787258148193,
            0.17545227706432343,
            0.20973151922225952,
            0.1928354650735855,
            0.2026105672121048,
            0.20886735618114471,
            0.20283983647823334,
            0.2055729627609253,
            0.18760719895362854,
            0.19199226796627045,
            0.1920062005519867,
            0.19085317850112915,
            0.16687029600143433,
            0.1546432077884674,
            0.17173874378204346,
            0.12844182550907135,
            0.16121478378772736,
            0.15898996591567993,
            0.15969739854335785,
            0.1687038093805313,
            0.20715656876564026,
            0.22649453580379486,
            0.2618210017681122,
            0.228761225938797,
            0.18501248955726624,
            0.1460951566696167,
            0.14370080828666687,
            0.12771549820899963,
            0.15052442252635956,
            0.13429874181747437,
            0.14569567143917084,
            0.159920334815979,
            0.19430558383464813,
            0.21631085872650146,
            0.23043717443943024,
            0.22048862278461456,
            0.19656489789485931,
            0.20533962547779083,
            0.18664902448654175,
            0.17894235253334045,
            0.19407497346401215,
            0.17057421803474426,
            0.1501215249300003,
            0.18507304787635803,
            0.1620323210954666,
            0.21939155459403992,
            0.20361807942390442,
            0.19869665801525116,
            0.23278139531612396,
            0.20161795616149902,
            0.2047853171825409,
            0.20939792692661285,
            0.19741931557655334,
            0.20351240038871765,
            0.1998133808374405,
            0.17558598518371582,
            0.2194667011499405,
            0.19353066384792328,
            0.223732128739357,
            0.20349660515785217,
            0.25285226106643677,
            0.23566125333309174,
            0.26141178607940674,
            0.21005161106586456,
            0.2145759016275406,
            0.2246229201555252,
            0.2167247235774994,
            0.17855581641197205,
            0.20023928582668304,
            0.1856047809123993,
            0.17078708112239838,
            0.16664385795593262,
            0.14878946542739868,
            0.16068193316459656,
            0.1613769680261612,
            0.16256214678287506,
            0.17735180258750916,
            0.23604533076286316,
            0.21996060013771057,
            0.23140358924865723,
            0.22349800169467926,
            0.2294536828994751,
            0.22154760360717773,
            0.2644137144088745,
            0.2355441004037857,
            0.2583249509334564,
            0.2652601897716522,
            0.2262769639492035,
            0.18565358221530914,
            0.17558503150939941,
            0.17889893054962158,
            0.1750946193933487,
            0.19210775196552277,
            0.17702189087867737,
            0.19764772057533264,
            0.21039612591266632,
            0.1911347210407257,
            0.21765096485614777,
            0.18530237674713135,
            0.17338772118091583,
            0.17306965589523315,
            0.18355681002140045,
            0.1922903209924698
        ],
        "loss_arr": [],
        "validation_accuracy_arr": []
    },
    "after_metrics": {
        "alignment": 0.1922903209924698,
        "executions": 12800,
        "training_accuracy": 0.9,
        "testing_accuracy": 0.6666666666666666,
        "f1_score": 0.6666666666666666,