{
    "initial_metrics": {
        "alignment": 0.07958577573299408,
        "executions": null,
        "training_accuracy": 0.88,
        "testing_accuracy": 0.64,
        "f1_score": 0.6353623188405797,
        "alignment_arr": [
            0.100226990878582,
            0.11401955038309097
        ],
        "loss_arr": [],
        "validation_accuracy_arr": []
    },
    "after_metrics": {
        "alignment": 0.11401955038309097,
        "executions": 800,
        "training_accuracy": 0.93,
        "testing_accuracy": 0.77,
        "f1_score": 0.7697929792979298,
        "alignment_arr": [
            0.100226990878582,
            0.11401955038309097
        ],
        "loss_arr": [],
        "validation_accuracy_arr": []
    }
}