{
    "initial_metrics": {
        "alignment": 0.07958577573299408,
        "executions": null,
        "training_accuracy": 0.88,
        "testing_accuracy": 0.64,
        "f1_score": 0.6353623188405797,
        "alignment_arr": [
            0.09478030353784561,
            0.08695895224809647,
            0.07953758537769318,
            0.06263108551502228,
            0.07883774489164352,
            0.06100260838866234,
            0.09006182849407196,
            0.06691768765449524,
            0.060925938189029694,
            0.0612613745033741,
            0.08212286233901978,
            0.09345781058073044,
            0.09697728604078293,
            0.08428230881690979,
            0.07635153084993362,
            0.10250592231750488,
            0.10706526786088943,
            0.07621294260025024,
            0.08791399747133255,
            0.07935205847024918
        ],
        "loss_arr": [],
        "validation_accuracy_arr": []
    },
    "after_metrics": {
        "alignment": 0.07935205847024918,
        "executions": 8000,
        "training_accuracy": 0.91,
        "testing_accuracy": 0.76,
        "f1_score": 0.7588311688311689,
        "alignment_arr": [
            0.09478030353784561,
            0.08695895224809647,
            0.07953758537769318,
            0.06263108551502228,
            0.07883774489164352,
            0.06100260838866234,
            0.09006182849407196,
            0.06691768765449524,
            0.060925938189029694,
            0.0612613745033741,
            0.08212286233901978,
            0.09345781058073044,
            0.09697728604078293,
            0.08428230881690979,
            0.07635153084993362,
            0.10250592231750488,
            0.10706526786088943,
            0.07621294260025024,
            0.08791399747133255,
            0.07935205847024918
        ],
        "loss_arr": [],
        "validation_accuracy_arr": []
    }
}