{
    "initial_metrics": {
        "alignment": 0.21045280992984772,
        "executions": null,
        "training_accuracy": 0.9666666666666667,
        "testing_accuracy": 0.7,
        "f1_score": 0.705050505050505,
        "alignment_arr": [
            0.2540110647678375,
            0.27077043056488037,
            0.2738800346851349,
            0.27598899602890015,
            0.27287939190864563
        ],
        "loss_arr": [],
        "validation_accuracy_arr": []
    },
    "after_metrics": {
        "alignment": 0.27287939190864563,
        "executions": 800,
        "training_accuracy": 1.0,
        "testing_accuracy": 0.8333333333333334,
        "f1_score": 0.8361391694725028,
        "alignment_arr": [
            0.2540110647678375,
            0.27077043056488037,
            0.2738800346851349,
            0.27598899602890015,
            0.27287939190864563
        ],
        "loss_arr": [],
        "validation_accuracy_arr": []
    }
}