{
    "initial_metrics": {
        "alignment": 0.1973714828491211,
        "executions": null,
        "training_accuracy": 0.9333333333333333,
        "testing_accuracy": 0.6666666666666666,
        "f1_score": 0.6592261904761905,
        "alignment_arr": [
            0.2343694418668747,
            0.2704635262489319,
            0.29036590456962585,
            0.3016805946826935,
            0.30571940541267395
        ],
        "loss_arr": [],
        "validation_accuracy_arr": []
    },
    "after_metrics": {
        "alignment": 0.30571940541267395,
        "executions": 800,
        "training_accuracy": 1.0,
        "testing_accuracy": 0.8,
        "f1_score": 0.8027777777777778,
        "alignment_arr": [
            0.2343694418668747,
            0.2704635262489319,
            0.29036590456962585,
            0.3016805946826935,
            0.30571940541267395
        ],
        "loss_arr": [],
        "validation_accuracy_arr": []
    }
}