{
    "initial_metrics": {
        "alignment": 0.15901845693588257,
        "executions": null,
        "training_accuracy": 0.98,
        "testing_accuracy": 0.94,
        "f1_score": 0.939853896103896,
        "alignment_arr": [
            0.16525815427303314,
            0.1580859124660492,
            0.16624970734119415,
            0.17368251085281372,
            0.1775406002998352
        ],
        "loss_arr": [],
        "validation_accuracy_arr": []
    },
    "after_metrics": {
        "alignment": 0.1775406002998352,
        "executions": 4000,
        "training_accuracy": 0.96,
        "testing_accuracy": 0.86,
        "f1_score": 0.8602254428341385,
        "alignment_arr": [
            0.16525815427303314,
            0.1580859124660492,
            0.16624970734119415,
            0.17368251085281372,
            0.1775406002998352
        ],
        "loss_arr": [],
        "validation_accuracy_arr": []
    }
}