{
    "initial_metrics": {
        "alignment": 0.07958577573299408,
        "executions": null,
        "training_accuracy": 0.88,
        "testing_accuracy": 0.64,
        "f1_score": 0.6353623188405797,
        "alignment_arr": [
            0.1336628645658493,
            0.17189833521842957,
            0.17246271669864655,
            0.15014716982841492,
            0.10651560872793198,
            0.1439719945192337,
            0.19413822889328003,
            0.16664940118789673,
            0.17847225069999695,
            0.1791706681251526
        ],
        "loss_arr": [],
        "validation_accuracy_arr": []
    },
    "after_metrics": {
        "alignment": 0.1791706681251526,
        "executions": 20000,
        "training_accuracy": 0.96,
        "testing_accuracy": 0.86,
        "f1_score": 0.86,
        "alignment_arr": [
            0.1336628645658493,
            0.17189833521842957,
            0.17246271669864655,
            0.15014716982841492,
            0.10651560872793198,
            0.1439719945192337,
            0.19413822889328003,
            0.16664940118789673,
            0.17847225069999695,
            0.1791706681251526
        ],
        "loss_arr": [],
        "validation_accuracy_arr": []
    }
}