{
    "initial_metrics": {
        "alignment": 0.13956882059574127,
        "executions": null,
        "training_accuracy": 0.9333333333333333,
        "testing_accuracy": 0.8,
        "f1_score": 0.7982142857142857,
        "alignment_arr": [
            0.1624964028596878,
            0.23561930656433105,
            0.24315746128559113,
            0.18705353140830994,
            0.20197193324565887,
            0.2387939989566803,
            0.23578768968582153,
            0.2611086666584015,
            0.2835010290145874,
            0.2883510887622833
        ],
        "loss_arr": [],
        "validation_accuracy_arr": []
    },
    "after_metrics": {
        "alignment": 0.2883510887622833,
        "executions": 6000,
        "training_accuracy": 1.0,
        "testing_accuracy": 0.8666666666666667,
        "f1_score": 0.8666666666666667,
        "alignment_arr": [
            0.1624964028596878,
            0.23561930656433105,
            0.24315746128559113,
            0.18705353140830994,
            0.20197193324565887,
            0.2387939989566803,
            0.23578768968582153,
            0.2611086666584015,
            0.2835010290145874,
            0.2883510887622833
        ],
        "loss_arr": [],
        "validation_accuracy_arr": []
    }
}