{"num_layers": 5, "accuracy_train_init": 0.8333333333333334, "accuracy_test_init": 0.6, "alignment_train_init": 0.13618053495883942, "accuracy_train_final": 0.8666666666666667, "accuracy_test_final": 0.4666666666666667, "alignment_train_epochs": [0.135505810379982, 0.13544076681137085, 0.1347455084323883, 0.13520662486553192, 0.13540564477443695, 0.13475050032138824, 0.13691875338554382, 0.13698987662792206, 0.13764376938343048, 0.13711412250995636, 0.13712367415428162, 0.13649244606494904, 0.1385272890329361, 0.13880789279937744, 0.14141416549682617, 0.14264686405658722, 0.14570464193820953, 0.1454629898071289, 0.14655758440494537, 0.14628484845161438, 0.15180543065071106, 0.15277531743049622, 0.15358808636665344, 0.1527997851371765, 0.15255874395370483, 0.15244321525096893, 0.15310490131378174, 0.15344464778900146, 0.15207606554031372, 0.15197408199310303, 0.15245437622070312, 0.1535983383655548, 0.154629647731781, 0.15466901659965515, 0.15463152527809143, 0.15470969676971436, 0.15590405464172363, 0.15509065985679626, 0.15591415762901306, 0.1579836905002594, 0.15806128084659576, 0.15806055068969727, 0.15832848846912384, 0.15781298279762268, 0.15862679481506348, 0.1588926762342453, 0.15869355201721191, 0.1585654616355896, 0.16072602570056915, 0.16063763201236725, 0.16078652441501617, 0.16020739078521729, 0.15939463675022125, 0.15859830379486084, 0.15897178649902344, 0.15917663276195526, 0.15788179636001587, 0.15734846889972687, 0.15734533965587616, 0.15767058730125427, 0.15788687765598297, 0.15336349606513977, 0.15339986979961395, 0.15346398949623108, 0.156845822930336, 0.1583966761827469, 0.1585014909505844, 0.15928290784358978, 0.1592811793088913, 0.16092908382415771, 0.16101334989070892, 0.162793830037117, 0.16280359029769897, 0.16262537240982056, 0.1628333330154419, 0.16235202550888062, 0.16233330965042114, 0.1658366173505783, 0.1656830608844757, 0.16559213399887085, 0.1655140370130539, 0.1678791642189026, 0.16801589727401733, 0.16904135048389435, 0.16446976363658905, 0.16450293362140656, 0.16447554528713226, 0.16945336759090424, 0.17070455849170685, 0.17374862730503082, 0.17379403114318848, 0.17364801466464996, 0.17297570407390594, 0.17449460923671722, 0.17468313872814178, 0.1743142157793045, 0.1771375834941864, 0.1754084825515747, 0.17185963690280914, 0.17271557450294495, 0.17585735023021698, 0.17627142369747162, 0.17398157715797424, 0.17585329711437225, 0.17653043568134308, 0.17578765749931335, 0.17591223120689392, 0.17575931549072266, 0.17593993246555328, 0.1755242794752121, 0.175401508808136, 0.17539846897125244, 0.17689663171768188, 0.17905285954475403, 0.1795286238193512, 0.17716874182224274, 0.1778145283460617, 0.1789563149213791, 0.17846275866031647, 0.17817313969135284, 0.1783929020166397, 0.17674407362937927, 0.1765110343694687, 0.1764957457780838, 0.17646031081676483, 0.1757139265537262, 0.17557473480701447, 0.17470207810401917, 0.17686651647090912, 0.17685633897781372, 0.17757362127304077, 0.17723527550697327, 0.1778687834739685, 0.177872896194458, 0.17759130895137787, 0.1789441555738449, 0.17907582223415375, 0.17910602688789368, 0.1792159378528595, 0.17997096478939056, 0.17991897463798523, 0.1798003911972046, 0.1792592704296112, 0.17923623323440552, 0.17925266921520233, 0.18012596666812897, 0.18016472458839417, 0.17962110042572021, 0.18081629276275635, 0.18087826669216156, 0.18027541041374207, 0.18441951274871826, 0.18528251349925995, 0.18602703511714935, 0.1856776624917984, 0.18593905866146088, 0.1848239153623581, 0.18457981944084167, 0.18434686958789825, 0.18360455334186554, 0.18357513844966888, 0.18367312848567963, 0.18373502790927887, 0.1837349832057953, 0.1824588030576706, 0.18416744470596313, 0.18446485698223114, 0.1846831887960434, 0.18451504409313202, 0.18468503654003143, 0.1846935749053955, 0.1850081980228424, 0.1849457323551178, 0.18359176814556122, 0.18390944600105286, 0.18323363363742828, 0.182893767952919, 0.1830075979232788, 0.18219980597496033, 0.18230076134204865, 0.18231916427612305, 0.1823364645242691, 0.18243461847305298, 0.181356742978096, 0.1814330518245697, 0.18193873763084412, 0.18135379254817963, 0.1822725236415863, 0.18263550102710724, 0.1824614405632019, 0.18275858461856842, 0.18271484971046448, 0.1812151074409485, 0.18197984993457794, 0.18477313220500946, 0.18584966659545898, 0.18699926137924194, 0.1881846785545349, 0.18809360265731812, 0.18689532577991486, 0.1856086403131485, 0.1859181672334671, 0.18597511947155, 0.18602854013442993, 0.18556581437587738, 0.1854657232761383, 0.1854432076215744, 0.184995636343956, 0.1853148192167282, 0.1853080838918686, 0.18607889115810394, 0.18660148978233337, 0.1865873783826828, 0.1866132915019989, 0.18631848692893982, 0.1876695156097412, 0.1869615614414215, 0.1876431256532669, 0.1880810558795929, 0.18884359300136566, 0.18866854906082153, 0.18541325628757477, 0.18556919693946838, 0.1853993982076645, 0.18473464250564575, 0.18547995388507843, 0.1840730756521225, 0.1846812516450882, 0.183844655752182, 0.1838594675064087, 0.18424564599990845, 0.18423865735530853, 0.18409934639930725, 0.18394735455513, 0.183719664812088, 0.18382275104522705, 0.18395932018756866, 0.1839587539434433, 0.1842552274465561, 0.1846853792667389, 0.19009724259376526, 0.19063475728034973, 0.19073034822940826, 0.1910179704427719, 0.19038791954517365, 0.19070959091186523, 0.19145964086055756, 0.19149929285049438, 0.19046510756015778, 0.1911724954843521, 0.1912003457546234, 0.18965108692646027, 0.19143448770046234, 0.19184510409832, 0.19121696054935455, 0.19172519445419312, 0.1917835772037506, 0.19229957461357117, 0.19256946444511414, 0.19287291169166565, 0.19287905097007751, 0.1921282708644867, 0.19100022315979004, 0.19078956544399261, 0.191099151968956, 0.18997792899608612, 0.19179552793502808, 0.19229698181152344, 0.19183142483234406, 0.19233746826648712, 0.19191336631774902, 0.19213630259037018, 0.19108498096466064, 0.1911109834909439, 0.19037315249443054, 0.1888471245765686, 0.19018560647964478, 0.19191421568393707, 0.1920463740825653, 0.1925375759601593, 0.1923140436410904, 0.19163362681865692, 0.19171391427516937, 0.19087639451026917, 0.19157135486602783, 0.19148096442222595, 0.19136762619018555, 0.19143596291542053, 0.19069477915763855, 0.19081729650497437, 0.19167785346508026, 0.1934470683336258, 0.19278065860271454, 0.19170548021793365, 0.19141711294651031, 0.19023080170154572, 0.19018934667110443, 0.19010597467422485, 0.189682275056839, 0.1893666684627533, 0.18842196464538574, 0.18962128460407257, 0.18992586433887482, 0.1900722086429596, 0.18995799124240875, 0.18876750767230988, 0.18866421282291412, 0.18821343779563904, 0.18868638575077057, 0.18839417397975922, 0.18811437487602234, 0.1870797574520111, 0.18734051287174225, 0.18581409752368927, 0.1839936077594757, 0.18341512978076935, 0.18428736925125122, 0.18404223024845123, 0.19180412590503693, 0.19187551736831665, 0.1918984204530716, 0.19028347730636597, 0.1902647614479065, 0.18815648555755615, 0.18777765333652496, 0.1860308200120926, 0.1869954764842987, 0.18717098236083984, 0.18688735365867615, 0.18721257150173187, 0.18755024671554565, 0.1878414750099182, 0.18857800960540771, 0.1890103816986084, 0.18911367654800415, 0.18916526436805725, 0.19116318225860596, 0.191152885556221, 0.19112782180309296, 0.19114559888839722, 0.19043762981891632, 0.190267875790596, 0.1909785121679306, 0.19162645936012268, 0.19261957705020905, 0.19257903099060059, 0.192640021443367, 0.1938191056251526, 0.1921381652355194, 0.1909034103155136, 0.19076679646968842, 0.18888558447360992, 0.19011551141738892, 0.19012361764907837, 0.18870380520820618, 0.189251109957695, 0.18929141759872437, 0.18914151191711426, 0.18914206326007843, 0.188737690448761, 0.18836617469787598, 0.1883084774017334, 0.1880778968334198, 0.18907295167446136, 0.18918049335479736, 0.18916578590869904, 0.1888379454612732, 0.18841810524463654, 0.1899299919605255, 0.1896892637014389, 0.19039440155029297, 0.1905023157596588, 0.19036629796028137, 0.19038043916225433, 0.19008107483386993, 0.1935693323612213, 