dataset,method,run_id,iteration,accuracy,alignment,loss,circuits,time_sec,subcentroids,noise_level,mitigation,n_samples
double_cake,ccka,ccka_lr0_1_lr0_01_lr0_01_optgd_epochs100_epochs0_001_epochs0_001_clusters2__rep1,0,0.8125,tensor(0.1926, grad_fn=<SqueezeBackward0>),tensor(0.5570, grad_fn=<AddBackward0>),80,34.65483593940735,2,0.5,,20
double_cake,ccka,ccka_lr0_1_lr0_01_lr0_01_optgd_epochs100_epochs0_001_epochs0_001_clusters6__rep1,0,0.875,tensor(0.1871, grad_fn=<SqueezeBackward0>),tensor(0.7335, grad_fn=<AddBackward0>),240,35.930925130844116,6,0.5,,20
double_cake,ccka,ccka_lr0_1_lr0_01_lr0_01_optgd_epochs100_epochs0_001_epochs0_001_clusters4__rep1,0,0.875,tensor(0.1899, grad_fn=<SqueezeBackward0>),tensor(0.6879, grad_fn=<AddBackward0>),160,35.7861111164093,4,0.5,,20
double_cake,ccka,ccka_lr0_1_lr0_01_lr0_01_optgd_epochs100_epochs0_001_epochs0_001_clusters2__rep1,1,0.875,tensor(0.1913, grad_fn=<SqueezeBackward0>),tensor(1.4206, grad_fn=<AddBackward0>),160,34.134544134140015,2,0.5,,20
double_cake,ccka,ccka_lr0_1_lr0_01_lr0_01_optgd_epochs100_epochs0_001_epochs0_001_clusters4__rep1,1,0.875,tensor(0.1786, grad_fn=<SqueezeBackward0>),tensor(1.2847, grad_fn=<AddBackward0>),320,35.0586040019989,4,0.5,,20
double_cake,ccka,ccka_lr0_1_lr0_01_lr0_01_optgd_epochs100_epochs0_001_epochs0_001_clusters6__rep1,1,0.875,tensor(0.1750, grad_fn=<SqueezeBackward0>),tensor(1.0004, grad_fn=<AddBackward0>),480,35.43413782119751,6,0.5,,20
double_cake,ccka,ccka_lr0_1_lr0_01_lr0_01_optgd_epochs100_epochs0_001_epochs0_001_clusters2__rep1,2,0.8125,tensor(0.2060, grad_fn=<SqueezeBackward0>),tensor(0.5082, grad_fn=<AddBackward0>),240,34.454893827438354,2,0.5,,20
double_cake,ccka,ccka_lr0_1_lr0_01_lr0_01_optgd_epochs100_epochs0_001_epochs0_001_clusters4__rep1,2,0.875,tensor(0.1911, grad_fn=<SqueezeBackward0>),tensor(0.6212, grad_fn=<AddBackward0>),480,35.5052649974823,4,0.5,,20
double_cake,ccka,ccka_lr0_1_lr0_01_lr0_01_optgd_epochs100_epochs0_001_epochs0_001_clusters6__rep1,2,0.875,tensor(0.1839, grad_fn=<SqueezeBackward0>),tensor(0.6863, grad_fn=<AddBackward0>),720,38.073540925979614,6,0.5,,20
double_cake,ccka,ccka_lr0_1_lr0_01_lr0_01_optgd_epochs100_epochs0_001_epochs0_001_clusters2__rep1,3,0.875,tensor(0.2052, grad_fn=<SqueezeBackward0>),tensor(1.3935, grad_fn=<AddBackward0>),320,35.473358154296875,2,0.5,,20
double_cake,ccka,ccka_lr0_1_lr0_01_lr0_01_optgd_epochs100_epochs0_001_epochs0_001_clusters4__rep1,3,0.875,tensor(0.1773, grad_fn=<SqueezeBackward0>),tensor(1.2392, grad_fn=<AddBackward0>),640,34.75164270401001,4,0.5,,20
double_cake,ccka,ccka_lr0_1_lr0_01_lr0_01_optgd_epochs100_epochs0_001_epochs0_001_clusters6__rep1,3,0.875,tensor(0.1864, grad_fn=<SqueezeBackward0>),tensor(0.8543, grad_fn=<AddBackward0>),960,34.43795680999756,6,0.5,,20
double_cake,ccka,ccka_lr0_1_lr0_01_lr0_01_optgd_epochs100_epochs0_001_epochs0_001_clusters2__rep1,4,0.875,tensor(0.2133, grad_fn=<SqueezeBackward0>),tensor(0.4887, grad_fn=<AddBackward0>),400,33.35624814033508,2,0.5,,20
double_cake,ccka,ccka_lr0_1_lr0_01_lr0_01_optgd_epochs100_epochs0_001_epochs0_001_clusters4__rep1,4,0.875,tensor(0.1820, grad_fn=<SqueezeBackward0>),tensor(0.5886, grad_fn=<AddBackward0>),800,37.26736879348755,4,0.5,,20
double_cake,ccka,ccka_lr0_1_lr0_01_lr0_01_optgd_epochs100_epochs0_001_epochs0_001_clusters6__rep1,4,0.875,tensor(0.1862, grad_fn=<SqueezeBackward0>),tensor(0.6618, grad_fn=<AddBackward0>),1200,37.846839904785156,6,0.5,,20
double_cake,ccka,ccka_lr0_1_lr0_01_lr0_01_optgd_epochs100_epochs0_001_epochs0_001_clusters2__rep1,5,0.9375,tensor(0.2090, grad_fn=<SqueezeBackward0>),tensor(1.3919, grad_fn=<AddBackward0>),480,35.49717998504639,2,0.5,,20
double_cake,ccka,ccka_lr0_1_lr0_01_lr0_01_optgd_epochs100_epochs0_001_epochs0_001_clusters4__rep1,5,0.875,tensor(0.1720, grad_fn=<SqueezeBackward0>),tensor(1.2298, grad_fn=<AddBackward0>),960,35.60155200958252,4,0.5,,20
double_cake,ccka,ccka_lr0_1_lr0_01_lr0_01_optgd_epochs100_epochs0_001_epochs0_001_clusters6__rep1,5,0.9375,tensor(0.1933, grad_fn=<SqueezeBackward0>),tensor(0.7258, grad_fn=<AddBackward0>),1440,34.470921993255615,6,0.5,,20
double_cake,ccka,ccka_lr0_1_lr0_01_lr0_01_optgd_epochs100_epochs0_001_epochs0_001_clusters2__rep1,6,0.9375,tensor(0.2137, grad_fn=<SqueezeBackward0>),tensor(0.4897, grad_fn=<AddBackward0>),560,34.846911907196045,2,0.5,,20
double_cake,ccka,ccka_lr0_1_lr0_01_lr0_01_optgd_epochs100_epochs0_001_epochs0_001_clusters4__rep1,6,0.875,tensor(0.1741, grad_fn=<SqueezeBackward0>),tensor(0.5816, grad_fn=<AddBackward0>),1120,35.37735176086426,4,0.5,,20
double_cake,ccka,ccka_lr0_1_lr0_01_lr0_01_optgd_epochs100_epochs0_001_epochs0_001_clusters6__rep1,6,0.875,tensor(0.1901, grad_fn=<SqueezeBackward0>),tensor(0.6554, grad_fn=<AddBackward0>),1680,37.60398578643799,6,0.5,,20
double_cake,ccka,ccka_lr0_1_lr0_01_lr0_01_optgd_epochs100_epochs0_001_epochs0_001_clusters2__rep1,7,0.9375,tensor(0.2070, grad_fn=<SqueezeBackward0>),tensor(1.4000, grad_fn=<AddBackward0>),640,34.312994956970215,2,0.5,,20
double_cake,ccka,ccka_lr0_1_lr0_01_lr0_01_optgd_epochs100_epochs0_001_epochs0_001_clusters4__rep1,7,0.875,tensor(0.1668, grad_fn=<SqueezeBackward0>),tensor(1.2712, grad_fn=<AddBackward0>),1280,36.646859884262085,4,0.5,,20
double_cake,ccka,ccka_lr0_1_lr0_01_lr0_01_optgd_epochs100_epochs0_001_epochs0_001_clusters6__rep1,7,0.9375,tensor(0.1955, grad_fn=<SqueezeBackward0>),tensor(0.6557, grad_fn=<AddBackward0>),1920,35.65002799034119,6,0.5,,20
double_cake,ccka,ccka_lr0_1_lr0_01_lr0_01_optgd_epochs100_epochs0_001_epochs0_001_clusters2__rep1,8,0.9375,tensor(0.2100, grad_fn=<SqueezeBackward0>),tensor(0.5085, grad_fn=<AddBackward0>),720,34.38599491119385,2,0.5,,20
double_cake,ccka,ccka_lr0_1_lr0_01_lr0_01_optgd_epochs100_epochs0_001_epochs0_001_clusters4__rep1,8,0.875,tensor(0.1707, grad_fn=<SqueezeBackward0>),tensor(0.5927, grad_fn=<AddBackward0>),1440,34.30928111076355,4,0.5,,20
double_cake,ccka,ccka_lr0_1_lr0_01_lr0_01_optgd_epochs100_epochs0_001_epochs0_001_clusters6__rep1,8,0.9375,tensor(0.1929, grad_fn=<SqueezeBackward0>),tensor(0.6483, grad_fn=<AddBackward0>),2160,36.59224820137024,6,0.5,,20
double_cake,ccka,ccka_lr0_1_lr0_01_lr0_01_optgd_epochs100_epochs0_001_epochs0_001_clusters2__rep1,9,0.875,tensor(0.2036, grad_fn=<SqueezeBackward0>),tensor(1.4116, grad_fn=<AddBackward0>),800,35.94958019256592,2,0.5,,20
double_cake,ccka,ccka_lr0_1_lr0_01_lr0_01_optgd_epochs100_epochs0_001_epochs0_001_clusters4__rep1,9,0.875,tensor(0.1641, grad_fn=<SqueezeBackward0>),tensor(1.3237, grad_fn=<AddBackward0>),1600,35.68703627586365,4,0.5,,20
double_cake,ccka,ccka_lr0_1_lr0_01_lr0_01_optgd_epochs100_epochs0_001_epochs0_001_clusters6__rep1,9,0.9375,tensor(0.1988, grad_fn=<SqueezeBackward0>),tensor(0.6431, grad_fn=<AddBackward0>),2400,35.46249008178711,6,0.5,,20
double_cake,ccka,ccka_lr0_1_lr0_01_lr0_01_optgd_epochs100_epochs0_001_epochs0_001_clusters8__rep1,0,0.875,tensor(0.1915, grad_fn=<SqueezeBackward0>),tensor(1.0496, grad_fn=<AddBackward0>),320,35.75878596305847,8,0.5,,20
double_cake,ccka,ccka_lr0_1_lr0_01_lr0_01_optgd_epochs100_epochs0_001_epochs0_001_clusters10__rep1,0,0.875,tensor(0.1775, grad_fn=<SqueezeBackward0>),tensor(0.9464, grad_fn=<AddBackward0>),400,35.92862415313721,10,0.5,,20
double_cake,ccka,ccka_lr0_1_lr0_01_lr0_01_optgd_epochs100_epochs0_001_epochs0_001_clusters8__rep1,1,0.875,tensor(0.1843, grad_fn=<SqueezeBackward0>),tensor(1.0836, grad_fn=<AddBackward0>),640,36.80122518539429,8,0.5,,20
double_cake,ccka,ccka_lr0_1_lr0_01_lr0_01_optgd_epochs100_epochs0_001_epochs0_001_clusters10__rep1,1,0.875,tensor(0.1804, grad_fn=<SqueezeBackward0>),tensor(0.9467, grad_fn=<AddBackward0>),800,37.020408153533936,10,0.5,,20
double_cake,ccka,ccka_lr0_1_lr0_01_lr0_01_optgd_epochs100_epochs0_001_epochs0_001_clusters8__rep1,2,0.875,tensor(0.2004, grad_fn=<SqueezeBackward0>),tensor(1.0510, grad_fn=<AddBackward0>),960,37.10903310775757,8,0.5,,20
double_cake,ccka,ccka_lr0_1_lr0_01_lr0_01_optgd_epochs100_epochs0_001_epochs0_001_clusters10__rep1,2,0.875,tensor(0.1882, grad_fn=<SqueezeBackward0>),tensor(0.7448, grad_fn=<AddBackward0>),1200,38.425739765167236,10,0.5,,20
double_cake,ccka,ccka_lr0_1_lr0_01_lr0_01_optgd_epochs100_epochs0_001_epochs0_001_clusters2__rep1,0,0.9583333333333334,tensor(0.1618, grad_fn=<SqueezeBackward0>),tensor(0.9663, grad_fn=<AddBackward0>),80,77.28469586372375,2,0.5,,20
double_cake,ccka,ccka_lr0_1_lr0_01_lr0_01_optgd_epochs100_epochs0_001_epochs0_001_clusters8__rep1,3,0.8125,tensor(0.1910, grad_fn=<SqueezeBackward0>),tensor(1.0344, grad_fn=<AddBackward0>),1280,37.32253909111023,8,0.5,,20
double_cake,ccka,ccka_lr0_1_lr0_01_lr0_01_optgd_epochs100_epochs0_001_epochs0_001_clusters10__rep1,3,0.875,tensor(0.1878, grad_fn=<SqueezeBackward0>),tensor(0.8658, grad_fn=<AddBackward0>),1600,36.19375276565552,10,0.5,,20
double_cake,ccka,ccka_lr0_1_lr0_01_lr0_01_optgd_epochs100_epochs0_001_epochs0_001_clusters8__rep1,4,0.8125,tensor(0.2009, grad_fn=<SqueezeBackward0>),tensor(1.0493, grad_fn=<AddBackward0>),1600,34.61023306846619,8,0.5,,20
double_cake,ccka,ccka_lr0_1_lr0_01_lr0_01_optgd_epochs100_epochs0_001_epochs0_001_clusters10__rep1,4,0.875,tensor(0.1881, grad_fn=<SqueezeBackward0>),tensor(0.6082, grad_fn=<AddBackward0>),2000,36.80171298980713,10,0.5,,20
double_cake,ccka,ccka_lr0_1_lr0_01_lr0_01_optgd_epochs100_epochs0_001_epochs0_001_clusters2__rep1,1,1.0,tensor(0.1598, grad_fn=<SqueezeBackward0>),tensor(0.5365, grad_fn=<AddBackward0>),160,76.88306212425232,2,0.5,,20
double_cake,ccka,ccka_lr0_1_lr0_01_lr0_01_optgd_epochs100_epochs0_001_epochs0_001_clusters8__rep1,5,0.8125,tensor(0.1928, grad_fn=<SqueezeBackward0>),tensor(1.0036, grad_fn=<AddBackward0>),1920,36.706881046295166,8,0.5,,20
double_cake,ccka,ccka_lr0_1_lr0_01_lr0_01_optgd_epochs100_epochs0_001_epochs0_001_clusters10__rep1,5,0.875,tensor(0.1796, grad_fn=<SqueezeBackward0>),tensor(0.7942, grad_fn=<AddBackward0>),2400,37.38289213180542,10,0.5,,20
double_cake,ccka,ccka_lr0_1_lr0_01_lr0_01_optgd_epochs100_epochs0_001_epochs0_001_clusters8__rep1,6,0.875,tensor(0.1958, grad_fn=<SqueezeBackward0>),tensor(1.0364, grad_fn=<AddBackward0>),2240,37.24598479270935,8,0.5,,20
double_cake,ccka,ccka_lr0_1_lr0_01_lr0_01_optgd_epochs100_epochs0_001_epochs0_001_clusters10__rep1,6,0.9375,tensor(0.1792, grad_fn=<SqueezeBackward0>),tensor(0.5666, grad_fn=<AddBackward0>),2800,38.646733045578,10,0.5,,20
double_cake,ccka,ccka_lr0_1_lr0_01_lr0_01_optgd_epochs100_epochs0_001_epochs0_001_clusters2__rep1,2,1.0,tensor(0.1801, grad_fn=<SqueezeBackward0>),tensor(0.7824, grad_fn=<AddBackward0>),240,75.77811622619629,2,0.5,,20
double_cake,ccka,ccka_lr0_1_lr0_01_lr0_01_optgd_epochs100_epochs0_001_epochs0_001_clusters8__rep1,7,0.875,tensor(0.1917, grad_fn=<SqueezeBackward0>),tensor(1.0012, grad_fn=<AddBackward0>),2560,36.178126096725464,8,0.5,,20
double_cake,ccka,ccka_lr0_1_lr0_01_lr0_01_optgd_epochs100_epochs0_001_epochs0_001_clusters10__rep1,7,0.9375,tensor(0.1676, grad_fn=<SqueezeBackward0>),tensor(0.7408, grad_fn=<AddBackward0>),3200,37.68918299674988,10,0.5,,20
double_cake,ccka,ccka_lr0_1_lr0_01_lr0_01_optgd_epochs100_epochs0_001_epochs0_001_clusters8__rep1,8,0.875,tensor(0.1955, grad_fn=<SqueezeBackward0>),tensor(1.0150, grad_fn=<AddBackward0>),2880,35.42096471786499,8,0.5,,20
double_cake,ccka,ccka_lr0_1_lr0_01_lr0_01_optgd_epochs100_epochs0_001_epochs0_001_clusters10__rep1,8,0.9375,tensor(0.1726, grad_fn=<SqueezeBackward0>),tensor(0.5676, grad_fn=<AddBackward0>),3600,37.69857668876648,10,0.5,,20
double_cake,ccka,ccka_lr0_1_lr0_01_lr0_01_optgd_epochs100_epochs0_001_epochs0_001_clusters8__rep1,9,0.875,tensor(0.1939, grad_fn=<SqueezeBackward0>),tensor(1.0405, grad_fn=<AddBackward0>),3200,36.74290609359741,8,0.5,,20
double_cake,ccka,ccka_lr0_1_lr0_01_lr0_01_optgd_epochs100_epochs0_001_epochs0_001_clusters2__rep1,3,1.0,tensor(0.1771, grad_fn=<SqueezeBackward0>),tensor(0.4893, grad_fn=<AddBackward0>),320,79.36159372329712,2,0.5,,20
double_cake,ccka,ccka_lr0_1_lr0_01_lr0_01_optgd_epochs100_epochs0_001_epochs0_001_clusters10__rep1,9,0.9375,tensor(0.1605, grad_fn=<SqueezeBackward0>),tensor(0.7042, grad_fn=<AddBackward0>),4000,37.607983112335205,10,0.5,,20
double_cake,ccka,ccka_lr0_1_lr0_01_lr0_01_optgd_epochs100_epochs0_001_epochs0_001_clusters2__rep1,4,1.0,tensor(0.1860, grad_fn=<SqueezeBackward0>),tensor(1.1389, grad_fn=<AddBackward0>),400,76.85504174232483,2,0.5,,20
double_cake,ccka,ccka_lr0_1_lr0_01_lr0_01_optgd_epochs100_epochs0_001_epochs0_001_clusters2__rep1,5,1.0,tensor(0.1797, grad_fn=<SqueezeBackward0>),tensor(0.5429, grad_fn=<AddBackward0>),480,76.92387509346008,2,0.5,,20
double_cake,ccka,ccka_lr0_1_lr0_01_lr0_01_optgd_epochs100_epochs0_001_epochs0_001_clusters4__rep1,0,0.875,tensor(0.1453, grad_fn=<SqueezeBackward0>),tensor(0.8754, grad_fn=<AddBackward0>),160,77.11068797111511,4,0.5,,20
double_cake,ccka,ccka_lr0_1_lr0_01_lr0_01_optgd_epochs100_epochs0_001_epochs0_001_clusters6__rep1,0,0.875,tensor(0.1444, grad_fn=<SqueezeBackward0>),tensor(1.0249, grad_fn=<AddBackward0>),240,81.40976572036743,6,0.5,,20
double_cake,ccka,ccka_lr0_1_lr0_01_lr0_01_optgd_epochs100_epochs0_001_epochs0_001_clusters2__rep1,6,1.0,tensor(0.1868, grad_fn=<SqueezeBackward0>),tensor(1.5371, grad_fn=<AddBackward0>),560,83.09405517578125,2,0.5,,20
double_cake,ccka,ccka_lr0_1_lr0_01_lr0_01_optgd_epochs100_epochs0_001_epochs0_001_clusters4__rep1,1,0.9166666666666666,tensor(0.1527, grad_fn=<SqueezeBackward0>),tensor(0.6837, grad_fn=<AddBackward0>),320,83.76203322410583,4,0.5,,20
double_cake,ccka,ccka_lr0_1_lr0_01_lr0_01_optgd_epochs100_epochs0_001_epochs0_001_clusters6__rep1,1,0.9166666666666666,tensor(0.1473, grad_fn=<SqueezeBackward0>),tensor(0.9285, grad_fn=<AddBackward0>),480,86.0204689502716,6,0.5,,20
double_cake,ccka,ccka_lr0_1_lr0_01_lr0_01_optgd_epochs100_epochs0_001_epochs0_001_clusters2__rep1,7,1.0,tensor(0.1798, grad_fn=<SqueezeBackward0>),tensor(0.7260, grad_fn=<AddBackward0>),640,89.04828786849976,2,0.5,,20
double_cake,ccka,ccka_lr0_1_lr0_01_lr0_01_optgd_epochs100_epochs0_001_epochs0_001_clusters4__rep1,2,0.9166666666666666,tensor(0.1559, grad_fn=<SqueezeBackward0>),tensor(0.7718, grad_fn=<AddBackward0>),480,85.0244517326355,4,0.5,,20
double_cake,ccka,ccka_lr0_1_lr0_01_lr0_01_optgd_epochs100_epochs0_001_epochs0_001_clusters6__rep1,2,0.9166666666666666,tensor(0.1447, grad_fn=<SqueezeBackward0>),tensor(0.9082, grad_fn=<AddBackward0>),720,88.40121698379517,6,0.5,,20
double_cake,ccka,ccka_lr0_1_lr0_01_lr0_01_optgd_epochs100_epochs0_001_epochs0_001_clusters2__rep1,8,1.0,tensor(0.1838, grad_fn=<SqueezeBackward0>),tensor(1.7435, grad_fn=<AddBackward0>),720,81.1865382194519,2,0.5,,20
double_cake,ccka,ccka_lr0_1_lr0_01_lr0_01_optgd_epochs100_epochs0_001_epochs0_001_clusters4__rep1,3,1.0,tensor(0.1680, grad_fn=<SqueezeBackward0>),tensor(0.6719, grad_fn=<AddBackward0>),640,89.08448386192322,4,0.5,,20
double_cake,ccka,ccka_lr0_1_lr0_01_lr0_01_optgd_epochs100_epochs0_001_epochs0_001_clusters6__rep1,3,0.9166666666666666,tensor(0.1555, grad_fn=<SqueezeBackward0>),tensor(0.8756, grad_fn=<AddBackward0>),960,85.44198393821716,6,0.5,,20
double_cake,ccka,ccka_lr0_1_lr0_01_lr0_01_optgd_epochs100_epochs0_001_epochs0_001_clusters2__rep1,9,1.0,tensor(0.1764, grad_fn=<SqueezeBackward0>),tensor(1.3252, grad_fn=<AddBackward0>),800,89.20357990264893,2,0.5,,20
double_cake,ccka,ccka_lr0_1_lr0_01_lr0_01_optgd_epochs100_epochs0_001_epochs0_001_clusters4__rep1,4,1.0,tensor(0.1681, grad_fn=<SqueezeBackward0>),tensor(0.7100, grad_fn=<AddBackward0>),800,79.85304069519043,4,0.5,,20
double_cake,ccka,ccka_lr0_1_lr0_01_lr0_01_optgd_epochs100_epochs0_001_epochs0_001_clusters6__rep1,4,0.9166666666666666,tensor(0.1522, grad_fn=<SqueezeBackward0>),tensor(0.8553, grad_fn=<AddBackward0>),1200,85.54005312919617,6,0.5,,20
double_cake,ccka,ccka_lr0_1_lr0_01_lr0_01_optgd_epochs100_epochs0_001_epochs0_001_clusters4__rep1,5,0.9583333333333334,tensor(0.1805, grad_fn=<SqueezeBackward0>),tensor(0.7382, grad_fn=<AddBackward0>),960,84.40841603279114,4,0.5,,20
double_cake,ccka,ccka_lr0_1_lr0_01_lr0_01_optgd_epochs100_epochs0_001_epochs0_001_clusters6__rep1,5,0.9583333333333334,tensor(0.1635, grad_fn=<SqueezeBackward0>),tensor(0.9067, grad_fn=<AddBackward0>),1440,84.53380990028381,6,0.5,,20
double_cake,ccka,ccka_lr0_1_lr0_01_lr0_01_optgd_epochs100_epochs0_001_epochs0_001_clusters4__rep1,6,0.9166666666666666,tensor(0.1752, grad_fn=<SqueezeBackward0>),tensor(0.6776, grad_fn=<AddBackward0>),1120,83.33122301101685,4,0.5,,20
double_cake,ccka,ccka_lr0_1_lr0_01_lr0_01_optgd_epochs100_epochs0_001_epochs0_001_clusters6__rep1,6,0.9166666666666666,tensor(0.1704, grad_fn=<SqueezeBackward0>),tensor(0.8989, grad_fn=<AddBackward0>),1680,83.23343110084534,6,0.5,,20
double_cake,ccka,ccka_lr0_1_lr0_01_lr0_01_optgd_epochs100_epochs0_001_epochs0_001_clusters8__rep1,0,0.875,tensor(0.1482, grad_fn=<SqueezeBackward0>),tensor(0.8339, grad_fn=<AddBackward0>),320,81.95089197158813,8,0.5,,20
double_cake,ccka,ccka_lr0_1_lr0_01_lr0_01_optgd_epochs100_epochs0_001_epochs0_001_clusters4__rep1,7,0.9583333333333334,tensor(0.1909, grad_fn=<SqueezeBackward0>),tensor(1.0515, grad_fn=<AddBackward0>),1280,81.88424110412598,4,0.5,,20
double_cake,ccka,ccka_lr0_1_lr0_01_lr0_01_optgd_epochs100_epochs0_001_epochs0_001_clusters6__rep1,7,0.9166666666666666,tensor(0.1729, grad_fn=<SqueezeBackward0>),tensor(1.0189, grad_fn=<AddBackward0>),1920,85.95151901245117,6,0.5,,20
double_cake,ccka,ccka_lr0_1_lr0_01_lr0_01_optgd_epochs100_epochs0_001_epochs0_001_clusters8__rep1,1,0.9166666666666666,tensor(0.1525, grad_fn=<SqueezeBackward0>),tensor(0.8895, grad_fn=<AddBackward0>),640,87.13503694534302,8,0.5,,20
double_cake,ccka,ccka_lr0_1_lr0_01_lr0_01_optgd_epochs100_epochs0_001_epochs0_001_clusters4__rep1,8,0.875,tensor(0.1778, grad_fn=<SqueezeBackward0>),tensor(0.7473, grad_fn=<AddBackward0>),1440,86.18408226966858,4,0.5,,20
double_cake,ccka,ccka_lr0_1_lr0_01_lr0_01_optgd_epochs100_epochs0_001_epochs0_001_clusters6__rep1,8,0.9583333333333334,tensor(0.2064, grad_fn=<SqueezeBackward0>),tensor(0.9309, grad_fn=<AddBackward0>),2160,85.29081320762634,6,0.5,,20
double_cake,ccka,ccka_lr0_1_lr0_01_lr0_01_optgd_epochs100_epochs0_001_epochs0_001_clusters8__rep1,2,0.9583333333333334,tensor(0.1579, grad_fn=<SqueezeBackward0>),tensor(0.7305, grad_fn=<AddBackward0>),960,85.76298785209656,8,0.5,,20
double_cake,ccka,ccka_lr0_1_lr0_01_lr0_01_optgd_epochs100_epochs0_001_epochs0_001_clusters4__rep1,9,1.0,tensor(0.1810, grad_fn=<SqueezeBackward0>),tensor(1.5570, grad_fn=<AddBackward0>),1600,85.2273280620575,4,0.5,,20
double_cake,ccka,ccka_lr0_1_lr0_01_lr0_01_optgd_epochs100_epochs0_001_epochs0_001_clusters6__rep1,9,0.9583333333333334,tensor(0.2161, grad_fn=<SqueezeBackward0>),tensor(1.0911, grad_fn=<AddBackward0>),2400,88.88495993614197,6,0.5,,20
double_cake,ccka,ccka_lr0_1_lr0_01_lr0_01_optgd_epochs100_epochs0_001_epochs0_001_clusters8__rep1,3,1.0,tensor(0.1638, grad_fn=<SqueezeBackward0>),tensor(0.8408, grad_fn=<AddBackward0>),1280,87.3522777557373,8,0.5,,20
double_cake,ccka,ccka_lr0_1_lr0_01_lr0_01_optgd_epochs100_epochs0_001_epochs0_001_clusters8__rep1,4,0.9583333333333334,tensor(0.1707, grad_fn=<SqueezeBackward0>),tensor(0.6577, grad_fn=<AddBackward0>),1600,80.79510712623596,8,0.5,,20
double_cake,ccka,ccka_lr0_1_lr0_01_lr0_01_optgd_epochs100_epochs0_001_epochs0_001_clusters8__rep1,5,1.0,tensor(0.1767, grad_fn=<SqueezeBackward0>),tensor(0.8048, grad_fn=<AddBackward0>),1920,80.43974304199219,8,0.5,,20
double_cake,ccka,ccka_lr0_1_lr0_01_lr0_01_optgd_epochs100_epochs0_001_epochs0_001_clusters10__rep1,0,1.0,tensor(0.1514, grad_fn=<SqueezeBackward0>),tensor(1.0552, grad_fn=<AddBackward0>),400,81.9285659790039,10,0.5,,20
double_cake,ccka,ccka_lr0_1_lr0_01_lr0_01_optgd_epochs100_epochs0_001_epochs0_001_clusters8__rep1,6,1.0,tensor(0.1801, grad_fn=<SqueezeBackward0>),tensor(0.6240, grad_fn=<AddBackward0>),2240,89.5221221446991,8,0.5,,20
double_cake,ccka,ccka_lr0_1_lr0_01_lr0_01_optgd_epochs100_epochs0_001_epochs0_001_clusters10__rep1,1,1.0,tensor(0.1602, grad_fn=<SqueezeBackward0>),tensor(1.0385, grad_fn=<AddBackward0>),800,85.95257091522217,10,0.5,,20
double_cake,ccka,ccka_lr0_1_lr0_01_lr0_01_optgd_epochs100_epochs0_001_epochs0_001_clusters8__rep1,7,1.0,tensor(0.1838, grad_fn=<SqueezeBackward0>),tensor(0.7777, grad_fn=<AddBackward0>),2560,90.78581714630127,8,0.5,,20
double_cake,ccka,ccka_lr0_1_lr0_01_lr0_01_optgd_epochs100_epochs0_001_epochs0_001_clusters10__rep1,2,1.0,tensor(0.1647, grad_fn=<SqueezeBackward0>),tensor(0.9107, grad_fn=<AddBackward0>),1200,91.7097909450531,10,0.5,,20
double_cake,ccka,ccka_lr0_1_lr0_01_lr0_01_optgd_epochs100_epochs0_001_epochs0_001_clusters8__rep1,8,1.0,tensor(0.1846, grad_fn=<SqueezeBackward0>),tensor(0.6285, grad_fn=<AddBackward0>),2880,96.28530693054199,8,0.5,,20
double_cake,ccka,ccka_lr0_1_lr0_01_lr0_01_optgd_epochs100_epochs0_001_epochs0_001_clusters10__rep1,3,1.0,tensor(0.1802, grad_fn=<SqueezeBackward0>),tensor(0.9828, grad_fn=<AddBackward0>),1600,97.56160616874695,10,0.5,,20
double_cake,ccka,ccka_lr0_1_lr0_01_lr0_01_optgd_epochs100_epochs0_001_epochs0_001_clusters8__rep1,9,1.0,tensor(0.1852, grad_fn=<SqueezeBackward0>),tensor(0.7548, grad_fn=<AddBackward0>),3200,91.30166888237,8,0.5,,20
double_cake,ccka,ccka_lr0_1_lr0_01_lr0_01_optgd_epochs100_epochs0_001_epochs0_001_clusters2__rep1,0,0.925,tensor(0.1942, grad_fn=<SqueezeBackward0>),tensor(0.9141, grad_fn=<AddBackward0>),80,268.6598000526428,2,0.5,,20
double_cake,ccka,ccka_lr0_1_lr0_01_lr0_01_optgd_epochs100_epochs0_001_epochs0_001_clusters10__rep1,4,1.0,tensor(0.1832, grad_fn=<SqueezeBackward0>),tensor(0.8625, grad_fn=<AddBackward0>),2000,94.56089115142822,10,0.5,,20
double_cake,ccka,ccka_lr0_1_lr0_01_lr0_01_optgd_epochs100_epochs0_001_epochs0_001_clusters10__rep1,5,0.9583333333333334,tensor(0.1955, grad_fn=<SqueezeBackward0>),tensor(0.9417, grad_fn=<AddBackward0>),2400,95.53550410270691,10,0.5,,20
double_cake,ccka,ccka_lr0_1_lr0_01_lr0_01_optgd_epochs100_epochs0_001_epochs0_001_clusters10__rep1,6,1.0,tensor(0.1965, grad_fn=<SqueezeBackward0>),tensor(0.8888, grad_fn=<AddBackward0>),2800,95.12961983680725,10,0.5,,20
double_cake,ccka,ccka_lr0_1_lr0_01_lr0_01_optgd_epochs100_epochs0_001_epochs0_001_clusters2__rep1,1,0.925,tensor(0.1964, grad_fn=<SqueezeBackward0>),tensor(0.8734, grad_fn=<AddBackward0>),160,279.75651502609253,2,0.5,,20
double_cake,ccka,ccka_lr0_1_lr0_01_lr0_01_optgd_epochs100_epochs0_001_epochs0_001_clusters10__rep1,7,1.0,tensor(0.2039, grad_fn=<SqueezeBackward0>),tensor(0.8968, grad_fn=<AddBackward0>),3200,96.75091505050659,10,0.5,,20
double_cake,ccka,ccka_lr0_1_lr0_01_lr0_01_optgd_epochs100_epochs0_001_epochs0_001_clusters10__rep1,8,1.0,tensor(0.2067, grad_fn=<SqueezeBackward0>),tensor(0.9773, grad_fn=<AddBackward0>),3600,99.40005493164062,10,0.5,,20
double_cake,ccka,ccka_lr0_1_lr0_01_lr0_01_optgd_epochs100_epochs0_001_epochs0_001_clusters10__rep1,9,1.0,tensor(0.2105, grad_fn=<SqueezeBackward0>),tensor(0.8506, grad_fn=<AddBackward0>),4000,105.47133493423462,10,0.5,,20
double_cake,ccka,ccka_lr0_1_lr0_01_lr0_01_optgd_epochs100_epochs0_001_epochs0_001_clusters2__rep1,2,0.925,tensor(0.1960, grad_fn=<SqueezeBackward0>),tensor(0.9959, grad_fn=<AddBackward0>),240,294.7228229045868,2,0.5,,20
double_cake,ccka,ccka_lr0_1_lr0_01_lr0_01_optgd_epochs100_epochs0_001_epochs0_001_clusters4__rep1,0,0.925,tensor(0.1926, grad_fn=<SqueezeBackward0>),tensor(0.9729, grad_fn=<AddBackward0>),160,291.6812570095062,4,0.5,,20
double_cake,ccka,ccka_lr0_1_lr0_01_lr0_01_optgd_epochs100_epochs0_001_epochs0_001_clusters2__rep1,3,0.925,tensor(0.1955, grad_fn=<SqueezeBackward0>),tensor(0.9899, grad_fn=<AddBackward0>),320,321.17814588546753,2,0.5,,20
double_cake,ccka,ccka_lr0_1_lr0_01_lr0_01_optgd_epochs100_epochs0_001_epochs0_001_clusters4__rep1,1,0.925,tensor(0.1951, grad_fn=<SqueezeBackward0>),tensor(0.8842, grad_fn=<AddBackward0>),320,312.1430196762085,4,0.5,,20
double_cake,ccka,ccka_lr0_1_lr0_01_lr0_01_optgd_epochs100_epochs0_001_epochs0_001_clusters6__rep1,0,0.925,tensor(0.1895, grad_fn=<SqueezeBackward0>),tensor(1.1296, grad_fn=<AddBackward0>),240,311.84516978263855,6,0.5,,20
double_cake,ccka,ccka_lr0_1_lr0_01_lr0_01_optgd_epochs100_epochs0_001_epochs0_001_clusters2__rep1,4,0.925,tensor(0.1939, grad_fn=<SqueezeBackward0>),tensor(1.2231, grad_fn=<AddBackward0>),400,321.7807409763336,2,0.5,,20
double_cake,ccka,ccka_lr0_1_lr0_01_lr0_01_optgd_epochs100_epochs0_001_epochs0_001_clusters4__rep1,2,0.925,tensor(0.1954, grad_fn=<SqueezeBackward0>),tensor(1.0202, grad_fn=<AddBackward0>),480,318.4883530139923,4,0.5,,20
double_cake,ccka,ccka_lr0_1_lr0_01_lr0_01_optgd_epochs100_epochs0_001_epochs0_001_clusters6__rep1,1,0.925,tensor(0.1903, grad_fn=<SqueezeBackward0>),tensor(0.9111, grad_fn=<AddBackward0>),480,349.1073307991028,6,0.5,,20
double_cake,ccka,ccka_lr0_1_lr0_01_lr0_01_optgd_epochs100_epochs0_001_epochs0_001_clusters2__rep1,5,0.925,tensor(0.1905, grad_fn=<SqueezeBackward0>),tensor(1.2754, grad_fn=<AddBackward0>),480,341.698410987854,2,0.5,,20
double_cake,ccka,ccka_lr0_1_lr0_01_lr0_01_optgd_epochs100_epochs0_001_epochs0_001_clusters4__rep1,3,0.925,tensor(0.1953, grad_fn=<SqueezeBackward0>),tensor(0.9424, grad_fn=<AddBackward0>),640,343.08106756210327,4,0.5,,20
double_cake,ccka,ccka_lr0_1_lr0_01_lr0_01_optgd_epochs100_epochs0_001_epochs0_001_clusters6__rep1,2,0.925,tensor(0.1879, grad_fn=<SqueezeBackward0>),tensor(1.1515, grad_fn=<AddBackward0>),720,329.9696500301361,6,0.5,,20
double_cake,ccka,ccka_lr0_1_lr0_01_lr0_01_optgd_epochs100_epochs0_001_epochs0_001_clusters2__rep1,6,0.925,tensor(0.1825, grad_fn=<SqueezeBackward0>),tensor(1.3186, grad_fn=<AddBackward0>),560,340.49082684516907,2,0.5,,20
double_cake,ccka,ccka_lr0_1_lr0_01_lr0_01_optgd_epochs100_epochs0_001_epochs0_001_clusters4__rep1,4,0.925,tensor(0.1956, grad_fn=<SqueezeBackward0>),tensor(1.1659, grad_fn=<AddBackward0>),800,353.84255290031433,4,0.5,,20
double_cake,ccka,ccka_lr0_1_lr0_01_lr0_01_optgd_epochs100_epochs0_001_epochs0_001_clusters6__rep1,3,0.925,tensor(0.1890, grad_fn=<SqueezeBackward0>),tensor(0.9176, grad_fn=<AddBackward0>),960,365.5771760940552,6,0.5,,20
double_cake,ccka,ccka_lr0_1_lr0_01_lr0_01_optgd_epochs100_epochs0_001_epochs0_001_clusters2__rep1,7,0.925,tensor(0.1745, grad_fn=<SqueezeBackward0>),tensor(1.3409, grad_fn=<AddBackward0>),640,361.53692293167114,2,0.5,,20
double_cake,ccka,ccka_lr0_1_lr0_01_lr0_01_optgd_epochs100_epochs0_001_epochs0_001_clusters4__rep1,5,0.925,tensor(0.1950, grad_fn=<SqueezeBackward0>),tensor(1.1286, grad_fn=<AddBackward0>),960,351.5983090400696,4,0.5,,20
double_cake,ccka,ccka_lr0_1_lr0_01_lr0_01_optgd_epochs100_epochs0_001_epochs0_001_clusters6__rep1,4,0.925,tensor(0.1867, grad_fn=<SqueezeBackward0>),tensor(1.1946, grad_fn=<AddBackward0>),1200,351.46881008148193,6,0.5,,20
double_cake,ccka,ccka_lr0_1_lr0_01_lr0_01_optgd_epochs100_epochs0_001_epochs0_001_clusters2__rep1,8,0.925,tensor(0.1655, grad_fn=<SqueezeBackward0>),tensor(1.2808, grad_fn=<AddBackward0>),720,328.65242528915405,2,0.5,,20
double_cake,ccka,ccka_lr0_1_lr0_01_lr0_01_optgd_epochs100_epochs0_001_epochs0_001_clusters4__rep1,6,0.925,tensor(0.1922, grad_fn=<SqueezeBackward0>),tensor(1.3188, grad_fn=<AddBackward0>),1120,345.6614851951599,4,0.5,,20
double_cake,ccka,ccka_lr0_1_lr0_01_lr0_01_optgd_epochs100_epochs0_001_epochs0_001_clusters6__rep1,5,0.925,tensor(0.1879, grad_fn=<SqueezeBackward0>),tensor(0.9495, grad_fn=<AddBackward0>),1440,343.65132999420166,6,0.5,,20
double_cake,ccka,ccka_lr0_1_lr0_01_lr0_01_optgd_epochs100_epochs0_001_epochs0_001_clusters2__rep1,9,0.925,tensor(0.1593, grad_fn=<SqueezeBackward0>),tensor(1.2826, grad_fn=<AddBackward0>),800,350.8150098323822,2,0.5,,20
double_cake,ccka,ccka_lr0_1_lr0_01_lr0_01_optgd_epochs100_epochs0_001_epochs0_001_clusters4__rep1,7,0.925,tensor(0.1895, grad_fn=<SqueezeBackward0>),tensor(1.2694, grad_fn=<AddBackward0>),1280,345.59630608558655,4,0.5,,20
double_cake,ccka,ccka_lr0_1_lr0_01_lr0_01_optgd_epochs100_epochs0_001_epochs0_001_clusters6__rep1,6,0.925,tensor(0.1859, grad_fn=<SqueezeBackward0>),tensor(1.2567, grad_fn=<AddBackward0>),1680,347.79833221435547,6,0.5,,20
double_cake,ccka,ccka_lr0_1_lr0_01_lr0_01_optgd_epochs100_epochs0_001_epochs0_001_clusters4__rep1,8,0.925,tensor(0.1818, grad_fn=<SqueezeBackward0>),tensor(1.3558, grad_fn=<AddBackward0>),1440,323.75146770477295,4,0.5,,20
double_cake,ccka,ccka_lr0_1_lr0_01_lr0_01_optgd_epochs100_epochs0_001_epochs0_001_clusters6__rep1,7,0.925,tensor(0.1874, grad_fn=<SqueezeBackward0>),tensor(1.0063, grad_fn=<AddBackward0>),1920,297.19529819488525,6,0.5,,20
double_cake,ccka,ccka_lr0_1_lr0_01_lr0_01_optgd_epochs100_epochs0_001_epochs0_001_clusters4__rep1,9,0.925,tensor(0.1765, grad_fn=<SqueezeBackward0>),tensor(1.2955, grad_fn=<AddBackward0>),1600,304.84075117111206,4,0.5,,20
double_cake,ccka,ccka_lr0_1_lr0_01_lr0_01_optgd_epochs100_epochs0_001_epochs0_001_clusters8__rep1,0,0.925,tensor(0.1824, grad_fn=<SqueezeBackward0>),tensor(1.3408, grad_fn=<AddBackward0>),320,276.45865082740784,8,0.5,,20
double_cake,ccka,ccka_lr0_1_lr0_01_lr0_01_optgd_epochs100_epochs0_001_epochs0_001_clusters6__rep1,8,0.925,tensor(0.1852, grad_fn=<SqueezeBackward0>),tensor(1.3177, grad_fn=<AddBackward0>),2160,311.3819718360901,6,0.5,,20
double_cake,ccka,ccka_lr0_1_lr0_01_lr0_01_optgd_epochs100_epochs0_001_epochs0_001_clusters8__rep1,1,0.925,tensor(0.1870, grad_fn=<SqueezeBackward0>),tensor(0.8019, grad_fn=<AddBackward0>),640,299.8390293121338,8,0.5,,20
double_cake,ccka,ccka_lr0_1_lr0_01_lr0_01_optgd_epochs100_epochs0_001_epochs0_001_clusters6__rep1,9,0.925,tensor(0.1869, grad_fn=<SqueezeBackward0>),tensor(1.0659, grad_fn=<AddBackward0>),2400,292.7359688282013,6,0.5,,20
double_cake,ccka,ccka_lr0_1_lr0_01_lr0_01_optgd_epochs100_epochs0_001_epochs0_001_clusters8__rep1,2,0.925,tensor(0.1729, grad_fn=<SqueezeBackward0>),tensor(1.3375, grad_fn=<AddBackward0>),960,313.2710859775543,8,0.5,,20
double_cake,ccka,ccka_lr0_1_lr0_01_lr0_01_optgd_epochs100_epochs0_001_epochs0_001_clusters10__rep1,0,0.925,tensor(0.1869, grad_fn=<SqueezeBackward0>),tensor(1.4237, grad_fn=<AddBackward0>),400,283.90455412864685,10,0.5,,20
double_cake,ccka,ccka_lr0_1_lr0_01_lr0_01_optgd_epochs100_epochs0_001_epochs0_001_clusters2__rep1,0,0.875,tensor(0.1814, grad_fn=<SqueezeBackward0>),tensor(0.5036, grad_fn=<AddBackward0>),80,36.34763216972351,2,0.5,,20
double_cake,ccka,ccka_lr0_1_lr0_01_lr0_01_optgd_epochs100_epochs0_001_epochs0_001_clusters2__rep1,1,0.875,tensor(0.1788, grad_fn=<SqueezeBackward0>),tensor(1.1726, grad_fn=<AddBackward0>),160,37.847028970718384,2,0.5,,20
double_cake,ccka,ccka_lr0_1_lr0_01_lr0_01_optgd_epochs100_epochs0_001_epochs0_001_clusters2__rep1,2,0.8125,tensor(0.1810, grad_fn=<SqueezeBackward0>),tensor(0.4654, grad_fn=<AddBackward0>),240,36.99289011955261,2,0.5,,20
double_cake,ccka,ccka_lr0_1_lr0_01_lr0_01_optgd_epochs100_epochs0_001_epochs0_001_clusters2__rep1,3,0.8125,tensor(0.1784, grad_fn=<SqueezeBackward0>),tensor(1.2467, grad_fn=<AddBackward0>),320,35.17227005958557,2,0.5,,20
double_cake,ccka,ccka_lr0_1_lr0_01_lr0_01_optgd_epochs100_epochs0_001_epochs0_001_clusters2__rep1,4,0.8125,tensor(0.1716, grad_fn=<SqueezeBackward0>),tensor(0.4492, grad_fn=<AddBackward0>),400,36.907309770584106,2,0.5,,20
double_cake,ccka,ccka_lr0_1_lr0_01_lr0_01_optgd_epochs100_epochs0_001_epochs0_001_clusters8__rep1,3,0.925,tensor(0.1796, grad_fn=<SqueezeBackward0>),tensor(0.8067, grad_fn=<AddBackward0>),1280,273.0931680202484,8,0.5,,20
double_cake,ccka,ccka_lr0_1_lr0_01_lr0_01_optgd_epochs100_epochs0_001_epochs0_001_clusters10__rep1,1,0.925,tensor(0.1855, grad_fn=<SqueezeBackward0>),tensor(0.9234, grad_fn=<AddBackward0>),800,265.16470408439636,10,0.5,,20
double_cake,ccka,ccka_lr0_1_lr0_01_lr0_01_optgd_epochs100_epochs0_001_epochs0_001_clusters2__rep1,5,0.8125,tensor(0.1753, grad_fn=<SqueezeBackward0>),tensor(1.2547, grad_fn=<AddBackward0>),480,39.081154108047485,2,0.5,,20
double_cake,ccka,ccka_lr0_1_lr0_01_lr0_01_optgd_epochs100_epochs0_001_epochs0_001_clusters2__rep1,6,0.8125,tensor(0.1668, grad_fn=<SqueezeBackward0>),tensor(0.4414, grad_fn=<AddBackward0>),560,36.92724800109863,2,0.5,,20
double_cake,ccka,ccka_lr0_1_lr0_01_lr0_01_optgd_epochs100_epochs0_001_epochs0_001_clusters2__rep1,7,0.875,tensor(0.1668, grad_fn=<SqueezeBackward0>),tensor(1.1781, grad_fn=<AddBackward0>),640,37.816986083984375,2,0.5,,20
double_cake,ccka,ccka_lr0_1_lr0_01_lr0_01_optgd_epochs100_epochs0_001_epochs0_001_clusters2__rep1,8,0.8125,tensor(0.1637, grad_fn=<SqueezeBackward0>),tensor(0.4391, grad_fn=<AddBackward0>),720,39.994588136672974,2,0.5,,20
double_cake,ccka,ccka_lr0_1_lr0_01_lr0_01_optgd_epochs100_epochs0_001_epochs0_001_clusters2__rep1,9,0.8125,tensor(0.1667, grad_fn=<SqueezeBackward0>),tensor(1.0436, grad_fn=<AddBackward0>),800,38.750510692596436,2,0.5,,20
double_cake,ccka,ccka_lr0_1_lr0_01_lr0_01_optgd_epochs100_epochs0_001_epochs0_001_clusters8__rep1,4,0.925,tensor(0.1654, grad_fn=<SqueezeBackward0>),tensor(1.3291, grad_fn=<AddBackward0>),1600,285.55388879776,8,0.5,,20
double_cake,ccka,ccka_lr0_1_lr0_01_lr0_01_optgd_epochs100_epochs0_001_epochs0_001_clusters4__rep1,0,0.9375,tensor(0.1989, grad_fn=<SqueezeBackward0>),tensor(0.6149, grad_fn=<AddBackward0>),160,37.24300575256348,4,0.5,,20
double_cake,ccka,ccka_lr0_1_lr0_01_lr0_01_optgd_epochs100_epochs0_001_epochs0_001_clusters10__rep1,2,0.925,tensor(0.1782, grad_fn=<SqueezeBackward0>),tensor(1.4072, grad_fn=<AddBackward0>),1200,293.1587760448456,10,0.5,,20
double_cake,ccka,ccka_lr0_1_lr0_01_lr0_01_optgd_epochs100_epochs0_001_epochs0_001_clusters4__rep1,1,0.9375,tensor(0.1614, grad_fn=<SqueezeBackward0>),tensor(0.5121, grad_fn=<AddBackward0>),320,37.99056887626648,4,0.5,,20
double_cake,ccka,ccka_lr0_1_lr0_01_lr0_01_optgd_epochs100_epochs0_001_epochs0_001_clusters4__rep1,2,0.9375,tensor(0.1902, grad_fn=<SqueezeBackward0>),tensor(0.5412, grad_fn=<AddBackward0>),480,38.880971908569336,4,0.5,,20
double_cake,ccka,ccka_lr0_1_lr0_01_lr0_01_optgd_epochs100_epochs0_001_epochs0_001_clusters4__rep1,3,0.9375,tensor(0.1694, grad_fn=<SqueezeBackward0>),tensor(0.4673, grad_fn=<AddBackward0>),640,38.4217529296875,4,0.5,,20
double_cake,ccka,ccka_lr0_1_lr0_01_lr0_01_optgd_epochs100_epochs0_001_epochs0_001_clusters4__rep1,4,0.9375,tensor(0.1887, grad_fn=<SqueezeBackward0>),tensor(0.4835, grad_fn=<AddBackward0>),800,43.32190799713135,4,0.5,,20
double_cake,ccka,ccka_lr0_1_lr0_01_lr0_01_optgd_epochs100_epochs0_001_epochs0_001_clusters4__rep1,5,0.9375,tensor(0.1762, grad_fn=<SqueezeBackward0>),tensor(0.4579, grad_fn=<AddBackward0>),960,36.887961864471436,4,0.5,,20
double_cake,ccka,ccka_lr0_1_lr0_01_lr0_01_optgd_epochs100_epochs0_001_epochs0_001_clusters4__rep1,6,0.9375,tensor(0.1872, grad_fn=<SqueezeBackward0>),tensor(0.4595, grad_fn=<AddBackward0>),1120,41.765276193618774,4,0.5,,20
double_cake,ccka,ccka_lr0_1_lr0_01_lr0_01_optgd_epochs100_epochs0_001_epochs0_001_clusters4__rep1,7,0.9375,tensor(0.1798, grad_fn=<SqueezeBackward0>),tensor(0.4526, grad_fn=<AddBackward0>),1280,38.46376705169678,4,0.5,,20
double_cake,ccka,ccka_lr0_1_lr0_01_lr0_01_optgd_epochs100_epochs0_001_epochs0_001_clusters8__rep1,5,0.925,tensor(0.1728, grad_fn=<SqueezeBackward0>),tensor(0.8195, grad_fn=<AddBackward0>),1920,293.728187084198,8,0.5,,20
double_cake,ccka,ccka_lr0_1_lr0_01_lr0_01_optgd_epochs100_epochs0_001_epochs0_001_clusters4__rep1,8,0.9375,tensor(0.1842, grad_fn=<SqueezeBackward0>),tensor(0.4522, grad_fn=<AddBackward0>),1440,38.10017204284668,4,0.5,,20
double_cake,ccka,ccka_lr0_1_lr0_01_lr0_01_optgd_epochs100_epochs0_001_epochs0_001_clusters10__rep1,3,0.925,tensor(0.1782, grad_fn=<SqueezeBackward0>),tensor(0.9159, grad_fn=<AddBackward0>),1600,290.7560729980469,10,0.5,,20
double_cake,ccka,ccka_lr0_1_lr0_01_lr0_01_optgd_epochs100_epochs0_001_epochs0_001_clusters4__rep1,9,0.9375,tensor(0.1810, grad_fn=<SqueezeBackward0>),tensor(0.4499, grad_fn=<AddBackward0>),1600,39.57096600532532,4,0.5,,20
double_cake,ccka,ccka_lr0_1_lr0_01_lr0_01_optgd_epochs100_epochs0_001_epochs0_001_clusters6__rep1,0,0.875,tensor(0.1933, grad_fn=<SqueezeBackward0>),tensor(0.5507, grad_fn=<AddBackward0>),240,36.710509061813354,6,0.5,,20
double_cake,ccka,ccka_lr0_1_lr0_01_lr0_01_optgd_epochs100_epochs0_001_epochs0_001_clusters6__rep1,1,0.9375,tensor(0.1682, grad_fn=<SqueezeBackward0>),tensor(0.7008, grad_fn=<AddBackward0>),480,42.31772804260254,6,0.5,,20
double_cake,ccka,ccka_lr0_1_lr0_01_lr0_01_optgd_epochs100_epochs0_001_epochs0_001_clusters6__rep1,2,0.9375,tensor(0.1874, grad_fn=<SqueezeBackward0>),tensor(0.5170, grad_fn=<AddBackward0>),720,37.11728620529175,6,0.5,,20
double_cake,ccka,ccka_lr0_1_lr0_01_lr0_01_optgd_epochs100_epochs0_001_epochs0_001_clusters8__rep1,6,0.925,tensor(0.1611, grad_fn=<SqueezeBackward0>),tensor(1.3280, grad_fn=<AddBackward0>),2240,286.06261801719666,8,0.5,,20
double_cake,ccka,ccka_lr0_1_lr0_01_lr0_01_optgd_epochs100_epochs0_001_epochs0_001_clusters6__rep1,3,0.9375,tensor(0.1647, grad_fn=<SqueezeBackward0>),tensor(0.5771, grad_fn=<AddBackward0>),960,38.598803997039795,6,0.5,,20
double_cake,ccka,ccka_lr0_1_lr0_01_lr0_01_optgd_epochs100_epochs0_001_epochs0_001_clusters10__rep1,4,0.925,tensor(0.1714, grad_fn=<SqueezeBackward0>),tensor(1.3879, grad_fn=<AddBackward0>),2000,286.4049048423767,10,0.5,,20
double_cake,ccka,ccka_lr0_1_lr0_01_lr0_01_optgd_epochs100_epochs0_001_epochs0_001_clusters6__rep1,4,0.9375,tensor(0.1746, grad_fn=<SqueezeBackward0>),tensor(0.4709, grad_fn=<AddBackward0>),1200,38.70976519584656,6,0.5,,20
double_cake,ccka,ccka_lr0_1_lr0_01_lr0_01_optgd_epochs100_epochs0_001_epochs0_001_clusters6__rep1,5,1.0,tensor(0.1558, grad_fn=<SqueezeBackward0>),tensor(0.5488, grad_fn=<AddBackward0>),1440,39.319759130477905,6,0.5,,20
double_cake,ccka,ccka_lr0_1_lr0_01_lr0_01_optgd_epochs100_epochs0_001_epochs0_001_clusters6__rep1,6,0.9375,tensor(0.1624, grad_fn=<SqueezeBackward0>),tensor(0.4519, grad_fn=<AddBackward0>),1680,40.51259112358093,6,0.5,,20
double_cake,ccka,ccka_lr0_1_lr0_01_lr0_01_optgd_epochs100_epochs0_001_epochs0_001_clusters6__rep1,7,1.0,tensor(0.1512, grad_fn=<SqueezeBackward0>),tensor(0.5273, grad_fn=<AddBackward0>),1920,41.04483413696289,6,0.5,,20
double_cake,ccka,ccka_lr0_1_lr0_01_lr0_01_optgd_epochs100_epochs0_001_epochs0_001_clusters6__rep1,8,0.9375,tensor(0.1551, grad_fn=<SqueezeBackward0>),tensor(0.4470, grad_fn=<AddBackward0>),2160,37.2581262588501,6,0.5,,20
double_cake,ccka,ccka_lr0_1_lr0_01_lr0_01_optgd_epochs100_epochs0_001_epochs0_001_clusters6__rep1,9,0.9375,tensor(0.1495, grad_fn=<SqueezeBackward0>),tensor(0.5180, grad_fn=<AddBackward0>),2400,42.29703092575073,6,0.5,,20
double_cake,ccka,ccka_lr0_1_lr0_01_lr0_01_optgd_epochs100_epochs0_001_epochs0_001_clusters8__rep1,7,0.925,tensor(0.1683, grad_fn=<SqueezeBackward0>),tensor(0.8434, grad_fn=<AddBackward0>),2560,291.89494705200195,8,0.5,,20
double_cake,ccka,ccka_lr0_1_lr0_01_lr0_01_optgd_epochs100_epochs0_001_epochs0_001_clusters10__rep1,5,0.925,tensor(0.1729, grad_fn=<SqueezeBackward0>),tensor(0.9108, grad_fn=<AddBackward0>),2400,287.21775102615356,10,0.5,,20
double_cake,ccka,ccka_lr0_1_lr0_01_lr0_01_optgd_epochs100_epochs0_001_epochs0_001_clusters8__rep1,0,0.9375,tensor(0.1811, grad_fn=<SqueezeBackward0>),tensor(0.6025, grad_fn=<AddBackward0>),320,38.37793183326721,8,0.5,,20
double_cake,ccka,ccka_lr0_1_lr0_01_lr0_01_optgd_epochs100_epochs0_001_epochs0_001_clusters8__rep1,1,0.9375,tensor(0.1655, grad_fn=<SqueezeBackward0>),tensor(0.8105, grad_fn=<AddBackward0>),640,41.43620705604553,8,0.5,,20
double_cake,ccka,ccka_lr0_1_lr0_01_lr0_01_optgd_epochs100_epochs0_001_epochs0_001_clusters8__rep1,2,0.9375,tensor(0.1818, grad_fn=<SqueezeBackward0>),tensor(0.5383, grad_fn=<AddBackward0>),960,42.207074880599976,8,0.5,,20
double_cake,ccka,ccka_lr0_1_lr0_01_lr0_01_optgd_epochs100_epochs0_001_epochs0_001_clusters8__rep1,3,0.9375,tensor(0.1613, grad_fn=<SqueezeBackward0>),tensor(0.5972, grad_fn=<AddBackward0>),1280,40.295289754867554,8,0.5,,20
double_cake,ccka,ccka_lr0_1_lr0_01_lr0_01_optgd_epochs100_epochs0_001_epochs0_001_clusters8__rep1,4,0.9375,tensor(0.1800, grad_fn=<SqueezeBackward0>),tensor(0.5053, grad_fn=<AddBackward0>),1600,36.58433794975281,8,0.5,,20
double_cake,ccka,ccka_lr0_1_lr0_01_lr0_01_optgd_epochs100_epochs0_001_epochs0_001_clusters8__rep1,5,0.9375,tensor(0.1628, grad_fn=<SqueezeBackward0>),tensor(0.5259, grad_fn=<AddBackward0>),1920,40.70488715171814,8,0.5,,20
double_cake,ccka,ccka_lr0_1_lr0_01_lr0_01_optgd_epochs100_epochs0_001_epochs0_001_clusters8__rep1,8,0.925,tensor(0.1591, grad_fn=<SqueezeBackward0>),tensor(1.3406, grad_fn=<AddBackward0>),2880,273.9630846977234,8,0.5,,20
double_cake,ccka,ccka_lr0_1_lr0_01_lr0_01_optgd_epochs100_epochs0_001_epochs0_001_clusters10__rep1,6,0.925,tensor(0.1690, grad_fn=<SqueezeBackward0>),tensor(1.3672, grad_fn=<AddBackward0>),2800,280.76919078826904,10,0.5,,20
double_cake,ccka,ccka_lr0_1_lr0_01_lr0_01_optgd_epochs100_epochs0_001_epochs0_001_clusters8__rep1,6,0.9375,tensor(0.1786, grad_fn=<SqueezeBackward0>),tensor(0.4858, grad_fn=<AddBackward0>),2240,41.22361493110657,8,0.5,,20
double_cake,ccka,ccka_lr0_1_lr0_01_lr0_01_optgd_epochs100_epochs0_001_epochs0_001_clusters8__rep1,7,1.0,tensor(0.1671, grad_fn=<SqueezeBackward0>),tensor(0.5104, grad_fn=<AddBackward0>),2560,39.98183488845825,8,0.5,,20
double_cake,ccka,ccka_lr0_1_lr0_01_lr0_01_optgd_epochs100_epochs0_001_epochs0_001_clusters8__rep1,8,0.9375,tensor(0.1777, grad_fn=<SqueezeBackward0>),tensor(0.4761, grad_fn=<AddBackward0>),2880,40.564379930496216,8,0.5,,20
double_cake,ccka,ccka_lr0_1_lr0_01_lr0_01_optgd_epochs100_epochs0_001_epochs0_001_clusters8__rep1,9,0.9375,tensor(0.1702, grad_fn=<SqueezeBackward0>),tensor(0.4919, grad_fn=<AddBackward0>),3200,42.145477294921875,8,0.5,,20
double_cake,ccka,ccka_lr0_1_lr0_01_lr0_01_optgd_epochs100_epochs0_001_epochs0_001_clusters10__rep1,0,0.9375,tensor(0.1810, grad_fn=<SqueezeBackward0>),tensor(0.6264, grad_fn=<AddBackward0>),400,39.66978883743286,10,0.5,,20
double_cake,ccka,ccka_lr0_1_lr0_01_lr0_01_optgd_epochs100_epochs0_001_epochs0_001_clusters8__rep1,9,0.925,tensor(0.1656, grad_fn=<SqueezeBackward0>),tensor(0.8806, grad_fn=<AddBackward0>),3200,279.1233186721802,8,0.5,,20
double_cake,ccka,ccka_lr0_1_lr0_01_lr0_01_optgd_epochs100_epochs0_001_epochs0_001_clusters10__rep1,1,0.9375,tensor(0.1697, grad_fn=<SqueezeBackward0>),tensor(0.7594, grad_fn=<AddBackward0>),800,39.19536471366882,10,0.5,,20
double_cake,ccka,ccka_lr0_1_lr0_01_lr0_01_optgd_epochs100_epochs0_001_epochs0_001_clusters10__rep1,7,0.925,tensor(0.1707, grad_fn=<SqueezeBackward0>),tensor(0.9085, grad_fn=<AddBackward0>),3200,289.970801115036,10,0.5,,20
double_cake,ccka,ccka_lr0_1_lr0_01_lr0_01_optgd_epochs100_epochs0_001_epochs0_001_clusters10__rep1,2,0.9375,tensor(0.1748, grad_fn=<SqueezeBackward0>),tensor(0.5411, grad_fn=<AddBackward0>),1200,39.22033500671387,10,0.5,,20
double_cake,ccka,ccka_lr0_1_lr0_01_lr0_01_optgd_epochs100_epochs0_001_epochs0_001_clusters10__rep1,3,0.9375,tensor(0.1658, grad_fn=<SqueezeBackward0>),tensor(0.5931, grad_fn=<AddBackward0>),1600,38.692699909210205,10,0.5,,20
double_cake,ccka,ccka_lr0_1_lr0_01_lr0_01_optgd_epochs100_epochs0_001_epochs0_001_clusters10__rep1,4,0.875,tensor(0.1743, grad_fn=<SqueezeBackward0>),tensor(0.5190, grad_fn=<AddBackward0>),2000,40.45841693878174,10,0.5,,20
double_cake,ccka,ccka_lr0_1_lr0_01_lr0_01_optgd_epochs100_epochs0_001_epochs0_001_clusters10__rep1,5,0.875,tensor(0.1722, grad_fn=<SqueezeBackward0>),tensor(0.5191, grad_fn=<AddBackward0>),2400,37.32110285758972,10,0.5,,20
double_cake,ccka,ccka_lr0_1_lr0_01_lr0_01_optgd_epochs100_epochs0_001_epochs0_001_clusters10__rep1,6,0.875,tensor(0.1781, grad_fn=<SqueezeBackward0>),tensor(0.4945, grad_fn=<AddBackward0>),2800,42.07332181930542,10,0.5,,20
double_cake,ccka,ccka_lr0_1_lr0_01_lr0_01_optgd_epochs100_epochs0_001_epochs0_001_clusters10__rep1,7,0.9375,tensor(0.1811, grad_fn=<SqueezeBackward0>),tensor(0.4857, grad_fn=<AddBackward0>),3200,38.9142689704895,10,0.5,,20
double_cake,ccka,ccka_lr0_1_lr0_01_lr0_01_optgd_epochs100_epochs0_001_epochs0_001_clusters10__rep1,8,0.9375,tensor(0.1850, grad_fn=<SqueezeBackward0>),tensor(0.4737, grad_fn=<AddBackward0>),3600,38.35183024406433,10,0.5,,20
double_cake,ccka,ccka_lr0_1_lr0_01_lr0_01_optgd_epochs100_epochs0_001_epochs0_001_clusters10__rep1,8,0.925,tensor(0.1701, grad_fn=<SqueezeBackward0>),tensor(1.3460, grad_fn=<AddBackward0>),3600,273.7221612930298,10,0.5,,20
double_cake,ccka,ccka_lr0_1_lr0_01_lr0_01_optgd_epochs100_epochs0_001_epochs0_001_clusters10__rep1,9,0.9375,tensor(0.1866, grad_fn=<SqueezeBackward0>),tensor(0.4745, grad_fn=<AddBackward0>),4000,39.661502838134766,10,0.5,,20
double_cake,ccka,ccka_lr0_1_lr0_01_lr0_01_optgd_epochs100_epochs0_001_epochs0_001_clusters2__rep1,0,1.0,tensor(0.1750, grad_fn=<SqueezeBackward0>),tensor(0.8237, grad_fn=<AddBackward0>),80,79.26508688926697,2,0.5,,20
double_cake,ccka,ccka_lr0_1_lr0_01_lr0_01_optgd_epochs100_epochs0_001_epochs0_001_clusters2__rep1,1,1.0,tensor(0.1975, grad_fn=<SqueezeBackward0>),tensor(1.1439, grad_fn=<AddBackward0>),160,80.282231092453,2,0.5,,20
double_cake,ccka,ccka_lr0_1_lr0_01_lr0_01_optgd_epochs100_epochs0_001_epochs0_001_clusters4__rep1,0,1.0,tensor(0.1616, grad_fn=<SqueezeBackward0>),tensor(0.6954, grad_fn=<AddBackward0>),160,78.71033191680908,4,0.5,,20
double_cake,ccka,ccka_lr0_1_lr0_01_lr0_01_optgd_epochs100_epochs0_001_epochs0_001_clusters10__rep1,9,0.925,tensor(0.1709, grad_fn=<SqueezeBackward0>),tensor(0.9085, grad_fn=<AddBackward0>),4000,243.63002586364746,10,0.5,,20
double_cake,ccka,ccka_lr0_1_lr0_01_lr0_01_optgd_epochs100_epochs0_001_epochs0_001_clusters2__rep1,2,1.0,tensor(0.1994, grad_fn=<SqueezeBackward0>),tensor(0.7629, grad_fn=<AddBackward0>),240,81.19118213653564,2,0.5,,20
double_cake,ccka,ccka_lr0_1_lr0_01_lr0_01_optgd_epochs100_epochs0_001_epochs0_001_clusters4__rep1,1,1.0,tensor(0.1738, grad_fn=<SqueezeBackward0>),tensor(0.5012, grad_fn=<AddBackward0>),320,82.15727996826172,4,0.5,,20
double_cake,ccka,ccka_lr0_1_lr0_01_lr0_01_optgd_epochs100_epochs0_001_epochs0_001_clusters2__rep1,3,0.9583333333333334,tensor(0.1878, grad_fn=<SqueezeBackward0>),tensor(0.5404, grad_fn=<AddBackward0>),320,83.77738189697266,2,0.5,,20
double_cake,ccka,ccka_lr0_1_lr0_01_lr0_01_optgd_epochs100_epochs0_001_epochs0_001_clusters4__rep1,2,1.0,tensor(0.1772, grad_fn=<SqueezeBackward0>),tensor(0.4824, grad_fn=<AddBackward0>),480,81.47272396087646,4,0.5,,20
double_cake,ccka,ccka_lr0_1_lr0_01_lr0_01_optgd_epochs100_epochs0_001_epochs0_001_clusters2__rep1,4,0.9166666666666666,tensor(0.1707, grad_fn=<SqueezeBackward0>),tensor(0.7191, grad_fn=<AddBackward0>),400,78.81063103675842,2,0.5,,20
double_cake,ccka,ccka_lr0_1_lr0_01_lr0_01_optgd_epochs100_epochs0_001_epochs0_001_clusters4__rep1,3,1.0,tensor(0.1762, grad_fn=<SqueezeBackward0>),tensor(0.4603, grad_fn=<AddBackward0>),640,86.8906397819519,4,0.5,,20
double_cake,ccka,ccka_lr0_1_lr0_01_lr0_01_optgd_epochs100_epochs0_001_epochs0_001_clusters2__rep1,5,0.9583333333333334,tensor(0.1626, grad_fn=<SqueezeBackward0>),tensor(0.4447, grad_fn=<AddBackward0>),480,77.74801087379456,2,0.5,,20
double_cake,ccka,ccka_lr0_1_lr0_01_lr0_01_optgd_epochs100_epochs0_001_epochs0_001_clusters4__rep1,4,1.0,tensor(0.1727, grad_fn=<SqueezeBackward0>),tensor(0.4612, grad_fn=<AddBackward0>),800,73.82806873321533,4,0.5,,20
double_cake,ccka,ccka_lr0_1_lr0_01_lr0_01_optgd_epochs100_epochs0_001_epochs0_001_clusters2__rep1,6,0.9166666666666666,tensor(0.1696, grad_fn=<SqueezeBackward0>),tensor(0.9119, grad_fn=<AddBackward0>),560,78.49625968933105,2,0.5,,20
double_cake,ccka,ccka_lr0_1_lr0_01_lr0_01_optgd_epochs100_epochs0_001_epochs0_001_clusters4__rep1,5,1.0,tensor(0.1731, grad_fn=<SqueezeBackward0>),tensor(0.4514, grad_fn=<AddBackward0>),960,79.3869309425354,4,0.5,,20
double_cake,ccka,ccka_lr0_1_lr0_01_lr0_01_optgd_epochs100_epochs0_001_epochs0_001_clusters6__rep1,0,0.9166666666666666,tensor(0.1568, grad_fn=<SqueezeBackward0>),tensor(0.5366, grad_fn=<AddBackward0>),240,79.08424806594849,6,0.5,,20
double_cake,ccka,ccka_lr0_1_lr0_01_lr0_01_optgd_epochs100_epochs0_001_epochs0_001_clusters2__rep1,7,0.9166666666666666,tensor(0.1651, grad_fn=<SqueezeBackward0>),tensor(0.4372, grad_fn=<AddBackward0>),640,81.67633819580078,2,0.5,,20
double_cake,ccka,ccka_lr0_1_lr0_01_lr0_01_optgd_epochs100_epochs0_001_epochs0_001_clusters4__rep1,6,1.0,tensor(0.1716, grad_fn=<SqueezeBackward0>),tensor(0.4572, grad_fn=<AddBackward0>),1120,79.76183986663818,4,0.5,,20
double_cake,ccka,ccka_lr0_1_lr0_01_lr0_01_optgd_epochs100_epochs0_001_epochs0_001_clusters6__rep1,1,0.9166666666666666,tensor(0.1722, grad_fn=<SqueezeBackward0>),tensor(0.5716, grad_fn=<AddBackward0>),480,80.08212614059448,6,0.5,,20
double_cake,ccka,ccka_lr0_1_lr0_01_lr0_01_optgd_epochs100_epochs0_001_epochs0_001_clusters2__rep1,8,0.9583333333333334,tensor(0.1699, grad_fn=<SqueezeBackward0>),tensor(1.0510, grad_fn=<AddBackward0>),720,73.7410056591034,2,0.5,,20
double_cake,ccka,ccka_lr0_1_lr0_01_lr0_01_optgd_epochs100_epochs0_001_epochs0_001_clusters4__rep1,7,1.0,tensor(0.1723, grad_fn=<SqueezeBackward0>),tensor(0.4490, grad_fn=<AddBackward0>),1280,82.29668188095093,4,0.5,,20
double_cake,ccka,ccka_lr0_1_lr0_01_lr0_01_optgd_epochs100_epochs0_001_epochs0_001_clusters6__rep1,2,0.9583333333333334,tensor(0.1577, grad_fn=<SqueezeBackward0>),tensor(0.4628, grad_fn=<AddBackward0>),720,80.57215905189514,6,0.5,,20
double_cake,ccka,ccka_lr0_1_lr0_01_lr0_01_optgd_epochs100_epochs0_001_epochs0_001_clusters2__rep1,9,0.9583333333333334,tensor(0.1678, grad_fn=<SqueezeBackward0>),tensor(0.4348, grad_fn=<AddBackward0>),800,81.3233630657196,2,0.5,,20
double_cake,ccka,ccka_lr0_1_lr0_01_lr0_01_optgd_epochs100_epochs0_001_epochs0_001_clusters4__rep1,8,1.0,tensor(0.1716, grad_fn=<SqueezeBackward0>),tensor(0.4545, grad_fn=<AddBackward0>),1440,77.45981431007385,4,0.5,,20
double_cake,ccka,ccka_lr0_1_lr0_01_lr0_01_optgd_epochs100_epochs0_001_epochs0_001_clusters6__rep1,3,0.9583333333333334,tensor(0.1657, grad_fn=<SqueezeBackward0>),tensor(0.4640, grad_fn=<AddBackward0>),960,77.59308910369873,6,0.5,,20
double_cake,ccka,ccka_lr0_1_lr0_01_lr0_01_optgd_epochs100_epochs0_001_epochs0_001_clusters4__rep1,9,1.0,tensor(0.1718, grad_fn=<SqueezeBackward0>),tensor(0.4478, grad_fn=<AddBackward0>),1600,77.10413789749146,4,0.5,,20
double_cake,ccka,ccka_lr0_1_lr0_01_lr0_01_optgd_epochs100_epochs0_001_epochs0_001_clusters6__rep1,4,0.9166666666666666,tensor(0.1624, grad_fn=<SqueezeBackward0>),tensor(0.4469, grad_fn=<AddBackward0>),1200,79.86201286315918,6,0.5,,20
double_cake,ccka,ccka_lr0_1_lr0_01_lr0_01_optgd_epochs100_epochs0_001_epochs0_001_clusters6__rep1,5,0.9583333333333334,tensor(0.1664, grad_fn=<SqueezeBackward0>),tensor(0.4489, grad_fn=<AddBackward0>),1440,79.76536893844604,6,0.5,,20
double_cake,ccka,ccka_lr0_1_lr0_01_lr0_01_optgd_epochs100_epochs0_001_epochs0_001_clusters8__rep1,0,0.9166666666666666,tensor(0.1708, grad_fn=<SqueezeBackward0>),tensor(0.6341, grad_fn=<AddBackward0>),320,78.37647914886475,8,0.5,,20
double_cake,ccka,ccka_lr0_1_lr0_01_lr0_01_optgd_epochs100_epochs0_001_epochs0_001_clusters6__rep1,6,0.9166666666666666,tensor(0.1633, grad_fn=<SqueezeBackward0>),tensor(0.4448, grad_fn=<AddBackward0>),1680,79.43673491477966,6,0.5,,20
double_cake,ccka,ccka_lr0_1_lr0_01_lr0_01_optgd_epochs100_epochs0_001_epochs0_001_clusters8__rep1,1,0.9583333333333334,tensor(0.1682, grad_fn=<SqueezeBackward0>),tensor(0.6344, grad_fn=<AddBackward0>),640,80.43763494491577,8,0.5,,20
double_cake,ccka,ccka_lr0_1_lr0_01_lr0_01_optgd_epochs100_epochs0_001_epochs0_001_clusters10__rep1,0,0.9583333333333334,tensor(0.1684, grad_fn=<SqueezeBackward0>),tensor(0.6372, grad_fn=<AddBackward0>),400,77.53953099250793,10,0.5,,20
double_cake,ccka,ccka_lr0_1_lr0_01_lr0_01_optgd_epochs100_epochs0_001_epochs0_001_clusters6__rep1,7,0.9166666666666666,tensor(0.1670, grad_fn=<SqueezeBackward0>),tensor(0.4450, grad_fn=<AddBackward0>),1920,80.00259304046631,6,0.5,,20
double_cake,ccka,ccka_lr0_1_lr0_01_lr0_01_optgd_epochs100_epochs0_001_epochs0_001_clusters8__rep1,2,0.9583333333333334,tensor(0.1820, grad_fn=<SqueezeBackward0>),tensor(0.5266, grad_fn=<AddBackward0>),960,80.52749800682068,8,0.5,,20
double_cake,ccka,ccka_lr0_1_lr0_01_lr0_01_optgd_epochs100_epochs0_001_epochs0_001_clusters10__rep1,1,1.0,tensor(0.1790, grad_fn=<SqueezeBackward0>),tensor(0.6751, grad_fn=<AddBackward0>),800,81.74428510665894,10,0.5,,20
double_cake,ccka,ccka_lr0_1_lr0_01_lr0_01_optgd_epochs100_epochs0_001_epochs0_001_clusters6__rep1,8,0.9166666666666666,tensor(0.1638, grad_fn=<SqueezeBackward0>),tensor(0.4443, grad_fn=<AddBackward0>),2160,79.63919615745544,6,0.5,,20
double_cake,ccka,ccka_lr0_1_lr0_01_lr0_01_optgd_epochs100_epochs0_001_epochs0_001_clusters8__rep1,3,0.9166666666666666,tensor(0.1687, grad_fn=<SqueezeBackward0>),tensor(0.5166, grad_fn=<AddBackward0>),1280,81.16961407661438,8,0.5,,20
double_cake,ccka,ccka_lr0_1_lr0_01_lr0_01_optgd_epochs100_epochs0_001_epochs0_001_clusters10__rep1,2,1.0,tensor(0.1713, grad_fn=<SqueezeBackward0>),tensor(0.5459, grad_fn=<AddBackward0>),1200,81.5411901473999,10,0.5,,20
double_cake,ccka,ccka_lr0_1_lr0_01_lr0_01_optgd_epochs100_epochs0_001_epochs0_001_clusters6__rep1,9,0.9166666666666666,tensor(0.1673, grad_fn=<SqueezeBackward0>),tensor(0.4431, grad_fn=<AddBackward0>),2400,82.73374104499817,6,0.5,,20
double_cake,ccka,ccka_lr0_1_lr0_01_lr0_01_optgd_epochs100_epochs0_001_epochs0_001_clusters8__rep1,4,1.0,tensor(0.1819, grad_fn=<SqueezeBackward0>),tensor(0.5012, grad_fn=<AddBackward0>),1600,77.53839778900146,8,0.5,,20
double_cake,ccka,ccka_lr0_1_lr0_01_lr0_01_optgd_epochs100_epochs0_001_epochs0_001_clusters10__rep1,3,1.0,tensor(0.1804, grad_fn=<SqueezeBackward0>),tensor(0.5734, grad_fn=<AddBackward0>),1600,81.32917404174805,10,0.5,,20
double_cake,ccka,ccka_lr0_1_lr0_01_lr0_01_optgd_epochs100_epochs0_001_epochs0_001_clusters8__rep1,5,0.9583333333333334,tensor(0.1801, grad_fn=<SqueezeBackward0>),tensor(0.4874, grad_fn=<AddBackward0>),1920,82.09808373451233,8,0.5,,20
double_cake,ccka,ccka_lr0_1_lr0_01_lr0_01_optgd_epochs100_epochs0_001_epochs0_001_clusters10__rep1,4,1.0,tensor(0.1762, grad_fn=<SqueezeBackward0>),tensor(0.5576, grad_fn=<AddBackward0>),2000,78.45828104019165,10,0.5,,20
double_cake,ccka,ccka_lr0_1_lr0_01_lr0_01_optgd_epochs100_epochs0_001_epochs0_001_clusters8__rep1,6,1.0,tensor(0.1896, grad_fn=<SqueezeBackward0>),tensor(0.4686, grad_fn=<AddBackward0>),2240,81.73980283737183,8,0.5,,20
double_cake,ccka,ccka_lr0_1_lr0_01_lr0_01_optgd_epochs100_epochs0_001_epochs0_001_clusters10__rep1,5,1.0,tensor(0.1836, grad_fn=<SqueezeBackward0>),tensor(0.5418, grad_fn=<AddBackward0>),2400,78.77919101715088,10,0.5,,20
double_cake,ccka,ccka_lr0_1_lr0_01_lr0_01_optgd_epochs100_epochs0_001_epochs0_001_clusters8__rep1,7,1.0,tensor(0.1925, grad_fn=<SqueezeBackward0>),tensor(0.4758, grad_fn=<AddBackward0>),2560,81.63510298728943,8,0.5,,20
double_cake,ccka,ccka_lr0_1_lr0_01_lr0_01_optgd_epochs100_epochs0_001_epochs0_001_clusters10__rep1,6,1.0,tensor(0.1815, grad_fn=<SqueezeBackward0>),tensor(0.5415, grad_fn=<AddBackward0>),2800,85.16643691062927,10,0.5,,20
double_cake,ccka,ccka_lr0_1_lr0_01_lr0_01_optgd_epochs100_epochs0_001_epochs0_001_clusters8__rep1,8,1.0,tensor(0.1963, grad_fn=<SqueezeBackward0>),tensor(0.4521, grad_fn=<AddBackward0>),2880,85.69282674789429,8,0.5,,20
double_cake,ccka,ccka_lr0_1_lr0_01_lr0_01_optgd_epochs100_epochs0_001_epochs0_001_clusters10__rep1,7,1.0,tensor(0.1904, grad_fn=<SqueezeBackward0>),tensor(0.5152, grad_fn=<AddBackward0>),3200,88.81550002098083,10,0.5,,20
double_cake,ccka,ccka_lr0_1_lr0_01_lr0_01_optgd_epochs100_epochs0_001_epochs0_001_clusters8__rep1,9,1.0,tensor(0.1985, grad_fn=<SqueezeBackward0>),tensor(0.4675, grad_fn=<AddBackward0>),3200,84.8769211769104,8,0.5,,20
double_cake,ccka,ccka_lr0_1_lr0_01_lr0_01_optgd_epochs100_epochs0_001_epochs0_001_clusters10__rep1,8,1.0,tensor(0.1864, grad_fn=<SqueezeBackward0>),tensor(0.5248, grad_fn=<AddBackward0>),3600,84.46828389167786,10,0.5,,20
double_cake,ccka,ccka_lr0_1_lr0_01_lr0_01_optgd_epochs100_epochs0_001_epochs0_001_clusters2__rep1,0,0.925,tensor(0.1644, grad_fn=<SqueezeBackward0>),tensor(0.4575, grad_fn=<AddBackward0>),80,235.46973204612732,2,0.5,,20
double_cake,ccka,ccka_lr0_1_lr0_01_lr0_01_optgd_epochs100_epochs0_001_epochs0_001_clusters10__rep1,9,1.0,tensor(0.1972, grad_fn=<SqueezeBackward0>),tensor(0.4971, grad_fn=<AddBackward0>),4000,84.8942379951477,10,0.5,,20
double_cake,ccka,ccka_lr0_1_lr0_01_lr0_01_optgd_epochs100_epochs0_001_epochs0_001_clusters2__rep1,1,0.925,tensor(0.1730, grad_fn=<SqueezeBackward0>),tensor(0.5412, grad_fn=<AddBackward0>),160,249.80726766586304,2,0.5,,20
double_cake,ccka,ccka_lr0_1_lr0_01_lr0_01_optgd_epochs100_epochs0_001_epochs0_001_clusters4__rep1,0,0.95,tensor(0.1650, grad_fn=<SqueezeBackward0>),tensor(0.5356, grad_fn=<AddBackward0>),160,300.0947871208191,4,0.5,,20
double_cake,ccka,ccka_lr0_1_lr0_01_lr0_01_optgd_epochs100_epochs0_001_epochs0_001_clusters2__rep1,2,0.925,tensor(0.1799, grad_fn=<SqueezeBackward0>),tensor(0.4441, grad_fn=<AddBackward0>),240,338.6965010166168,2,0.5,,20
double_cake,ccka,ccka_lr0_1_lr0_01_lr0_01_optgd_epochs100_epochs0_001_epochs0_001_clusters6__rep1,0,0.925,tensor(0.1639, grad_fn=<SqueezeBackward0>),tensor(0.6314, grad_fn=<AddBackward0>),240,325.544713973999,6,0.5,,20
double_cake,ccka,ccka_lr0_1_lr0_01_lr0_01_optgd_epochs100_epochs0_001_epochs0_001_clusters4__rep1,1,0.925,tensor(0.1463, grad_fn=<SqueezeBackward0>),tensor(0.6837, grad_fn=<AddBackward0>),320,349.8058400154114,4,0.5,,20
double_cake,ccka,ccka_lr0_1_lr0_01_lr0_01_optgd_epochs100_epochs0_001_epochs0_001_clusters2__rep1,3,0.925,tensor(0.1750, grad_fn=<SqueezeBackward0>),tensor(0.4395, grad_fn=<AddBackward0>),320,353.8121201992035,2,0.5,,20
double_cake,ccka,ccka_lr0_1_lr0_01_lr0_01_optgd_epochs100_epochs0_001_epochs0_001_clusters6__rep1,1,0.925,tensor(0.1680, grad_fn=<SqueezeBackward0>),tensor(0.5071, grad_fn=<AddBackward0>),480,374.23839592933655,6,0.5,,20
double_cake,ccka,ccka_lr0_1_lr0_01_lr0_01_optgd_epochs100_epochs0_001_epochs0_001_clusters4__rep1,2,0.95,tensor(0.1379, grad_fn=<SqueezeBackward0>),tensor(0.4592, grad_fn=<AddBackward0>),480,360.80497002601624,4,0.5,,20
double_cake,ccka,ccka_lr0_1_lr0_01_lr0_01_optgd_epochs100_epochs0_001_epochs0_001_clusters2__rep1,4,0.925,tensor(0.1769, grad_fn=<SqueezeBackward0>),tensor(0.4403, grad_fn=<AddBackward0>),400,364.72280406951904,2,0.5,,20
double_cake,ccka,ccka_lr0_1_lr0_01_lr0_01_optgd_epochs100_epochs0_001_epochs0_001_clusters6__rep1,2,0.925,tensor(0.1796, grad_fn=<SqueezeBackward0>),tensor(0.5865, grad_fn=<AddBackward0>),720,346.52535796165466,6,0.5,,20
double_cake,ccka,ccka_lr0_1_lr0_01_lr0_01_optgd_epochs100_epochs0_001_epochs0_001_clusters4__rep1,3,0.925,tensor(0.1664, grad_fn=<SqueezeBackward0>),tensor(0.5297, grad_fn=<AddBackward0>),640,359.9800298213959,4,0.5,,20
double_cake,ccka,ccka_lr0_1_lr0_01_lr0_01_optgd_epochs100_epochs0_001_epochs0_001_clusters2__rep1,5,0.925,tensor(0.1772, grad_fn=<SqueezeBackward0>),tensor(0.4389, grad_fn=<AddBackward0>),480,377.93969106674194,2,0.5,,20
double_cake,ccka,ccka_lr0_1_lr0_01_lr0_01_optgd_epochs100_epochs0_001_epochs0_001_clusters6__rep1,3,0.925,tensor(0.1669, grad_fn=<SqueezeBackward0>),tensor(0.4828, grad_fn=<AddBackward0>),960,384.24814200401306,6,0.5,,20
double_cake,ccka,ccka_lr0_1_lr0_01_lr0_01_optgd_epochs100_epochs0_001_epochs0_001_clusters4__rep1,4,0.925,tensor(0.1497, grad_fn=<SqueezeBackward0>),tensor(0.4513, grad_fn=<AddBackward0>),800,355.7425217628479,4,0.5,,20
double_cake,ccka,ccka_lr0_1_lr0_01_lr0_01_optgd_epochs100_epochs0_001_epochs0_001_clusters2__rep1,6,0.925,tensor(0.1780, grad_fn=<SqueezeBackward0>),tensor(0.4390, grad_fn=<AddBackward0>),560,354.5113799571991,2,0.5,,20
double_cake,ccka,ccka_lr0_1_lr0_01_lr0_01_optgd_epochs100_epochs0_001_epochs0_001_clusters6__rep1,4,0.95,tensor(0.1715, grad_fn=<SqueezeBackward0>),tensor(0.5411, grad_fn=<AddBackward0>),1200,345.70982122421265,6,0.5,,20
double_cake,ccka,ccka_lr0_1_lr0_01_lr0_01_optgd_epochs100_epochs0_001_epochs0_001_clusters4__rep1,5,0.925,tensor(0.1712, grad_fn=<SqueezeBackward0>),tensor(0.4823, grad_fn=<AddBackward0>),960,364.85076808929443,4,0.5,,20
double_cake,ccka,ccka_lr0_1_lr0_01_lr0_01_optgd_epochs100_epochs0_001_epochs0_001_clusters2__rep1,7,0.925,tensor(0.1786, grad_fn=<SqueezeBackward0>),tensor(0.4381, grad_fn=<AddBackward0>),640,365.51034903526306,2,0.5,,20
double_cake,ccka,ccka_lr0_1_lr0_01_lr0_01_optgd_epochs100_epochs0_001_epochs0_001_clusters6__rep1,5,0.9,tensor(0.1593, grad_fn=<SqueezeBackward0>),tensor(0.4743, grad_fn=<AddBackward0>),1440,346.1897568702698,6,0.5,,20
double_cake,ccka,ccka_lr0_1_lr0_01_lr0_01_optgd_epochs100_epochs0_001_epochs0_001_clusters4__rep1,6,0.925,tensor(0.1571, grad_fn=<SqueezeBackward0>),tensor(0.4492, grad_fn=<AddBackward0>),1120,353.9510178565979,4,0.5,,20
double_cake,ccka,ccka_lr0_1_lr0_01_lr0_01_optgd_epochs100_epochs0_001_epochs0_001_clusters2__rep1,8,0.925,tensor(0.1788, grad_fn=<SqueezeBackward0>),tensor(0.4380, grad_fn=<AddBackward0>),720,345.2257237434387,2,0.5,,20
double_cake,ccka,ccka_lr0_1_lr0_01_lr0_01_optgd_epochs100_epochs0_001_epochs0_001_clusters6__rep1,6,0.95,tensor(0.1587, grad_fn=<SqueezeBackward0>),tensor(0.5070, grad_fn=<AddBackward0>),1680,370.44356393814087,6,0.5,,20
double_cake,ccka,ccka_lr0_1_lr0_01_lr0_01_optgd_epochs100_epochs0_001_epochs0_001_clusters4__rep1,7,0.925,tensor(0.1699, grad_fn=<SqueezeBackward0>),tensor(0.4629, grad_fn=<AddBackward0>),1280,354.4150331020355,4,0.5,,20
double_cake,ccka,ccka_lr0_1_lr0_01_lr0_01_optgd_epochs100_epochs0_001_epochs0_001_clusters2__rep1,9,0.925,tensor(0.1794, grad_fn=<SqueezeBackward0>),tensor(0.4372, grad_fn=<AddBackward0>),800,363.1954996585846,2,0.5,,20
double_cake,ccka,ccka_lr0_1_lr0_01_lr0_01_optgd_epochs100_epochs0_001_epochs0_001_clusters6__rep1,7,0.9,tensor(0.1513, grad_fn=<SqueezeBackward0>),tensor(0.4634, grad_fn=<AddBackward0>),1920,335.9182667732239,6,0.5,,20
double_cake,ccka,ccka_lr0_1_lr0_01_lr0_01_optgd_epochs100_epochs0_001_epochs0_001_clusters4__rep1,8,0.925,tensor(0.1593, grad_fn=<SqueezeBackward0>),tensor(0.4485, grad_fn=<AddBackward0>),1440,324.7903048992157,4,0.5,,20
double_cake,ccka,ccka_lr0_1_lr0_01_lr0_01_optgd_epochs100_epochs0_001_epochs0_001_clusters6__rep1,8,0.975,tensor(0.1502, grad_fn=<SqueezeBackward0>),tensor(0.4705, grad_fn=<AddBackward0>),2160,345.51775002479553,6,0.5,,20
double_cake,ccka,ccka_lr0_1_lr0_01_lr0_01_optgd_epochs100_epochs0_001_epochs0_001_clusters4__rep1,9,0.925,tensor(0.1664, grad_fn=<SqueezeBackward0>),tensor(0.4540, grad_fn=<AddBackward0>),1600,331.56720781326294,4,0.5,,20
double_cake,ccka,ccka_lr0_1_lr0_01_lr0_01_optgd_epochs100_epochs0_001_epochs0_001_clusters6__rep1,9,0.925,tensor(0.1440, grad_fn=<SqueezeBackward0>),tensor(0.4507, grad_fn=<AddBackward0>),2400,309.48961091041565,6,0.5,,20
double_cake,ccka,ccka_lr0_1_lr0_01_lr0_01_optgd_epochs100_epochs0_001_epochs0_001_clusters8__rep1,0,0.925,tensor(0.1811, grad_fn=<SqueezeBackward0>),tensor(0.7186, grad_fn=<AddBackward0>),320,280.0158591270447,8,0.5,,20
double_cake,ccka,ccka_lr0_1_lr0_01_lr0_01_optgd_epochs100_epochs0_001_epochs0_001_clusters8__rep1,1,0.925,tensor(0.1847, grad_fn=<SqueezeBackward0>),tensor(0.8210, grad_fn=<AddBackward0>),640,258.42862725257874,8,0.5,,20
double_cake,ccka,ccka_lr0_1_lr0_01_lr0_01_optgd_epochs100_epochs0_001_epochs0_001_clusters10__rep1,0,0.925,tensor(0.1939, grad_fn=<SqueezeBackward0>),tensor(0.6691, grad_fn=<AddBackward0>),400,227.77645611763,10,0.5,,20
double_cake,ccka,ccka_lr0_1_lr0_01_lr0_01_optgd_epochs100_epochs0_001_epochs0_001_clusters8__rep1,2,0.925,tensor(0.1961, grad_fn=<SqueezeBackward0>),tensor(0.5875, grad_fn=<AddBackward0>),960,228.20245099067688,8,0.5,,20
double_cake,ccka,ccka_lr0_1_lr0_01_lr0_01_optgd_epochs100_epochs0_001_epochs0_001_clusters10__rep1,1,0.9,tensor(0.1977, grad_fn=<SqueezeBackward0>),tensor(0.6652, grad_fn=<AddBackward0>),800,9380.52326798439,10,0.5,,20
double_cake,ccka,ccka_lr0_1_lr0_01_lr0_01_optgd_epochs100_epochs0_001_epochs0_001_clusters8__rep1,3,0.925,tensor(0.1981, grad_fn=<SqueezeBackward0>),tensor(0.5787, grad_fn=<AddBackward0>),1280,10623.912090301514,8,0.5,,20
double_cake,ccka,ccka_lr0_1_lr0_01_lr0_01_optgd_epochs100_epochs0_001_epochs0_001_clusters10__rep1,2,0.925,tensor(0.1946, grad_fn=<SqueezeBackward0>),tensor(0.5202, grad_fn=<AddBackward0>),1200,1499.1242439746857,10,0.5,,20
double_cake,ccka,ccka_lr0_1_lr0_01_lr0_01_optgd_epochs100_epochs0_001_epochs0_001_clusters8__rep1,4,0.925,tensor(0.1976, grad_fn=<SqueezeBackward0>),tensor(0.5266, grad_fn=<AddBackward0>),1600,289.1639931201935,8,0.5,,20
double_cake,ccka,ccka_lr0_1_lr0_01_lr0_01_optgd_epochs100_epochs0_001_epochs0_001_clusters10__rep1,3,0.925,tensor(0.2018, grad_fn=<SqueezeBackward0>),tensor(0.5641, grad_fn=<AddBackward0>),1600,297.19541597366333,10,0.5,,20
double_cake,ccka,ccka_lr0_1_lr0_01_lr0_01_optgd_epochs100_epochs0_001_epochs0_001_clusters8__rep1,5,0.925,tensor(0.1956, grad_fn=<SqueezeBackward0>),tensor(0.5105, grad_fn=<AddBackward0>),1920,289.09707283973694,8,0.5,,20
double_cake,ccka,ccka_lr0_1_lr0_01_lr0_01_optgd_epochs100_epochs0_001_epochs0_001_clusters10__rep1,4,0.925,tensor(0.1952, grad_fn=<SqueezeBackward0>),tensor(0.5110, grad_fn=<AddBackward0>),2000,286.64058899879456,10,0.5,,20
double_cake,ccka,ccka_lr0_1_lr0_01_lr0_01_optgd_epochs100_epochs0_001_epochs0_001_clusters8__rep1,6,0.925,tensor(0.1947, grad_fn=<SqueezeBackward0>),tensor(0.5111, grad_fn=<AddBackward0>),2240,288.49807929992676,8,0.5,,20
double_cake,ccka,ccka_lr0_1_lr0_01_lr0_01_optgd_epochs100_epochs0_001_epochs0_001_clusters10__rep1,5,0.925,tensor(0.1991, grad_fn=<SqueezeBackward0>),tensor(0.5322, grad_fn=<AddBackward0>),2400,290.91849398612976,10,0.5,,20
double_cake,ccka,ccka_lr0_1_lr0_01_lr0_01_optgd_epochs100_epochs0_001_epochs0_001_clusters8__rep1,7,0.925,tensor(0.1936, grad_fn=<SqueezeBackward0>),tensor(0.4798, grad_fn=<AddBackward0>),2560,285.1559319496155,8,0.5,,20
double_cake,ccka,ccka_lr0_1_lr0_01_lr0_01_optgd_epochs100_epochs0_001_epochs0_001_clusters10__rep1,6,0.925,tensor(0.1899, grad_fn=<SqueezeBackward0>),tensor(0.5303, grad_fn=<AddBackward0>),2800,276.5782160758972,10,0.5,,20
double_cake,ccka,ccka_lr0_1_lr0_01_lr0_01_optgd_epochs100_epochs0_001_epochs0_001_clusters8__rep1,8,0.925,tensor(0.1893, grad_fn=<SqueezeBackward0>),tensor(0.4988, grad_fn=<AddBackward0>),2880,284.472128868103,8,0.5,,20
double_cake,ccka,ccka_lr0_1_lr0_01_lr0_01_optgd_epochs100_epochs0_001_epochs0_001_clusters10__rep1,7,0.925,tensor(0.2018, grad_fn=<SqueezeBackward0>),tensor(0.6078, grad_fn=<AddBackward0>),3200,292.6866581439972,10,0.5,,20
double_cake,ccka,ccka_lr0_1_lr0_01_lr0_01_optgd_epochs100_epochs0_001_epochs0_001_clusters8__rep1,9,0.925,tensor(0.1920, grad_fn=<SqueezeBackward0>),tensor(0.4691, grad_fn=<AddBackward0>),3200,308.61513328552246,8,0.5,,20
double_cake,ccka,ccka_lr0_1_lr0_01_lr0_01_optgd_epochs100_epochs0_001_epochs0_001_clusters10__rep1,8,0.925,tensor(0.1958, grad_fn=<SqueezeBackward0>),tensor(0.6061, grad_fn=<AddBackward0>),3600,270.4889657497406,10,0.5,,20
double_cake,ccka,ccka_lr0_1_lr0_01_lr0_01_optgd_epochs100_epochs0_001_epochs0_001_clusters10__rep1,9,0.925,tensor(0.1914, grad_fn=<SqueezeBackward0>),tensor(0.6112, grad_fn=<AddBackward0>),4000,213.81765389442444,10,0.5,,20
double_cake,ccka,ccka_lr0_1_lr0_01_lr0_01_optgd_epochs100_epochs0_001_epochs0_001_clusters2__rep1,0,0.625,tensor(0.1866, grad_fn=<SqueezeBackward0>),tensor(0.8732, grad_fn=<AddBackward0>),80,8.685354948043823,2,0.5,,20
double_cake,ccka,ccka_lr0_1_lr0_01_lr0_01_optgd_epochs100_epochs0_001_epochs0_001_clusters4__rep1,0,0.625,tensor(0.1892, grad_fn=<SqueezeBackward0>),tensor(0.6817, grad_fn=<AddBackward0>),160,9.423667907714844,4,0.5,,20
double_cake,ccka,ccka_lr0_1_lr0_01_lr0_01_optgd_epochs100_epochs0_001_epochs0_001_clusters6__rep1,0,1.0,tensor(0.1796, grad_fn=<SqueezeBackward0>),tensor(0.7590, grad_fn=<AddBackward0>),240,9.99786114692688,6,0.5,,20
double_cake,ccka,ccka_lr0_1_lr0_01_lr0_01_optgd_epochs100_epochs0_001_epochs0_001_clusters2__rep1,1,0.625,tensor(0.2068, grad_fn=<SqueezeBackward0>),tensor(0.8344, grad_fn=<AddBackward0>),160,8.445699214935303,2,0.5,,20
double_cake,ccka,ccka_lr0_1_lr0_01_lr0_01_optgd_epochs100_epochs0_001_epochs0_001_clusters4__rep1,1,0.625,tensor(0.1911, grad_fn=<SqueezeBackward0>),tensor(1.2604, grad_fn=<AddBackward0>),320,9.047959089279175,4,0.5,,20
double_cake,ccka,ccka_lr0_1_lr0_01_lr0_01_optgd_epochs100_epochs0_001_epochs0_001_clusters6__rep1,1,0.75,tensor(0.1805, grad_fn=<SqueezeBackward0>),tensor(1.3135, grad_fn=<AddBackward0>),480,9.78297209739685,6,0.5,,20
double_cake,ccka,ccka_lr0_1_lr0_01_lr0_01_optgd_epochs100_epochs0_001_epochs0_001_clusters2__rep1,2,0.875,tensor(0.2177, grad_fn=<SqueezeBackward0>),tensor(0.7321, grad_fn=<AddBackward0>),240,8.919281005859375,2,0.5,,20
double_cake,ccka,ccka_lr0_1_lr0_01_lr0_01_optgd_epochs100_epochs0_001_epochs0_001_clusters4__rep1,2,0.625,tensor(0.1943, grad_fn=<SqueezeBackward0>),tensor(0.5665, grad_fn=<AddBackward0>),480,9.514402866363525,4,0.5,,20
double_cake,ccka,ccka_lr0_1_lr0_01_lr0_01_optgd_epochs100_epochs0_001_epochs0_001_clusters6__rep1,2,0.75,tensor(0.1762, grad_fn=<SqueezeBackward0>),tensor(0.7439, grad_fn=<AddBackward0>),720,10.33404803276062,6,0.5,,20
double_cake,ccka,ccka_lr0_1_lr0_01_lr0_01_optgd_epochs100_epochs0_001_epochs0_001_clusters2__rep1,3,0.625,tensor(0.2343, grad_fn=<SqueezeBackward0>),tensor(0.6634, grad_fn=<AddBackward0>),320,8.357136964797974,2,0.5,,20
double_cake,ccka,ccka_lr0_1_lr0_01_lr0_01_optgd_epochs100_epochs0_001_epochs0_001_clusters4__rep1,3,0.625,tensor(0.1915, grad_fn=<SqueezeBackward0>),tensor(1.1605, grad_fn=<AddBackward0>),640,9.497561931610107,4,0.5,,20
double_cake,ccka,ccka_lr0_1_lr0_01_lr0_01_optgd_epochs100_epochs0_001_epochs0_001_clusters6__rep1,3,0.625,tensor(0.1820, grad_fn=<SqueezeBackward0>),tensor(1.2884, grad_fn=<AddBackward0>),960,10.014878988265991,6,0.5,,20
double_cake,ccka,ccka_lr0_1_lr0_01_lr0_01_optgd_epochs100_epochs0_001_epochs0_001_clusters2__rep1,4,0.625,tensor(0.2267, grad_fn=<SqueezeBackward0>),tensor(0.6506, grad_fn=<AddBackward0>),400,8.781850099563599,2,0.5,,20
double_cake,ccka,ccka_lr0_1_lr0_01_lr0_01_optgd_epochs100_epochs0_001_epochs0_001_clusters4__rep1,4,0.625,tensor(0.1967, grad_fn=<SqueezeBackward0>),tensor(0.5197, grad_fn=<AddBackward0>),800,9.276330947875977,4,0.5,,20
double_cake,ccka,ccka_lr0_1_lr0_01_lr0_01_optgd_epochs100_epochs0_001_epochs0_001_clusters6__rep1,4,0.625,tensor(0.1782, grad_fn=<SqueezeBackward0>),tensor(0.7285, grad_fn=<AddBackward0>),1200,9.990459680557251,6,0.5,,20
double_cake,ccka,ccka_lr0_1_lr0_01_lr0_01_optgd_epochs100_epochs0_001_epochs0_001_clusters2__rep1,5,0.625,tensor(0.2348, grad_fn=<SqueezeBackward0>),tensor(0.6536, grad_fn=<AddBackward0>),480,8.649245023727417,2,0.5,,20
double_cake,ccka,ccka_lr0_1_lr0_01_lr0_01_optgd_epochs100_epochs0_001_epochs0_001_clusters4__rep1,5,0.875,tensor(0.1963, grad_fn=<SqueezeBackward0>),tensor(1.0151, grad_fn=<AddBackward0>),960,9.244175672531128,4,0.5,,20
double_cake,ccka,ccka_lr0_1_lr0_01_lr0_01_optgd_epochs100_epochs0_001_epochs0_001_clusters6__rep1,5,0.75,tensor(0.1830, grad_fn=<SqueezeBackward0>),tensor(1.2813, grad_fn=<AddBackward0>),1440,9.739458799362183,6,0.5,,20
double_cake,ccka,ccka_lr0_1_lr0_01_lr0_01_optgd_epochs100_epochs0_001_epochs0_001_clusters2__rep1,6,0.625,tensor(0.2234, grad_fn=<SqueezeBackward0>),tensor(1.4360, grad_fn=<AddBackward0>),560,8.813472986221313,2,0.5,,20
double_cake,ccka,ccka_lr0_1_lr0_01_lr0_01_optgd_epochs100_epochs0_001_epochs0_001_clusters4__rep1,6,0.75,tensor(0.1983, grad_fn=<SqueezeBackward0>),tensor(0.4994, grad_fn=<AddBackward0>),1120,9.273591041564941,4,0.5,,20
double_cake,ccka,ccka_lr0_1_lr0_01_lr0_01_optgd_epochs100_epochs0_001_epochs0_001_clusters2__rep1,7,0.625,tensor(0.2120, grad_fn=<SqueezeBackward0>),tensor(1.3682, grad_fn=<AddBackward0>),640,8.631830930709839,2,0.5,,20
double_cake,ccka,ccka_lr0_1_lr0_01_lr0_01_optgd_epochs100_epochs0_001_epochs0_001_clusters6__rep1,6,0.625,tensor(0.1810, grad_fn=<SqueezeBackward0>),tensor(0.7174, grad_fn=<AddBackward0>),1680,10.421952962875366,6,0.5,,20
double_cake,ccka,ccka_lr0_1_lr0_01_lr0_01_optgd_epochs100_epochs0_001_epochs0_001_clusters4__rep1,7,0.875,tensor(0.1972, grad_fn=<SqueezeBackward0>),tensor(0.8959, grad_fn=<AddBackward0>),1280,9.64793610572815,4,0.5,,20
double_cake,ccka,ccka_lr0_1_lr0_01_lr0_01_optgd_epochs100_epochs0_001_epochs0_001_clusters2__rep1,8,1.0,tensor(0.1916, grad_fn=<SqueezeBackward0>),tensor(1.4814, grad_fn=<AddBackward0>),720,8.97493600845337,2,0.5,,20
double_cake,ccka,ccka_lr0_1_lr0_01_lr0_01_optgd_epochs100_epochs0_001_epochs0_001_clusters6__rep1,7,0.75,tensor(0.1835, grad_fn=<SqueezeBackward0>),tensor(1.2930, grad_fn=<AddBackward0>),1920,9.990586042404175,6,0.5,,20
double_cake,ccka,ccka_lr0_1_lr0_01_lr0_01_optgd_epochs100_epochs0_001_epochs0_001_clusters4__rep1,8,0.75,tensor(0.1998, grad_fn=<SqueezeBackward0>),tensor(0.4916, grad_fn=<AddBackward0>),1440,9.049145936965942,4,0.5,,20
double_cake,ccka,ccka_lr0_1_lr0_01_lr0_01_optgd_epochs100_epochs0_001_epochs0_001_clusters2__rep1,9,0.625,tensor(0.1744, grad_fn=<SqueezeBackward0>),tensor(1.3630, grad_fn=<AddBackward0>),800,8.755812168121338,2,0.5,,20
double_cake,ccka,ccka_lr0_1_lr0_01_lr0_01_optgd_epochs100_epochs0_001_epochs0_001_clusters6__rep1,8,0.625,tensor(0.1809, grad_fn=<SqueezeBackward0>),tensor(0.7155, grad_fn=<AddBackward0>),2160,10.035705804824829,6,0.5,,20
double_cake,ccka,ccka_lr0_1_lr0_01_lr0_01_optgd_epochs100_epochs0_001_epochs0_001_clusters4__rep1,9,0.875,tensor(0.1994, grad_fn=<SqueezeBackward0>),tensor(0.8239, grad_fn=<AddBackward0>),1600,9.41700792312622,4,0.5,,20
double_cake,ccka,ccka_lr0_1_lr0_01_lr0_01_optgd_epochs100_epochs0_001_epochs0_001_clusters6__rep1,9,0.75,tensor(0.1832, grad_fn=<SqueezeBackward0>),tensor(1.3307, grad_fn=<AddBackward0>),2400,9.743950128555298,6,0.5,,20
double_cake,ccka,ccka_lr0_1_lr0_01_lr0_01_optgd_epochs100_epochs0_001_epochs0_001_clusters8__rep1,0,0.875,tensor(0.1800, grad_fn=<SqueezeBackward0>),tensor(0.7149, grad_fn=<AddBackward0>),320,10.846213102340698,8,0.5,,20
double_cake,ccka,ccka_lr0_1_lr0_01_lr0_01_optgd_epochs100_epochs0_001_epochs0_001_clusters10__rep1,0,1.0,tensor(0.1966, grad_fn=<SqueezeBackward0>),tensor(0.7351, grad_fn=<AddBackward0>),400,10.795602083206177,10,0.5,,20
double_cake,ccka,ccka_lr0_1_lr0_01_lr0_01_optgd_epochs100_epochs0_001_epochs0_001_clusters8__rep1,1,0.875,tensor(0.1790, grad_fn=<SqueezeBackward0>),tensor(1.3815, grad_fn=<AddBackward0>),640,10.302474021911621,8,0.5,,20
double_cake,ccka,ccka_lr0_1_lr0_01_lr0_01_optgd_epochs100_epochs0_001_epochs0_001_clusters10__rep1,1,1.0,tensor(0.1874, grad_fn=<SqueezeBackward0>),tensor(1.2960, grad_fn=<AddBackward0>),800,11.183290004730225,10,0.5,,20
double_cake,ccka,ccka_lr0_1_lr0_01_lr0_01_optgd_epochs100_epochs0_001_epochs0_001_clusters8__rep1,2,0.875,tensor(0.1791, grad_fn=<SqueezeBackward0>),tensor(0.7112, grad_fn=<AddBackward0>),960,10.656692028045654,8,0.5,,20
double_cake,ccka,ccka_lr0_1_lr0_01_lr0_01_optgd_epochs100_epochs0_001_epochs0_001_clusters10__rep1,2,1.0,tensor(0.1993, grad_fn=<SqueezeBackward0>),tensor(0.7028, grad_fn=<AddBackward0>),1200,11.208637952804565,10,0.5,,20
double_cake,ccka,ccka_lr0_1_lr0_01_lr0_01_optgd_epochs100_epochs0_001_epochs0_001_clusters8__rep1,3,0.625,tensor(0.1802, grad_fn=<SqueezeBackward0>),tensor(1.2725, grad_fn=<AddBackward0>),1280,10.667288064956665,8,0.5,,20
double_cake,ccka,ccka_lr0_1_lr0_01_lr0_01_optgd_epochs100_epochs0_001_epochs0_001_clusters2__rep1,0,1.0,tensor(0.1800, grad_fn=<SqueezeBackward0>),tensor(0.4982, grad_fn=<AddBackward0>),80,18.802344799041748,2,0.5,,20
double_cake,ccka,ccka_lr0_1_lr0_01_lr0_01_optgd_epochs100_epochs0_001_epochs0_001_clusters10__rep1,3,1.0,tensor(0.2012, grad_fn=<SqueezeBackward0>),tensor(1.1770, grad_fn=<AddBackward0>),1600,11.894450902938843,10,0.5,,20
double_cake,ccka,ccka_lr0_1_lr0_01_lr0_01_optgd_epochs100_epochs0_001_epochs0_001_clusters8__rep1,4,0.625,tensor(0.1738, grad_fn=<SqueezeBackward0>),tensor(0.7085, grad_fn=<AddBackward0>),1600,11.041430234909058,8,0.5,,20
double_cake,ccka,ccka_lr0_1_lr0_01_lr0_01_optgd_epochs100_epochs0_001_epochs0_001_clusters2__rep1,1,1.0,tensor(0.1889, grad_fn=<SqueezeBackward0>),tensor(0.6440, grad_fn=<AddBackward0>),160,19.34768581390381,2,0.5,,20
double_cake,ccka,ccka_lr0_1_lr0_01_lr0_01_optgd_epochs100_epochs0_001_epochs0_001_clusters10__rep1,4,1.0,tensor(0.1975, grad_fn=<SqueezeBackward0>),tensor(0.6801, grad_fn=<AddBackward0>),2000,10.94304609298706,10,0.5,,20
double_cake,ccka,ccka_lr0_1_lr0_01_lr0_01_optgd_epochs100_epochs0_001_epochs0_001_clusters8__rep1,5,0.875,tensor(0.1834, grad_fn=<SqueezeBackward0>),tensor(1.1223, grad_fn=<AddBackward0>),1920,10.434672117233276,8,0.5,,20
double_cake,ccka,ccka_lr0_1_lr0_01_lr0_01_optgd_epochs100_epochs0_001_epochs0_001_clusters10__rep1,5,1.0,tensor(0.2007, grad_fn=<SqueezeBackward0>),tensor(1.0459, grad_fn=<AddBackward0>),2400,11.063529253005981,10,0.5,,20
double_cake,ccka,ccka_lr0_1_lr0_01_lr0_01_optgd_epochs100_epochs0_001_epochs0_001_clusters8__rep1,6,0.75,tensor(0.1756, grad_fn=<SqueezeBackward0>),tensor(0.7104, grad_fn=<AddBackward0>),2240,10.824304103851318,8,0.5,,20
double_cake,ccka,ccka_lr0_1_lr0_01_lr0_01_optgd_epochs100_epochs0_001_epochs0_001_clusters2__rep1,2,1.0,tensor(0.1840, grad_fn=<SqueezeBackward0>),tensor(0.4730, grad_fn=<AddBackward0>),240,19.482764959335327,2,0.5,,20
double_cake,ccka,ccka_lr0_1_lr0_01_lr0_01_optgd_epochs100_epochs0_001_epochs0_001_clusters10__rep1,6,0.75,tensor(0.1958, grad_fn=<SqueezeBackward0>),tensor(0.6407, grad_fn=<AddBackward0>),2800,11.22548508644104,10,0.5,,20
double_cake,ccka,ccka_lr0_1_lr0_01_lr0_01_optgd_epochs100_epochs0_001_epochs0_001_clusters8__rep1,7,1.0,tensor(0.1891, grad_fn=<SqueezeBackward0>),tensor(1.0038, grad_fn=<AddBackward0>),2560,10.384002923965454,8,0.5,,20
double_cake,ccka,ccka_lr0_1_lr0_01_lr0_01_optgd_epochs100_epochs0_001_epochs0_001_clusters8__rep1,8,0.875,tensor(0.1832, grad_fn=<SqueezeBackward0>),tensor(0.7185, grad_fn=<AddBackward0>),2880,10.63093876838684,8,0.5,,20
double_cake,ccka,ccka_lr0_1_lr0_01_lr0_01_optgd_epochs100_epochs0_001_epochs0_001_clusters10__rep1,7,0.875,tensor(0.2063, grad_fn=<SqueezeBackward0>),tensor(0.9316, grad_fn=<AddBackward0>),3200,11.58128809928894,10,0.5,,20
double_cake,ccka,ccka_lr0_1_lr0_01_lr0_01_optgd_epochs100_epochs0_001_epochs0_001_clusters2__rep1,3,1.0,tensor(0.1889, grad_fn=<SqueezeBackward0>),tensor(0.5808, grad_fn=<AddBackward0>),320,19.927824020385742,2,0.5,,20
double_cake,ccka,ccka_lr0_1_lr0_01_lr0_01_optgd_epochs100_epochs0_001_epochs0_001_clusters8__rep1,9,1.0,tensor(0.1950, grad_fn=<SqueezeBackward0>),tensor(0.9184, grad_fn=<AddBackward0>),3200,10.703645944595337,8,0.5,,20
double_cake,ccka,ccka_lr0_1_lr0_01_lr0_01_optgd_epochs100_epochs0_001_epochs0_001_clusters10__rep1,8,0.625,tensor(0.1999, grad_fn=<SqueezeBackward0>),tensor(0.5781, grad_fn=<AddBackward0>),3600,11.024769067764282,10,0.5,,20
double_cake,ccka,ccka_lr0_1_lr0_01_lr0_01_optgd_epochs100_epochs0_001_epochs0_001_clusters10__rep1,9,0.875,tensor(0.2094, grad_fn=<SqueezeBackward0>),tensor(0.8514, grad_fn=<AddBackward0>),4000,11.059725046157837,10,0.5,,20
double_cake,ccka,ccka_lr0_1_lr0_01_lr0_01_optgd_epochs100_epochs0_001_epochs0_001_clusters2__rep1,4,1.0,tensor(0.1868, grad_fn=<SqueezeBackward0>),tensor(0.4887, grad_fn=<AddBackward0>),400,19.600106954574585,2,0.5,,20
double_cake,ccka,ccka_lr0_1_lr0_01_lr0_01_optgd_epochs100_epochs0_001_epochs0_001_clusters2__rep1,5,0.9166666666666666,tensor(0.1888, grad_fn=<SqueezeBackward0>),tensor(0.5301, grad_fn=<AddBackward0>),480,19.005311965942383,2,0.5,,20
double_cake,ccka,ccka_lr0_1_lr0_01_lr0_01_optgd_epochs100_epochs0_001_epochs0_001_clusters4__rep1,0,0.9166666666666666,tensor(0.1661, grad_fn=<SqueezeBackward0>),tensor(0.7439, grad_fn=<AddBackward0>),160,19.511201858520508,4,0.5,,20
double_cake,ccka,ccka_lr0_1_lr0_01_lr0_01_optgd_epochs100_epochs0_001_epochs0_001_clusters2__rep1,6,0.9166666666666666,tensor(0.1894, grad_fn=<SqueezeBackward0>),tensor(0.5046, grad_fn=<AddBackward0>),560,18.890932083129883,2,0.5,,20
double_cake,ccka,ccka_lr0_1_lr0_01_lr0_01_optgd_epochs100_epochs0_001_epochs0_001_clusters6__rep1,0,0.9166666666666666,tensor(0.1721, grad_fn=<SqueezeBackward0>),tensor(0.5945, grad_fn=<AddBackward0>),240,20.130087852478027,6,0.5,,20
double_cake,ccka,ccka_lr0_1_lr0_01_lr0_01_optgd_epochs100_epochs0_001_epochs0_001_clusters4__rep1,1,1.0,tensor(0.1705, grad_fn=<SqueezeBackward0>),tensor(0.7593, grad_fn=<AddBackward0>),320,19.84591269493103,4,0.5,,20
double_cake,ccka,ccka_lr0_1_lr0_01_lr0_01_optgd_epochs100_epochs0_001_epochs0_001_clusters2__rep1,7,0.9166666666666666,tensor(0.1895, grad_fn=<SqueezeBackward0>),tensor(0.4912, grad_fn=<AddBackward0>),640,20.164706230163574,2,0.5,,20
double_cake,ccka,ccka_lr0_1_lr0_01_lr0_01_optgd_epochs100_epochs0_001_epochs0_001_clusters6__rep1,1,1.0,tensor(0.1774, grad_fn=<SqueezeBackward0>),tensor(0.6083, grad_fn=<AddBackward0>),480,20.47987723350525,6,0.5,,20
double_cake,ccka,ccka_lr0_1_lr0_01_lr0_01_optgd_epochs100_epochs0_001_epochs0_001_clusters2__rep1,8,0.9166666666666666,tensor(0.1925, grad_fn=<SqueezeBackward0>),tensor(0.5213, grad_fn=<AddBackward0>),720,18.606154918670654,2,0.5,,20
double_cake,ccka,ccka_lr0_1_lr0_01_lr0_01_optgd_epochs100_epochs0_001_epochs0_001_clusters4__rep1,2,1.0,tensor(0.1625, grad_fn=<SqueezeBackward0>),tensor(0.7048, grad_fn=<AddBackward0>),480,20.91025400161743,4,0.5,,20
double_cake,ccka,ccka_lr0_1_lr0_01_lr0_01_optgd_epochs100_epochs0_001_epochs0_001_clusters6__rep1,2,1.0,tensor(0.1778, grad_fn=<SqueezeBackward0>),tensor(0.5425, grad_fn=<AddBackward0>),720,20.460768938064575,6,0.5,,20
double_cake,ccka,ccka_lr0_1_lr0_01_lr0_01_optgd_epochs100_epochs0_001_epochs0_001_clusters2__rep1,9,0.9166666666666666,tensor(0.1877, grad_fn=<SqueezeBackward0>),tensor(0.4640, grad_fn=<AddBackward0>),800,19.42980408668518,2,0.5,,20
double_cake,ccka,ccka_lr0_1_lr0_01_lr0_01_optgd_epochs100_epochs0_001_epochs0_001_clusters4__rep1,3,1.0,tensor(0.1652, grad_fn=<SqueezeBackward0>),tensor(0.7417, grad_fn=<AddBackward0>),640,19.45712161064148,4,0.5,,20
double_cake,ccka,ccka_lr0_1_lr0_01_lr0_01_optgd_epochs100_epochs0_001_epochs0_001_clusters6__rep1,3,1.0,tensor(0.1821, grad_fn=<SqueezeBackward0>),tensor(0.5763, grad_fn=<AddBackward0>),960,21.274916172027588,6,0.5,,20
double_cake,ccka,ccka_lr0_1_lr0_01_lr0_01_optgd_epochs100_epochs0_001_epochs0_001_clusters4__rep1,4,1.0,tensor(0.1616, grad_fn=<SqueezeBackward0>),tensor(0.6724, grad_fn=<AddBackward0>),800,20.148253917694092,4,0.5,,20
double_cake,ccka,ccka_lr0_1_lr0_01_lr0_01_optgd_epochs100_epochs0_001_epochs0_001_clusters6__rep1,4,1.0,tensor(0.1852, grad_fn=<SqueezeBackward0>),tensor(0.5149, grad_fn=<AddBackward0>),1200,19.876517057418823,6,0.5,,20
double_cake,ccka,ccka_lr0_1_lr0_01_lr0_01_optgd_epochs100_epochs0_001_epochs0_001_clusters4__rep1,5,1.0,tensor(0.1622, grad_fn=<SqueezeBackward0>),tensor(0.7262, grad_fn=<AddBackward0>),960,19.474273920059204,4,0.5,,20
double_cake,ccka,ccka_lr0_1_lr0_01_lr0_01_optgd_epochs100_epochs0_001_epochs0_001_clusters6__rep1,5,1.0,tensor(0.1882, grad_fn=<SqueezeBackward0>),tensor(0.5533, grad_fn=<AddBackward0>),1440,21.128570079803467,6,0.5,,20
double_cake,ccka,ccka_lr0_1_lr0_01_lr0_01_optgd_epochs100_epochs0_001_epochs0_001_clusters4__rep1,6,1.0,tensor(0.1624, grad_fn=<SqueezeBackward0>),tensor(0.6386, grad_fn=<AddBackward0>),1120,19.930294036865234,4,0.5,,20
double_cake,ccka,ccka_lr0_1_lr0_01_lr0_01_optgd_epochs100_epochs0_001_epochs0_001_clusters8__rep1,0,1.0,tensor(0.1793, grad_fn=<SqueezeBackward0>),tensor(0.9295, grad_fn=<AddBackward0>),320,21.26021385192871,8,0.5,,20
double_cake,ccka,ccka_lr0_1_lr0_01_lr0_01_optgd_epochs100_epochs0_001_epochs0_001_clusters6__rep1,6,1.0,tensor(0.1910, grad_fn=<SqueezeBackward0>),tensor(0.4984, grad_fn=<AddBackward0>),1680,19.870182991027832,6,0.5,,20
double_cake,ccka,ccka_lr0_1_lr0_01_lr0_01_optgd_epochs100_epochs0_001_epochs0_001_clusters4__rep1,7,1.0,tensor(0.1611, grad_fn=<SqueezeBackward0>),tensor(0.7125, grad_fn=<AddBackward0>),1280,20.894172191619873,4,0.5,,20
double_cake,ccka,ccka_lr0_1_lr0_01_lr0_01_optgd_epochs100_epochs0_001_epochs0_001_clusters8__rep1,1,0.9166666666666666,tensor(0.1813, grad_fn=<SqueezeBackward0>),tensor(1.0466, grad_fn=<AddBackward0>),640,21.477653980255127,8,0.5,,20
double_cake,ccka,ccka_lr0_1_lr0_01_lr0_01_optgd_epochs100_epochs0_001_epochs0_001_clusters6__rep1,7,0.9166666666666666,tensor(0.1927, grad_fn=<SqueezeBackward0>),tensor(0.5373, grad_fn=<AddBackward0>),1920,20.471508979797363,6,0.5,,20
double_cake,ccka,ccka_lr0_1_lr0_01_lr0_01_optgd_epochs100_epochs0_001_epochs0_001_clusters4__rep1,8,1.0,tensor(0.1649, grad_fn=<SqueezeBackward0>),tensor(0.6025, grad_fn=<AddBackward0>),1440,19.484939098358154,4,0.5,,20
double_cake,ccka,ccka_lr0_1_lr0_01_lr0_01_optgd_epochs100_epochs0_001_epochs0_001_clusters8__rep1,2,0.9166666666666666,tensor(0.1811, grad_fn=<SqueezeBackward0>),tensor(0.7958, grad_fn=<AddBackward0>),960,21.57013177871704,8,0.5,,20
double_cake,ccka,ccka_lr0_1_lr0_01_lr0_01_optgd_epochs100_epochs0_001_epochs0_001_clusters6__rep1,8,0.9166666666666666,tensor(0.1933, grad_fn=<SqueezeBackward0>),tensor(0.4929, grad_fn=<AddBackward0>),2160,21.101624727249146,6,0.5,,20
double_cake,ccka,ccka_lr0_1_lr0_01_lr0_01_optgd_epochs100_epochs0_001_epochs0_001_clusters4__rep1,9,1.0,tensor(0.1614, grad_fn=<SqueezeBackward0>),tensor(0.7026, grad_fn=<AddBackward0>),1600,20.63161611557007,4,0.5,,20
double_cake,ccka,ccka_lr0_1_lr0_01_lr0_01_optgd_epochs100_epochs0_001_epochs0_001_clusters8__rep1,3,0.8333333333333334,tensor(0.1770, grad_fn=<SqueezeBackward0>),tensor(0.9876, grad_fn=<AddBackward0>),1280,21.379459142684937,8,0.5,,20
double_cake,ccka,ccka_lr0_1_lr0_01_lr0_01_optgd_epochs100_epochs0_001_epochs0_001_clusters6__rep1,9,0.9166666666666666,tensor(0.1944, grad_fn=<SqueezeBackward0>),tensor(0.5257, grad_fn=<AddBackward0>),2400,19.81444025039673,6,0.5,,20
double_cake,ccka,ccka_lr0_1_lr0_01_lr0_01_optgd_epochs100_epochs0_001_epochs0_001_clusters8__rep1,4,0.9166666666666666,tensor(0.1855, grad_fn=<SqueezeBackward0>),tensor(0.7594, grad_fn=<AddBackward0>),1600,22.217299938201904,8,0.5,,20
double_cake,ccka,ccka_lr0_1_lr0_01_lr0_01_optgd_epochs100_epochs0_001_epochs0_001_clusters8__rep1,5,0.8333333333333334,tensor(0.1809, grad_fn=<SqueezeBackward0>),tensor(0.9702, grad_fn=<AddBackward0>),1920,21.002334117889404,8,0.5,,20
double_cake,ccka,ccka_lr0_1_lr0_01_lr0_01_optgd_epochs100_epochs0_001_epochs0_001_clusters10__rep1,0,1.0,tensor(0.1804, grad_fn=<SqueezeBackward0>),tensor(0.9155, grad_fn=<AddBackward0>),400,21.330617904663086,10,0.5,,20
double_cake,ccka,ccka_lr0_1_lr0_01_lr0_01_optgd_epochs100_epochs0_001_epochs0_001_clusters8__rep1,6,0.9166666666666666,tensor(0.1889, grad_fn=<SqueezeBackward0>),tensor(0.7878, grad_fn=<AddBackward0>),2240,22.33522605895996,8,0.5,,20
double_cake,ccka,ccka_lr0_1_lr0_01_lr0_01_optgd_epochs100_epochs0_001_epochs0_001_clusters10__rep1,1,1.0,tensor(0.1801, grad_fn=<SqueezeBackward0>),tensor(0.8955, grad_fn=<AddBackward0>),800,21.772105932235718,10,0.5,,20
double_cake,ccka,ccka_lr0_1_lr0_01_lr0_01_optgd_epochs100_epochs0_001_epochs0_001_clusters8__rep1,7,0.8333333333333334,tensor(0.1859, grad_fn=<SqueezeBackward0>),tensor(1.0313, grad_fn=<AddBackward0>),2560,20.968294858932495,8,0.5,,20
double_cake,ccka,ccka_lr0_1_lr0_01_lr0_01_optgd_epochs100_epochs0_001_epochs0_001_clusters10__rep1,2,0.9166666666666666,tensor(0.1877, grad_fn=<SqueezeBackward0>),tensor(0.8753, grad_fn=<AddBackward0>),1200,22.354054927825928,10,0.5,,20
double_cake,ccka,ccka_lr0_1_lr0_01_lr0_01_optgd_epochs100_epochs0_001_epochs0_001_clusters8__rep1,8,0.9166666666666666,tensor(0.1890, grad_fn=<SqueezeBackward0>),tensor(0.8669, grad_fn=<AddBackward0>),2880,22.362452030181885,8,0.5,,20
double_cake,ccka,ccka_lr0_1_lr0_01_lr0_01_optgd_epochs100_epochs0_001_epochs0_001_clusters10__rep1,3,0.9166666666666666,tensor(0.1873, grad_fn=<SqueezeBackward0>),tensor(0.8780, grad_fn=<AddBackward0>),1600,21.771342039108276,10,0.5,,20
double_cake,ccka,ccka_lr0_1_lr0_01_lr0_01_optgd_epochs100_epochs0_001_epochs0_001_clusters8__rep1,9,0.8333333333333334,tensor(0.1832, grad_fn=<SqueezeBackward0>),tensor(1.1949, grad_fn=<AddBackward0>),3200,20.370118856430054,8,0.5,,20
double_cake,ccka,ccka_lr0_1_lr0_01_lr0_01_optgd_epochs100_epochs0_001_epochs0_001_clusters2__rep1,0,0.85,tensor(0.1879, grad_fn=<SqueezeBackward0>),tensor(1.1235, grad_fn=<AddBackward0>),80,52.06879019737244,2,0.5,,20
double_cake,ccka,ccka_lr0_1_lr0_01_lr0_01_optgd_epochs100_epochs0_001_epochs0_001_clusters10__rep1,4,0.9166666666666666,tensor(0.1988, grad_fn=<SqueezeBackward0>),tensor(0.8742, grad_fn=<AddBackward0>),2000,22.307223796844482,10,0.5,,20
double_cake,ccka,ccka_lr0_1_lr0_01_lr0_01_optgd_epochs100_epochs0_001_epochs0_001_clusters10__rep1,5,0.8333333333333334,tensor(0.1973, grad_fn=<SqueezeBackward0>),tensor(0.8817, grad_fn=<AddBackward0>),2400,21.822521209716797,10,0.5,,20
double_cake,ccka,ccka_lr0_1_lr0_01_lr0_01_optgd_epochs100_epochs0_001_epochs0_001_clusters10__rep1,6,0.9166666666666666,tensor(0.2063, grad_fn=<SqueezeBackward0>),tensor(0.9016, grad_fn=<AddBackward0>),2800,22.194573163986206,10,0.5,,20
double_cake,ccka,ccka_lr0_1_lr0_01_lr0_01_optgd_epochs100_epochs0_001_epochs0_001_clusters2__rep1,1,0.85,tensor(0.1881, grad_fn=<SqueezeBackward0>),tensor(1.1339, grad_fn=<AddBackward0>),160,56.32032799720764,2,0.5,,20
double_cake,ccka,ccka_lr0_1_lr0_01_lr0_01_optgd_epochs100_epochs0_001_epochs0_001_clusters10__rep1,7,0.8333333333333334,tensor(0.2049, grad_fn=<SqueezeBackward0>),tensor(0.9279, grad_fn=<AddBackward0>),3200,21.589909315109253,10,0.5,,20
double_cake,ccka,ccka_lr0_1_lr0_01_lr0_01_optgd_epochs100_epochs0_001_epochs0_001_clusters10__rep1,8,1.0,tensor(0.2084, grad_fn=<SqueezeBackward0>),tensor(0.9504, grad_fn=<AddBackward0>),3600,22.378069162368774,10,0.5,,20
double_cake,ccka,ccka_lr0_1_lr0_01_lr0_01_optgd_epochs100_epochs0_001_epochs0_001_clusters2__rep1,2,0.85,tensor(0.1878, grad_fn=<SqueezeBackward0>),tensor(1.1296, grad_fn=<AddBackward0>),240,53.39258790016174,2,0.5,,20
double_cake,ccka,ccka_lr0_1_lr0_01_lr0_01_optgd_epochs100_epochs0_001_epochs0_001_clusters10__rep1,9,0.9166666666666666,tensor(0.2087, grad_fn=<SqueezeBackward0>),tensor(1.0354, grad_fn=<AddBackward0>),4000,21.71551513671875,10,0.5,,20
double_cake,ccka,ccka_lr0_1_lr0_01_lr0_01_optgd_epochs100_epochs0_001_epochs0_001_clusters2__rep1,0,0.625,tensor(0.1866, grad_fn=<SqueezeBackward0>),tensor(0.8732, grad_fn=<AddBackward0>),80,8.477141857147217,2,0.5,,20
double_cake,ccka,ccka_lr0_1_lr0_01_lr0_01_optgd_epochs100_epochs0_001_epochs0_001_clusters4__rep1,0,0.625,tensor(0.1892, grad_fn=<SqueezeBackward0>),tensor(0.6817, grad_fn=<AddBackward0>),160,9.156883955001831,4,0.5,,20
double_cake,ccka,ccka_lr0_1_lr0_01_lr0_01_optgd_epochs100_epochs0_001_epochs0_001_clusters2__rep1,1,0.625,tensor(0.2068, grad_fn=<SqueezeBackward0>),tensor(0.8344, grad_fn=<AddBackward0>),160,8.213624954223633,2,0.5,,20
double_cake,ccka,ccka_lr0_1_lr0_01_lr0_01_optgd_epochs100_epochs0_001_epochs0_001_clusters4__rep1,1,0.625,tensor(0.1911, grad_fn=<SqueezeBackward0>),tensor(1.2604, grad_fn=<AddBackward0>),320,8.764902353286743,4,0.5,,20
double_cake,ccka,ccka_lr0_1_lr0_01_lr0_01_optgd_epochs100_epochs0_001_epochs0_001_clusters2__rep1,2,0.875,tensor(0.2177, grad_fn=<SqueezeBackward0>),tensor(0.7321, grad_fn=<AddBackward0>),240,8.718955993652344,2,0.5,,20
double_cake,ccka,ccka_lr0_1_lr0_01_lr0_01_optgd_epochs100_epochs0_001_epochs0_001_clusters4__rep1,2,0.625,tensor(0.1943, grad_fn=<SqueezeBackward0>),tensor(0.5665, grad_fn=<AddBackward0>),480,9.310341835021973,4,0.5,,20
double_cake,ccka,ccka_lr0_1_lr0_01_lr0_01_optgd_epochs100_epochs0_001_epochs0_001_clusters2__rep1,3,0.625,tensor(0.2343, grad_fn=<SqueezeBackward0>),tensor(0.6634, grad_fn=<AddBackward0>),320,8.233036994934082,2,0.5,,20
double_cake,ccka,ccka_lr0_1_lr0_01_lr0_01_optgd_epochs100_epochs0_001_epochs0_001_clusters2__rep1,0,0.625,tensor(0.1866, grad_fn=<SqueezeBackward0>),tensor(0.8732, grad_fn=<AddBackward0>),80,8.506759881973267,2,0.5,,20
double_cake,ccka,ccka_lr0_1_lr0_01_lr0_01_optgd_epochs100_epochs0_001_epochs0_001_clusters4__rep1,0,0.625,tensor(0.1892, grad_fn=<SqueezeBackward0>),tensor(0.6817, grad_fn=<AddBackward0>),160,9.136107921600342,4,0.5,,20
double_cake,ccka,ccka_lr0_1_lr0_01_lr0_01_optgd_epochs100_epochs0_001_epochs0_001_clusters2__rep1,1,0.625,tensor(0.2068, grad_fn=<SqueezeBackward0>),tensor(0.8344, grad_fn=<AddBackward0>),160,8.233339071273804,2,0.5,,20
double_cake,ccka,ccka_lr0_1_lr0_01_lr0_01_optgd_epochs100_epochs0_001_epochs0_001_clusters4__rep1,1,0.625,tensor(0.1911, grad_fn=<SqueezeBackward0>),tensor(1.2604, grad_fn=<AddBackward0>),320,8.740525245666504,4,0.5,,20
double_cake,ccka,ccka_lr0_1_lr0_01_lr0_01_optgd_epochs100_epochs0_001_epochs0_001_clusters2__rep1,2,0.875,tensor(0.2177, grad_fn=<SqueezeBackward0>),tensor(0.7321, grad_fn=<AddBackward0>),240,8.68952989578247,2,0.5,,20
double_cake,ccka,ccka_lr0_1_lr0_01_lr0_01_optgd_epochs100_epochs0_001_epochs0_001_clusters4__rep1,2,0.625,tensor(0.1943, grad_fn=<SqueezeBackward0>),tensor(0.5665, grad_fn=<AddBackward0>),480,9.244004726409912,4,0.5,,20
double_cake,ccka,ccka_lr0_1_lr0_01_lr0_01_optgd_epochs100_epochs0_001_epochs0_001_clusters2__rep1,3,0.625,tensor(0.2343, grad_fn=<SqueezeBackward0>),tensor(0.6634, grad_fn=<AddBackward0>),320,8.220809936523438,2,0.5,,20
double_cake,ccka,ccka_lr0_1_lr0_01_lr0_01_optgd_epochs100_epochs0_001_epochs0_001_clusters4__rep1,3,0.625,tensor(0.1915, grad_fn=<SqueezeBackward0>),tensor(1.1605, grad_fn=<AddBackward0>),640,9.187885046005249,4,0.5,,20
double_cake,ccka,ccka_lr0_1_lr0_01_lr0_01_optgd_epochs100_epochs0_001_epochs0_001_clusters2__rep1,4,0.625,tensor(0.2267, grad_fn=<SqueezeBackward0>),tensor(0.6506, grad_fn=<AddBackward0>),400,8.579634189605713,2,0.5,,20
double_cake,ccka,ccka_lr0_1_lr0_01_lr0_01_optgd_epochs100_epochs0_001_epochs0_001_clusters4__rep1,4,0.625,tensor(0.1967, grad_fn=<SqueezeBackward0>),tensor(0.5197, grad_fn=<AddBackward0>),800,9.031407117843628,4,0.5,,20
double_cake,ccka,ccka_lr0_1_lr0_01_lr0_01_optgd_epochs100_epochs0_001_epochs0_001_clusters2__rep1,5,0.625,tensor(0.2348, grad_fn=<SqueezeBackward0>),tensor(0.6536, grad_fn=<AddBackward0>),480,8.423335075378418,2,0.5,,20
double_cake,ccka,ccka_lr0_1_lr0_01_lr0_01_optgd_epochs100_epochs0_001_epochs0_001_clusters4__rep1,5,0.875,tensor(0.1963, grad_fn=<SqueezeBackward0>),tensor(1.0151, grad_fn=<AddBackward0>),960,8.997434854507446,4,0.5,,20
double_cake,ccka,ccka_lr0_1_lr0_01_lr0_01_optgd_epochs100_epochs0_001_epochs0_001_clusters2__rep1,6,0.625,tensor(0.2234, grad_fn=<SqueezeBackward0>),tensor(1.4360, grad_fn=<AddBackward0>),560,8.59312105178833,2,0.5,,20
double_cake,ccka,ccka_lr0_1_lr0_01_lr0_01_optgd_epochs100_epochs0_001_epochs0_001_clusters4__rep1,6,0.75,tensor(0.1983, grad_fn=<SqueezeBackward0>),tensor(0.4994, grad_fn=<AddBackward0>),1120,9.004095077514648,4,0.5,,20
double_cake,ccka,ccka_lr0_1_lr0_01_lr0_01_optgd_epochs100_epochs0_001_epochs0_001_clusters2__rep1,7,0.625,tensor(0.2120, grad_fn=<SqueezeBackward0>),tensor(1.3682, grad_fn=<AddBackward0>),640,8.465794086456299,2,0.5,,20
double_cake,ccka,ccka_lr0_1_lr0_01_lr0_01_optgd_epochs100_epochs0_001_epochs0_001_clusters4__rep1,7,0.875,tensor(0.1972, grad_fn=<SqueezeBackward0>),tensor(0.8959, grad_fn=<AddBackward0>),1280,9.399397134780884,4,0.5,,20
double_cake,ccka,ccka_lr0_1_lr0_01_lr0_01_optgd_epochs100_epochs0_001_epochs0_001_clusters2__rep1,8,1.0,tensor(0.1916, grad_fn=<SqueezeBackward0>),tensor(1.4814, grad_fn=<AddBackward0>),720,8.719902992248535,2,0.5,,20
double_cake,ccka,ccka_lr0_1_lr0_01_lr0_01_optgd_epochs100_epochs0_001_epochs0_001_clusters4__rep1,8,0.75,tensor(0.1998, grad_fn=<SqueezeBackward0>),tensor(0.4916, grad_fn=<AddBackward0>),1440,8.731580018997192,4,0.5,,20
double_cake,ccka,ccka_lr0_1_lr0_01_lr0_01_optgd_epochs100_epochs0_001_epochs0_001_clusters2__rep1,9,0.625,tensor(0.1744, grad_fn=<SqueezeBackward0>),tensor(1.3630, grad_fn=<AddBackward0>),800,8.43740200996399,2,0.5,,20
double_cake,ccka,ccka_lr0_1_lr0_01_lr0_01_optgd_epochs100_epochs0_001_epochs0_001_clusters4__rep1,9,0.875,tensor(0.1994, grad_fn=<SqueezeBackward0>),tensor(0.8239, grad_fn=<AddBackward0>),1600,9.131749153137207,4,0.5,,20
double_cake,ccka,ccka_lr0_1_lr0_01_lr0_01_optgd_epochs100_epochs0_001_epochs0_001_clusters6__rep1,0,1.0,tensor(0.1796, grad_fn=<SqueezeBackward0>),tensor(0.7590, grad_fn=<AddBackward0>),240,9.699869155883789,6,0.5,,20
double_cake,ccka,ccka_lr0_1_lr0_01_lr0_01_optgd_epochs100_epochs0_001_epochs0_001_clusters8__rep1,0,0.875,tensor(0.1800, grad_fn=<SqueezeBackward0>),tensor(0.7149, grad_fn=<AddBackward0>),320,10.431298971176147,8,0.5,,20
double_cake,ccka,ccka_lr0_1_lr0_01_lr0_01_optgd_epochs100_epochs0_001_epochs0_001_clusters6__rep1,1,0.75,tensor(0.1805, grad_fn=<SqueezeBackward0>),tensor(1.3135, grad_fn=<AddBackward0>),480,9.437119960784912,6,0.5,,20
double_cake,ccka,ccka_lr0_1_lr0_01_lr0_01_optgd_epochs100_epochs0_001_epochs0_001_clusters8__rep1,1,0.875,tensor(0.1790, grad_fn=<SqueezeBackward0>),tensor(1.3815, grad_fn=<AddBackward0>),640,10.01397705078125,8,0.5,,20
double_cake,ccka,ccka_lr0_1_lr0_01_lr0_01_optgd_epochs100_epochs0_001_epochs0_001_clusters6__rep1,2,0.75,tensor(0.1762, grad_fn=<SqueezeBackward0>),tensor(0.7439, grad_fn=<AddBackward0>),720,10.04756474494934,6,0.5,,20
double_cake,ccka,ccka_lr0_1_lr0_01_lr0_01_optgd_epochs100_epochs0_001_epochs0_001_clusters8__rep1,2,0.875,tensor(0.1791, grad_fn=<SqueezeBackward0>),tensor(0.7112, grad_fn=<AddBackward0>),960,10.329664945602417,8,0.5,,20
double_cake,ccka,ccka_lr0_1_lr0_01_lr0_01_optgd_epochs100_epochs0_001_epochs0_001_clusters6__rep1,3,0.625,tensor(0.1820, grad_fn=<SqueezeBackward0>),tensor(1.2884, grad_fn=<AddBackward0>),960,9.747554779052734,6,0.5,,20
double_cake,ccka,ccka_lr0_1_lr0_01_lr0_01_optgd_epochs100_epochs0_001_epochs0_001_clusters8__rep1,3,0.625,tensor(0.1802, grad_fn=<SqueezeBackward0>),tensor(1.2725, grad_fn=<AddBackward0>),1280,10.33971118927002,8,0.5,,20
double_cake,ccka,ccka_lr0_1_lr0_01_lr0_01_optgd_epochs100_epochs0_001_epochs0_001_clusters6__rep1,4,0.625,tensor(0.1782, grad_fn=<SqueezeBackward0>),tensor(0.7285, grad_fn=<AddBackward0>),1200,9.79527497291565,6,0.5,,20
double_cake,ccka,ccka_lr0_1_lr0_01_lr0_01_optgd_epochs100_epochs0_001_epochs0_001_clusters8__rep1,4,0.625,tensor(0.1738, grad_fn=<SqueezeBackward0>),tensor(0.7085, grad_fn=<AddBackward0>),1600,10.479215145111084,8,0.5,,20
double_cake,ccka,ccka_lr0_1_lr0_01_lr0_01_optgd_epochs100_epochs0_001_epochs0_001_clusters6__rep1,5,0.75,tensor(0.1830, grad_fn=<SqueezeBackward0>),tensor(1.2813, grad_fn=<AddBackward0>),1440,9.462722778320312,6,0.5,,20
double_cake,ccka,ccka_lr0_1_lr0_01_lr0_01_optgd_epochs100_epochs0_001_epochs0_001_clusters8__rep1,5,0.875,tensor(0.1834, grad_fn=<SqueezeBackward0>),tensor(1.1223, grad_fn=<AddBackward0>),1920,10.068488121032715,8,0.5,,20
double_cake,ccka,ccka_lr0_1_lr0_01_lr0_01_optgd_epochs100_epochs0_001_epochs0_001_clusters6__rep1,6,0.625,tensor(0.1810, grad_fn=<SqueezeBackward0>),tensor(0.7174, grad_fn=<AddBackward0>),1680,10.176547050476074,6,0.5,,20
double_cake,ccka,ccka_lr0_1_lr0_01_lr0_01_optgd_epochs100_epochs0_001_epochs0_001_clusters6__rep1,7,0.75,tensor(0.1835, grad_fn=<SqueezeBackward0>),tensor(1.2930, grad_fn=<AddBackward0>),1920,9.770610094070435,6,0.5,,20
double_cake,ccka,ccka_lr0_1_lr0_01_lr0_01_optgd_epochs100_epochs0_001_epochs0_001_clusters8__rep1,6,0.75,tensor(0.1756, grad_fn=<SqueezeBackward0>),tensor(0.7104, grad_fn=<AddBackward0>),2240,10.469667911529541,8,0.5,,20
double_cake,ccka,ccka_lr0_1_lr0_01_lr0_01_optgd_epochs100_epochs0_001_epochs0_001_clusters6__rep1,8,0.625,tensor(0.1809, grad_fn=<SqueezeBackward0>),tensor(0.7155, grad_fn=<AddBackward0>),2160,9.731855869293213,6,0.5,,20
double_cake,ccka,ccka_lr0_1_lr0_01_lr0_01_optgd_epochs100_epochs0_001_epochs0_001_clusters8__rep1,7,1.0,tensor(0.1891, grad_fn=<SqueezeBackward0>),tensor(1.0038, grad_fn=<AddBackward0>),2560,10.058520793914795,8,0.5,,20
double_cake,ccka,ccka_lr0_1_lr0_01_lr0_01_optgd_epochs100_epochs0_001_epochs0_001_clusters6__rep1,9,0.75,tensor(0.1832, grad_fn=<SqueezeBackward0>),tensor(1.3307, grad_fn=<AddBackward0>),2400,9.495804071426392,6,0.5,,20
double_cake,ccka,ccka_lr0_1_lr0_01_lr0_01_optgd_epochs100_epochs0_001_epochs0_001_clusters8__rep1,8,0.875,tensor(0.1832, grad_fn=<SqueezeBackward0>),tensor(0.7185, grad_fn=<AddBackward0>),2880,10.347630023956299,8,0.5,,20
double_cake,ccka,ccka_lr0_1_lr0_01_lr0_01_optgd_epochs100_epochs0_001_epochs0_001_clusters8__rep1,9,1.0,tensor(0.1950, grad_fn=<SqueezeBackward0>),tensor(0.9184, grad_fn=<AddBackward0>),3200,10.345952987670898,8,0.5,,20
double_cake,ccka,ccka_lr0_1_lr0_01_lr0_01_optgd_epochs100_epochs0_001_epochs0_001_clusters10__rep1,0,1.0,tensor(0.1966, grad_fn=<SqueezeBackward0>),tensor(0.7351, grad_fn=<AddBackward0>),400,10.667219877243042,10,0.5,,20
double_cake,ccka,ccka_lr0_1_lr0_01_lr0_01_optgd_epochs100_epochs0_001_epochs0_001_clusters10__rep1,1,1.0,tensor(0.1874, grad_fn=<SqueezeBackward0>),tensor(1.2960, grad_fn=<AddBackward0>),800,10.928575277328491,10,0.5,,20
double_cake,ccka,ccka_lr0_1_lr0_01_lr0_01_optgd_epochs100_epochs0_001_epochs0_001_clusters10__rep1,2,1.0,tensor(0.1993, grad_fn=<SqueezeBackward0>),tensor(0.7028, grad_fn=<AddBackward0>),1200,10.97496223449707,10,0.5,,20
double_cake,ccka,ccka_lr0_1_lr0_01_lr0_01_optgd_epochs100_epochs0_001_epochs0_001_clusters2__rep1,0,1.0,tensor(0.1800, grad_fn=<SqueezeBackward0>),tensor(0.4982, grad_fn=<AddBackward0>),80,18.425721883773804,2,0.5,,20
double_cake,ccka,ccka_lr0_1_lr0_01_lr0_01_optgd_epochs100_epochs0_001_epochs0_001_clusters10__rep1,3,1.0,tensor(0.2012, grad_fn=<SqueezeBackward0>),tensor(1.1770, grad_fn=<AddBackward0>),1600,11.334166049957275,10,0.5,,20
double_cake,ccka,ccka_lr0_1_lr0_01_lr0_01_optgd_epochs100_epochs0_001_epochs0_001_clusters10__rep1,4,1.0,tensor(0.1975, grad_fn=<SqueezeBackward0>),tensor(0.6801, grad_fn=<AddBackward0>),2000,10.689862251281738,10,0.5,,20
double_cake,ccka,ccka_lr0_1_lr0_01_lr0_01_optgd_epochs100_epochs0_001_epochs0_001_clusters2__rep1,1,1.0,tensor(0.1889, grad_fn=<SqueezeBackward0>),tensor(0.6440, grad_fn=<AddBackward0>),160,18.724504709243774,2,0.5,,20
double_cake,ccka,ccka_lr0_1_lr0_01_lr0_01_optgd_epochs100_epochs0_001_epochs0_001_clusters10__rep1,5,1.0,tensor(0.2007, grad_fn=<SqueezeBackward0>),tensor(1.0459, grad_fn=<AddBackward0>),2400,10.776265144348145,10,0.5,,20
double_cake,ccka,ccka_lr0_1_lr0_01_lr0_01_optgd_epochs100_epochs0_001_epochs0_001_clusters10__rep1,6,0.75,tensor(0.1958, grad_fn=<SqueezeBackward0>),tensor(0.6407, grad_fn=<AddBackward0>),2800,10.930276870727539,10,0.5,,20
double_cake,ccka,ccka_lr0_1_lr0_01_lr0_01_optgd_epochs100_epochs0_001_epochs0_001_clusters2__rep1,2,1.0,tensor(0.1840, grad_fn=<SqueezeBackward0>),tensor(0.4730, grad_fn=<AddBackward0>),240,18.965340852737427,2,0.5,,20
double_cake,ccka,ccka_lr0_1_lr0_01_lr0_01_optgd_epochs100_epochs0_001_epochs0_001_clusters10__rep1,7,0.875,tensor(0.2063, grad_fn=<SqueezeBackward0>),tensor(0.9316, grad_fn=<AddBackward0>),3200,11.262115001678467,10,0.5,,20
double_cake,ccka,ccka_lr0_1_lr0_01_lr0_01_optgd_epochs100_epochs0_001_epochs0_001_clusters2__rep1,3,1.0,tensor(0.1889, grad_fn=<SqueezeBackward0>),tensor(0.5808, grad_fn=<AddBackward0>),320,19.438677072525024,2,0.5,,20
double_cake,ccka,ccka_lr0_1_lr0_01_lr0_01_optgd_epochs100_epochs0_001_epochs0_001_clusters10__rep1,8,0.625,tensor(0.1999, grad_fn=<SqueezeBackward0>),tensor(0.5781, grad_fn=<AddBackward0>),3600,10.720890045166016,10,0.5,,20
double_cake,ccka,ccka_lr0_1_lr0_01_lr0_01_optgd_epochs100_epochs0_001_epochs0_001_clusters10__rep1,9,0.875,tensor(0.2094, grad_fn=<SqueezeBackward0>),tensor(0.8514, grad_fn=<AddBackward0>),4000,10.749978303909302,10,0.5,,20
double_cake,ccka,ccka_lr0_1_lr0_01_lr0_01_optgd_epochs100_epochs0_001_epochs0_001_clusters2__rep1,4,1.0,tensor(0.1868, grad_fn=<SqueezeBackward0>),tensor(0.4887, grad_fn=<AddBackward0>),400,19.10145878791809,2,0.5,,20
double_cake,ccka,ccka_lr0_1_lr0_01_lr0_01_optgd_epochs100_epochs0_001_epochs0_001_clusters2__rep1,5,0.9166666666666666,tensor(0.1888, grad_fn=<SqueezeBackward0>),tensor(0.5301, grad_fn=<AddBackward0>),480,18.60643982887268,2,0.5,,20
double_cake,ccka,ccka_lr0_1_lr0_01_lr0_01_optgd_epochs100_epochs0_001_epochs0_001_clusters2__rep1,6,0.9166666666666666,tensor(0.1894, grad_fn=<SqueezeBackward0>),tensor(0.5046, grad_fn=<AddBackward0>),560,18.465450048446655,2,0.5,,20
double_cake,ccka,ccka_lr0_1_lr0_01_lr0_01_optgd_epochs100_epochs0_001_epochs0_001_clusters4__rep1,0,0.9166666666666666,tensor(0.1661, grad_fn=<SqueezeBackward0>),tensor(0.7439, grad_fn=<AddBackward0>),160,18.99996304512024,4,0.5,,20
double_cake,ccka,ccka_lr0_1_lr0_01_lr0_01_optgd_epochs100_epochs0_001_epochs0_001_clusters2__rep1,7,0.9166666666666666,tensor(0.1895, grad_fn=<SqueezeBackward0>),tensor(0.4912, grad_fn=<AddBackward0>),640,19.585848093032837,2,0.5,,20
double_cake,ccka,ccka_lr0_1_lr0_01_lr0_01_optgd_epochs100_epochs0_001_epochs0_001_clusters4__rep1,1,1.0,tensor(0.1705, grad_fn=<SqueezeBackward0>),tensor(0.7593, grad_fn=<AddBackward0>),320,19.228448629379272,4,0.5,,20
double_cake,ccka,ccka_lr0_1_lr0_01_lr0_01_optgd_epochs100_epochs0_001_epochs0_001_clusters2__rep1,8,0.9166666666666666,tensor(0.1925, grad_fn=<SqueezeBackward0>),tensor(0.5213, grad_fn=<AddBackward0>),720,18.302253007888794,2,0.5,,20
double_cake,ccka,ccka_lr0_1_lr0_01_lr0_01_optgd_epochs100_epochs0_001_epochs0_001_clusters4__rep1,2,1.0,tensor(0.1625, grad_fn=<SqueezeBackward0>),tensor(0.7048, grad_fn=<AddBackward0>),480,20.55751609802246,4,0.5,,20
double_cake,ccka,ccka_lr0_1_lr0_01_lr0_01_optgd_epochs100_epochs0_001_epochs0_001_clusters2__rep1,9,0.9166666666666666,tensor(0.1877, grad_fn=<SqueezeBackward0>),tensor(0.4640, grad_fn=<AddBackward0>),800,19.187088012695312,2,0.5,,20
double_cake,ccka,ccka_lr0_1_lr0_01_lr0_01_optgd_epochs100_epochs0_001_epochs0_001_clusters4__rep1,3,1.0,tensor(0.1652, grad_fn=<SqueezeBackward0>),tensor(0.7417, grad_fn=<AddBackward0>),640,19.0277738571167,4,0.5,,20
double_cake,ccka,ccka_lr0_1_lr0_01_lr0_01_optgd_epochs100_epochs0_001_epochs0_001_clusters4__rep1,4,1.0,tensor(0.1616, grad_fn=<SqueezeBackward0>),tensor(0.6724, grad_fn=<AddBackward0>),800,19.84332799911499,4,0.5,,20
double_cake,ccka,ccka_lr0_1_lr0_01_lr0_01_optgd_epochs100_epochs0_001_epochs0_001_clusters4__rep1,5,1.0,tensor(0.1622, grad_fn=<SqueezeBackward0>),tensor(0.7262, grad_fn=<AddBackward0>),960,19.017733812332153,4,0.5,,20
double_cake,ccka,ccka_lr0_1_lr0_01_lr0_01_optgd_epochs100_epochs0_001_epochs0_001_clusters6__rep1,0,0.9166666666666666,tensor(0.1721, grad_fn=<SqueezeBackward0>),tensor(0.5945, grad_fn=<AddBackward0>),240,19.989349126815796,6,0.5,,20
double_cake,ccka,ccka_lr0_1_lr0_01_lr0_01_optgd_epochs100_epochs0_001_epochs0_001_clusters4__rep1,6,1.0,tensor(0.1624, grad_fn=<SqueezeBackward0>),tensor(0.6386, grad_fn=<AddBackward0>),1120,19.452799320220947,4,0.5,,20
double_cake,ccka,ccka_lr0_1_lr0_01_lr0_01_optgd_epochs100_epochs0_001_epochs0_001_clusters6__rep1,1,1.0,tensor(0.1774, grad_fn=<SqueezeBackward0>),tensor(0.6083, grad_fn=<AddBackward0>),480,20.17326784133911,6,0.5,,20
double_cake,ccka,ccka_lr0_1_lr0_01_lr0_01_optgd_epochs100_epochs0_001_epochs0_001_clusters4__rep1,7,1.0,tensor(0.1611, grad_fn=<SqueezeBackward0>),tensor(0.7125, grad_fn=<AddBackward0>),1280,20.28610110282898,4,0.5,,20
double_cake,ccka,ccka_lr0_1_lr0_01_lr0_01_optgd_epochs100_epochs0_001_epochs0_001_clusters6__rep1,2,1.0,tensor(0.1778, grad_fn=<SqueezeBackward0>),tensor(0.5425, grad_fn=<AddBackward0>),720,20.216045141220093,6,0.5,,20
double_cake,ccka,ccka_lr0_1_lr0_01_lr0_01_optgd_epochs100_epochs0_001_epochs0_001_clusters4__rep1,8,1.0,tensor(0.1649, grad_fn=<SqueezeBackward0>),tensor(0.6025, grad_fn=<AddBackward0>),1440,18.976291179656982,4,0.5,,20
double_cake,ccka,ccka_lr0_1_lr0_01_lr0_01_optgd_epochs100_epochs0_001_epochs0_001_clusters6__rep1,3,1.0,tensor(0.1821, grad_fn=<SqueezeBackward0>),tensor(0.5763, grad_fn=<AddBackward0>),960,21.045462131500244,6,0.5,,20
double_cake,ccka,ccka_lr0_1_lr0_01_lr0_01_optgd_epochs100_epochs0_001_epochs0_001_clusters4__rep1,9,1.0,tensor(0.1614, grad_fn=<SqueezeBackward0>),tensor(0.7026, grad_fn=<AddBackward0>),1600,20.096140146255493,4,0.5,,20
double_cake,ccka,ccka_lr0_1_lr0_01_lr0_01_optgd_epochs100_epochs0_001_epochs0_001_clusters6__rep1,4,1.0,tensor(0.1852, grad_fn=<SqueezeBackward0>),tensor(0.5149, grad_fn=<AddBackward0>),1200,19.754193782806396,6,0.5,,20
double_cake,ccka,ccka_lr0_1_lr0_01_lr0_01_optgd_epochs100_epochs0_001_epochs0_001_clusters6__rep1,5,1.0,tensor(0.1882, grad_fn=<SqueezeBackward0>),tensor(0.5533, grad_fn=<AddBackward0>),1440,20.918362140655518,6,0.5,,20
double_cake,ccka,ccka_lr0_1_lr0_01_lr0_01_optgd_epochs100_epochs0_001_epochs0_001_clusters6__rep1,6,1.0,tensor(0.1910, grad_fn=<SqueezeBackward0>),tensor(0.4984, grad_fn=<AddBackward0>),1680,19.6172878742218,6,0.5,,20
double_cake,ccka,ccka_lr0_1_lr0_01_lr0_01_optgd_epochs100_epochs0_001_epochs0_001_clusters8__rep1,0,1.0,tensor(0.1793, grad_fn=<SqueezeBackward0>),tensor(0.9295, grad_fn=<AddBackward0>),320,20.51282286643982,8,0.5,,20
double_cake,ccka,ccka_lr0_1_lr0_01_lr0_01_optgd_epochs100_epochs0_001_epochs0_001_clusters6__rep1,7,0.9166666666666666,tensor(0.1927, grad_fn=<SqueezeBackward0>),tensor(0.5373, grad_fn=<AddBackward0>),1920,20.221519947052002,6,0.5,,20
double_cake,ccka,ccka_lr0_1_lr0_01_lr0_01_optgd_epochs100_epochs0_001_epochs0_001_clusters8__rep1,1,0.9166666666666666,tensor(0.1813, grad_fn=<SqueezeBackward0>),tensor(1.0466, grad_fn=<AddBackward0>),640,20.860692262649536,8,0.5,,20
double_cake,ccka,ccka_lr0_1_lr0_01_lr0_01_optgd_epochs100_epochs0_001_epochs0_001_clusters6__rep1,8,0.9166666666666666,tensor(0.1933, grad_fn=<SqueezeBackward0>),tensor(0.4929, grad_fn=<AddBackward0>),2160,20.835017919540405,6,0.5,,20
double_cake,ccka,ccka_lr0_1_lr0_01_lr0_01_optgd_epochs100_epochs0_001_epochs0_001_clusters8__rep1,2,0.9166666666666666,tensor(0.1811, grad_fn=<SqueezeBackward0>),tensor(0.7958, grad_fn=<AddBackward0>),960,20.919301748275757,8,0.5,,20
double_cake,ccka,ccka_lr0_1_lr0_01_lr0_01_optgd_epochs100_epochs0_001_epochs0_001_clusters6__rep1,9,0.9166666666666666,tensor(0.1944, grad_fn=<SqueezeBackward0>),tensor(0.5257, grad_fn=<AddBackward0>),2400,19.644245862960815,6,0.5,,20
double_cake,ccka,ccka_lr0_1_lr0_01_lr0_01_optgd_epochs100_epochs0_001_epochs0_001_clusters8__rep1,3,0.8333333333333334,tensor(0.1770, grad_fn=<SqueezeBackward0>),tensor(0.9876, grad_fn=<AddBackward0>),1280,20.77570080757141,8,0.5,,20
double_cake,ccka,ccka_lr0_1_lr0_01_lr0_01_optgd_epochs100_epochs0_001_epochs0_001_clusters8__rep1,4,0.9166666666666666,tensor(0.1855, grad_fn=<SqueezeBackward0>),tensor(0.7594, grad_fn=<AddBackward0>),1600,21.624571084976196,8,0.5,,20
double_cake,ccka,ccka_lr0_1_lr0_01_lr0_01_optgd_epochs100_epochs0_001_epochs0_001_clusters8__rep1,5,0.8333333333333334,tensor(0.1809, grad_fn=<SqueezeBackward0>),tensor(0.9702, grad_fn=<AddBackward0>),1920,20.344118118286133,8,0.5,,20
double_cake,ccka,ccka_lr0_1_lr0_01_lr0_01_optgd_epochs100_epochs0_001_epochs0_001_clusters10__rep1,0,1.0,tensor(0.1804, grad_fn=<SqueezeBackward0>),tensor(0.9155, grad_fn=<AddBackward0>),400,21.457368850708008,10,0.5,,20
double_cake,ccka,ccka_lr0_1_lr0_01_lr0_01_optgd_epochs100_epochs0_001_epochs0_001_clusters8__rep1,6,0.9166666666666666,tensor(0.1889, grad_fn=<SqueezeBackward0>),tensor(0.7878, grad_fn=<AddBackward0>),2240,21.864557027816772,8,0.5,,20
double_cake,ccka,ccka_lr0_1_lr0_01_lr0_01_optgd_epochs100_epochs0_001_epochs0_001_clusters10__rep1,1,1.0,tensor(0.1801, grad_fn=<SqueezeBackward0>),tensor(0.8955, grad_fn=<AddBackward0>),800,21.073472023010254,10,0.5,,20
double_cake,ccka,ccka_lr0_1_lr0_01_lr0_01_optgd_epochs100_epochs0_001_epochs0_001_clusters8__rep1,7,0.8333333333333334,tensor(0.1859, grad_fn=<SqueezeBackward0>),tensor(1.0313, grad_fn=<AddBackward0>),2560,20.31786274909973,8,0.5,,20
double_cake,ccka,ccka_lr0_1_lr0_01_lr0_01_optgd_epochs100_epochs0_001_epochs0_001_clusters10__rep1,2,0.9166666666666666,tensor(0.1877, grad_fn=<SqueezeBackward0>),tensor(0.8753, grad_fn=<AddBackward0>),1200,21.652443885803223,10,0.5,,20
double_cake,ccka,ccka_lr0_1_lr0_01_lr0_01_optgd_epochs100_epochs0_001_epochs0_001_clusters8__rep1,8,0.9166666666666666,tensor(0.1890, grad_fn=<SqueezeBackward0>),tensor(0.8669, grad_fn=<AddBackward0>),2880,21.712301015853882,8,0.5,,20
double_cake,ccka,ccka_lr0_1_lr0_01_lr0_01_optgd_epochs100_epochs0_001_epochs0_001_clusters10__rep1,3,0.9166666666666666,tensor(0.1873, grad_fn=<SqueezeBackward0>),tensor(0.8780, grad_fn=<AddBackward0>),1600,21.869159936904907,10,0.5,,20
double_cake,ccka,ccka_lr0_1_lr0_01_lr0_01_optgd_epochs100_epochs0_001_epochs0_001_clusters8__rep1,9,0.8333333333333334,tensor(0.1832, grad_fn=<SqueezeBackward0>),tensor(1.1949, grad_fn=<AddBackward0>),3200,19.80036211013794,8,0.5,,20
double_cake,ccka,ccka_lr0_1_lr0_01_lr0_01_optgd_epochs100_epochs0_001_epochs0_001_clusters10__rep1,4,0.9166666666666666,tensor(0.1988, grad_fn=<SqueezeBackward0>),tensor(0.8742, grad_fn=<AddBackward0>),2000,20.865761756896973,10,0.5,,20
double_cake,ccka,ccka_lr0_1_lr0_01_lr0_01_optgd_epochs100_epochs0_001_epochs0_001_clusters10__rep1,5,0.8333333333333334,tensor(0.1973, grad_fn=<SqueezeBackward0>),tensor(0.8817, grad_fn=<AddBackward0>),2400,21.818008184432983,10,0.5,,20
double_cake,ccka,ccka_lr0_1_lr0_01_lr0_01_optgd_epochs100_epochs0_001_epochs0_001_clusters10__rep1,6,0.9166666666666666,tensor(0.2063, grad_fn=<SqueezeBackward0>),tensor(0.9016, grad_fn=<AddBackward0>),2800,20.981132745742798,10,0.5,,20
double_cake,ccka,ccka_lr0_1_lr0_01_lr0_01_optgd_epochs100_epochs0_001_epochs0_001_clusters10__rep1,7,0.8333333333333334,tensor(0.2049, grad_fn=<SqueezeBackward0>),tensor(0.9279, grad_fn=<AddBackward0>),3200,21.38476586341858,10,0.5,,20
double_cake,ccka,ccka_lr0_1_lr0_01_lr0_01_optgd_epochs100_epochs0_001_epochs0_001_clusters10__rep1,8,1.0,tensor(0.2084, grad_fn=<SqueezeBackward0>),tensor(0.9504, grad_fn=<AddBackward0>),3600,21.85203790664673,10,0.5,,20
double_cake,ccka,ccka_lr0_1_lr0_01_lr0_01_optgd_epochs100_epochs0_001_epochs0_001_clusters2__rep1,0,0.85,tensor(0.1879, grad_fn=<SqueezeBackward0>),tensor(1.1235, grad_fn=<AddBackward0>),80,51.16490888595581,2,0.5,,20
double_cake,ccka,ccka_lr0_1_lr0_01_lr0_01_optgd_epochs100_epochs0_001_epochs0_001_clusters10__rep1,9,0.9166666666666666,tensor(0.2087, grad_fn=<SqueezeBackward0>),tensor(1.0354, grad_fn=<AddBackward0>),4000,21.605844020843506,10,0.5,,20
double_cake,ccka,ccka_lr0_1_lr0_01_lr0_01_optgd_epochs100_epochs0_001_epochs0_001_clusters2__rep1,1,0.85,tensor(0.1881, grad_fn=<SqueezeBackward0>),tensor(1.1339, grad_fn=<AddBackward0>),160,55.372300148010254,2,0.5,,20
double_cake,ccka,ccka_lr0_1_lr0_01_lr0_01_optgd_epochs100_epochs0_001_epochs0_001_clusters2__rep1,2,0.85,tensor(0.1878, grad_fn=<SqueezeBackward0>),tensor(1.1296, grad_fn=<AddBackward0>),240,52.55506777763367,2,0.5,,20
double_cake,ccka,ccka_lr0_1_lr0_01_lr0_01_optgd_epochs100_epochs0_001_epochs0_001_clusters4__rep1,0,0.85,tensor(0.1853, grad_fn=<SqueezeBackward0>),tensor(1.4299, grad_fn=<AddBackward0>),160,53.57479500770569,4,0.5,,20
double_cake,ccka,ccka_lr0_1_lr0_01_lr0_01_optgd_epochs100_epochs0_001_epochs0_001_clusters2__rep1,3,0.85,tensor(0.1875, grad_fn=<SqueezeBackward0>),tensor(1.1433, grad_fn=<AddBackward0>),320,53.28287696838379,2,0.5,,20
double_cake,ccka,ccka_lr0_1_lr0_01_lr0_01_optgd_epochs100_epochs0_001_epochs0_001_clusters4__rep1,1,0.85,tensor(0.1880, grad_fn=<SqueezeBackward0>),tensor(0.8308, grad_fn=<AddBackward0>),320,52.320061922073364,4,0.5,,20
double_cake,ccka,ccka_lr0_1_lr0_01_lr0_01_optgd_epochs100_epochs0_001_epochs0_001_clusters2__rep1,4,0.85,tensor(0.1867, grad_fn=<SqueezeBackward0>),tensor(1.1411, grad_fn=<AddBackward0>),400,50.33909797668457,2,0.5,,20
double_cake,ccka,ccka_lr0_1_lr0_01_lr0_01_optgd_epochs100_epochs0_001_epochs0_001_clusters4__rep1,2,0.85,tensor(0.1850, grad_fn=<SqueezeBackward0>),tensor(1.4248, grad_fn=<AddBackward0>),480,55.51728010177612,4,0.5,,20
double_cake,ccka,ccka_lr0_1_lr0_01_lr0_01_optgd_epochs100_epochs0_001_epochs0_001_clusters2__rep1,5,0.85,tensor(0.1860, grad_fn=<SqueezeBackward0>),tensor(1.1521, grad_fn=<AddBackward0>),480,54.102789878845215,2,0.5,,20
double_cake,ccka,ccka_lr0_1_lr0_01_lr0_01_optgd_epochs100_epochs0_001_epochs0_001_clusters4__rep1,3,0.85,tensor(0.1879, grad_fn=<SqueezeBackward0>),tensor(0.8309, grad_fn=<AddBackward0>),640,54.78032183647156,4,0.5,,20
double_cake,ccka,ccka_lr0_1_lr0_01_lr0_01_optgd_epochs100_epochs0_001_epochs0_001_clusters2__rep1,6,0.85,tensor(0.1848, grad_fn=<SqueezeBackward0>),tensor(1.1488, grad_fn=<AddBackward0>),560,53.87101697921753,2,0.5,,20
double_cake,ccka,ccka_lr0_1_lr0_01_lr0_01_optgd_epochs100_epochs0_001_epochs0_001_clusters4__rep1,4,0.85,tensor(0.1847, grad_fn=<SqueezeBackward0>),tensor(1.4207, grad_fn=<AddBackward0>),800,52.97362565994263,4,0.5,,20
double_cake,ccka,ccka_lr0_1_lr0_01_lr0_01_optgd_epochs100_epochs0_001_epochs0_001_clusters2__rep1,7,0.85,tensor(0.1838, grad_fn=<SqueezeBackward0>),tensor(1.1530, grad_fn=<AddBackward0>),640,54.22422409057617,2,0.5,,20
double_cake,ccka,ccka_lr0_1_lr0_01_lr0_01_optgd_epochs100_epochs0_001_epochs0_001_clusters4__rep1,5,0.85,tensor(0.1877, grad_fn=<SqueezeBackward0>),tensor(0.8312, grad_fn=<AddBackward0>),960,52.544732093811035,4,0.5,,20
double_cake,ccka,ccka_lr0_1_lr0_01_lr0_01_optgd_epochs100_epochs0_001_epochs0_001_clusters2__rep1,8,0.85,tensor(0.1825, grad_fn=<SqueezeBackward0>),tensor(1.1474, grad_fn=<AddBackward0>),720,50.356035232543945,2,0.5,,20
double_cake,ccka,ccka_lr0_1_lr0_01_lr0_01_optgd_epochs100_epochs0_001_epochs0_001_clusters4__rep1,6,0.85,tensor(0.1843, grad_fn=<SqueezeBackward0>),tensor(1.4180, grad_fn=<AddBackward0>),1120,54.92979669570923,4,0.5,,20
double_cake,ccka,ccka_lr0_1_lr0_01_lr0_01_optgd_epochs100_epochs0_001_epochs0_001_clusters2__rep1,9,0.85,tensor(0.1818, grad_fn=<SqueezeBackward0>),tensor(1.1460, grad_fn=<AddBackward0>),800,54.16969680786133,2,0.5,,20
double_cake,ccka,ccka_lr0_1_lr0_01_lr0_01_optgd_epochs100_epochs0_001_epochs0_001_clusters4__rep1,7,0.85,tensor(0.1874, grad_fn=<SqueezeBackward0>),tensor(0.8319, grad_fn=<AddBackward0>),1280,52.96068215370178,4,0.5,,20
double_cake,ccka,ccka_lr0_1_lr0_01_lr0_01_optgd_epochs100_epochs0_001_epochs0_001_clusters4__rep1,8,0.85,tensor(0.1836, grad_fn=<SqueezeBackward0>),tensor(1.4166, grad_fn=<AddBackward0>),1440,53.211185932159424,4,0.5,,20
double_cake,ccka,ccka_lr0_1_lr0_01_lr0_01_optgd_epochs100_epochs0_001_epochs0_001_clusters4__rep1,9,0.85,tensor(0.1869, grad_fn=<SqueezeBackward0>),tensor(0.8333, grad_fn=<AddBackward0>),1600,54.310707330703735,4,0.5,,20
double_cake,ccka,ccka_lr0_1_lr0_01_lr0_01_optgd_epochs100_epochs0_001_epochs0_001_clusters6__rep1,0,0.85,tensor(0.1846, grad_fn=<SqueezeBackward0>),tensor(0.9648, grad_fn=<AddBackward0>),240,53.3394570350647,6,0.5,,20
double_cake,ccka,ccka_lr0_1_lr0_01_lr0_01_optgd_epochs100_epochs0_001_epochs0_001_clusters6__rep1,1,0.85,tensor(0.1861, grad_fn=<SqueezeBackward0>),tensor(1.3008, grad_fn=<AddBackward0>),480,54.895796060562134,6,0.5,,20
double_cake,ccka,ccka_lr0_1_lr0_01_lr0_01_optgd_epochs100_epochs0_001_epochs0_001_clusters6__rep1,2,0.85,tensor(0.1833, grad_fn=<SqueezeBackward0>),tensor(0.9602, grad_fn=<AddBackward0>),720,51.30847215652466,6,0.5,,20
double_cake,ccka,ccka_lr0_1_lr0_01_lr0_01_optgd_epochs100_epochs0_001_epochs0_001_clusters8__rep1,0,0.95,tensor(0.1886, grad_fn=<SqueezeBackward0>),tensor(0.9041, grad_fn=<AddBackward0>),320,52.499584913253784,8,0.5,,20
double_cake,ccka,ccka_lr0_1_lr0_01_lr0_01_optgd_epochs100_epochs0_001_epochs0_001_clusters6__rep1,3,0.85,tensor(0.1845, grad_fn=<SqueezeBackward0>),tensor(1.3023, grad_fn=<AddBackward0>),960,54.3181529045105,6,0.5,,20
double_cake,ccka,ccka_lr0_1_lr0_01_lr0_01_optgd_epochs100_epochs0_001_epochs0_001_clusters8__rep1,1,0.9,tensor(0.1854, grad_fn=<SqueezeBackward0>),tensor(1.3372, grad_fn=<AddBackward0>),640,54.29589486122131,8,0.5,,20
double_cake,ccka,ccka_lr0_1_lr0_01_lr0_01_optgd_epochs100_epochs0_001_epochs0_001_clusters6__rep1,4,0.85,tensor(0.1822, grad_fn=<SqueezeBackward0>),tensor(0.9553, grad_fn=<AddBackward0>),1200,55.08059787750244,6,0.5,,20
double_cake,ccka,ccka_lr0_1_lr0_01_lr0_01_optgd_epochs100_epochs0_001_epochs0_001_clusters8__rep1,2,0.9,tensor(0.1885, grad_fn=<SqueezeBackward0>),tensor(0.9117, grad_fn=<AddBackward0>),960,54.54200291633606,8,0.5,,20
double_cake,ccka,ccka_lr0_1_lr0_01_lr0_01_optgd_epochs100_epochs0_001_epochs0_001_clusters6__rep1,5,0.85,tensor(0.1832, grad_fn=<SqueezeBackward0>),tensor(1.3048, grad_fn=<AddBackward0>),1440,293.387567281723,6,0.5,,20
double_cake,ccka,ccka_lr0_1_lr0_01_lr0_01_optgd_epochs100_epochs0_001_epochs0_001_clusters8__rep1,3,0.9,tensor(0.1829, grad_fn=<SqueezeBackward0>),tensor(1.3318, grad_fn=<AddBackward0>),1280,294.2575571537018,8,0.5,,20
double_cake,ccka,ccka_lr0_1_lr0_01_lr0_01_optgd_epochs100_epochs0_001_epochs0_001_clusters6__rep1,6,0.85,tensor(0.1814, grad_fn=<SqueezeBackward0>),tensor(0.9504, grad_fn=<AddBackward0>),1680,52.657222032547,6,0.5,,20
double_cake,ccka,ccka_lr0_1_lr0_01_lr0_01_optgd_epochs100_epochs0_001_epochs0_001_clusters8__rep1,4,0.8,tensor(0.1883, grad_fn=<SqueezeBackward0>),tensor(0.9187, grad_fn=<AddBackward0>),1600,53.36965298652649,8,0.5,,20
double_cake,ccka,ccka_lr0_1_lr0_01_lr0_01_optgd_epochs100_epochs0_001_epochs0_001_clusters6__rep1,7,0.85,tensor(0.1822, grad_fn=<SqueezeBackward0>),tensor(1.3080, grad_fn=<AddBackward0>),1920,52.90177798271179,6,0.5,,20
double_cake,ccka,ccka_lr0_1_lr0_01_lr0_01_optgd_epochs100_epochs0_001_epochs0_001_clusters8__rep1,5,0.9,tensor(0.1807, grad_fn=<SqueezeBackward0>),tensor(1.3170, grad_fn=<AddBackward0>),1920,55.14238500595093,8,0.5,,20
double_cake,ccka,ccka_lr0_1_lr0_01_lr0_01_optgd_epochs100_epochs0_001_epochs0_001_clusters6__rep1,8,0.85,tensor(0.1808, grad_fn=<SqueezeBackward0>),tensor(0.9460, grad_fn=<AddBackward0>),2160,55.19344401359558,6,0.5,,20
double_cake,ccka,ccka_lr0_1_lr0_01_lr0_01_optgd_epochs100_epochs0_001_epochs0_001_clusters8__rep1,6,0.8,tensor(0.1879, grad_fn=<SqueezeBackward0>),tensor(0.9257, grad_fn=<AddBackward0>),2240,55.109347105026245,8,0.5,,20
double_cake,ccka,ccka_lr0_1_lr0_01_lr0_01_optgd_epochs100_epochs0_001_epochs0_001_clusters6__rep1,9,0.85,tensor(0.1813, grad_fn=<SqueezeBackward0>),tensor(1.3114, grad_fn=<AddBackward0>),2400,53.26364016532898,6,0.5,,20
double_cake,ccka,ccka_lr0_1_lr0_01_lr0_01_optgd_epochs100_epochs0_001_epochs0_001_clusters8__rep1,7,0.9,tensor(0.1785, grad_fn=<SqueezeBackward0>),tensor(1.2952, grad_fn=<AddBackward0>),2560,55.239240884780884,8,0.5,,20
double_cake,ccka,ccka_lr0_1_lr0_01_lr0_01_optgd_epochs100_epochs0_001_epochs0_001_clusters8__rep1,8,0.85,tensor(0.1870, grad_fn=<SqueezeBackward0>),tensor(0.9320, grad_fn=<AddBackward0>),2880,55.65047812461853,8,0.5,,20
double_cake,ccka,ccka_lr0_1_lr0_01_lr0_01_optgd_epochs100_epochs0_001_epochs0_001_clusters8__rep1,9,0.9,tensor(0.1763, grad_fn=<SqueezeBackward0>),tensor(1.2691, grad_fn=<AddBackward0>),3200,55.3421790599823,8,0.5,,20
double_cake,ccka,ccka_lr0_1_lr0_01_lr0_01_optgd_epochs100_epochs0_001_epochs0_001_clusters10__rep1,0,0.9,tensor(0.1837, grad_fn=<SqueezeBackward0>),tensor(1.4693, grad_fn=<AddBackward0>),400,53.83993220329285,10,0.5,,20
double_cake,ccka,ccka_lr0_1_lr0_01_lr0_01_optgd_epochs100_epochs0_001_epochs0_001_clusters10__rep1,1,0.85,tensor(0.1880, grad_fn=<SqueezeBackward0>),tensor(0.8047, grad_fn=<AddBackward0>),800,54.84690189361572,10,0.5,,20
double_cake,ccka,ccka_lr0_1_lr0_01_lr0_01_optgd_epochs100_epochs0_001_epochs0_001_clusters10__rep1,2,0.9,tensor(0.1839, grad_fn=<SqueezeBackward0>),tensor(1.4821, grad_fn=<AddBackward0>),1200,55.44697427749634,10,0.5,,20
double_cake,ccka,ccka_lr0_1_lr0_01_lr0_01_optgd_epochs100_epochs0_001_epochs0_001_clusters10__rep1,3,0.85,tensor(0.1878, grad_fn=<SqueezeBackward0>),tensor(0.8097, grad_fn=<AddBackward0>),1600,57.636616230010986,10,0.5,,20
double_cake,ccka,ccka_lr0_1_lr0_01_lr0_01_optgd_epochs100_epochs0_001_epochs0_001_clusters10__rep1,4,0.85,tensor(0.1840, grad_fn=<SqueezeBackward0>),tensor(1.4888, grad_fn=<AddBackward0>),2000,53.56456804275513,10,0.5,,20
double_cake,ccka,ccka_lr0_1_lr0_01_lr0_01_optgd_epochs100_epochs0_001_epochs0_001_clusters2__rep1,0,0.8928571428571429,tensor(0.1130, grad_fn=<SqueezeBackward0>),tensor(0.9681, grad_fn=<AddBackward0>),80,104.26301193237305,2,0.5,,20
double_cake,ccka,ccka_lr0_1_lr0_01_lr0_01_optgd_epochs100_epochs0_001_epochs0_001_clusters10__rep1,5,0.85,tensor(0.1874, grad_fn=<SqueezeBackward0>),tensor(0.8162, grad_fn=<AddBackward0>),2400,55.50599694252014,10,0.5,,20
double_cake,ccka,ccka_lr0_1_lr0_01_lr0_01_optgd_epochs100_epochs0_001_epochs0_001_clusters10__rep1,6,0.85,tensor(0.1840, grad_fn=<SqueezeBackward0>),tensor(1.4882, grad_fn=<AddBackward0>),2800,55.86093306541443,10,0.5,,20
double_cake,ccka,ccka_lr0_1_lr0_01_lr0_01_optgd_epochs100_epochs0_001_epochs0_001_clusters2__rep1,1,0.8571428571428571,tensor(0.1116, grad_fn=<SqueezeBackward0>),tensor(1.2545, grad_fn=<AddBackward0>),160,102.68727898597717,2,0.5,,20
double_cake,ccka,ccka_lr0_1_lr0_01_lr0_01_optgd_epochs100_epochs0_001_epochs0_001_clusters10__rep1,7,0.85,tensor(0.1867, grad_fn=<SqueezeBackward0>),tensor(0.8236, grad_fn=<AddBackward0>),3200,57.70782208442688,10,0.5,,20
double_cake,ccka,ccka_lr0_1_lr0_01_lr0_01_optgd_epochs100_epochs0_001_epochs0_001_clusters10__rep1,8,0.85,tensor(0.1835, grad_fn=<SqueezeBackward0>),tensor(1.4815, grad_fn=<AddBackward0>),3600,55.1721830368042,10,0.5,,20
double_cake,ccka,ccka_lr0_1_lr0_01_lr0_01_optgd_epochs100_epochs0_001_epochs0_001_clusters2__rep1,2,0.8571428571428571,tensor(0.1127, grad_fn=<SqueezeBackward0>),tensor(0.9733, grad_fn=<AddBackward0>),240,109.4572811126709,2,0.5,,20
double_cake,ccka,ccka_lr0_1_lr0_01_lr0_01_optgd_epochs100_epochs0_001_epochs0_001_clusters10__rep1,9,0.85,tensor(0.1858, grad_fn=<SqueezeBackward0>),tensor(0.8312, grad_fn=<AddBackward0>),4000,56.58195519447327,10,0.5,,20
double_cake,ccka,ccka_lr0_1_lr0_01_lr0_01_optgd_epochs100_epochs0_001_epochs0_001_clusters2__rep1,3,0.8928571428571429,tensor(0.1115, grad_fn=<SqueezeBackward0>),tensor(1.2581, grad_fn=<AddBackward0>),320,102.65033483505249,2,0.5,,20
double_cake,ccka,ccka_lr0_1_lr0_01_lr0_01_optgd_epochs100_epochs0_001_epochs0_001_clusters2__rep1,4,0.8571428571428571,tensor(0.1125, grad_fn=<SqueezeBackward0>),tensor(0.9794, grad_fn=<AddBackward0>),400,105.25952196121216,2,0.5,,20
double_cake,ccka,ccka_lr0_1_lr0_01_lr0_01_optgd_epochs100_epochs0_001_epochs0_001_clusters4__rep1,0,0.9285714285714286,tensor(0.1128, grad_fn=<SqueezeBackward0>),tensor(1.4109, grad_fn=<AddBackward0>),160,105.38996243476868,4,0.5,,20
double_cake,ccka,ccka_lr0_1_lr0_01_lr0_01_optgd_epochs100_epochs0_001_epochs0_001_clusters2__rep1,5,0.8928571428571429,tensor(0.1115, grad_fn=<SqueezeBackward0>),tensor(1.2631, grad_fn=<AddBackward0>),480,109.12161302566528,2,0.5,,20
double_cake,ccka,ccka_lr0_1_lr0_01_lr0_01_optgd_epochs100_epochs0_001_epochs0_001_clusters4__rep1,1,0.8571428571428571,tensor(0.1117, grad_fn=<SqueezeBackward0>),tensor(0.7783, grad_fn=<AddBackward0>),320,109.9801812171936,4,0.5,,20
double_cake,ccka,ccka_lr0_1_lr0_01_lr0_01_optgd_epochs100_epochs0_001_epochs0_001_clusters2__rep1,6,0.8571428571428571,tensor(0.1124, grad_fn=<SqueezeBackward0>),tensor(0.9855, grad_fn=<AddBackward0>),560,109.78628182411194,2,0.5,,20
double_cake,ccka,ccka_lr0_1_lr0_01_lr0_01_optgd_epochs100_epochs0_001_epochs0_001_clusters2__rep1,7,0.8928571428571429,tensor(0.1115, grad_fn=<SqueezeBackward0>),tensor(1.2683, grad_fn=<AddBackward0>),640,110.56570219993591,2,0.5,,20
double_cake,ccka,ccka_lr0_1_lr0_01_lr0_01_optgd_epochs100_epochs0_001_epochs0_001_clusters4__rep1,2,0.9642857142857143,tensor(0.1132, grad_fn=<SqueezeBackward0>),tensor(1.4254, grad_fn=<AddBackward0>),480,115.7405309677124,4,0.5,,20
double_cake,ccka,ccka_lr0_1_lr0_01_lr0_01_optgd_epochs100_epochs0_001_epochs0_001_clusters4__rep1,3,0.8571428571428571,tensor(0.1117, grad_fn=<SqueezeBackward0>),tensor(0.7987, grad_fn=<AddBackward0>),640,111.32152986526489,4,0.5,,20
double_cake,ccka,ccka_lr0_1_lr0_01_lr0_01_optgd_epochs100_epochs0_001_epochs0_001_clusters2__rep1,8,0.8571428571428571,tensor(0.1122, grad_fn=<SqueezeBackward0>),tensor(0.9908, grad_fn=<AddBackward0>),720,113.74998021125793,2,0.5,,20
double_cake,ccka,ccka_lr0_1_lr0_01_lr0_01_optgd_epochs100_epochs0_001_epochs0_001_clusters4__rep1,4,0.9642857142857143,tensor(0.1137, grad_fn=<SqueezeBackward0>),tensor(1.4381, grad_fn=<AddBackward0>),800,108.02310180664062,4,0.5,,20
double_cake,ccka,ccka_lr0_1_lr0_01_lr0_01_optgd_epochs100_epochs0_001_epochs0_001_clusters2__rep1,9,0.8928571428571429,tensor(0.1114, grad_fn=<SqueezeBackward0>),tensor(1.2721, grad_fn=<AddBackward0>),800,111.63724207878113,2,0.5,,20
double_cake,ccka,ccka_lr0_1_lr0_01_lr0_01_optgd_epochs100_epochs0_001_epochs0_001_clusters4__rep1,5,0.8928571428571429,tensor(0.1117, grad_fn=<SqueezeBackward0>),tensor(0.8268, grad_fn=<AddBackward0>),960,109.01004600524902,4,0.5,,20
double_cake,ccka,ccka_lr0_1_lr0_01_lr0_01_optgd_epochs100_epochs0_001_epochs0_001_clusters4__rep1,6,0.9642857142857143,tensor(0.1143, grad_fn=<SqueezeBackward0>),tensor(1.4437, grad_fn=<AddBackward0>),1120,105.70060300827026,4,0.5,,20
double_cake,ccka,ccka_lr0_1_lr0_01_lr0_01_optgd_epochs100_epochs0_001_epochs0_001_clusters6__rep1,0,0.8214285714285714,tensor(0.1138, grad_fn=<SqueezeBackward0>),tensor(1.1619, grad_fn=<AddBackward0>),240,105.68786692619324,6,0.5,,20
double_cake,ccka,ccka_lr0_1_lr0_01_lr0_01_optgd_epochs100_epochs0_001_epochs0_001_clusters4__rep1,7,0.9285714285714286,tensor(0.1119, grad_fn=<SqueezeBackward0>),tensor(0.8568, grad_fn=<AddBackward0>),1280,104.60040330886841,4,0.5,,20
double_cake,ccka,ccka_lr0_1_lr0_01_lr0_01_optgd_epochs100_epochs0_001_epochs0_001_clusters6__rep1,1,0.8571428571428571,tensor(0.1107, grad_fn=<SqueezeBackward0>),tensor(1.1332, grad_fn=<AddBackward0>),480,111.08227586746216,6,0.5,,20
double_cake,ccka,ccka_lr0_1_lr0_01_lr0_01_optgd_epochs100_epochs0_001_epochs0_001_clusters4__rep1,8,0.8571428571428571,tensor(0.1153, grad_fn=<SqueezeBackward0>),tensor(1.4384, grad_fn=<AddBackward0>),1440,111.55291199684143,4,0.5,,20
double_cake,ccka,ccka_lr0_1_lr0_01_lr0_01_optgd_epochs100_epochs0_001_epochs0_001_clusters6__rep1,2,0.7857142857142857,tensor(0.1117, grad_fn=<SqueezeBackward0>),tensor(1.1744, grad_fn=<AddBackward0>),720,113.06676578521729,6,0.5,,20
double_cake,ccka,ccka_lr0_1_lr0_01_lr0_01_optgd_epochs100_epochs0_001_epochs0_001_clusters4__rep1,9,0.8214285714285714,tensor(0.1128, grad_fn=<SqueezeBackward0>),tensor(0.8836, grad_fn=<AddBackward0>),1600,117.27192687988281,4,0.5,,20
double_cake,ccka,ccka_lr0_1_lr0_01_lr0_01_optgd_epochs100_epochs0_001_epochs0_001_clusters6__rep1,3,0.8571428571428571,tensor(0.1093, grad_fn=<SqueezeBackward0>),tensor(1.1441, grad_fn=<AddBackward0>),960,11429.334103107452,6,0.5,,20
double_cake,ccka,ccka_lr0_1_lr0_01_lr0_01_optgd_epochs100_epochs0_001_epochs0_001_clusters6__rep1,4,0.7857142857142857,tensor(0.1098, grad_fn=<SqueezeBackward0>),tensor(1.1710, grad_fn=<AddBackward0>),1200,5651.300682067871,6,0.5,,20
double_cake,ccka,ccka_lr0_1_lr0_01_lr0_01_optgd_epochs100_epochs0_001_epochs0_001_clusters6__rep1,5,0.7857142857142857,tensor(0.1081, grad_fn=<SqueezeBackward0>),tensor(1.1422, grad_fn=<AddBackward0>),1440,760.5462291240692,6,0.5,,20
double_cake,ccka,ccka_lr0_1_lr0_01_lr0_01_optgd_epochs100_epochs0_001_epochs0_001_clusters8__rep1,0,0.9285714285714286,tensor(0.1146, grad_fn=<SqueezeBackward0>),tensor(1.1084, grad_fn=<AddBackward0>),320,765.2295610904694,8,0.5,,20
double_cake,ccka,ccka_lr0_1_lr0_01_lr0_01_optgd_epochs100_epochs0_001_epochs0_001_clusters8__rep1,1,0.8571428571428571,tensor(0.1122, grad_fn=<SqueezeBackward0>),tensor(1.0433, grad_fn=<AddBackward0>),640,112.41467618942261,8,0.5,,20
double_cake,ccka,ccka_lr0_1_lr0_01_lr0_01_optgd_epochs100_epochs0_001_epochs0_001_clusters6__rep1,6,0.7857142857142857,tensor(0.1086, grad_fn=<SqueezeBackward0>),tensor(1.1568, grad_fn=<AddBackward0>),1680,116.19104385375977,6,0.5,,20
double_cake,ccka,ccka_lr0_1_lr0_01_lr0_01_optgd_epochs100_epochs0_001_epochs0_001_clusters8__rep1,2,0.9285714285714286,tensor(0.1144, grad_fn=<SqueezeBackward0>),tensor(1.1513, grad_fn=<AddBackward0>),960,110.59683585166931,8,0.5,,20
double_cake,ccka,ccka_lr0_1_lr0_01_lr0_01_optgd_epochs100_epochs0_001_epochs0_001_clusters6__rep1,7,0.7857142857142857,tensor(0.1076, grad_fn=<SqueezeBackward0>),tensor(1.1340, grad_fn=<AddBackward0>),1920,113.95122814178467,6,0.5,,20
double_cake,ccka,ccka_lr0_1_lr0_01_lr0_01_optgd_epochs100_epochs0_001_epochs0_001_clusters8__rep1,3,0.8571428571428571,tensor(0.1109, grad_fn=<SqueezeBackward0>),tensor(1.1028, grad_fn=<AddBackward0>),1280,116.61625504493713,8,0.5,,20
double_cake,ccka,ccka_lr0_1_lr0_01_lr0_01_optgd_epochs100_epochs0_001_epochs0_001_clusters6__rep1,8,0.8571428571428571,tensor(0.1085, grad_fn=<SqueezeBackward0>),tensor(1.1397, grad_fn=<AddBackward0>),2160,118.14556193351746,6,0.5,,20
double_cake,ccka,ccka_lr0_1_lr0_01_lr0_01_optgd_epochs100_epochs0_001_epochs0_001_clusters8__rep1,4,0.9285714285714286,tensor(0.1120, grad_fn=<SqueezeBackward0>),tensor(1.2320, grad_fn=<AddBackward0>),1600,113.57266926765442,8,0.5,,20
double_cake,ccka,ccka_lr0_1_lr0_01_lr0_01_optgd_epochs100_epochs0_001_epochs0_001_clusters6__rep1,9,0.8214285714285714,tensor(0.1079, grad_fn=<SqueezeBackward0>),tensor(1.1261, grad_fn=<AddBackward0>),2400,110.17933893203735,6,0.5,,20
double_cake,ccka,ccka_lr0_1_lr0_01_lr0_01_optgd_epochs100_epochs0_001_epochs0_001_clusters8__rep1,5,0.8928571428571429,tensor(0.1105, grad_fn=<SqueezeBackward0>),tensor(1.1148, grad_fn=<AddBackward0>),1920,105.10967922210693,8,0.5,,20
double_cake,ccka,ccka_lr0_1_lr0_01_lr0_01_optgd_epochs100_epochs0_001_epochs0_001_clusters8__rep1,6,0.9285714285714286,tensor(0.1116, grad_fn=<SqueezeBackward0>),tensor(1.2900, grad_fn=<AddBackward0>),2240,110.6331889629364,8,0.5,,20
double_cake,ccka,ccka_lr0_1_lr0_01_lr0_01_optgd_epochs100_epochs0_001_epochs0_001_clusters10__rep1,0,0.8928571428571429,tensor(0.1109, grad_fn=<SqueezeBackward0>),tensor(1.2431, grad_fn=<AddBackward0>),400,108.51532983779907,10,0.5,,20
double_cake,ccka,ccka_lr0_1_lr0_01_lr0_01_optgd_epochs100_epochs0_001_epochs0_001_clusters8__rep1,7,0.8571428571428571,tensor(0.1123, grad_fn=<SqueezeBackward0>),tensor(1.0949, grad_fn=<AddBackward0>),2560,108.50075697898865,8,0.5,,20
double_cake,ccka,ccka_lr0_1_lr0_01_lr0_01_optgd_epochs100_epochs0_001_epochs0_001_clusters8__rep1,8,0.8928571428571429,tensor(0.1138, grad_fn=<SqueezeBackward0>),tensor(1.3131, grad_fn=<AddBackward0>),2880,107.73104286193848,8,0.5,,20
double_cake,ccka,ccka_lr0_1_lr0_01_lr0_01_optgd_epochs100_epochs0_001_epochs0_001_clusters10__rep1,1,0.8928571428571429,tensor(0.1106, grad_fn=<SqueezeBackward0>),tensor(1.0286, grad_fn=<AddBackward0>),800,114.17817282676697,10,0.5,,20
double_cake,ccka,ccka_lr0_1_lr0_01_lr0_01_optgd_epochs100_epochs0_001_epochs0_001_clusters10__rep1,2,0.8928571428571429,tensor(0.1096, grad_fn=<SqueezeBackward0>),tensor(1.2413, grad_fn=<AddBackward0>),1200,112.81998014450073,10,0.5,,20
double_cake,ccka,ccka_lr0_1_lr0_01_lr0_01_optgd_epochs100_epochs0_001_epochs0_001_clusters8__rep1,9,0.9285714285714286,tensor(0.1153, grad_fn=<SqueezeBackward0>),tensor(1.0711, grad_fn=<AddBackward0>),3200,115.87828302383423,8,0.5,,20
double_cake,ccka,ccka_lr0_1_lr0_01_lr0_01_optgd_epochs100_epochs0_001_epochs0_001_clusters10__rep1,3,0.8928571428571429,tensor(0.1095, grad_fn=<SqueezeBackward0>),tensor(1.0278, grad_fn=<AddBackward0>),1600,104.07048296928406,10,0.5,,20
double_cake,ccka,ccka_lr0_1_lr0_01_lr0_01_optgd_epochs100_epochs0_001_epochs0_001_clusters10__rep1,4,0.9285714285714286,tensor(0.1082, grad_fn=<SqueezeBackward0>),tensor(1.2393, grad_fn=<AddBackward0>),2000,110.83250713348389,10,0.5,,20
double_cake,ccka,ccka_lr0_1_lr0_01_lr0_01_optgd_epochs100_epochs0_001_epochs0_001_clusters10__rep1,5,0.9285714285714286,tensor(0.1084, grad_fn=<SqueezeBackward0>),tensor(1.0255, grad_fn=<AddBackward0>),2400,105.98487210273743,10,0.5,,20
double_cake,ccka,ccka_lr0_1_lr0_01_lr0_01_optgd_epochs100_epochs0_001_epochs0_001_clusters2__rep1,0,0.8125,tensor(0.0886, grad_fn=<SqueezeBackward0>),tensor(1.1338, grad_fn=<AddBackward0>),80,138.3221070766449,2,0.5,,20
double_cake,ccka,ccka_lr0_1_lr0_01_lr0_01_optgd_epochs100_epochs0_001_epochs0_001_clusters10__rep1,6,0.8928571428571429,tensor(0.1067, grad_fn=<SqueezeBackward0>),tensor(1.2374, grad_fn=<AddBackward0>),2800,115.3397843837738,10,0.5,,20
double_cake,ccka,ccka_lr0_1_lr0_01_lr0_01_optgd_epochs100_epochs0_001_epochs0_001_clusters2__rep1,1,0.84375,tensor(0.0880, grad_fn=<SqueezeBackward0>),tensor(1.0450, grad_fn=<AddBackward0>),160,148.60677933692932,2,0.5,,20
double_cake,ccka,ccka_lr0_1_lr0_01_lr0_01_optgd_epochs100_epochs0_001_epochs0_001_clusters10__rep1,7,0.9285714285714286,tensor(0.1073, grad_fn=<SqueezeBackward0>),tensor(1.0220, grad_fn=<AddBackward0>),3200,112.33544492721558,10,0.5,,20
double_cake,ccka,ccka_lr0_1_lr0_01_lr0_01_optgd_epochs100_epochs0_001_epochs0_001_clusters10__rep1,8,0.8928571428571429,tensor(0.1053, grad_fn=<SqueezeBackward0>),tensor(1.2363, grad_fn=<AddBackward0>),3600,122.46111702919006,10,0.5,,20
double_cake,ccka,ccka_lr0_1_lr0_01_lr0_01_optgd_epochs100_epochs0_001_epochs0_001_clusters2__rep1,2,0.78125,tensor(0.0882, grad_fn=<SqueezeBackward0>),tensor(1.1387, grad_fn=<AddBackward0>),240,152.53329491615295,2,0.5,,20
double_cake,ccka,ccka_lr0_1_lr0_01_lr0_01_optgd_epochs100_epochs0_001_epochs0_001_clusters10__rep1,9,0.9285714285714286,tensor(0.1063, grad_fn=<SqueezeBackward0>),tensor(1.0178, grad_fn=<AddBackward0>),4000,119.53203463554382,10,0.5,,20
double_cake,ccka,ccka_lr0_1_lr0_01_lr0_01_optgd_epochs100_epochs0_001_epochs0_001_clusters2__rep1,3,0.84375,tensor(0.0880, grad_fn=<SqueezeBackward0>),tensor(1.0606, grad_fn=<AddBackward0>),320,149.22448682785034,2,0.5,,20
double_cake,ccka,ccka_lr0_1_lr0_01_lr0_01_optgd_epochs100_epochs0_001_epochs0_001_clusters2__rep1,4,0.8125,tensor(0.0887, grad_fn=<SqueezeBackward0>),tensor(1.1550, grad_fn=<AddBackward0>),400,140.7806351184845,2,0.5,,20
double_cake,ccka,ccka_lr0_1_lr0_01_lr0_01_optgd_epochs100_epochs0_001_epochs0_001_clusters2__rep1,5,0.8125,tensor(0.0889, grad_fn=<SqueezeBackward0>),tensor(1.0824, grad_fn=<AddBackward0>),480,144.42635083198547,2,0.5,,20
double_cake,ccka,ccka_lr0_1_lr0_01_lr0_01_optgd_epochs100_epochs0_001_epochs0_001_clusters4__rep1,0,0.78125,tensor(0.0851, grad_fn=<SqueezeBackward0>),tensor(1.0397, grad_fn=<AddBackward0>),160,141.8605921268463,4,0.5,,20
double_cake,ccka,ccka_lr0_1_lr0_01_lr0_01_optgd_epochs100_epochs0_001_epochs0_001_clusters2__rep1,6,0.8125,tensor(0.0902, grad_fn=<SqueezeBackward0>),tensor(1.1769, grad_fn=<AddBackward0>),560,160.99559617042542,2,0.5,,20
double_cake,ccka,ccka_lr0_1_lr0_01_lr0_01_optgd_epochs100_epochs0_001_epochs0_001_clusters4__rep1,1,0.84375,tensor(0.0880, grad_fn=<SqueezeBackward0>),tensor(1.1705, grad_fn=<AddBackward0>),320,152.82981991767883,4,0.5,,20
double_cake,ccka,ccka_lr0_1_lr0_01_lr0_01_optgd_epochs100_epochs0_001_epochs0_001_clusters2__rep1,7,0.8125,tensor(0.0907, grad_fn=<SqueezeBackward0>),tensor(1.1007, grad_fn=<AddBackward0>),640,155.6454267501831,2,0.5,,20
double_cake,ccka,ccka_lr0_1_lr0_01_lr0_01_optgd_epochs100_epochs0_001_epochs0_001_clusters4__rep1,2,0.78125,tensor(0.0848, grad_fn=<SqueezeBackward0>),tensor(1.0381, grad_fn=<AddBackward0>),480,157.8480851650238,4,0.5,,20
double_cake,ccka,ccka_lr0_1_lr0_01_lr0_01_optgd_epochs100_epochs0_001_epochs0_001_clusters2__rep1,8,0.84375,tensor(0.0924, grad_fn=<SqueezeBackward0>),tensor(1.1938, grad_fn=<AddBackward0>),720,153.65403199195862,2,0.5,,20
double_cake,ccka,ccka_lr0_1_lr0_01_lr0_01_optgd_epochs100_epochs0_001_epochs0_001_clusters4__rep1,3,0.8125,tensor(0.0879, grad_fn=<SqueezeBackward0>),tensor(1.1816, grad_fn=<AddBackward0>),640,167.50526905059814,4,0.5,,20
double_cake,ccka,ccka_lr0_1_lr0_01_lr0_01_optgd_epochs100_epochs0_001_epochs0_001_clusters2__rep1,9,0.8125,tensor(0.0929, grad_fn=<SqueezeBackward0>),tensor(1.1072, grad_fn=<AddBackward0>),800,166.92944598197937,2,0.5,,20
double_cake,ccka,ccka_lr0_1_lr0_01_lr0_01_optgd_epochs100_epochs0_001_epochs0_001_clusters4__rep1,4,0.78125,tensor(0.0853, grad_fn=<SqueezeBackward0>),tensor(1.0472, grad_fn=<AddBackward0>),800,155.787446975708,4,0.5,,20
double_cake,ccka,ccka_lr0_1_lr0_01_lr0_01_optgd_epochs100_epochs0_001_epochs0_001_clusters4__rep1,5,0.8125,tensor(0.0886, grad_fn=<SqueezeBackward0>),tensor(1.1948, grad_fn=<AddBackward0>),960,146.39101696014404,4,0.5,,20
double_cake,ccka,ccka_lr0_1_lr0_01_lr0_01_optgd_epochs100_epochs0_001_epochs0_001_clusters4__rep1,6,0.78125,tensor(0.0864, grad_fn=<SqueezeBackward0>),tensor(1.0657, grad_fn=<AddBackward0>),1120,141.40934896469116,4,0.5,,20
double_cake,ccka,ccka_lr0_1_lr0_01_lr0_01_optgd_epochs100_epochs0_001_epochs0_001_clusters6__rep1,0,0.84375,tensor(0.0892, grad_fn=<SqueezeBackward0>),tensor(1.1170, grad_fn=<AddBackward0>),240,603.6875469684601,6,0.5,,20
double_cake,ccka,ccka_lr0_1_lr0_01_lr0_01_optgd_epochs100_epochs0_001_epochs0_001_clusters4__rep1,7,0.8125,tensor(0.0900, grad_fn=<SqueezeBackward0>),tensor(1.2055, grad_fn=<AddBackward0>),1280,1058.9912960529327,4,0.5,,20
double_cake,ccka,ccka_lr0_1_lr0_01_lr0_01_optgd_epochs100_epochs0_001_epochs0_001_clusters6__rep1,1,0.84375,tensor(0.0897, grad_fn=<SqueezeBackward0>),tensor(1.1490, grad_fn=<AddBackward0>),480,601.6167480945587,6,0.5,,20
double_cake,ccka,ccka_lr0_1_lr0_01_lr0_01_optgd_epochs100_epochs0_001_epochs0_001_clusters4__rep1,8,0.84375,tensor(0.0882, grad_fn=<SqueezeBackward0>),tensor(1.0872, grad_fn=<AddBackward0>),1440,153.526926279068,4,0.5,,20
double_cake,ccka,ccka_lr0_1_lr0_01_lr0_01_optgd_epochs100_epochs0_001_epochs0_001_clusters6__rep1,2,0.84375,tensor(0.0901, grad_fn=<SqueezeBackward0>),tensor(1.1188, grad_fn=<AddBackward0>),720,233.36184906959534,6,0.5,,20
double_cake,ccka,ccka_lr0_1_lr0_01_lr0_01_optgd_epochs100_epochs0_001_epochs0_001_clusters4__rep1,9,0.8125,tensor(0.0919, grad_fn=<SqueezeBackward0>),tensor(1.2094, grad_fn=<AddBackward0>),1600,259.7145142555237,4,0.5,,20
double_cake,ccka,ccka_lr0_1_lr0_01_lr0_01_optgd_epochs100_epochs0_001_epochs0_001_clusters6__rep1,3,0.8125,tensor(0.0908, grad_fn=<SqueezeBackward0>),tensor(1.1492, grad_fn=<AddBackward0>),960,304.39902806282043,6,0.5,,20
double_cake,ccka,ccka_lr0_1_lr0_01_lr0_01_optgd_epochs100_epochs0_001_epochs0_001_clusters6__rep1,4,0.875,tensor(0.0911, grad_fn=<SqueezeBackward0>),tensor(1.1163, grad_fn=<AddBackward0>),1200,1425.4332139492035,6,0.5,,20
double_cake,ccka,ccka_lr0_1_lr0_01_lr0_01_optgd_epochs100_epochs0_001_epochs0_001_clusters6__rep1,5,0.8125,tensor(0.0919, grad_fn=<SqueezeBackward0>),tensor(1.1469, grad_fn=<AddBackward0>),1440,147.41731309890747,6,0.5,,20
double_cake,ccka,ccka_lr0_1_lr0_01_lr0_01_optgd_epochs100_epochs0_001_epochs0_001_clusters8__rep1,0,0.84375,tensor(0.0862, grad_fn=<SqueezeBackward0>),tensor(1.0228, grad_fn=<AddBackward0>),320,147.04978489875793,8,0.5,,20
double_cake,ccka,ccka_lr0_1_lr0_01_lr0_01_optgd_epochs100_epochs0_001_epochs0_001_clusters6__rep1,6,0.90625,tensor(0.0921, grad_fn=<SqueezeBackward0>),tensor(1.1103, grad_fn=<AddBackward0>),1680,176.7792670726776,6,0.5,,20
double_cake,ccka,ccka_lr0_1_lr0_01_lr0_01_optgd_epochs100_epochs0_001_epochs0_001_clusters8__rep1,1,0.84375,tensor(0.0886, grad_fn=<SqueezeBackward0>),tensor(1.2073, grad_fn=<AddBackward0>),640,213.61512088775635,8,0.5,,20
double_cake,ccka,ccka_lr0_1_lr0_01_lr0_01_optgd_epochs100_epochs0_001_epochs0_001_clusters6__rep1,7,0.875,tensor(0.0931, grad_fn=<SqueezeBackward0>),tensor(1.1419, grad_fn=<AddBackward0>),1920,256.69145607948303,6,0.5,,20
double_cake,ccka,ccka_lr0_1_lr0_01_lr0_01_optgd_epochs100_epochs0_001_epochs0_001_clusters8__rep1,2,0.8125,tensor(0.0864, grad_fn=<SqueezeBackward0>),tensor(1.0144, grad_fn=<AddBackward0>),960,274.7141659259796,8,0.5,,20
double_cake,ccka,ccka_lr0_1_lr0_01_lr0_01_optgd_epochs100_epochs0_001_epochs0_001_clusters6__rep1,8,0.90625,tensor(0.0932, grad_fn=<SqueezeBackward0>),tensor(1.1019, grad_fn=<AddBackward0>),2160,313.5980279445648,6,0.5,,20
double_cake,ccka,ccka_lr0_1_lr0_01_lr0_01_optgd_epochs100_epochs0_001_epochs0_001_clusters8__rep1,3,0.84375,tensor(0.0887, grad_fn=<SqueezeBackward0>),tensor(1.2105, grad_fn=<AddBackward0>),1280,289.11953377723694,8,0.5,,20
double_cake,ccka,ccka_lr0_1_lr0_01_lr0_01_optgd_epochs100_epochs0_001_epochs0_001_clusters6__rep1,9,0.90625,tensor(0.0944, grad_fn=<SqueezeBackward0>),tensor(1.1344, grad_fn=<AddBackward0>),2400,345.0490460395813,6,0.5,,20
double_cake,ccka,ccka_lr0_1_lr0_01_lr0_01_optgd_epochs100_epochs0_001_epochs0_001_clusters8__rep1,4,0.8125,tensor(0.0868, grad_fn=<SqueezeBackward0>),tensor(1.0079, grad_fn=<AddBackward0>),1600,347.65890192985535,8,0.5,,20
double_cake,ccka,ccka_lr0_1_lr0_01_lr0_01_optgd_epochs100_epochs0_001_epochs0_001_clusters8__rep1,5,0.8125,tensor(0.0890, grad_fn=<SqueezeBackward0>),tensor(1.2145, grad_fn=<AddBackward0>),1920,303.0121080875397,8,0.5,,20
double_cake,ccka,ccka_lr0_1_lr0_01_lr0_01_optgd_epochs100_epochs0_001_epochs0_001_clusters8__rep1,6,0.84375,tensor(0.0874, grad_fn=<SqueezeBackward0>),tensor(1.0040, grad_fn=<AddBackward0>),2240,358.5050559043884,8,0.5,,20
double_cake,ccka,ccka_lr0_1_lr0_01_lr0_01_optgd_epochs100_epochs0_001_epochs0_001_clusters10__rep1,0,0.84375,tensor(0.0910, grad_fn=<SqueezeBackward0>),tensor(1.0716, grad_fn=<AddBackward0>),400,422.4867990016937,10,0.5,,20
double_cake,ccka,ccka_lr0_1_lr0_01_lr0_01_optgd_epochs100_epochs0_001_epochs0_001_clusters8__rep1,7,0.8125,tensor(0.0895, grad_fn=<SqueezeBackward0>),tensor(1.2194, grad_fn=<AddBackward0>),2560,413.4739680290222,8,0.5,,20
double_cake,ccka,ccka_lr0_1_lr0_01_lr0_01_optgd_epochs100_epochs0_001_epochs0_001_clusters10__rep1,1,0.84375,tensor(0.0900, grad_fn=<SqueezeBackward0>),tensor(1.2494, grad_fn=<AddBackward0>),800,397.9620180130005,10,0.5,,20
double_cake,ccka,ccka_lr0_1_lr0_01_lr0_01_optgd_epochs100_epochs0_001_epochs0_001_clusters8__rep1,8,0.84375,tensor(0.0881, grad_fn=<SqueezeBackward0>),tensor(1.0031, grad_fn=<AddBackward0>),2880,346.0698301792145,8,0.5,,20
double_cake,ccka,ccka_lr0_1_lr0_01_lr0_01_optgd_epochs100_epochs0_001_epochs0_001_clusters10__rep1,2,0.84375,tensor(0.0925, grad_fn=<SqueezeBackward0>),tensor(1.0761, grad_fn=<AddBackward0>),1200,264.7482442855835,10,0.5,,20
double_cake,ccka,ccka_lr0_1_lr0_01_lr0_01_optgd_epochs100_epochs0_001_epochs0_001_clusters8__rep1,9,0.8125,tensor(0.0901, grad_fn=<SqueezeBackward0>),tensor(1.2245, grad_fn=<AddBackward0>),3200,257.14119029045105,8,0.5,,20
double_cake,ccka,ccka_lr0_1_lr0_01_lr0_01_optgd_epochs100_epochs0_001_epochs0_001_clusters10__rep1,3,0.84375,tensor(0.0917, grad_fn=<SqueezeBackward0>),tensor(1.2526, grad_fn=<AddBackward0>),1600,254.84725499153137,10,0.5,,20
double_cake,ccka,ccka_lr0_1_lr0_01_lr0_01_optgd_epochs100_epochs0_001_epochs0_001_clusters10__rep1,4,0.84375,tensor(0.0944, grad_fn=<SqueezeBackward0>),tensor(1.0780, grad_fn=<AddBackward0>),2000,262.41719913482666,10,0.5,,20
double_cake,ccka,ccka_lr0_1_lr0_01_lr0_01_optgd_epochs100_epochs0_001_epochs0_001_clusters10__rep1,5,0.84375,tensor(0.0939, grad_fn=<SqueezeBackward0>),tensor(1.2511, grad_fn=<AddBackward0>),2400,808.3666198253632,10,0.5,,20
double_cake,ccka,ccka_lr0_1_lr0_01_lr0_01_optgd_epochs100_epochs0_001_epochs0_001_clusters2__rep1,0,0.8611111111111112,tensor(0.1181, grad_fn=<SqueezeBackward0>),tensor(0.5954, grad_fn=<AddBackward0>),80,1667.9546399116516,2,0.5,,20
double_cake,ccka,ccka_lr0_1_lr0_01_lr0_01_optgd_epochs100_epochs0_001_epochs0_001_clusters10__rep1,6,0.84375,tensor(0.0967, grad_fn=<SqueezeBackward0>),tensor(1.0781, grad_fn=<AddBackward0>),2800,1910.9544169902802,10,0.5,,20
double_cake,ccka,ccka_lr0_1_lr0_01_lr0_01_optgd_epochs100_epochs0_001_epochs0_001_clusters2__rep1,1,0.8611111111111112,tensor(0.1067, grad_fn=<SqueezeBackward0>),tensor(0.5428, grad_fn=<AddBackward0>),160,1992.9561331272125,2,0.5,,20
double_cake,ccka,ccka_lr0_1_lr0_01_lr0_01_optgd_epochs100_epochs0_001_epochs0_001_clusters10__rep1,7,0.84375,tensor(0.0962, grad_fn=<SqueezeBackward0>),tensor(1.2456, grad_fn=<AddBackward0>),3200,1060.492136001587,10,0.5,,20
double_cake,ccka,ccka_lr0_1_lr0_01_lr0_01_optgd_epochs100_epochs0_001_epochs0_001_clusters10__rep1,8,0.84375,tensor(0.0992, grad_fn=<SqueezeBackward0>),tensor(1.0775, grad_fn=<AddBackward0>),3600,7685.396037101746,10,0.5,,20
double_cake,ccka,ccka_lr0_1_lr0_01_lr0_01_optgd_epochs100_epochs0_001_epochs0_001_clusters2__rep1,2,0.8611111111111112,tensor(0.1067, grad_fn=<SqueezeBackward0>),tensor(0.5923, grad_fn=<AddBackward0>),240,8974.856671094894,2,0.5,,20
double_cake,ccka,ccka_lr0_1_lr0_01_lr0_01_optgd_epochs100_epochs0_001_epochs0_001_clusters10__rep1,9,0.875,tensor(0.0986, grad_fn=<SqueezeBackward0>),tensor(1.2372, grad_fn=<AddBackward0>),4000,12255.736777067184,10,0.5,,20
double_cake,ccka,ccka_lr0_1_lr0_01_lr0_01_optgd_epochs100_epochs0_001_epochs0_001_clusters2__rep1,3,0.9166666666666666,tensor(0.1180, grad_fn=<SqueezeBackward0>),tensor(0.4974, grad_fn=<AddBackward0>),320,14971.72600030899,2,0.5,,20
double_cake,ccka,ccka_lr0_1_lr0_01_lr0_01_optgd_epochs100_epochs0_001_epochs0_001_clusters2__rep1,4,0.8611111111111112,tensor(0.1100, grad_fn=<SqueezeBackward0>),tensor(1.5723, grad_fn=<AddBackward0>),400,204.02903294563293,2,0.5,,20
double_cake,ccka,ccka_lr0_1_lr0_01_lr0_01_optgd_epochs100_epochs0_001_epochs0_001_clusters2__rep1,5,0.8611111111111112,tensor(0.1091, grad_fn=<SqueezeBackward0>),tensor(1.6541, grad_fn=<AddBackward0>),480,233.07303023338318,2,0.5,,20
double_cake,ccka,ccka_lr0_1_lr0_01_lr0_01_optgd_epochs100_epochs0_001_epochs0_001_clusters4__rep1,0,0.8611111111111112,tensor(0.1188, grad_fn=<SqueezeBackward0>),tensor(0.8151, grad_fn=<AddBackward0>),160,223.13916969299316,4,0.5,,20
double_cake,ccka,ccka_lr0_1_lr0_01_lr0_01_optgd_epochs100_epochs0_001_epochs0_001_clusters2__rep1,6,0.8611111111111112,tensor(0.1169, grad_fn=<SqueezeBackward0>),tensor(1.5834, grad_fn=<AddBackward0>),560,240.68725109100342,2,0.5,,20
double_cake,ccka,ccka_lr0_1_lr0_01_lr0_01_optgd_epochs100_epochs0_001_epochs0_001_clusters4__rep1,1,0.8333333333333334,tensor(0.1077, grad_fn=<SqueezeBackward0>),tensor(0.6374, grad_fn=<AddBackward0>),320,248.1942811012268,4,0.5,,20
double_cake,ccka,ccka_lr0_1_lr0_01_lr0_01_optgd_epochs100_epochs0_001_epochs0_001_clusters2__rep1,7,0.9166666666666666,tensor(0.1240, grad_fn=<SqueezeBackward0>),tensor(1.6700, grad_fn=<AddBackward0>),640,234.7962028980255,2,0.5,,20
double_cake,ccka,ccka_lr0_1_lr0_01_lr0_01_optgd_epochs100_epochs0_001_epochs0_001_clusters4__rep1,2,0.8611111111111112,tensor(0.1039, grad_fn=<SqueezeBackward0>),tensor(0.8954, grad_fn=<AddBackward0>),480,241.94095492362976,4,0.5,,20
double_cake,ccka,ccka_lr0_1_lr0_01_lr0_01_optgd_epochs100_epochs0_001_epochs0_001_clusters2__rep1,8,0.8611111111111112,tensor(0.1256, grad_fn=<SqueezeBackward0>),tensor(1.3808, grad_fn=<AddBackward0>),720,238.3686227798462,2,0.5,,20
double_cake,ccka,ccka_lr0_1_lr0_01_lr0_01_optgd_epochs100_epochs0_001_epochs0_001_clusters4__rep1,3,0.8333333333333334,tensor(0.1038, grad_fn=<SqueezeBackward0>),tensor(0.6477, grad_fn=<AddBackward0>),640,5204.638403177261,4,0.5,,20
double_cake,ccka,ccka_lr0_1_lr0_01_lr0_01_optgd_epochs100_epochs0_001_epochs0_001_clusters2__rep1,9,0.8888888888888888,tensor(0.1206, grad_fn=<SqueezeBackward0>),tensor(1.5535, grad_fn=<AddBackward0>),800,5185.617207765579,2,0.5,,20
double_cake,ccka,ccka_lr0_1_lr0_01_lr0_01_optgd_epochs100_epochs0_001_epochs0_001_clusters4__rep1,4,0.8611111111111112,tensor(0.1048, grad_fn=<SqueezeBackward0>),tensor(1.3665, grad_fn=<AddBackward0>),800,236.06866264343262,4,0.5,,20
double_cake,ccka,ccka_lr0_1_lr0_01_lr0_01_optgd_epochs100_epochs0_001_epochs0_001_clusters4__rep1,5,0.8333333333333334,tensor(0.1062, grad_fn=<SqueezeBackward0>),tensor(1.3475, grad_fn=<AddBackward0>),960,192.4412660598755,4,0.5,,20
double_cake,ccka,ccka_lr0_1_lr0_01_lr0_01_optgd_epochs100_epochs0_001_epochs0_001_clusters4__rep1,6,0.8333333333333334,tensor(0.1116, grad_fn=<SqueezeBackward0>),tensor(1.5691, grad_fn=<AddBackward0>),1120,198.3641459941864,4,0.5,,20
double_cake,ccka,ccka_lr0_1_lr0_01_lr0_01_optgd_epochs100_epochs0_001_epochs0_001_clusters6__rep1,0,0.8888888888888888,tensor(0.1130, grad_fn=<SqueezeBackward0>),tensor(0.9068, grad_fn=<AddBackward0>),240,191.23725199699402,6,0.5,,20
double_cake,ccka,ccka_lr0_1_lr0_01_lr0_01_optgd_epochs100_epochs0_001_epochs0_001_clusters4__rep1,7,0.8888888888888888,tensor(0.1170, grad_fn=<SqueezeBackward0>),tensor(1.4719, grad_fn=<AddBackward0>),1280,5897.707370996475,4,0.5,,20
double_cake,ccka,ccka_lr0_1_lr0_01_lr0_01_optgd_epochs100_epochs0_001_epochs0_001_clusters6__rep1,1,0.8611111111111112,tensor(0.1154, grad_fn=<SqueezeBackward0>),tensor(0.8136, grad_fn=<AddBackward0>),480,5907.51852107048,6,0.5,,20
double_cake,ccka,ccka_lr0_1_lr0_01_lr0_01_optgd_epochs100_epochs0_001_epochs0_001_clusters4__rep1,8,0.8888888888888888,tensor(0.1222, grad_fn=<SqueezeBackward0>),tensor(1.5265, grad_fn=<AddBackward0>),1440,216.76536202430725,4,0.5,,20
double_cake,ccka,ccka_lr0_1_lr0_01_lr0_01_optgd_epochs100_epochs0_001_epochs0_001_clusters6__rep1,2,0.8055555555555556,tensor(0.1065, grad_fn=<SqueezeBackward0>),tensor(0.7648, grad_fn=<AddBackward0>),720,214.3947150707245,6,0.5,,20
double_cake,ccka,ccka_lr0_1_lr0_01_lr0_01_optgd_epochs100_epochs0_001_epochs0_001_clusters4__rep1,9,0.8333333333333334,tensor(0.1235, grad_fn=<SqueezeBackward0>),tensor(1.4371, grad_fn=<AddBackward0>),1600,243.12076497077942,4,0.5,,20
double_cake,ccka,ccka_lr0_1_lr0_01_lr0_01_optgd_epochs100_epochs0_001_epochs0_001_clusters6__rep1,3,0.7777777777777778,tensor(0.1127, grad_fn=<SqueezeBackward0>),tensor(0.8496, grad_fn=<AddBackward0>),960,230.8735511302948,6,0.5,,20
double_cake,ccka,ccka_lr0_1_lr0_01_lr0_01_optgd_epochs100_epochs0_001_epochs0_001_clusters6__rep1,4,0.8611111111111112,tensor(0.1061, grad_fn=<SqueezeBackward0>),tensor(0.8154, grad_fn=<AddBackward0>),1200,204.79461979866028,6,0.5,,20
double_cake,ccka,ccka_lr0_1_lr0_01_lr0_01_optgd_epochs100_epochs0_001_epochs0_001_clusters6__rep1,5,0.8611111111111112,tensor(0.1187, grad_fn=<SqueezeBackward0>),tensor(1.1131, grad_fn=<AddBackward0>),1440,196.86398124694824,6,0.5,,20
double_cake,ccka,ccka_lr0_1_lr0_01_lr0_01_optgd_epochs100_epochs0_001_epochs0_001_clusters8__rep1,0,0.9166666666666666,tensor(0.1248, grad_fn=<SqueezeBackward0>),tensor(1.0263, grad_fn=<AddBackward0>),320,201.9330370426178,8,0.5,,20
double_cake,ccka,ccka_lr0_1_lr0_01_lr0_01_optgd_epochs100_epochs0_001_epochs0_001_clusters6__rep1,6,0.8333333333333334,tensor(0.1165, grad_fn=<SqueezeBackward0>),tensor(1.3016, grad_fn=<AddBackward0>),1680,215.96228623390198,6,0.5,,20
double_cake,ccka,ccka_lr0_1_lr0_01_lr0_01_optgd_epochs100_epochs0_001_epochs0_001_clusters8__rep1,1,0.8611111111111112,tensor(0.1224, grad_fn=<SqueezeBackward0>),tensor(0.9296, grad_fn=<AddBackward0>),640,215.9193091392517,8,0.5,,20
double_cake,ccka,ccka_lr0_1_lr0_01_lr0_01_optgd_epochs100_epochs0_001_epochs0_001_clusters6__rep1,7,0.8333333333333334,tensor(0.1243, grad_fn=<SqueezeBackward0>),tensor(1.0017, grad_fn=<AddBackward0>),1920,223.46602201461792,6,0.5,,20
double_cake,ccka,ccka_lr0_1_lr0_01_lr0_01_optgd_epochs100_epochs0_001_epochs0_001_clusters8__rep1,2,0.8611111111111112,tensor(0.1200, grad_fn=<SqueezeBackward0>),tensor(1.0206, grad_fn=<AddBackward0>),960,225.73316311836243,8,0.5,,20
double_cake,ccka,ccka_lr0_1_lr0_01_lr0_01_optgd_epochs100_epochs0_001_epochs0_001_clusters6__rep1,8,0.8611111111111112,tensor(0.1203, grad_fn=<SqueezeBackward0>),tensor(1.2717, grad_fn=<AddBackward0>),2160,233.10255694389343,6,0.5,,20
double_cake,ccka,ccka_lr0_1_lr0_01_lr0_01_optgd_epochs100_epochs0_001_epochs0_001_clusters8__rep1,3,0.8333333333333334,tensor(0.1174, grad_fn=<SqueezeBackward0>),tensor(0.9057, grad_fn=<AddBackward0>),1280,230.00982403755188,8,0.5,,20
double_cake,ccka,ccka_lr0_1_lr0_01_lr0_01_optgd_epochs100_epochs0_001_epochs0_001_clusters6__rep1,9,0.8611111111111112,tensor(0.1260, grad_fn=<SqueezeBackward0>),tensor(0.9199, grad_fn=<AddBackward0>),2400,226.66403770446777,6,0.5,,20
double_cake,ccka,ccka_lr0_1_lr0_01_lr0_01_optgd_epochs100_epochs0_001_epochs0_001_clusters8__rep1,4,0.8333333333333334,tensor(0.1149, grad_fn=<SqueezeBackward0>),tensor(1.0173, grad_fn=<AddBackward0>),1600,224.6919858455658,8,0.5,,20
double_cake,ccka,ccka_lr0_1_lr0_01_lr0_01_optgd_epochs100_epochs0_001_epochs0_001_clusters8__rep1,5,0.8333333333333334,tensor(0.1130, grad_fn=<SqueezeBackward0>),tensor(0.8889, grad_fn=<AddBackward0>),1920,205.39177918434143,8,0.5,,20
double_cake,ccka,ccka_lr0_1_lr0_01_lr0_01_optgd_epochs100_epochs0_001_epochs0_001_clusters8__rep1,6,0.8333333333333334,tensor(0.1095, grad_fn=<SqueezeBackward0>),tensor(1.0146, grad_fn=<AddBackward0>),2240,198.6141059398651,8,0.5,,20
double_cake,ccka,ccka_lr0_1_lr0_01_lr0_01_optgd_epochs100_epochs0_001_epochs0_001_clusters10__rep1,0,0.9166666666666666,tensor(0.1207, grad_fn=<SqueezeBackward0>),tensor(0.9903, grad_fn=<AddBackward0>),400,202.40815997123718,10,0.5,,20
double_cake,ccka,ccka_lr0_1_lr0_01_lr0_01_optgd_epochs100_epochs0_001_epochs0_001_clusters8__rep1,7,0.8055555555555556,tensor(0.1096, grad_fn=<SqueezeBackward0>),tensor(0.8788, grad_fn=<AddBackward0>),2560,216.56899523735046,8,0.5,,20
double_cake,ccka,ccka_lr0_1_lr0_01_lr0_01_optgd_epochs100_epochs0_001_epochs0_001_clusters10__rep1,1,0.8611111111111112,tensor(0.1193, grad_fn=<SqueezeBackward0>),tensor(0.8324, grad_fn=<AddBackward0>),800,229.3887710571289,10,0.5,,20
double_cake,ccka,ccka_lr0_1_lr0_01_lr0_01_optgd_epochs100_epochs0_001_epochs0_001_clusters8__rep1,8,0.8333333333333334,tensor(0.1045, grad_fn=<SqueezeBackward0>),tensor(1.0102, grad_fn=<AddBackward0>),2880,240.95410990715027,8,0.5,,20
double_cake,ccka,ccka_lr0_1_lr0_01_lr0_01_optgd_epochs100_epochs0_001_epochs0_001_clusters10__rep1,2,0.8611111111111112,tensor(0.1140, grad_fn=<SqueezeBackward0>),tensor(1.0508, grad_fn=<AddBackward0>),1200,235.1177818775177,10,0.5,,20
double_cake,ccka,ccka_lr0_1_lr0_01_lr0_01_optgd_epochs100_epochs0_001_epochs0_001_clusters8__rep1,9,0.8055555555555556,tensor(0.1084, grad_fn=<SqueezeBackward0>),tensor(0.8827, grad_fn=<AddBackward0>),3200,230.21840405464172,8,0.5,,20
double_cake,ccka,ccka_lr0_1_lr0_01_lr0_01_optgd_epochs100_epochs0_001_epochs0_001_clusters10__rep1,3,0.8611111111111112,tensor(0.1112, grad_fn=<SqueezeBackward0>),tensor(0.8390, grad_fn=<AddBackward0>),1600,212.4240083694458,10,0.5,,20
double_cake,ccka,ccka_lr0_1_lr0_01_lr0_01_optgd_epochs100_epochs0_001_epochs0_001_clusters10__rep1,4,0.8611111111111112,tensor(0.1086, grad_fn=<SqueezeBackward0>),tensor(1.1839, grad_fn=<AddBackward0>),2000,201.46958589553833,10,0.5,,20
double_cake,ccka,ccka_lr0_1_lr0_01_lr0_01_optgd_epochs100_epochs0_001_epochs0_001_clusters10__rep1,5,0.8333333333333334,tensor(0.1055, grad_fn=<SqueezeBackward0>),tensor(0.9091, grad_fn=<AddBackward0>),2400,168.71361923217773,10,0.5,,20
double_cake,ccka,ccka_lr0_1_lr0_01_lr0_01_optgd_epochs100_epochs0_001_epochs0_001_clusters10__rep1,6,0.8333333333333334,tensor(0.1052, grad_fn=<SqueezeBackward0>),tensor(1.2958, grad_fn=<AddBackward0>),2800,172.77121829986572,10,0.5,,20
double_cake,ccka,ccka_lr0_1_lr0_01_lr0_01_optgd_epochs100_epochs0_001_epochs0_001_clusters10__rep1,7,0.8333333333333334,tensor(0.1041, grad_fn=<SqueezeBackward0>),tensor(1.0667, grad_fn=<AddBackward0>),3200,165.10140109062195,10,0.5,,20
double_cake,ccka,ccka_lr0_1_lr0_01_lr0_01_optgd_epochs100_epochs0_001_epochs0_001_clusters10__rep1,8,0.8333333333333334,tensor(0.1058, grad_fn=<SqueezeBackward0>),tensor(1.3751, grad_fn=<AddBackward0>),3600,176.952054977417,10,0.5,,20
double_cake,ccka,ccka_lr0_1_lr0_01_lr0_01_optgd_epochs100_epochs0_001_epochs0_001_clusters10__rep1,9,0.8611111111111112,tensor(0.1124, grad_fn=<SqueezeBackward0>),tensor(1.1816, grad_fn=<AddBackward0>),4000,171.00261878967285,10,0.5,,20
