{"kfold_1": [{"num_layers": 5, "accuracy_train_init": 0.95, "accuracy_test_init": 0.6, "alignment_train_init": 0.17310471832752228, "accuracy_train_final": 0.925, "accuracy_test_final": 0.7, "alignment_train_epochs": [0.1647273749113083, 0.16990773379802704, 0.16236016154289246, 0.16608884930610657, 0.15387225151062012], "circuit_executions": 6000, "train_index": [0, 1, 2, 3, 4, 5, 6, 7, 8, 9, 10, 11, 12, 14, 15, 16, 18, 20, 21, 22, 23, 24, 27, 28, 29, 31, 33, 34, 35, 36, 37, 38, 40, 41, 42, 43, 44, 46, 47, 49], "test_index": [13, 17, 19, 25, 26, 30, 32, 39, 45, 48]}], "kfold_2": [{"num_layers": 5, "accuracy_train_init": 0.9, "accuracy_test_init": 0.8, "alignment_train_init": 0.11726044863462448, "accuracy_train_final": 0.875, "accuracy_test_final": 0.9, "alignment_train_epochs": [0.12236800044775009, 0.11778780817985535, 0.1249111220240593, 0.1317867934703827, 0.13722778856754303], "circuit_executions": 6000, "train_index": [0, 1, 2, 5, 7, 9, 10, 11, 13, 14, 16, 17, 18, 19, 20, 21, 22, 23, 24, 25, 26, 27, 28, 29, 30, 31, 32, 33, 34, 35, 36, 38, 39, 40, 42, 43, 44, 45, 48, 49], "test_index": [3, 4, 6, 8, 12, 15, 37, 41, 46, 47]}], "kfold_3": [{"num_layers": 5, "accuracy_train_init": 0.95, "accuracy_test_init": 0.4, "alignment_train_init": 0.1856921911239624, "accuracy_train_final": 0.925, "accuracy_test_final": 0.3, "alignment_train_epochs": [0.18403364717960358, 0.19724224507808685, 0.19784213602542877, 0.18591870367527008, 0.18491311371326447], "circuit_executions": 6000, "train_index": [1, 2, 3, 4, 6, 7, 8, 10, 11, 12, 13, 14, 15, 17, 18, 19, 20, 21, 22, 23, 25, 26, 28, 29, 30, 32, 35, 36, 37, 38, 39, 40, 41, 42, 43, 45, 46, 47, 48, 49], "test_index": [0, 5, 9, 16, 24, 27, 31, 33, 34, 44]}], "kfold_4": [{"num_layers": 5, "accuracy_train_init": 0.85, "accuracy_test_init": 0.7, "alignment_train_init": 0.1275472491979599, "accuracy_train_final": 0.875, "accuracy_test_final": 0.7, "alignment_train_epochs": [0.12611083686351776, 0.12594789266586304, 0.12578779458999634, 0.1278563290834427, 0.1502828299999237], "circuit_executions": 6000, "train_index": [0, 3, 4, 5, 6, 7, 8, 9, 10, 12, 13, 14, 15, 16, 17, 18, 19, 20, 22, 24, 25, 26, 27, 28, 30, 31, 32, 33, 34, 37, 38, 39, 41, 42, 44, 45, 46, 47, 48, 49], "test_index": [1, 2, 11, 21, 23, 29, 35, 36, 40, 43]}], "kfold_5": [{"num_layers": 5, "accuracy_train_init": 0.95, "accuracy_test_init": 0.5, "alignment_train_init": 0.14707185328006744, "accuracy_train_final": 0.875, "accuracy_test_final": 0.6, "alignment_train_epochs": [0.13999319076538086, 0.13820314407348633, 0.14732496440410614, 0.1487985998392105, 0.14606598019599915], "circuit_executions": 6000, "train_index": [0, 1, 2, 3, 4, 5, 6, 8, 9, 11, 12, 13, 15, 16, 17, 19, 21, 23, 24, 25, 26, 27, 29, 30, 31, 32, 33, 34, 35, 36, 37, 39, 40, 41, 43, 44, 45, 46, 47, 48], "test_index": [7, 10, 14, 18, 20, 22, 28, 38, 42, 49]}], "timestamp": 1739312691, "checkpoint_dir_name": null, "done": false, "training_iteration": 1, "trial_id": "9cfa1_00004", "date": "2025-02-11_23-24-51", "time_this_iter_s": 1345.6412000656128, "time_total_s": 1345.6412000656128, "pid": 405667, "hostname": "digvijay-system", "node_ip": "192.168.0.125", "config": {"name": "moons", "file": null, "n_samples": 50, "noise": 0.5, "num_sectors": 3, "points_per_sector": 15, "grid_size": 4, "sampling_radius": 0.1, "training_size": 0.5, "testing_size": 0.5, "validation_size": 0.0, "device": "lightning.qubit", "n_qubits": 5, "trainable": true, "input_scaling": true, "data_reuploading": true, "ansatz": "embedding_paper", "ansatz_layers": 5, "optimizer": "gd", "lr": 0.1, "mclr": 0.01, "cclr": 0.01, "epochs": 500, "train_method": "ccka", "target_accuracy": 0.95, "get_alignment_every": 100, "validate_every_epoch": 1, "base_path": "results/", "lambda_kao": 0.01, "lambda_co": 0.01, "clusters": 6, "ray_logging_path": "logs/checkerboard"}, "time_since_restore": 1345.6412000656128, "iterations_since_restore": 1}
