{"kfold_1": [{"num_layers": 5, "accuracy_train_init": 0.96875, "accuracy_test_init": 1.0, "alignment_train_init": 0.21812905371189117, "accuracy_train_final": 1.0, "accuracy_test_final": 0.875, "alignment_train_epochs": [0.21976064145565033, 0.23511262238025665, 0.2155749350786209, 0.22093482315540314, 0.22658400237560272], "circuit_executions": 6000, "train_index": [0, 1, 2, 3, 5, 6, 7, 8, 9, 10, 11, 13, 14, 17, 18, 20, 21, 22, 23, 24, 25, 28, 29, 30, 31, 32, 33, 34, 35, 36, 38, 39], "test_index": [4, 12, 15, 16, 19, 26, 27, 37]}], "kfold_2": [{"num_layers": 5, "accuracy_train_init": 1.0, "accuracy_test_init": 0.75, "alignment_train_init": 0.24110133945941925, "accuracy_train_final": 1.0, "accuracy_test_final": 0.75, "alignment_train_epochs": [0.23294824361801147, 0.22801265120506287, 0.230202317237854, 0.23832419514656067, 0.25402259826660156], "circuit_executions": 6000, "train_index": [0, 1, 2, 3, 4, 5, 7, 10, 11, 12, 14, 15, 16, 17, 18, 19, 20, 21, 22, 23, 24, 26, 27, 28, 29, 30, 32, 33, 35, 36, 37, 38], "test_index": [6, 8, 9, 13, 25, 31, 34, 39]}], "kfold_3": [{"num_layers": 5, "accuracy_train_init": 0.96875, "accuracy_test_init": 1.0, "alignment_train_init": 0.23346246778964996, "accuracy_train_final": 1.0, "accuracy_test_final": 0.75, "alignment_train_epochs": [0.22755421698093414, 0.23126648366451263, 0.23009058833122253, 0.24560371041297913, 0.26335543394088745], "circuit_executions": 6000, "train_index": [2, 3, 4, 6, 7, 8, 9, 10, 12, 13, 14, 15, 16, 18, 19, 20, 21, 22, 23, 25, 26, 27, 28, 30, 31, 32, 34, 35, 36, 37, 38, 39], "test_index": [0, 1, 5, 11, 17, 24, 29, 33]}], "kfold_4": [{"num_layers": 5, "accuracy_train_init": 0.96875, "accuracy_test_init": 0.625, "alignment_train_init": 0.24167072772979736, "accuracy_train_final": 1.0, "accuracy_test_final": 0.75, "alignment_train_epochs": [0.23702743649482727, 0.24087131023406982, 0.2330988049507141, 0.21857601404190063, 0.22371980547904968], "circuit_executions": 6000, "train_index": [0, 1, 4, 5, 6, 7, 8, 9, 10, 11, 12, 13, 14, 15, 16, 17, 18, 19, 20, 22, 24, 25, 26, 27, 28, 29, 31, 33, 34, 37, 38, 39], "test_index": [2, 3, 21, 23, 30, 32, 35, 36]}], "kfold_5": [{"num_layers": 5, "accuracy_train_init": 1.0, "accuracy_test_init": 0.875, "alignment_train_init": 0.23635558784008026, "accuracy_train_final": 1.0, "accuracy_test_final": 0.75, "alignment_train_epochs": [0.21370908617973328, 0.2237493246793747, 0.2226225584745407, 0.21740829944610596, 0.23344206809997559], "circuit_executions": 6000, "train_index": [0, 1, 2, 3, 4, 5, 6, 8, 9, 11, 12, 13, 15, 16, 17, 19, 21, 23, 24, 25, 26, 27, 29, 30, 31, 32, 33, 34, 35, 36, 37, 39], "test_index": [7, 10, 14, 18, 20, 22, 28, 38]}], "timestamp": 1739026674, "checkpoint_dir_name": null, "done": false, "training_iteration": 1, "trial_id": "4ee51_00005", "date": "2025-02-08_15-57-54", "time_this_iter_s": 1014.5637679100037, "time_total_s": 1014.5637679100037, "pid": 341848, "hostname": "digvijay-system", "node_ip": "192.168.0.125", "config": {"name": "double_cake", "file": null, "n_samples": 40, "noise": 0.5, "num_sectors": 2, "points_per_sector": 10, "grid_size": 4, "sampling_radius": 0.1, "training_size": 0.5, "testing_size": 0.5, "validation_size": 0.0, "device": "lightning.qubit", "n_qubits": 5, "trainable": true, "input_scaling": true, "data_reuploading": true, "ansatz": "he", "ansatz_layers": 5, "optimizer": "gd", "lr": 0.1, "mclr": 0.01, "cclr": 0.01, "epochs": 500, "train_method": "ccka", "target_accuracy": 0.95, "get_alignment_every": 100, "validate_every_epoch": 1, "base_path": "results/", "lambda_kao": 0.01, "lambda_co": 0.01, "clusters": 6, "ray_logging_path": "logs/checkerboard"}, "time_since_restore": 1014.5637679100037, "iterations_since_restore": 1}
