{"num_layers": 5, "accuracy_train_init": 0.8333333333333334, "accuracy_test_init": 0.6, "alignment_train_init": 0.13618053495883942, "accuracy_train_final": 0.9, "accuracy_test_final": 0.5333333333333333, "alignment_train_epochs": [0.13589951395988464, 0.13723312318325043, 0.1376354992389679, 0.13785377144813538, 0.13798272609710693, 0.13887032866477966, 0.13946159183979034, 0.1401592195034027, 0.14151856303215027, 0.14340512454509735, 0.14312830567359924, 0.14337266981601715, 0.1436299979686737, 0.14409513771533966, 0.1455114632844925, 0.14594636857509613, 0.1478111445903778, 0.14904877543449402, 0.15149156749248505, 0.1508333384990692, 0.15154843032360077, 0.15277500450611115, 0.15292002260684967, 0.15420618653297424, 0.15533608198165894, 0.15555794537067413, 0.1566869020462036, 0.15574610233306885, 0.15657590329647064, 0.15743765234947205, 0.15919993817806244, 0.15981552004814148, 0.1599917858839035, 0.1591668576002121, 0.15885835886001587, 0.1584441065788269, 0.15829482674598694, 0.15891528129577637, 0.1603601574897766, 0.16033871471881866, 0.16253507137298584, 0.16200880706310272, 0.16176484525203705, 0.16212797164916992, 0.16316238045692444, 0.16353793442249298, 0.1648910641670227, 0.16479666531085968, 0.1648365706205368, 0.1646362692117691, 0.16632607579231262, 0.16805481910705566, 0.16754625737667084, 0.1674651950597763, 0.16820324957370758, 0.17001943290233612, 0.16961154341697693, 0.1699770987033844, 0.17231492698192596, 0.1732931286096573, 0.17403997480869293, 0.1749197244644165, 0.17734678089618683, 0.1769816279411316, 0.17783254384994507, 0.17867782711982727, 0.17955008149147034, 0.1798306256532669, 0.17966316640377045, 0.180498406291008, 0.1802765429019928, 0.18085499107837677, 0.18138766288757324, 0.18189522624015808, 0.18261297047138214, 0.18288928270339966, 0.18443100154399872, 0.18593038618564606, 0.18656793236732483, 0.18770208954811096, 0.18811306357383728, 0.18868409097194672, 0.18856839835643768, 0.18955296277999878, 0.1901763379573822, 0.19072383642196655, 0.18932680785655975, 0.18959030508995056, 0.18959981203079224, 0.1901106834411621, 0.19050715863704681, 0.19159790873527527, 0.19164115190505981, 0.19161735475063324, 0.19176919758319855, 0.19166654348373413, 0.1914299875497818, 0.19082336127758026, 0.19143784046173096, 0.19181504845619202, 0.19323915243148804, 0.19404254853725433, 0.19376240670681, 0.1943250596523285, 0.1944446712732315, 0.19508899748325348, 0.19491387903690338, 0.1949511468410492, 0.19518257677555084, 0.19543154537677765, 0.19509203732013702, 0.1952590048313141, 0.195551335811615, 0.19615906476974487, 0.1961054801940918, 0.19661790132522583, 0.19733965396881104, 0.1975342482328415, 0.1970575451850891, 0.19677260518074036, 0.19638271629810333, 0.19585862755775452, 0.19662533700466156, 0.1969875991344452, 0.19786083698272705, 0.19846662878990173, 0.19847016036510468, 0.1988438069820404, 0.1990821361541748, 0.19954103231430054, 0.20011872053146362, 0.20017988979816437, 0.1999901533126831, 0.20008866488933563, 0.20052562654018402, 0.20194464921951294, 0.20280851423740387, 0.203021839261055, 0.20273436605930328, 0.2029200941324234, 0.20289738476276398, 0.20284879207611084, 0.20264305174350739, 0.20270557701587677, 0.20295070111751556, 0.20273444056510925, 0.20333817601203918, 0.20329582691192627, 0.2036214917898178, 0.20386576652526855, 0.20394574105739594, 0.20513787865638733, 0.20577506721019745, 0.20552964508533478, 0.2059316635131836, 0.20616307854652405, 0.20653611421585083, 0.2061806172132492, 0.20660336315631866, 0.2067585289478302, 0.2070986032485962, 0.20693928003311157, 0.20717398822307587, 0.20749816298484802, 0.20819170773029327, 0.20851223170757294, 0.20885507762432098, 0.2095094919204712, 0.20998287200927734, 0.21031174063682556, 0.21039457619190216, 0.21091246604919434, 0.21106339991092682, 0.21103613078594208, 0.2115422487258911, 0.21160751581192017, 0.21195785701274872, 0.21239487826824188, 0.21269631385803223, 0.21281404793262482, 0.21329821646213531, 0.2135329246520996, 0.21393805742263794, 0.21439118683338165, 0.21442359685897827, 0.21423111855983734, 0.21463516354560852, 0.2147567719221115, 0.21512024104595184, 0.21527284383773804, 0.21520528197288513, 0.21527698636054993, 0.21503348648548126, 0.21534885466098785, 0.21577611565589905, 0.21605975925922394, 0.21661794185638428, 0.21685780584812164, 0.21712219715118408, 0.21689200401306152, 0.21686986088752747, 0.21667185425758362, 0.2172384113073349, 0.21732476353645325, 0.21736708283424377, 0.21761566400527954, 0.2179999202489853, 0.2183798849582672, 0.21810680627822876, 0.21804894506931305, 0.21836857497692108, 0.21870869398117065, 0.21883368492126465, 0.2187633514404297, 0.2189972847700119, 0.21911434829235077, 0.21967926621437073, 0.2196630984544754, 0.21982577443122864, 0.22015604376792908, 0.22024621069431305, 0.2203676849603653, 0.22043165564537048, 0.22067703306674957, 0.2212217003107071, 0.22123827040195465, 0.2213759869337082, 0.22163277864456177, 0.22187338769435883, 0.2223554402589798, 0.22274459898471832, 0.22281302511692047, 0.22290988266468048, 0.22278179228305817, 0.22315450012683868, 0.22332780063152313, 0.22351975739002228, 0.22372157871723175, 0.22357450425624847, 0.22355051338672638, 0.22369682788848877, 0.22369229793548584, 0.22374176979064941, 0.22386211156845093, 0.22406691312789917, 0.22417134046554565, 0.22431807219982147, 0.22445499897003174, 0.2244558185338974, 0.22433751821517944, 0.22475366294384003, 0.22494648396968842, 0.2249450832605362, 0.22500698268413544, 0.22513583302497864, 0.22519975900650024, 0.22539874911308289, 0.2255333513021469, 0.2255391925573349, 0.22562430799007416, 0.22583337128162384, 0.22589926421642303, 0.22607387602329254, 0.22618839144706726, 0.22630882263183594, 0.22621265053749084, 0.22617971897125244, 0.22615329921245575, 0.22623324394226074, 0.22636228799819946, 0.22643588483333588, 0.2264411300420761, 0.22653108835220337, 0.22652550041675568, 0.2265932261943817, 0.22648128867149353, 0.22644291818141937, 0.22651992738246918, 0.22642990946769714, 0.2264823466539383, 0.22647927701473236, 0.22637349367141724, 0.2263852208852768, 0.22658151388168335, 0.2267405390739441, 0.2268354594707489, 0.22691141068935394, 0.22688505053520203, 0.22679227590560913, 0.22686348855495453, 0.2270667552947998, 0.2271232008934021, 0.22707341611385345, 0.22703178226947784, 0.22709843516349792, 0.22697950899600983, 0.22683873772621155, 0.22719350457191467, 0.2271917164325714, 0.22719994187355042, 0.22723303735256195, 0.22706563770771027, 0.22734563052654266, 0.2275136560201645, 0.22754617035388947, 0.22761891782283783, 0.2276567965745926, 0.2278437614440918, 0.22796021401882172, 0.22788460552692413, 0.2279585599899292, 0.2278587967157364, 0.22795705497264862, 0.22794798016548157, 0.22800886631011963, 0.2280198037624359, 0.22800426185131073, 0.22802793979644775, 0.22816556692123413, 0.2281835377216339, 0.22830069065093994, 0.2282392978668213, 0.22817286849021912, 0.2281455546617508, 0.22823315858840942, 0.22816342115402222, 0.22817404568195343, 0.2281256467103958, 0.22820855677127838, 0.2280183732509613, 0.22786878049373627, 0.22805576026439667, 0.22842754423618317, 0.22832542657852173, 0.22820225358009338, 0.22813297808170319, 0.22825297713279724, 0.2280813604593277, 0.22813667356967926, 0.22830742597579956, 0.22842295467853546, 0.22836776077747345, 0.22826209664344788, 0.2281121462583542, 0.2279129922389984, 0.2280227541923523, 0.22783896327018738, 0.22821664810180664, 0.2283170223236084, 0.22826983034610748, 0.22837412357330322, 0.2284521758556366, 0.2285146564245224, 0.22856880724430084, 0.22857026755809784, 0.22864297032356262, 0.2285444289445877, 0.22856874763965607, 0.22860178351402283, 0.22872783243656158, 0.22866138815879822, 0.22866983711719513, 0.22859494388103485, 0.2284161001443863, 0.22843512892723083, 0.22847861051559448, 0.228262260556221, 0.2284289002418518, 0.22836649417877197, 0.2281622737646103, 0.22821466624736786, 0.22828419506549835, 0.22820132970809937, 0.22835928201675415, 