{"num_layers": 5, "accuracy_train_init": 0.8333333333333334, "accuracy_test_init": 0.6, "alignment_train_init": 0.13618053495883942, "accuracy_train_final": 0.9, "accuracy_test_final": 0.5333333333333333, "alignment_train_epochs": [0.13644030690193176, 0.1370445340871811, 0.13698337972164154, 0.13722458481788635, 0.13836118578910828, 0.13914412260055542, 0.14023110270500183, 0.1412726193666458, 0.14236584305763245, 0.14385806024074554, 0.14380913972854614, 0.14441914856433868, 0.1450704038143158, 0.14506959915161133, 0.14574876427650452, 0.14625120162963867, 0.14737781882286072, 0.14930546283721924, 0.1512812227010727, 0.15049298107624054, 0.1500643640756607, 0.15059062838554382, 0.15116387605667114, 0.15215137600898743, 0.1536385715007782, 0.15480640530586243, 0.1558733880519867, 0.15575997531414032, 0.15660424530506134, 0.15804484486579895, 0.15893593430519104, 0.16058538854122162, 0.16072385013103485, 0.16014470160007477, 0.15975427627563477, 0.15966953337192535, 0.1601133793592453, 0.16084471344947815, 0.16210369765758514, 0.16237661242485046, 0.16466522216796875, 0.16460740566253662, 0.1650286763906479, 0.16540658473968506, 0.16736666858196259, 0.16800734400749207, 0.1685129851102829, 0.1688717156648636, 0.16913221776485443, 0.16960442066192627, 0.1716102808713913, 0.173356294631958, 0.17321866750717163, 0.1733197420835495, 0.17399463057518005, 0.17516112327575684, 0.17483419179916382, 0.1754968911409378, 0.17737647891044617, 0.17789942026138306, 0.17942661046981812, 0.1801145374774933, 0.18184906244277954, 0.1822921633720398, 0.1830798238515854, 0.18421341478824615, 0.18486648797988892, 0.1854630708694458, 0.18542605638504028, 0.1868649125099182, 0.1866440623998642, 0.18748930096626282, 0.1880623996257782, 0.18865829706192017, 0.1895759254693985, 0.18990065157413483, 0.19183236360549927, 0.19269132614135742, 0.19303354620933533, 0.19394786655902863, 0.1945303976535797, 0.19479505717754364, 0.19490420818328857, 0.19554215669631958, 0.1960764080286026, 0.19661663472652435, 0.19628730416297913, 0.19652000069618225, 0.19629567861557007, 0.19695225358009338, 0.1972259283065796, 0.1982448548078537, 0.19837461411952972, 0.19833587110042572, 0.19839540123939514, 0.19831618666648865, 0.19781766831874847, 0.19719859957695007, 0.19782763719558716, 0.19834209978580475, 0.1993081271648407, 0.19977983832359314, 0.19965793192386627, 0.20070026814937592, 0.20068182051181793, 0.20106564462184906, 0.20114204287528992, 0.20107205212116241, 0.2012384533882141, 0.20164135098457336, 0.20164470374584198, 0.20182132720947266, 0.20191824436187744, 0.2022157460451126, 0.2026791274547577, 0.20300158858299255, 0.2032383382320404, 0.20356711745262146, 0.20319613814353943, 0.2028196007013321, 0.20299968123435974, 0.2028265744447708, 0.20365160703659058, 0.20381082594394684, 0.204702690243721, 0.20507827401161194, 0.20506665110588074, 0.20532667636871338, 0.20540769398212433, 0.2056477814912796, 0.20599046349525452, 0.20604591071605682, 0.2060573846101761, 0.20634454488754272, 0.20656749606132507, 0.20721931755542755, 0.20751187205314636, 0.20795997977256775, 0.20818296074867249, 0.2085912674665451, 0.20872381329536438, 0.20873846113681793, 0.20866933465003967, 0.208576500415802, 0.20880426466464996, 0.2087867110967636, 0.2088090032339096, 0.20891110599040985, 0.20901554822921753, 0.20942805707454681, 0.2093687355518341, 0.2104717195034027, 0.21091021597385406, 0.2109314501285553, 0.21127665042877197, 0.21136704087257385, 0.21174688637256622, 0.2116934210062027, 0.21190430223941803, 0.21193288266658783, 0.2121281921863556, 0.21223017573356628, 0.2126391977071762, 0.21291817724704742, 0.21350736916065216, 0.21401645243167877, 0.21436576545238495, 0.21486437320709229, 0.21506202220916748, 0.215325266122818, 0.2153644561767578, 0.21548622846603394, 0.21550241112709045, 0.21550977230072021, 0.21562424302101135, 0.21582546830177307, 0.2161596715450287, 0.2164694219827652, 0.21660013496875763, 0.21660920977592468, 0.216986283659935, 0.21720847487449646, 0.21754080057144165, 0.21782155334949493, 0.2181357890367508, 0.21803715825080872, 0.21822284162044525, 0.21832524240016937, 0.21867749094963074, 0.2187584638595581, 0.21906881034374237, 0.21909773349761963, 0.21907132863998413, 0.21930497884750366, 0.21959181129932404, 0.21995706856250763, 0.2204303741455078, 0.2206370085477829, 0.22083547711372375, 0.22063671052455902, 0.22078102827072144, 0.22083112597465515, 0.2212110161781311, 0.22133244574069977, 0.22145013511180878, 0.22154492139816284, 0.22176550328731537, 0.22200773656368256, 0.2219436913728714, 0.2219894677400589, 0.22208048403263092, 0.22248369455337524, 0.2225881665945053, 0.22261759638786316, 0.22264736890792847, 0.2225242555141449, 0.222845658659935, 0.22282204031944275, 0.2229526937007904, 0.22304311394691467, 0.22314925491809845, 0.22322475910186768, 0.2233385294675827, 0.22357216477394104, 0.22389845550060272, 0.22393248975276947, 0.22411435842514038, 0.2242552489042282, 0.22427718341350555, 0.22479815781116486, 0.22505486011505127, 0.2250702828168869, 0.22512094676494598, 0.22501739859580994, 0.22518326342105865, 0.2252577394247055, 0.22539372742176056, 0.2255561500787735, 0.22558212280273438, 0.22555705904960632, 0.22567597031593323, 0.22551342844963074, 0.225559264421463, 0.22564823925495148, 0.22585788369178772, 0.2260027378797531, 0.22607049345970154, 0.22614127397537231, 0.22612278163433075, 0.2261490374803543, 0.22638769447803497, 0.22655923664569855, 0.226572647690773, 0.2266252338886261, 0.2268351912498474, 0.2268667072057724, 0.22699834406375885, 0.22702811658382416, 0.22712235152721405, 0.22701017558574677, 0.22719718515872955, 0.22719931602478027, 0.22735312581062317, 0.22744406759738922, 0.22750356793403625, 0.22752948105335236, 0.22754445672035217, 0.2275640070438385, 0.22775496542453766, 0.22782757878303528, 0.2278812974691391, 0.22791767120361328, 0.22799822688102722, 0.22803643345832825, 0.22814443707466125, 0.22815319895744324, 0.22820088267326355, 0.22828839719295502, 0.22831350564956665, 0.22823821008205414, 0.22818052768707275, 0.22811169922351837, 0.2280426025390625, 0.22801122069358826, 0.22809773683547974, 0.22826722264289856, 0.22833889722824097, 0.2283744215965271, 0.22838832437992096, 0.22842267155647278, 0.22848649322986603, 0.22858034074306488, 0.2284916192293167, 0.22849270701408386, 0.22856159508228302, 0.22838380932807922, 0.22828178107738495, 0.22836428880691528, 0.22839875519275665, 0.2283642292022705, 0.2283475399017334, 0.22829759120941162, 0.22842034697532654, 0.22855788469314575, 0.22867126762866974, 0.2286989688873291, 0.2287442833185196, 0.22889256477355957, 0.2290240079164505, 0.22882647812366486, 0.22890536487102509, 0.22892442345619202, 0.2290208339691162, 0.2289508879184723, 0.2290167212486267, 0.22918294370174408, 0.22926783561706543, 0.2293037325143814, 0.2293999344110489, 0.22936305403709412, 0.22942979633808136, 0.22933627665042877, 0.22935570776462555, 0.22944925725460052, 0.22946852445602417, 0.22947058081626892, 0.22934357821941376, 0.22934065759181976, 0.22943024337291718, 0.22935815155506134, 0.229445219039917, 0.22951266169548035, 0.22967514395713806, 0.22956733405590057, 0.22945277392864227, 0.22935742139816284, 0.22931551933288574, 0.22926276922225952, 0.22934597730636597, 0.22945991158485413, 0.2295982539653778, 0.22959990799427032, 0.22965577244758606, 0.22960473597049713, 0.22948433458805084, 0.22948208451271057, 0.2295173853635788, 0.22959177196025848, 0.22966235876083374, 0.22967322170734406, 0.22966550290584564, 0.22977681457996368, 0.229851633310318, 0.23001764714717865, 0.230116069316864, 0.23010936379432678, 0.2301599532365799, 0.23029311001300812, 0.23032903671264648, 0.2304079234600067, 0.23027360439300537, 0.23023360967636108, 0.23008385300636292, 0.2299402952194214, 0.22995708882808685, 0.2299962043762207, 0.22981441020965576, 0.22998125851154327, 0.23002691566944122, 0.22994458675384521, 0.23002265393733978, 0.2300724983215332, 0.2301337569952011, 0.23018567264080048, 0.2301761955022812, 