{"kfold_1": [{"num_layers": 5, "accuracy_train_init": 0.975, "accuracy_test_init": 0.6, "alignment_train_init": 0.16388651728630066, "accuracy_train_final": 0.925, "accuracy_test_final": 0.7, "alignment_train_epochs": [0.14860250055789948, 0.15459686517715454, 0.1571776568889618, 0.16674506664276123, 0.1720198094844818], "circuit_executions": 2000, "train_index": [0, 1, 2, 3, 4, 5, 6, 7, 8, 9, 10, 11, 12, 14, 15, 16, 18, 20, 21, 22, 23, 24, 27, 28, 29, 31, 33, 34, 35, 36, 37, 38, 40, 41, 42, 43, 44, 46, 47, 49], "test_index": [13, 17, 19, 25, 26, 30, 32, 39, 45, 48]}], "kfold_2": [{"num_layers": 5, "accuracy_train_init": 0.85, "accuracy_test_init": 0.9, "alignment_train_init": 0.11926664412021637, "accuracy_train_final": 0.85, "accuracy_test_final": 0.8, "alignment_train_epochs": [0.13006681203842163, 0.11770375818014145, 0.11013186722993851, 0.1187439039349556, 0.1290004402399063], "circuit_executions": 2000, "train_index": [0, 1, 2, 5, 7, 9, 10, 11, 13, 14, 16, 17, 18, 19, 20, 21, 22, 23, 24, 25, 26, 27, 28, 29, 30, 31, 32, 33, 34, 35, 36, 38, 39, 40, 42, 43, 44, 45, 48, 49], "test_index": [3, 4, 6, 8, 12, 15, 37, 41, 46, 47]}], "kfold_3": [{"num_layers": 5, "accuracy_train_init": 0.975, "accuracy_test_init": 0.2, "alignment_train_init": 0.18649926781654358, "accuracy_train_final": 0.925, "accuracy_test_final": 0.3, "alignment_train_epochs": [0.19625712931156158, 0.20742791891098022, 0.17588864266872406, 0.17304162681102753, 0.17445671558380127], "circuit_executions": 2000, "train_index": [1, 2, 3, 4, 6, 7, 8, 10, 11, 12, 13, 14, 15, 17, 18, 19, 20, 21, 22, 23, 25, 26, 28, 29, 30, 32, 35, 36, 37, 38, 39, 40, 41, 42, 43, 45, 46, 47, 48, 49], "test_index": [0, 5, 9, 16, 24, 27, 31, 33, 34, 44]}], "kfold_4": [{"num_layers": 5, "accuracy_train_init": 0.875, "accuracy_test_init": 0.8, "alignment_train_init": 0.12234538793563843, "accuracy_train_final": 0.85, "accuracy_test_final": 0.7, "alignment_train_epochs": [0.12068409472703934, 0.12180628627538681, 0.13404908776283264, 0.13157905638217926, 0.13408181071281433], "circuit_executions": 2000, "train_index": [0, 3, 4, 5, 6, 7, 8, 9, 10, 12, 13, 14, 15, 16, 17, 18, 19, 20, 22, 24, 25, 26, 27, 28, 30, 31, 32, 33, 34, 37, 38, 39, 41, 42, 44, 45, 46, 47, 48, 49], "test_index": [1, 2, 11, 21, 23, 29, 35, 36, 40, 43]}], "kfold_5": [{"num_layers": 5, "accuracy_train_init": 0.9, "accuracy_test_init": 0.7, "alignment_train_init": 0.1341996043920517, "accuracy_train_final": 0.875, "accuracy_test_final": 0.8, "alignment_train_epochs": [0.11286192387342453, 0.11018931865692139, 0.12005621194839478, 0.1148366779088974, 0.11428423970937729], "circuit_executions": 2000, "train_index": [0, 1, 2, 3, 4, 5, 6, 8, 9, 11, 12, 13, 15, 16, 17, 19, 21, 23, 24, 25, 26, 27, 29, 30, 31, 32, 33, 34, 35, 36, 37, 39, 40, 41, 43, 44, 45, 46, 47, 48], "test_index": [7, 10, 14, 18, 20, 22, 28, 38, 42, 49]}], "timestamp": 1739310278, "checkpoint_dir_name": null, "done": false, "training_iteration": 1, "trial_id": "9cfa1_00001", "date": "2025-02-11_22-44-38", "time_this_iter_s": 762.0245306491852, "time_total_s": 762.0245306491852, "pid": 404914, "hostname": "digvijay-system", "node_ip": "192.168.0.125", "config": {"name": "moons", "file": null, "n_samples": 50, "noise": 0.5, "num_sectors": 3, "points_per_sector": 15, "grid_size": 4, "sampling_radius": 0.1, "training_size": 0.5, "testing_size": 0.5, "validation_size": 0.0, "device": "lightning.qubit", "n_qubits": 5, "trainable": true, "input_scaling": true, "data_reuploading": true, "ansatz": "he", "ansatz_layers": 5, "optimizer": "gd", "lr": 0.1, "mclr": 0.01, "cclr": 0.01, "epochs": 500, "train_method": "ccka", "target_accuracy": 0.95, "get_alignment_every": 100, "validate_every_epoch": 1, "base_path": "results/", "lambda_kao": 0.01, "lambda_co": 0.01, "clusters": 2, "ray_logging_path": "logs/checkerboard"}, "time_since_restore": 762.0245306491852, "iterations_since_restore": 1}
