{"kfold_1": [{"num_layers": 5, "accuracy_train_init": 1.0, "accuracy_test_init": 1.0, "alignment_train_init": 0.20132379233837128, "accuracy_train_final": 1.0, "accuracy_test_final": 0.875, "alignment_train_epochs": [0.22555245459079742, 0.20655372738838196, 0.1938207596540451, 0.1795905977487564, 0.17694251239299774], "circuit_executions": 10000, "train_index": [0, 1, 2, 3, 5, 6, 7, 8, 9, 10, 11, 13, 14, 17, 18, 20, 21, 22, 23, 24, 25, 28, 29, 30, 31, 32, 33, 34, 35, 36, 38, 39], "test_index": [4, 12, 15, 16, 19, 26, 27, 37]}], "kfold_2": [{"num_layers": 5, "accuracy_train_init": 1.0, "accuracy_test_init": 0.75, "alignment_train_init": 0.24666081368923187, "accuracy_train_final": 1.0, "accuracy_test_final": 0.625, "alignment_train_epochs": [0.25026944279670715, 0.2708439230918884, 0.27733314037323, 0.23737424612045288, 0.2152201235294342], "circuit_executions": 10000, "train_index": [0, 1, 2, 3, 4, 5, 7, 10, 11, 12, 14, 15, 16, 17, 18, 19, 20, 21, 22, 23, 24, 26, 27, 28, 29, 30, 32, 33, 35, 36, 37, 38], "test_index": [6, 8, 9, 13, 25, 31, 34, 39]}], "kfold_3": [{"num_layers": 5, "accuracy_train_init": 0.96875, "accuracy_test_init": 1.0, "alignment_train_init": 0.22911827266216278, "accuracy_train_final": 1.0, "accuracy_test_final": 0.5, "alignment_train_epochs": [0.24329747259616852, 0.24375824630260468, 0.22665075957775116, 0.2129863053560257, 0.21607065200805664], "circuit_executions": 10000, "train_index": [2, 3, 4, 6, 7, 8, 9, 10, 12, 13, 14, 15, 16, 18, 19, 20, 21, 22, 23, 25, 26, 27, 28, 30, 31, 32, 34, 35, 36, 37, 38, 39], "test_index": [0, 1, 5, 11, 17, 24, 29, 33]}], "kfold_4": [{"num_layers": 5, "accuracy_train_init": 0.96875, "accuracy_test_init": 0.75, "alignment_train_init": 0.2276451587677002, "accuracy_train_final": 1.0, "accuracy_test_final": 0.625, "alignment_train_epochs": [0.24368983507156372, 0.2383396327495575, 0.23287507891654968, 0.21506929397583008, 0.1997685581445694], "circuit_executions": 10000, "train_index": [0, 1, 4, 5, 6, 7, 8, 9, 10, 11, 12, 13, 14, 15, 16, 17, 18, 19, 20, 22, 24, 25, 26, 27, 28, 29, 31, 33, 34, 37, 38, 39], "test_index": [2, 3, 21, 23, 30, 32, 35, 36]}], "kfold_5": [{"num_layers": 5, "accuracy_train_init": 1.0, "accuracy_test_init": 0.75, "alignment_train_init": 0.2336280792951584, "accuracy_train_final": 1.0, "accuracy_test_final": 0.625, "alignment_train_epochs": [0.2342723309993744, 0.2070201188325882, 0.20512451231479645, 0.1993289738893509, 0.19150005280971527], "circuit_executions": 10000, "train_index": [0, 1, 2, 3, 4, 5, 6, 8, 9, 11, 12, 13, 15, 16, 17, 19, 21, 23, 24, 25, 26, 27, 29, 30, 31, 32, 33, 34, 35, 36, 37, 39], "test_index": [7, 10, 14, 18, 20, 22, 28, 38]}], "timestamp": 1739029606, "checkpoint_dir_name": null, "done": false, "training_iteration": 1, "trial_id": "4ee51_00008", "date": "2025-02-08_16-46-46", "time_this_iter_s": 1621.4185724258423, "time_total_s": 1621.4185724258423, "pid": 342511, "hostname": "digvijay-system", "node_ip": "192.168.0.125", "config": {"name": "double_cake", "file": null, "n_samples": 40, "noise": 0.5, "num_sectors": 2, "points_per_sector": 10, "grid_size": 4, "sampling_radius": 0.1, "training_size": 0.5, "testing_size": 0.5, "validation_size": 0.0, "device": "lightning.qubit", "n_qubits": 5, "trainable": true, "input_scaling": true, "data_reuploading": true, "ansatz": "embedding_paper", "ansatz_layers": 5, "optimizer": "gd", "lr": 0.1, "mclr": 0.01, "cclr": 0.01, "epochs": 500, "train_method": "ccka", "target_accuracy": 0.95, "get_alignment_every": 100, "validate_every_epoch": 1, "base_path": "results/", "lambda_kao": 0.01, "lambda_co": 0.01, "clusters": 10, "ray_logging_path": "logs/checkerboard"}, "time_since_restore": 1621.4185724258423, "iterations_since_restore": 1}
