{"kfold_1": [{"num_layers": 5, "accuracy_train_init": 0.9583333333333334, "accuracy_test_init": 1.0, "alignment_train_init": 0.1455998718738556, "accuracy_train_final": 1.0, "accuracy_test_final": 1.0, "alignment_train_epochs": [0.23380357027053833, 0.22191932797431946, 0.2206367403268814, 0.2392139434814453, 0.23326970636844635], "circuit_executions": 6000, "train_index": [1, 2, 3, 4, 6, 7, 8, 9, 10, 11, 14, 15, 16, 17, 18, 19, 20, 21, 22, 23, 24, 25, 26, 27, 28, 29, 30, 31, 32, 34, 35, 37, 38, 39, 40, 41, 42, 43, 44, 47, 49, 51, 52, 53, 55, 56, 58, 59], "test_index": [0, 5, 12, 13, 33, 36, 45, 46, 48, 50, 54, 57]}], "kfold_2": [{"num_layers": 5, "accuracy_train_init": 0.9791666666666666, "accuracy_test_init": 0.5833333333333334, "alignment_train_init": 0.1820586621761322, "accuracy_train_final": 1.0, "accuracy_test_final": 1.0, "alignment_train_epochs": [0.2564202547073364, 0.26474517583847046, 0.2427988499403, 0.2358807921409607, 0.24166645109653473], "circuit_executions": 6000, "train_index": [0, 1, 2, 5, 7, 9, 10, 11, 12, 13, 14, 15, 16, 18, 20, 21, 22, 23, 24, 25, 26, 27, 28, 29, 30, 32, 33, 35, 36, 37, 38, 39, 41, 42, 44, 45, 46, 47, 48, 49, 50, 51, 53, 54, 55, 56, 57, 59], "test_index": [3, 4, 6, 8, 17, 19, 31, 34, 40, 43, 52, 58]}], "kfold_3": [{"num_layers": 5, "accuracy_train_init": 0.9375, "accuracy_test_init": 0.75, "alignment_train_init": 0.1793367713689804, "accuracy_train_final": 0.75, "accuracy_test_final": 0.5833333333333334, "alignment_train_epochs": [0.21689820289611816, 0.13338015973567963, 0.07981102168560028, 0.07554803043603897, 0.07263956218957901], "circuit_executions": 6000, "train_index": [0, 1, 2, 3, 4, 5, 6, 7, 8, 10, 12, 13, 14, 17, 18, 19, 20, 21, 22, 23, 28, 29, 31, 33, 34, 35, 36, 37, 38, 39, 40, 41, 42, 43, 44, 45, 46, 47, 48, 49, 50, 51, 52, 53, 54, 57, 58, 59], "test_index": [9, 11, 15, 16, 24, 25, 26, 27, 30, 32, 55, 56]}], "kfold_4": [{"num_layers": 5, "accuracy_train_init": 0.9583333333333334, "accuracy_test_init": 0.6666666666666666, "alignment_train_init": 0.17079757153987885, "accuracy_train_final": 1.0, "accuracy_test_final": 1.0, "alignment_train_epochs": [0.22518983483314514, 0.23784667253494263, 0.22347070276737213, 0.21537350118160248, 0.22162002325057983], "circuit_executions": 6000, "train_index": [0, 3, 4, 5, 6, 7, 8, 9, 10, 11, 12, 13, 14, 15, 16, 17, 18, 19, 20, 22, 24, 25, 26, 27, 28, 30, 31, 32, 33, 34, 36, 38, 40, 42, 43, 45, 46, 48, 49, 50, 51, 52, 54, 55, 56, 57, 58, 59], "test_index": [1, 2, 21, 23, 29, 35, 37, 39, 41, 44, 47, 53]}], "kfold_5": [{"num_layers": 5, "accuracy_train_init": 0.9791666666666666, "accuracy_test_init": 0.8333333333333334, "alignment_train_init": 0.16544848680496216, "accuracy_train_final": 1.0, "accuracy_test_final": 1.0, "alignment_train_epochs": [0.23834115266799927, 0.21977514028549194, 0.21954262256622314, 0.20738105475902557, 0.16705821454524994], "circuit_executions": 6000, "train_index": [0, 1, 2, 3, 4, 5, 6, 8, 9, 11, 12, 13, 15, 16, 17, 19, 21, 23, 24, 25, 26, 27, 29, 30, 31, 32, 33, 34, 35, 36, 37, 39, 40, 41, 43, 44, 45, 46, 47, 48, 50, 52, 53, 54, 55, 56, 57, 58], "test_index": [7, 10, 14, 18, 20, 22, 28, 38, 42, 49, 51, 59]}], "timestamp": 1738749404, "checkpoint_dir_name": null, "done": false, "training_iteration": 1, "trial_id": "bafad_00005", "date": "2025-02-05_10-56-44", "time_this_iter_s": 1421.975760936737, "time_total_s": 1421.975760936737, "pid": 211960, "hostname": "digvijay-system", "node_ip": "192.168.0.125", "config": {"name": "checkerboard", "file": "/home/digvijay/Developer/greedy_kernel_alignment/data/checkerboard_dataset.npy", "n_samples": 200, "noise": 0.5, "num_sectors": 3, "points_per_sector": 15, "grid_size": 4, "sampling_radius": 0.1, "training_size": 0.5, "testing_size": 0.5, "validation_size": 0.0, "device": "lightning.qubit", "n_qubits": 5, "trainable": true, "input_scaling": true, "data_reuploading": true, "ansatz": "he", "ansatz_layers": 5, "optimizer": "gd", "lr": 0.1, "mclr": 0.01, "cclr": 0.01, "epochs": 500, "train_method": "ccka", "target_accuracy": 0.95, "get_alignment_every": 100, "validate_every_epoch": 1, "base_path": "results/", "lambda_kao": 0.01, "lambda_co": 0.01, "clusters": 6, "ray_logging_path": "logs/checkerboard"}, "time_since_restore": 1421.975760936737, "iterations_since_restore": 1}
