{"kfold_1": [{"num_layers": 5, "accuracy_train_init": 0.9583333333333334, "accuracy_test_init": 1.0, "alignment_train_init": 0.17349262535572052, "accuracy_train_final": 1.0, "accuracy_test_final": 1.0, "alignment_train_epochs": [0.2184181660413742, 0.22355321049690247, 0.18911774456501007, 0.17410291731357574, 0.1545860767364502], "circuit_executions": 8000, "train_index": [1, 2, 3, 4, 6, 7, 8, 9, 10, 11, 14, 15, 16, 17, 18, 19, 20, 21, 22, 23, 24, 25, 26, 27, 28, 29, 30, 31, 32, 34, 35, 37, 38, 39, 40, 41, 42, 43, 44, 47, 49, 51, 52, 53, 55, 56, 58, 59], "test_index": [0, 5, 12, 13, 33, 36, 45, 46, 48, 50, 54, 57]}], "kfold_2": [{"num_layers": 5, "accuracy_train_init": 0.9791666666666666, "accuracy_test_init": 0.75, "alignment_train_init": 0.17908430099487305, "accuracy_train_final": 1.0, "accuracy_test_final": 1.0, "alignment_train_epochs": [0.22048541903495789, 0.24037067592144012, 0.2426561862230301, 0.22283877432346344, 0.2173292189836502], "circuit_executions": 8000, "train_index": [0, 1, 2, 5, 7, 9, 10, 11, 12, 13, 14, 15, 16, 18, 20, 21, 22, 23, 24, 25, 26, 27, 28, 29, 30, 32, 33, 35, 36, 37, 38, 39, 41, 42, 44, 45, 46, 47, 48, 49, 50, 51, 53, 54, 55, 56, 57, 59], "test_index": [3, 4, 6, 8, 17, 19, 31, 34, 40, 43, 52, 58]}], "kfold_3": [{"num_layers": 5, "accuracy_train_init": 0.9375, "accuracy_test_init": 0.9166666666666666, "alignment_train_init": 0.17807066440582275, "accuracy_train_final": 1.0, "accuracy_test_final": 0.9166666666666666, "alignment_train_epochs": [0.2522474527359009, 0.20148642361164093, 0.20484332740306854, 0.1842551827430725, 0.1570332944393158], "circuit_executions": 8000, "train_index": [0, 1, 2, 3, 4, 5, 6, 7, 8, 10, 12, 13, 14, 17, 18, 19, 20, 21, 22, 23, 28, 29, 31, 33, 34, 35, 36, 37, 38, 39, 40, 41, 42, 43, 44, 45, 46, 47, 48, 49, 50, 51, 52, 53, 54, 57, 58, 59], "test_index": [9, 11, 15, 16, 24, 25, 26, 27, 30, 32, 55, 56]}], "kfold_4": [{"num_layers": 5, "accuracy_train_init": 0.9375, "accuracy_test_init": 0.6666666666666666, "alignment_train_init": 0.1878042221069336, "accuracy_train_final": 1.0, "accuracy_test_final": 1.0, "alignment_train_epochs": [0.2036091387271881, 0.19474074244499207, 0.19669190049171448, 0.17355892062187195, 0.15692885220050812], "circuit_executions": 8000, "train_index": [0, 3, 4, 5, 6, 7, 8, 9, 10, 11, 12, 13, 14, 15, 16, 17, 18, 19, 20, 22, 24, 25, 26, 27, 28, 30, 31, 32, 33, 34, 36, 38, 40, 42, 43, 45, 46, 48, 49, 50, 51, 52, 54, 55, 56, 57, 58, 59], "test_index": [1, 2, 21, 23, 29, 35, 37, 39, 41, 44, 47, 53]}], "kfold_5": [{"num_layers": 5, "accuracy_train_init": 0.9791666666666666, "accuracy_test_init": 0.8333333333333334, "alignment_train_init": 0.18503861129283905, "accuracy_train_final": 1.0, "accuracy_test_final": 1.0, "alignment_train_epochs": [0.22953204810619354, 0.21500170230865479, 0.19838766753673553, 0.23351731896400452, 0.22668378055095673], "circuit_executions": 8000, "train_index": [0, 1, 2, 3, 4, 5, 6, 8, 9, 11, 12, 13, 15, 16, 17, 19, 21, 23, 24, 25, 26, 27, 29, 30, 31, 32, 33, 34, 35, 36, 37, 39, 40, 41, 43, 44, 45, 46, 47, 48, 50, 52, 53, 54, 55, 56, 57, 58], "test_index": [7, 10, 14, 18, 20, 22, 28, 38, 42, 49, 51, 59]}], "timestamp": 1738751249, "checkpoint_dir_name": null, "done": false, "training_iteration": 1, "trial_id": "bafad_00006", "date": "2025-02-05_11-27-29", "time_this_iter_s": 1841.4547696113586, "time_total_s": 1841.4547696113586, "pid": 212288, "hostname": "digvijay-system", "node_ip": "192.168.0.125", "config": {"name": "checkerboard", "file": "/home/digvijay/Developer/greedy_kernel_alignment/data/checkerboard_dataset.npy", "n_samples": 200, "noise": 0.5, "num_sectors": 3, "points_per_sector": 15, "grid_size": 4, "sampling_radius": 0.1, "training_size": 0.5, "testing_size": 0.5, "validation_size": 0.0, "device": "lightning.qubit", "n_qubits": 5, "trainable": true, "input_scaling": true, "data_reuploading": true, "ansatz": "embedding_paper", "ansatz_layers": 5, "optimizer": "gd", "lr": 0.1, "mclr": 0.01, "cclr": 0.01, "epochs": 500, "train_method": "ccka", "target_accuracy": 0.95, "get_alignment_every": 100, "validate_every_epoch": 1, "base_path": "results/", "lambda_kao": 0.01, "lambda_co": 0.01, "clusters": 8, "ray_logging_path": "logs/checkerboard"}, "time_since_restore": 1841.4547696113586, "iterations_since_restore": 1}
