feature_1,feature_2,target
-326.35300561950567,446.7489891600645,1
-244.72163869838505,78.03633485066848,1
210.37077908733932,183.1877169438469,1
90.04098422114828,106.5832256868224,1
161.70188438652588,-153.43374873545434,-1
8.345113509075986,379.03895952619473,1
43.7907033017965,-163.47729896079386,-1
-280.05879143973266,-66.52154636480566,1
183.77073584294783,202.2523110857751,1
-273.4953387553797,-319.53517644160047,-1
