feature_1,feature_2,target
420.4108403530215,-180.7971600953905,-1
279.6462235779013,410.28207855123867,1
-354.5826474092688,298.25051676028147,1
-131.88726585520692,390.63876987547985,1
326.0559522961381,-334.27068716904887,-1
123.15570873513411,-494.60771853311616,-1
-402.9902598627202,-186.08452016973445,1
-192.07716858782453,375.8208806412306,1
-186.11870916195363,-278.0762986599895,-1
191.72983040124518,-371.109926098869,-1
