dataset,method,run_id,iteration,accuracy,alignment,loss,circuits,time_sec,subcentroids,noise_level,mitigation,n_samples
double_cake,ccka,ccka_lr0_1_lr0_01_lr0_01_optgd_epochs100_epochs0_001_epochs0_001_clusters2__rep1,0,0.8125,tensor(0.1926, grad_fn=<SqueezeBackward0>),tensor(0.5570, grad_fn=<AddBackward0>),80,34.65483593940735,2,0.5,,20
double_cake,ccka,ccka_lr0_1_lr0_01_lr0_01_optgd_epochs100_epochs0_001_epochs0_001_clusters6__rep1,0,0.875,tensor(0.1871, grad_fn=<SqueezeBackward0>),tensor(0.7335, grad_fn=<AddBackward0>),240,35.930925130844116,6,0.5,,20
double_cake,ccka,ccka_lr0_1_lr0_01_lr0_01_optgd_epochs100_epochs0_001_epochs0_001_clusters4__rep1,0,0.875,tensor(0.1899, grad_fn=<SqueezeBackward0>),tensor(0.6879, grad_fn=<AddBackward0>),160,35.7861111164093,4,0.5,,20
double_cake,ccka,ccka_lr0_1_lr0_01_lr0_01_optgd_epochs100_epochs0_001_epochs0_001_clusters2__rep1,1,0.875,tensor(0.1913, grad_fn=<SqueezeBackward0>),tensor(1.4206, grad_fn=<AddBackward0>),160,34.134544134140015,2,0.5,,20
double_cake,ccka,ccka_lr0_1_lr0_01_lr0_01_optgd_epochs100_epochs0_001_epochs0_001_clusters4__rep1,1,0.875,tensor(0.1786, grad_fn=<SqueezeBackward0>),tensor(1.2847, grad_fn=<AddBackward0>),320,35.0586040019989,4,0.5,,20
double_cake,ccka,ccka_lr0_1_lr0_01_lr0_01_optgd_epochs100_epochs0_001_epochs0_001_clusters6__rep1,1,0.875,tensor(0.1750, grad_fn=<SqueezeBackward0>),tensor(1.0004, grad_fn=<AddBackward0>),480,35.43413782119751,6,0.5,,20
double_cake,ccka,ccka_lr0_1_lr0_01_lr0_01_optgd_epochs100_epochs0_001_epochs0_001_clusters2__rep1,2,0.8125,tensor(0.2060, grad_fn=<SqueezeBackward0>),tensor(0.5082, grad_fn=<AddBackward0>),240,34.454893827438354,2,0.5,,20
double_cake,ccka,ccka_lr0_1_lr0_01_lr0_01_optgd_epochs100_epochs0_001_epochs0_001_clusters4__rep1,2,0.875,tensor(0.1911, grad_fn=<SqueezeBackward0>),tensor(0.6212, grad_fn=<AddBackward0>),480,35.5052649974823,4,0.5,,20
double_cake,ccka,ccka_lr0_1_lr0_01_lr0_01_optgd_epochs100_epochs0_001_epochs0_001_clusters6__rep1,2,0.875,tensor(0.1839, grad_fn=<SqueezeBackward0>),tensor(0.6863, grad_fn=<AddBackward0>),720,38.073540925979614,6,0.5,,20
double_cake,ccka,ccka_lr0_1_lr0_01_lr0_01_optgd_epochs100_epochs0_001_epochs0_001_clusters2__rep1,3,0.875,tensor(0.2052, grad_fn=<SqueezeBackward0>),tensor(1.3935, grad_fn=<AddBackward0>),320,35.473358154296875,2,0.5,,20
double_cake,ccka,ccka_lr0_1_lr0_01_lr0_01_optgd_epochs100_epochs0_001_epochs0_001_clusters4__rep1,3,0.875,tensor(0.1773, grad_fn=<SqueezeBackward0>),tensor(1.2392, grad_fn=<AddBackward0>),640,34.75164270401001,4,0.5,,20
double_cake,ccka,ccka_lr0_1_lr0_01_lr0_01_optgd_epochs100_epochs0_001_epochs0_001_clusters6__rep1,3,0.875,tensor(0.1864, grad_fn=<SqueezeBackward0>),tensor(0.8543, grad_fn=<AddBackward0>),960,34.43795680999756,6,0.5,,20
double_cake,ccka,ccka_lr0_1_lr0_01_lr0_01_optgd_epochs100_epochs0_001_epochs0_001_clusters2__rep1,4,0.875,tensor(0.2133, grad_fn=<SqueezeBackward0>),tensor(0.4887, grad_fn=<AddBackward0>),400,33.35624814033508,2,0.5,,20
double_cake,ccka,ccka_lr0_1_lr0_01_lr0_01_optgd_epochs100_epochs0_001_epochs0_001_clusters4__rep1,4,0.875,tensor(0.1820, grad_fn=<SqueezeBackward0>),tensor(0.5886, grad_fn=<AddBackward0>),800,37.26736879348755,4,0.5,,20
double_cake,ccka,ccka_lr0_1_lr0_01_lr0_01_optgd_epochs100_epochs0_001_epochs0_001_clusters6__rep1,4,0.875,tensor(0.1862, grad_fn=<SqueezeBackward0>),tensor(0.6618, grad_fn=<AddBackward0>),1200,37.846839904785156,6,0.5,,20
double_cake,ccka,ccka_lr0_1_lr0_01_lr0_01_optgd_epochs100_epochs0_001_epochs0_001_clusters2__rep1,5,0.9375,tensor(0.2090, grad_fn=<SqueezeBackward0>),tensor(1.3919, grad_fn=<AddBackward0>),480,35.49717998504639,2,0.5,,20
double_cake,ccka,ccka_lr0_1_lr0_01_lr0_01_optgd_epochs100_epochs0_001_epochs0_001_clusters4__rep1,5,0.875,tensor(0.1720, grad_fn=<SqueezeBackward0>),tensor(1.2298, grad_fn=<AddBackward0>),960,35.60155200958252,4,0.5,,20
double_cake,ccka,ccka_lr0_1_lr0_01_lr0_01_optgd_epochs100_epochs0_001_epochs0_001_clusters6__rep1,5,0.9375,tensor(0.1933, grad_fn=<SqueezeBackward0>),tensor(0.7258, grad_fn=<AddBackward0>),1440,34.470921993255615,6,0.5,,20
double_cake,ccka,ccka_lr0_1_lr0_01_lr0_01_optgd_epochs100_epochs0_001_epochs0_001_clusters2__rep1,6,0.9375,tensor(0.2137, grad_fn=<SqueezeBackward0>),tensor(0.4897, grad_fn=<AddBackward0>),560,34.846911907196045,2,0.5,,20
double_cake,ccka,ccka_lr0_1_lr0_01_lr0_01_optgd_epochs100_epochs0_001_epochs0_001_clusters4__rep1,6,0.875,tensor(0.1741, grad_fn=<SqueezeBackward0>),tensor(0.5816, grad_fn=<AddBackward0>),1120,35.37735176086426,4,0.5,,20
double_cake,ccka,ccka_lr0_1_lr0_01_lr0_01_optgd_epochs100_epochs0_001_epochs0_001_clusters6__rep1,6,0.875,tensor(0.1901, grad_fn=<SqueezeBackward0>),tensor(0.6554, grad_fn=<AddBackward0>),1680,37.60398578643799,6,0.5,,20
double_cake,ccka,ccka_lr0_1_lr0_01_lr0_01_optgd_epochs100_epochs0_001_epochs0_001_clusters2__rep1,7,0.9375,tensor(0.2070, grad_fn=<SqueezeBackward0>),tensor(1.4000, grad_fn=<AddBackward0>),640,34.312994956970215,2,0.5,,20
double_cake,ccka,ccka_lr0_1_lr0_01_lr0_01_optgd_epochs100_epochs0_001_epochs0_001_clusters4__rep1,7,0.875,tensor(0.1668, grad_fn=<SqueezeBackward0>),tensor(1.2712, grad_fn=<AddBackward0>),1280,36.646859884262085,4,0.5,,20
double_cake,ccka,ccka_lr0_1_lr0_01_lr0_01_optgd_epochs100_epochs0_001_epochs0_001_clusters6__rep1,7,0.9375,tensor(0.1955, grad_fn=<SqueezeBackward0>),tensor(0.6557, grad_fn=<AddBackward0>),1920,35.65002799034119,6,0.5,,20
double_cake,ccka,ccka_lr0_1_lr0_01_lr0_01_optgd_epochs100_epochs0_001_epochs0_001_clusters2__rep1,8,0.9375,tensor(0.2100, grad_fn=<SqueezeBackward0>),tensor(0.5085, grad_fn=<AddBackward0>),720,34.38599491119385,2,0.5,,20
double_cake,ccka,ccka_lr0_1_lr0_01_lr0_01_optgd_epochs100_epochs0_001_epochs0_001_clusters4__rep1,8,0.875,tensor(0.1707, grad_fn=<SqueezeBackward0>),tensor(0.5927, grad_fn=<AddBackward0>),1440,34.30928111076355,4,0.5,,20
double_cake,ccka,ccka_lr0_1_lr0_01_lr0_01_optgd_epochs100_epochs0_001_epochs0_001_clusters6__rep1,8,0.9375,tensor(0.1929, grad_fn=<SqueezeBackward0>),tensor(0.6483, grad_fn=<AddBackward0>),2160,36.59224820137024,6,0.5,,20
double_cake,ccka,ccka_lr0_1_lr0_01_lr0_01_optgd_epochs100_epochs0_001_epochs0_001_clusters2__rep1,9,0.875,tensor(0.2036, grad_fn=<SqueezeBackward0>),tensor(1.4116, grad_fn=<AddBackward0>),800,35.94958019256592,2,0.5,,20
double_cake,ccka,ccka_lr0_1_lr0_01_lr0_01_optgd_epochs100_epochs0_001_epochs0_001_clusters4__rep1,9,0.875,tensor(0.1641, grad_fn=<SqueezeBackward0>),tensor(1.3237, grad_fn=<AddBackward0>),1600,35.68703627586365,4,0.5,,20
double_cake,ccka,ccka_lr0_1_lr0_01_lr0_01_optgd_epochs100_epochs0_001_epochs0_001_clusters6__rep1,9,0.9375,tensor(0.1988, grad_fn=<SqueezeBackward0>),tensor(0.6431, grad_fn=<AddBackward0>),2400,35.46249008178711,6,0.5,,20
double_cake,ccka,ccka_lr0_1_lr0_01_lr0_01_optgd_epochs100_epochs0_001_epochs0_001_clusters8__rep1,0,0.875,tensor(0.1915, grad_fn=<SqueezeBackward0>),tensor(1.0496, grad_fn=<AddBackward0>),320,35.75878596305847,8,0.5,,20
double_cake,ccka,ccka_lr0_1_lr0_01_lr0_01_optgd_epochs100_epochs0_001_epochs0_001_clusters10__rep1,0,0.875,tensor(0.1775, grad_fn=<SqueezeBackward0>),tensor(0.9464, grad_fn=<AddBackward0>),400,35.92862415313721,10,0.5,,20
double_cake,ccka,ccka_lr0_1_lr0_01_lr0_01_optgd_epochs100_epochs0_001_epochs0_001_clusters8__rep1,1,0.875,tensor(0.1843, grad_fn=<SqueezeBackward0>),tensor(1.0836, grad_fn=<AddBackward0>),640,36.80122518539429,8,0.5,,20
double_cake,ccka,ccka_lr0_1_lr0_01_lr0_01_optgd_epochs100_epochs0_001_epochs0_001_clusters10__rep1,1,0.875,tensor(0.1804, grad_fn=<SqueezeBackward0>),tensor(0.9467, grad_fn=<AddBackward0>),800,37.020408153533936,10,0.5,,20
double_cake,ccka,ccka_lr0_1_lr0_01_lr0_01_optgd_epochs100_epochs0_001_epochs0_001_clusters8__rep1,2,0.875,tensor(0.2004, grad_fn=<SqueezeBackward0>),tensor(1.0510, grad_fn=<AddBackward0>),960,37.10903310775757,8,0.5,,20
double_cake,ccka,ccka_lr0_1_lr0_01_lr0_01_optgd_epochs100_epochs0_001_epochs0_001_clusters10__rep1,2,0.875,tensor(0.1882, grad_fn=<SqueezeBackward0>),tensor(0.7448, grad_fn=<AddBackward0>),1200,38.425739765167236,10,0.5,,20
double_cake,ccka,ccka_lr0_1_lr0_01_lr0_01_optgd_epochs100_epochs0_001_epochs0_001_clusters2__rep1,0,0.9583333333333334,tensor(0.1618, grad_fn=<SqueezeBackward0>),tensor(0.9663, grad_fn=<AddBackward0>),80,77.28469586372375,2,0.5,,20
double_cake,ccka,ccka_lr0_1_lr0_01_lr0_01_optgd_epochs100_epochs0_001_epochs0_001_clusters8__rep1,3,0.8125,tensor(0.1910, grad_fn=<SqueezeBackward0>),tensor(1.0344, grad_fn=<AddBackward0>),1280,37.32253909111023,8,0.5,,20
double_cake,ccka,ccka_lr0_1_lr0_01_lr0_01_optgd_epochs100_epochs0_001_epochs0_001_clusters10__rep1,3,0.875,tensor(0.1878, grad_fn=<SqueezeBackward0>),tensor(0.8658, grad_fn=<AddBackward0>),1600,36.19375276565552,10,0.5,,20
double_cake,ccka,ccka_lr0_1_lr0_01_lr0_01_optgd_epochs100_epochs0_001_epochs0_001_clusters8__rep1,4,0.8125,tensor(0.2009, grad_fn=<SqueezeBackward0>),tensor(1.0493, grad_fn=<AddBackward0>),1600,34.61023306846619,8,0.5,,20
double_cake,ccka,ccka_lr0_1_lr0_01_lr0_01_optgd_epochs100_epochs0_001_epochs0_001_clusters10__rep1,4,0.875,tensor(0.1881, grad_fn=<SqueezeBackward0>),tensor(0.6082, grad_fn=<AddBackward0>),2000,36.80171298980713,10,0.5,,20
double_cake,ccka,ccka_lr0_1_lr0_01_lr0_01_optgd_epochs100_epochs0_001_epochs0_001_clusters2__rep1,1,1.0,tensor(0.1598, grad_fn=<SqueezeBackward0>),tensor(0.5365, grad_fn=<AddBackward0>),160,76.88306212425232,2,0.5,,20
double_cake,ccka,ccka_lr0_1_lr0_01_lr0_01_optgd_epochs100_epochs0_001_epochs0_001_clusters8__rep1,5,0.8125,tensor(0.1928, grad_fn=<SqueezeBackward0>),tensor(1.0036, grad_fn=<AddBackward0>),1920,36.706881046295166,8,0.5,,20
double_cake,ccka,ccka_lr0_1_lr0_01_lr0_01_optgd_epochs100_epochs0_001_epochs0_001_clusters10__rep1,5,0.875,tensor(0.1796, grad_fn=<SqueezeBackward0>),tensor(0.7942, grad_fn=<AddBackward0>),2400,37.38289213180542,10,0.5,,20
double_cake,ccka,ccka_lr0_1_lr0_01_lr0_01_optgd_epochs100_epochs0_001_epochs0_001_clusters8__rep1,6,0.875,tensor(0.1958, grad_fn=<SqueezeBackward0>),tensor(1.0364, grad_fn=<AddBackward0>),2240,37.24598479270935,8,0.5,,20
double_cake,ccka,ccka_lr0_1_lr0_01_lr0_01_optgd_epochs100_epochs0_001_epochs0_001_clusters10__rep1,6,0.9375,tensor(0.1792, grad_fn=<SqueezeBackward0>),tensor(0.5666, grad_fn=<AddBackward0>),2800,38.646733045578,10,0.5,,20
double_cake,ccka,ccka_lr0_1_lr0_01_lr0_01_optgd_epochs100_epochs0_001_epochs0_001_clusters2__rep1,2,1.0,tensor(0.1801, grad_fn=<SqueezeBackward0>),tensor(0.7824, grad_fn=<AddBackward0>),240,75.77811622619629,2,0.5,,20
double_cake,ccka,ccka_lr0_1_lr0_01_lr0_01_optgd_epochs100_epochs0_001_epochs0_001_clusters8__rep1,7,0.875,tensor(0.1917, grad_fn=<SqueezeBackward0>),tensor(1.0012, grad_fn=<AddBackward0>),2560,36.178126096725464,8,0.5,,20
double_cake,ccka,ccka_lr0_1_lr0_01_lr0_01_optgd_epochs100_epochs0_001_epochs0_001_clusters10__rep1,7,0.9375,tensor(0.1676, grad_fn=<SqueezeBackward0>),tensor(0.7408, grad_fn=<AddBackward0>),3200,37.68918299674988,10,0.5,,20
double_cake,ccka,ccka_lr0_1_lr0_01_lr0_01_optgd_epochs100_epochs0_001_epochs0_001_clusters8__rep1,8,0.875,tensor(0.1955, grad_fn=<SqueezeBackward0>),tensor(1.0150, grad_fn=<AddBackward0>),2880,35.42096471786499,8,0.5,,20
double_cake,ccka,ccka_lr0_1_lr0_01_lr0_01_optgd_epochs100_epochs0_001_epochs0_001_clusters10__rep1,8,0.9375,tensor(0.1726, grad_fn=<SqueezeBackward0>),tensor(0.5676, grad_fn=<AddBackward0>),3600,37.69857668876648,10,0.5,,20
double_cake,ccka,ccka_lr0_1_lr0_01_lr0_01_optgd_epochs100_epochs0_001_epochs0_001_clusters8__rep1,9,0.875,tensor(0.1939, grad_fn=<SqueezeBackward0>),tensor(1.0405, grad_fn=<AddBackward0>),3200,36.74290609359741,8,0.5,,20
double_cake,ccka,ccka_lr0_1_lr0_01_lr0_01_optgd_epochs100_epochs0_001_epochs0_001_clusters2__rep1,3,1.0,tensor(0.1771, grad_fn=<SqueezeBackward0>),tensor(0.4893, grad_fn=<AddBackward0>),320,79.36159372329712,2,0.5,,20
double_cake,ccka,ccka_lr0_1_lr0_01_lr0_01_optgd_epochs100_epochs0_001_epochs0_001_clusters10__rep1,9,0.9375,tensor(0.1605, grad_fn=<SqueezeBackward0>),tensor(0.7042, grad_fn=<AddBackward0>),4000,37.607983112335205,10,0.5,,20
double_cake,ccka,ccka_lr0_1_lr0_01_lr0_01_optgd_epochs100_epochs0_001_epochs0_001_clusters2__rep1,4,1.0,tensor(0.1860, grad_fn=<SqueezeBackward0>),tensor(1.1389, grad_fn=<AddBackward0>),400,76.85504174232483,2,0.5,,20
double_cake,ccka,ccka_lr0_1_lr0_01_lr0_01_optgd_epochs100_epochs0_001_epochs0_001_clusters2__rep1,5,1.0,tensor(0.1797, grad_fn=<SqueezeBackward0>),tensor(0.5429, grad_fn=<AddBackward0>),480,76.92387509346008,2,0.5,,20
double_cake,ccka,ccka_lr0_1_lr0_01_lr0_01_optgd_epochs100_epochs0_001_epochs0_001_clusters4__rep1,0,0.875,tensor(0.1453, grad_fn=<SqueezeBackward0>),tensor(0.8754, grad_fn=<AddBackward0>),160,77.11068797111511,4,0.5,,20
double_cake,ccka,ccka_lr0_1_lr0_01_lr0_01_optgd_epochs100_epochs0_001_epochs0_001_clusters6__rep1,0,0.875,tensor(0.1444, grad_fn=<SqueezeBackward0>),tensor(1.0249, grad_fn=<AddBackward0>),240,81.40976572036743,6,0.5,,20
double_cake,ccka,ccka_lr0_1_lr0_01_lr0_01_optgd_epochs100_epochs0_001_epochs0_001_clusters2__rep1,6,1.0,tensor(0.1868, grad_fn=<SqueezeBackward0>),tensor(1.5371, grad_fn=<AddBackward0>),560,83.09405517578125,2,0.5,,20
double_cake,ccka,ccka_lr0_1_lr0_01_lr0_01_optgd_epochs100_epochs0_001_epochs0_001_clusters4__rep1,1,0.9166666666666666,tensor(0.1527, grad_fn=<SqueezeBackward0>),tensor(0.6837, grad_fn=<AddBackward0>),320,83.76203322410583,4,0.5,,20
double_cake,ccka,ccka_lr0_1_lr0_01_lr0_01_optgd_epochs100_epochs0_001_epochs0_001_clusters6__rep1,1,0.9166666666666666,tensor(0.1473, grad_fn=<SqueezeBackward0>),tensor(0.9285, grad_fn=<AddBackward0>),480,86.0204689502716,6,0.5,,20
double_cake,ccka,ccka_lr0_1_lr0_01_lr0_01_optgd_epochs100_epochs0_001_epochs0_001_clusters2__rep1,7,1.0,tensor(0.1798, grad_fn=<SqueezeBackward0>),tensor(0.7260, grad_fn=<AddBackward0>),640,89.04828786849976,2,0.5,,20
double_cake,ccka,ccka_lr0_1_lr0_01_lr0_01_optgd_epochs100_epochs0_001_epochs0_001_clusters4__rep1,2,0.9166666666666666,tensor(0.1559, grad_fn=<SqueezeBackward0>),tensor(0.7718, grad_fn=<AddBackward0>),480,85.0244517326355,4,0.5,,20
double_cake,ccka,ccka_lr0_1_lr0_01_lr0_01_optgd_epochs100_epochs0_001_epochs0_001_clusters6__rep1,2,0.9166666666666666,tensor(0.1447, grad_fn=<SqueezeBackward0>),tensor(0.9082, grad_fn=<AddBackward0>),720,88.40121698379517,6,0.5,,20
double_cake,ccka,ccka_lr0_1_lr0_01_lr0_01_optgd_epochs100_epochs0_001_epochs0_001_clusters2__rep1,8,1.0,tensor(0.1838, grad_fn=<SqueezeBackward0>),tensor(1.7435, grad_fn=<AddBackward0>),720,81.1865382194519,2,0.5,,20
double_cake,ccka,ccka_lr0_1_lr0_01_lr0_01_optgd_epochs100_epochs0_001_epochs0_001_clusters4__rep1,3,1.0,tensor(0.1680, grad_fn=<SqueezeBackward0>),tensor(0.6719, grad_fn=<AddBackward0>),640,89.08448386192322,4,0.5,,20
double_cake,ccka,ccka_lr0_1_lr0_01_lr0_01_optgd_epochs100_epochs0_001_epochs0_001_clusters6__rep1,3,0.9166666666666666,tensor(0.1555, grad_fn=<SqueezeBackward0>),tensor(0.8756, grad_fn=<AddBackward0>),960,85.44198393821716,6,0.5,,20
double_cake,ccka,ccka_lr0_1_lr0_01_lr0_01_optgd_epochs100_epochs0_001_epochs0_001_clusters2__rep1,9,1.0,tensor(0.1764, grad_fn=<SqueezeBackward0>),tensor(1.3252, grad_fn=<AddBackward0>),800,89.20357990264893,2,0.5,,20
double_cake,ccka,ccka_lr0_1_lr0_01_lr0_01_optgd_epochs100_epochs0_001_epochs0_001_clusters4__rep1,4,1.0,tensor(0.1681, grad_fn=<SqueezeBackward0>),tensor(0.7100, grad_fn=<AddBackward0>),800,79.85304069519043,4,0.5,,20
double_cake,ccka,ccka_lr0_1_lr0_01_lr0_01_optgd_epochs100_epochs0_001_epochs0_001_clusters6__rep1,4,0.9166666666666666,tensor(0.1522, grad_fn=<SqueezeBackward0>),tensor(0.8553, grad_fn=<AddBackward0>),1200,85.54005312919617,6,0.5,,20
double_cake,ccka,ccka_lr0_1_lr0_01_lr0_01_optgd_epochs100_epochs0_001_epochs0_001_clusters4__rep1,5,0.9583333333333334,tensor(0.1805, grad_fn=<SqueezeBackward0>),tensor(0.7382, grad_fn=<AddBackward0>),960,84.40841603279114,4,0.5,,20
double_cake,ccka,ccka_lr0_1_lr0_01_lr0_01_optgd_epochs100_epochs0_001_epochs0_001_clusters6__rep1,5,0.9583333333333334,tensor(0.1635, grad_fn=<SqueezeBackward0>),tensor(0.9067, grad_fn=<AddBackward0>),1440,84.53380990028381,6,0.5,,20
double_cake,ccka,ccka_lr0_1_lr0_01_lr0_01_optgd_epochs100_epochs0_001_epochs0_001_clusters4__rep1,6,0.9166666666666666,tensor(0.1752, grad_fn=<SqueezeBackward0>),tensor(0.6776, grad_fn=<AddBackward0>),1120,83.33122301101685,4,0.5,,20
double_cake,ccka,ccka_lr0_1_lr0_01_lr0_01_optgd_epochs100_epochs0_001_epochs0_001_clusters6__rep1,6,0.9166666666666666,tensor(0.1704, grad_fn=<SqueezeBackward0>),tensor(0.8989, grad_fn=<AddBackward0>),1680,83.23343110084534,6,0.5,,20
double_cake,ccka,ccka_lr0_1_lr0_01_lr0_01_optgd_epochs100_epochs0_001_epochs0_001_clusters8__rep1,0,0.875,tensor(0.1482, grad_fn=<SqueezeBackward0>),tensor(0.8339, grad_fn=<AddBackward0>),320,81.95089197158813,8,0.5,,20
double_cake,ccka,ccka_lr0_1_lr0_01_lr0_01_optgd_epochs100_epochs0_001_epochs0_001_clusters4__rep1,7,0.9583333333333334,tensor(0.1909, grad_fn=<SqueezeBackward0>),tensor(1.0515, grad_fn=<AddBackward0>),1280,81.88424110412598,4,0.5,,20
double_cake,ccka,ccka_lr0_1_lr0_01_lr0_01_optgd_epochs100_epochs0_001_epochs0_001_clusters6__rep1,7,0.9166666666666666,tensor(0.1729, grad_fn=<SqueezeBackward0>),tensor(1.0189, grad_fn=<AddBackward0>),1920,85.95151901245117,6,0.5,,20
double_cake,ccka,ccka_lr0_1_lr0_01_lr0_01_optgd_epochs100_epochs0_001_epochs0_001_clusters8__rep1,1,0.9166666666666666,tensor(0.1525, grad_fn=<SqueezeBackward0>),tensor(0.8895, grad_fn=<AddBackward0>),640,87.13503694534302,8,0.5,,20
double_cake,ccka,ccka_lr0_1_lr0_01_lr0_01_optgd_epochs100_epochs0_001_epochs0_001_clusters4__rep1,8,0.875,tensor(0.1778, grad_fn=<SqueezeBackward0>),tensor(0.7473, grad_fn=<AddBackward0>),1440,86.18408226966858,4,0.5,,20
double_cake,ccka,ccka_lr0_1_lr0_01_lr0_01_optgd_epochs100_epochs0_001_epochs0_001_clusters6__rep1,8,0.9583333333333334,tensor(0.2064, grad_fn=<SqueezeBackward0>),tensor(0.9309, grad_fn=<AddBackward0>),2160,85.29081320762634,6,0.5,,20
double_cake,ccka,ccka_lr0_1_lr0_01_lr0_01_optgd_epochs100_epochs0_001_epochs0_001_clusters8__rep1,2,0.9583333333333334,tensor(0.1579, grad_fn=<SqueezeBackward0>),tensor(0.7305, grad_fn=<AddBackward0>),960,85.76298785209656,8,0.5,,20
double_cake,ccka,ccka_lr0_1_lr0_01_lr0_01_optgd_epochs100_epochs0_001_epochs0_001_clusters4__rep1,9,1.0,tensor(0.1810, grad_fn=<SqueezeBackward0>),tensor(1.5570, grad_fn=<AddBackward0>),1600,85.2273280620575,4,0.5,,20
double_cake,ccka,ccka_lr0_1_lr0_01_lr0_01_optgd_epochs100_epochs0_001_epochs0_001_clusters6__rep1,9,0.9583333333333334,tensor(0.2161, grad_fn=<SqueezeBackward0>),tensor(1.0911, grad_fn=<AddBackward0>),2400,88.88495993614197,6,0.5,,20
double_cake,ccka,ccka_lr0_1_lr0_01_lr0_01_optgd_epochs100_epochs0_001_epochs0_001_clusters8__rep1,3,1.0,tensor(0.1638, grad_fn=<SqueezeBackward0>),tensor(0.8408, grad_fn=<AddBackward0>),1280,87.3522777557373,8,0.5,,20
double_cake,ccka,ccka_lr0_1_lr0_01_lr0_01_optgd_epochs100_epochs0_001_epochs0_001_clusters8__rep1,4,0.9583333333333334,tensor(0.1707, grad_fn=<SqueezeBackward0>),tensor(0.6577, grad_fn=<AddBackward0>),1600,80.79510712623596,8,0.5,,20
double_cake,ccka,ccka_lr0_1_lr0_01_lr0_01_optgd_epochs100_epochs0_001_epochs0_001_clusters8__rep1,5,1.0,tensor(0.1767, grad_fn=<SqueezeBackward0>),tensor(0.8048, grad_fn=<AddBackward0>),1920,80.43974304199219,8,0.5,,20
double_cake,ccka,ccka_lr0_1_lr0_01_lr0_01_optgd_epochs100_epochs0_001_epochs0_001_clusters10__rep1,0,1.0,tensor(0.1514, grad_fn=<SqueezeBackward0>),tensor(1.0552, grad_fn=<AddBackward0>),400,81.9285659790039,10,0.5,,20
double_cake,ccka,ccka_lr0_1_lr0_01_lr0_01_optgd_epochs100_epochs0_001_epochs0_001_clusters8__rep1,6,1.0,tensor(0.1801, grad_fn=<SqueezeBackward0>),tensor(0.6240, grad_fn=<AddBackward0>),2240,89.5221221446991,8,0.5,,20
double_cake,ccka,ccka_lr0_1_lr0_01_lr0_01_optgd_epochs100_epochs0_001_epochs0_001_clusters10__rep1,1,1.0,tensor(0.1602, grad_fn=<SqueezeBackward0>),tensor(1.0385, grad_fn=<AddBackward0>),800,85.95257091522217,10,0.5,,20
double_cake,ccka,ccka_lr0_1_lr0_01_lr0_01_optgd_epochs100_epochs0_001_epochs0_001_clusters8__rep1,7,1.0,tensor(0.1838, grad_fn=<SqueezeBackward0>),tensor(0.7777, grad_fn=<AddBackward0>),2560,90.78581714630127,8,0.5,,20
double_cake,ccka,ccka_lr0_1_lr0_01_lr0_01_optgd_epochs100_epochs0_001_epochs0_001_clusters10__rep1,2,1.0,tensor(0.1647, grad_fn=<SqueezeBackward0>),tensor(0.9107, grad_fn=<AddBackward0>),1200,91.7097909450531,10,0.5,,20
double_cake,ccka,ccka_lr0_1_lr0_01_lr0_01_optgd_epochs100_epochs0_001_epochs0_001_clusters8__rep1,8,1.0,tensor(0.1846, grad_fn=<SqueezeBackward0>),tensor(0.6285, grad_fn=<AddBackward0>),2880,96.28530693054199,8,0.5,,20
double_cake,ccka,ccka_lr0_1_lr0_01_lr0_01_optgd_epochs100_epochs0_001_epochs0_001_clusters10__rep1,3,1.0,tensor(0.1802, grad_fn=<SqueezeBackward0>),tensor(0.9828, grad_fn=<AddBackward0>),1600,97.56160616874695,10,0.5,,20
double_cake,ccka,ccka_lr0_1_lr0_01_lr0_01_optgd_epochs100_epochs0_001_epochs0_001_clusters8__rep1,9,1.0,tensor(0.1852, grad_fn=<SqueezeBackward0>),tensor(0.7548, grad_fn=<AddBackward0>),3200,91.30166888237,8,0.5,,20
double_cake,ccka,ccka_lr0_1_lr0_01_lr0_01_optgd_epochs100_epochs0_001_epochs0_001_clusters2__rep1,0,0.925,tensor(0.1942, grad_fn=<SqueezeBackward0>),tensor(0.9141, grad_fn=<AddBackward0>),80,268.6598000526428,2,0.5,,20
double_cake,ccka,ccka_lr0_1_lr0_01_lr0_01_optgd_epochs100_epochs0_001_epochs0_001_clusters10__rep1,4,1.0,tensor(0.1832, grad_fn=<SqueezeBackward0>),tensor(0.8625, grad_fn=<AddBackward0>),2000,94.56089115142822,10,0.5,,20
double_cake,ccka,ccka_lr0_1_lr0_01_lr0_01_optgd_epochs100_epochs0_001_epochs0_001_clusters10__rep1,5,0.9583333333333334,tensor(0.1955, grad_fn=<SqueezeBackward0>),tensor(0.9417, grad_fn=<AddBackward0>),2400,95.53550410270691,10,0.5,,20
double_cake,ccka,ccka_lr0_1_lr0_01_lr0_01_optgd_epochs100_epochs0_001_epochs0_001_clusters10__rep1,6,1.0,tensor(0.1965, grad_fn=<SqueezeBackward0>),tensor(0.8888, grad_fn=<AddBackward0>),2800,95.12961983680725,10,0.5,,20
double_cake,ccka,ccka_lr0_1_lr0_01_lr0_01_optgd_epochs100_epochs0_001_epochs0_001_clusters2__rep1,1,0.925,tensor(0.1964, grad_fn=<SqueezeBackward0>),tensor(0.8734, grad_fn=<AddBackward0>),160,279.75651502609253,2,0.5,,20
double_cake,ccka,ccka_lr0_1_lr0_01_lr0_01_optgd_epochs100_epochs0_001_epochs0_001_clusters10__rep1,7,1.0,tensor(0.2039, grad_fn=<SqueezeBackward0>),tensor(0.8968, grad_fn=<AddBackward0>),3200,96.75091505050659,10,0.5,,20
double_cake,ccka,ccka_lr0_1_lr0_01_lr0_01_optgd_epochs100_epochs0_001_epochs0_001_clusters10__rep1,8,1.0,tensor(0.2067, grad_fn=<SqueezeBackward0>),tensor(0.9773, grad_fn=<AddBackward0>),3600,99.40005493164062,10,0.5,,20
double_cake,ccka,ccka_lr0_1_lr0_01_lr0_01_optgd_epochs100_epochs0_001_epochs0_001_clusters10__rep1,9,1.0,tensor(0.2105, grad_fn=<SqueezeBackward0>),tensor(0.8506, grad_fn=<AddBackward0>),4000,105.47133493423462,10,0.5,,20
double_cake,ccka,ccka_lr0_1_lr0_01_lr0_01_optgd_epochs100_epochs0_001_epochs0_001_clusters2__rep1,2,0.925,tensor(0.1960, grad_fn=<SqueezeBackward0>),tensor(0.9959, grad_fn=<AddBackward0>),240,294.7228229045868,2,0.5,,20
double_cake,ccka,ccka_lr0_1_lr0_01_lr0_01_optgd_epochs100_epochs0_001_epochs0_001_clusters4__rep1,0,0.925,tensor(0.1926, grad_fn=<SqueezeBackward0>),tensor(0.9729, grad_fn=<AddBackward0>),160,291.6812570095062,4,0.5,,20
double_cake,ccka,ccka_lr0_1_lr0_01_lr0_01_optgd_epochs100_epochs0_001_epochs0_001_clusters2__rep1,3,0.925,tensor(0.1955, grad_fn=<SqueezeBackward0>),tensor(0.9899, grad_fn=<AddBackward0>),320,321.17814588546753,2,0.5,,20
double_cake,ccka,ccka_lr0_1_lr0_01_lr0_01_optgd_epochs100_epochs0_001_epochs0_001_clusters4__rep1,1,0.925,tensor(0.1951, grad_fn=<SqueezeBackward0>),tensor(0.8842, grad_fn=<AddBackward0>),320,312.1430196762085,4,0.5,,20
double_cake,ccka,ccka_lr0_1_lr0_01_lr0_01_optgd_epochs100_epochs0_001_epochs0_001_clusters6__rep1,0,0.925,tensor(0.1895, grad_fn=<SqueezeBackward0>),tensor(1.1296, grad_fn=<AddBackward0>),240,311.84516978263855,6,0.5,,20
double_cake,ccka,ccka_lr0_1_lr0_01_lr0_01_optgd_epochs100_epochs0_001_epochs0_001_clusters2__rep1,4,0.925,tensor(0.1939, grad_fn=<SqueezeBackward0>),tensor(1.2231, grad_fn=<AddBackward0>),400,321.7807409763336,2,0.5,,20
double_cake,ccka,ccka_lr0_1_lr0_01_lr0_01_optgd_epochs100_epochs0_001_epochs0_001_clusters4__rep1,2,0.925,tensor(0.1954, grad_fn=<SqueezeBackward0>),tensor(1.0202, grad_fn=<AddBackward0>),480,318.4883530139923,4,0.5,,20
double_cake,ccka,ccka_lr0_1_lr0_01_lr0_01_optgd_epochs100_epochs0_001_epochs0_001_clusters6__rep1,1,0.925,tensor(0.1903, grad_fn=<SqueezeBackward0>),tensor(0.9111, grad_fn=<AddBackward0>),480,349.1073307991028,6,0.5,,20
double_cake,ccka,ccka_lr0_1_lr0_01_lr0_01_optgd_epochs100_epochs0_001_epochs0_001_clusters2__rep1,5,0.925,tensor(0.1905, grad_fn=<SqueezeBackward0>),tensor(1.2754, grad_fn=<AddBackward0>),480,341.698410987854,2,0.5,,20
double_cake,ccka,ccka_lr0_1_lr0_01_lr0_01_optgd_epochs100_epochs0_001_epochs0_001_clusters4__rep1,3,0.925,tensor(0.1953, grad_fn=<SqueezeBackward0>),tensor(0.9424, grad_fn=<AddBackward0>),640,343.08106756210327,4,0.5,,20
double_cake,ccka,ccka_lr0_1_lr0_01_lr0_01_optgd_epochs100_epochs0_001_epochs0_001_clusters6__rep1,2,0.925,tensor(0.1879, grad_fn=<SqueezeBackward0>),tensor(1.1515, grad_fn=<AddBackward0>),720,329.9696500301361,6,0.5,,20
double_cake,ccka,ccka_lr0_1_lr0_01_lr0_01_optgd_epochs100_epochs0_001_epochs0_001_clusters2__rep1,6,0.925,tensor(0.1825, grad_fn=<SqueezeBackward0>),tensor(1.3186, grad_fn=<AddBackward0>),560,340.49082684516907,2,0.5,,20
double_cake,ccka,ccka_lr0_1_lr0_01_lr0_01_optgd_epochs100_epochs0_001_epochs0_001_clusters4__rep1,4,0.925,tensor(0.1956, grad_fn=<SqueezeBackward0>),tensor(1.1659, grad_fn=<AddBackward0>),800,353.84255290031433,4,0.5,,20
double_cake,ccka,ccka_lr0_1_lr0_01_lr0_01_optgd_epochs100_epochs0_001_epochs0_001_clusters6__rep1,3,0.925,tensor(0.1890, grad_fn=<SqueezeBackward0>),tensor(0.9176, grad_fn=<AddBackward0>),960,365.5771760940552,6,0.5,,20
double_cake,ccka,ccka_lr0_1_lr0_01_lr0_01_optgd_epochs100_epochs0_001_epochs0_001_clusters2__rep1,7,0.925,tensor(0.1745, grad_fn=<SqueezeBackward0>),tensor(1.3409, grad_fn=<AddBackward0>),640,361.53692293167114,2,0.5,,20
double_cake,ccka,ccka_lr0_1_lr0_01_lr0_01_optgd_epochs100_epochs0_001_epochs0_001_clusters4__rep1,5,0.925,tensor(0.1950, grad_fn=<SqueezeBackward0>),tensor(1.1286, grad_fn=<AddBackward0>),960,351.5983090400696,4,0.5,,20
double_cake,ccka,ccka_lr0_1_lr0_01_lr0_01_optgd_epochs100_epochs0_001_epochs0_001_clusters6__rep1,4,0.925,tensor(0.1867, grad_fn=<SqueezeBackward0>),tensor(1.1946, grad_fn=<AddBackward0>),1200,351.46881008148193,6,0.5,,20
double_cake,ccka,ccka_lr0_1_lr0_01_lr0_01_optgd_epochs100_epochs0_001_epochs0_001_clusters2__rep1,8,0.925,tensor(0.1655, grad_fn=<SqueezeBackward0>),tensor(1.2808, grad_fn=<AddBackward0>),720,328.65242528915405,2,0.5,,20
double_cake,ccka,ccka_lr0_1_lr0_01_lr0_01_optgd_epochs100_epochs0_001_epochs0_001_clusters4__rep1,6,0.925,tensor(0.1922, grad_fn=<SqueezeBackward0>),tensor(1.3188, grad_fn=<AddBackward0>),1120,345.6614851951599,4,0.5,,20
double_cake,ccka,ccka_lr0_1_lr0_01_lr0_01_optgd_epochs100_epochs0_001_epochs0_001_clusters6__rep1,5,0.925,tensor(0.1879, grad_fn=<SqueezeBackward0>),tensor(0.9495, grad_fn=<AddBackward0>),1440,343.65132999420166,6,0.5,,20
double_cake,ccka,ccka_lr0_1_lr0_01_lr0_01_optgd_epochs100_epochs0_001_epochs0_001_clusters2__rep1,9,0.925,tensor(0.1593, grad_fn=<SqueezeBackward0>),tensor(1.2826, grad_fn=<AddBackward0>),800,350.8150098323822,2,0.5,,20
double_cake,ccka,ccka_lr0_1_lr0_01_lr0_01_optgd_epochs100_epochs0_001_epochs0_001_clusters4__rep1,7,0.925,tensor(0.1895, grad_fn=<SqueezeBackward0>),tensor(1.2694, grad_fn=<AddBackward0>),1280,345.59630608558655,4,0.5,,20
double_cake,ccka,ccka_lr0_1_lr0_01_lr0_01_optgd_epochs100_epochs0_001_epochs0_001_clusters6__rep1,6,0.925,tensor(0.1859, grad_fn=<SqueezeBackward0>),tensor(1.2567, grad_fn=<AddBackward0>),1680,347.79833221435547,6,0.5,,20
double_cake,ccka,ccka_lr0_1_lr0_01_lr0_01_optgd_epochs100_epochs0_001_epochs0_001_clusters4__rep1,8,0.925,tensor(0.1818, grad_fn=<SqueezeBackward0>),tensor(1.3558, grad_fn=<AddBackward0>),1440,323.75146770477295,4,0.5,,20
double_cake,ccka,ccka_lr0_1_lr0_01_lr0_01_optgd_epochs100_epochs0_001_epochs0_001_clusters6__rep1,7,0.925,tensor(0.1874, grad_fn=<SqueezeBackward0>),tensor(1.0063, grad_fn=<AddBackward0>),1920,297.19529819488525,6,0.5,,20
double_cake,ccka,ccka_lr0_1_lr0_01_lr0_01_optgd_epochs100_epochs0_001_epochs0_001_clusters4__rep1,9,0.925,tensor(0.1765, grad_fn=<SqueezeBackward0>),tensor(1.2955, grad_fn=<AddBackward0>),1600,304.84075117111206,4,0.5,,20
double_cake,ccka,ccka_lr0_1_lr0_01_lr0_01_optgd_epochs100_epochs0_001_epochs0_001_clusters8__rep1,0,0.925,tensor(0.1824, grad_fn=<SqueezeBackward0>),tensor(1.3408, grad_fn=<AddBackward0>),320,276.45865082740784,8,0.5,,20
double_cake,ccka,ccka_lr0_1_lr0_01_lr0_01_optgd_epochs100_epochs0_001_epochs0_001_clusters6__rep1,8,0.925,tensor(0.1852, grad_fn=<SqueezeBackward0>),tensor(1.3177, grad_fn=<AddBackward0>),2160,311.3819718360901,6,0.5,,20
double_cake,ccka,ccka_lr0_1_lr0_01_lr0_01_optgd_epochs100_epochs0_001_epochs0_001_clusters8__rep1,1,0.925,tensor(0.1870, grad_fn=<SqueezeBackward0>),tensor(0.8019, grad_fn=<AddBackward0>),640,299.8390293121338,8,0.5,,20
double_cake,ccka,ccka_lr0_1_lr0_01_lr0_01_optgd_epochs100_epochs0_001_epochs0_001_clusters6__rep1,9,0.925,tensor(0.1869, grad_fn=<SqueezeBackward0>),tensor(1.0659, grad_fn=<AddBackward0>),2400,292.7359688282013,6,0.5,,20
double_cake,ccka,ccka_lr0_1_lr0_01_lr0_01_optgd_epochs100_epochs0_001_epochs0_001_clusters8__rep1,2,0.925,tensor(0.1729, grad_fn=<SqueezeBackward0>),tensor(1.3375, grad_fn=<AddBackward0>),960,313.2710859775543,8,0.5,,20
double_cake,ccka,ccka_lr0_1_lr0_01_lr0_01_optgd_epochs100_epochs0_001_epochs0_001_clusters10__rep1,0,0.925,tensor(0.1869, grad_fn=<SqueezeBackward0>),tensor(1.4237, grad_fn=<AddBackward0>),400,283.90455412864685,10,0.5,,20
double_cake,ccka,ccka_lr0_1_lr0_01_lr0_01_optgd_epochs100_epochs0_001_epochs0_001_clusters2__rep1,0,0.875,tensor(0.1814, grad_fn=<SqueezeBackward0>),tensor(0.5036, grad_fn=<AddBackward0>),80,36.34763216972351,2,0.5,,20
double_cake,ccka,ccka_lr0_1_lr0_01_lr0_01_optgd_epochs100_epochs0_001_epochs0_001_clusters2__rep1,1,0.875,tensor(0.1788, grad_fn=<SqueezeBackward0>),tensor(1.1726, grad_fn=<AddBackward0>),160,37.847028970718384,2,0.5,,20
double_cake,ccka,ccka_lr0_1_lr0_01_lr0_01_optgd_epochs100_epochs0_001_epochs0_001_clusters2__rep1,2,0.8125,tensor(0.1810, grad_fn=<SqueezeBackward0>),tensor(0.4654, grad_fn=<AddBackward0>),240,36.99289011955261,2,0.5,,20
double_cake,ccka,ccka_lr0_1_lr0_01_lr0_01_optgd_epochs100_epochs0_001_epochs0_001_clusters2__rep1,3,0.8125,tensor(0.1784, grad_fn=<SqueezeBackward0>),tensor(1.2467, grad_fn=<AddBackward0>),320,35.17227005958557,2,0.5,,20
double_cake,ccka,ccka_lr0_1_lr0_01_lr0_01_optgd_epochs100_epochs0_001_epochs0_001_clusters2__rep1,4,0.8125,tensor(0.1716, grad_fn=<SqueezeBackward0>),tensor(0.4492, grad_fn=<AddBackward0>),400,36.907309770584106,2,0.5,,20
double_cake,ccka,ccka_lr0_1_lr0_01_lr0_01_optgd_epochs100_epochs0_001_epochs0_001_clusters8__rep1,3,0.925,tensor(0.1796, grad_fn=<SqueezeBackward0>),tensor(0.8067, grad_fn=<AddBackward0>),1280,273.0931680202484,8,0.5,,20
double_cake,ccka,ccka_lr0_1_lr0_01_lr0_01_optgd_epochs100_epochs0_001_epochs0_001_clusters10__rep1,1,0.925,tensor(0.1855, grad_fn=<SqueezeBackward0>),tensor(0.9234, grad_fn=<AddBackward0>),800,265.16470408439636,10,0.5,,20
double_cake,ccka,ccka_lr0_1_lr0_01_lr0_01_optgd_epochs100_epochs0_001_epochs0_001_clusters2__rep1,5,0.8125,tensor(0.1753, grad_fn=<SqueezeBackward0>),tensor(1.2547, grad_fn=<AddBackward0>),480,39.081154108047485,2,0.5,,20
double_cake,ccka,ccka_lr0_1_lr0_01_lr0_01_optgd_epochs100_epochs0_001_epochs0_001_clusters2__rep1,6,0.8125,tensor(0.1668, grad_fn=<SqueezeBackward0>),tensor(0.4414, grad_fn=<AddBackward0>),560,36.92724800109863,2,0.5,,20
double_cake,ccka,ccka_lr0_1_lr0_01_lr0_01_optgd_epochs100_epochs0_001_epochs0_001_clusters2__rep1,7,0.875,tensor(0.1668, grad_fn=<SqueezeBackward0>),tensor(1.1781, grad_fn=<AddBackward0>),640,37.816986083984375,2,0.5,,20
double_cake,ccka,ccka_lr0_1_lr0_01_lr0_01_optgd_epochs100_epochs0_001_epochs0_001_clusters2__rep1,8,0.8125,tensor(0.1637, grad_fn=<SqueezeBackward0>),tensor(0.4391, grad_fn=<AddBackward0>),720,39.994588136672974,2,0.5,,20
double_cake,ccka,ccka_lr0_1_lr0_01_lr0_01_optgd_epochs100_epochs0_001_epochs0_001_clusters2__rep1,9,0.8125,tensor(0.1667, grad_fn=<SqueezeBackward0>),tensor(1.0436, grad_fn=<AddBackward0>),800,38.750510692596436,2,0.5,,20
double_cake,ccka,ccka_lr0_1_lr0_01_lr0_01_optgd_epochs100_epochs0_001_epochs0_001_clusters8__rep1,4,0.925,tensor(0.1654, grad_fn=<SqueezeBackward0>),tensor(1.3291, grad_fn=<AddBackward0>),1600,285.55388879776,8,0.5,,20
double_cake,ccka,ccka_lr0_1_lr0_01_lr0_01_optgd_epochs100_epochs0_001_epochs0_001_clusters4__rep1,0,0.9375,tensor(0.1989, grad_fn=<SqueezeBackward0>),tensor(0.6149, grad_fn=<AddBackward0>),160,37.24300575256348,4,0.5,,20
double_cake,ccka,ccka_lr0_1_lr0_01_lr0_01_optgd_epochs100_epochs0_001_epochs0_001_clusters10__rep1,2,0.925,tensor(0.1782, grad_fn=<SqueezeBackward0>),tensor(1.4072, grad_fn=<AddBackward0>),1200,293.1587760448456,10,0.5,,20
double_cake,ccka,ccka_lr0_1_lr0_01_lr0_01_optgd_epochs100_epochs0_001_epochs0_001_clusters4__rep1,1,0.9375,tensor(0.1614, grad_fn=<SqueezeBackward0>),tensor(0.5121, grad_fn=<AddBackward0>),320,37.99056887626648,4,0.5,,20
double_cake,ccka,ccka_lr0_1_lr0_01_lr0_01_optgd_epochs100_epochs0_001_epochs0_001_clusters4__rep1,2,0.9375,tensor(0.1902, grad_fn=<SqueezeBackward0>),tensor(0.5412, grad_fn=<AddBackward0>),480,38.880971908569336,4,0.5,,20
double_cake,ccka,ccka_lr0_1_lr0_01_lr0_01_optgd_epochs100_epochs0_001_epochs0_001_clusters4__rep1,3,0.9375,tensor(0.1694, grad_fn=<SqueezeBackward0>),tensor(0.4673, grad_fn=<AddBackward0>),640,38.4217529296875,4,0.5,,20
double_cake,ccka,ccka_lr0_1_lr0_01_lr0_01_optgd_epochs100_epochs0_001_epochs0_001_clusters4__rep1,4,0.9375,tensor(0.1887, grad_fn=<SqueezeBackward0>),tensor(0.4835, grad_fn=<AddBackward0>),800,43.32190799713135,4,0.5,,20
double_cake,ccka,ccka_lr0_1_lr0_01_lr0_01_optgd_epochs100_epochs0_001_epochs0_001_clusters4__rep1,5,0.9375,tensor(0.1762, grad_fn=<SqueezeBackward0>),tensor(0.4579, grad_fn=<AddBackward0>),960,36.887961864471436,4,0.5,,20
double_cake,ccka,ccka_lr0_1_lr0_01_lr0_01_optgd_epochs100_epochs0_001_epochs0_001_clusters4__rep1,6,0.9375,tensor(0.1872, grad_fn=<SqueezeBackward0>),tensor(0.4595, grad_fn=<AddBackward0>),1120,41.765276193618774,4,0.5,,20
double_cake,ccka,ccka_lr0_1_lr0_01_lr0_01_optgd_epochs100_epochs0_001_epochs0_001_clusters4__rep1,7,0.9375,tensor(0.1798, grad_fn=<SqueezeBackward0>),tensor(0.4526, grad_fn=<AddBackward0>),1280,38.46376705169678,4,0.5,,20
double_cake,ccka,ccka_lr0_1_lr0_01_lr0_01_optgd_epochs100_epochs0_001_epochs0_001_clusters8__rep1,5,0.925,tensor(0.1728, grad_fn=<SqueezeBackward0>),tensor(0.8195, grad_fn=<AddBackward0>),1920,293.728187084198,8,0.5,,20
double_cake,ccka,ccka_lr0_1_lr0_01_lr0_01_optgd_epochs100_epochs0_001_epochs0_001_clusters4__rep1,8,0.9375,tensor(0.1842, grad_fn=<SqueezeBackward0>),tensor(0.4522, grad_fn=<AddBackward0>),1440,38.10017204284668,4,0.5,,20
double_cake,ccka,ccka_lr0_1_lr0_01_lr0_01_optgd_epochs100_epochs0_001_epochs0_001_clusters10__rep1,3,0.925,tensor(0.1782, grad_fn=<SqueezeBackward0>),tensor(0.9159, grad_fn=<AddBackward0>),1600,290.7560729980469,10,0.5,,20
double_cake,ccka,ccka_lr0_1_lr0_01_lr0_01_optgd_epochs100_epochs0_001_epochs0_001_clusters4__rep1,9,0.9375,tensor(0.1810, grad_fn=<SqueezeBackward0>),tensor(0.4499, grad_fn=<AddBackward0>),1600,39.57096600532532,4,0.5,,20
double_cake,ccka,ccka_lr0_1_lr0_01_lr0_01_optgd_epochs100_epochs0_001_epochs0_001_clusters6__rep1,0,0.875,tensor(0.1933, grad_fn=<SqueezeBackward0>),tensor(0.5507, grad_fn=<AddBackward0>),240,36.710509061813354,6,0.5,,20
double_cake,ccka,ccka_lr0_1_lr0_01_lr0_01_optgd_epochs100_epochs0_001_epochs0_001_clusters6__rep1,1,0.9375,tensor(0.1682, grad_fn=<SqueezeBackward0>),tensor(0.7008, grad_fn=<AddBackward0>),480,42.31772804260254,6,0.5,,20
double_cake,ccka,ccka_lr0_1_lr0_01_lr0_01_optgd_epochs100_epochs0_001_epochs0_001_clusters6__rep1,2,0.9375,tensor(0.1874, grad_fn=<SqueezeBackward0>),tensor(0.5170, grad_fn=<AddBackward0>),720,37.11728620529175,6,0.5,,20
double_cake,ccka,ccka_lr0_1_lr0_01_lr0_01_optgd_epochs100_epochs0_001_epochs0_001_clusters8__rep1,6,0.925,tensor(0.1611, grad_fn=<SqueezeBackward0>),tensor(1.3280, grad_fn=<AddBackward0>),2240,286.06261801719666,8,0.5,,20
double_cake,ccka,ccka_lr0_1_lr0_01_lr0_01_optgd_epochs100_epochs0_001_epochs0_001_clusters6__rep1,3,0.9375,tensor(0.1647, grad_fn=<SqueezeBackward0>),tensor(0.5771, grad_fn=<AddBackward0>),960,38.598803997039795,6,0.5,,20
double_cake,ccka,ccka_lr0_1_lr0_01_lr0_01_optgd_epochs100_epochs0_001_epochs0_001_clusters10__rep1,4,0.925,tensor(0.1714, grad_fn=<SqueezeBackward0>),tensor(1.3879, grad_fn=<AddBackward0>),2000,286.4049048423767,10,0.5,,20
double_cake,ccka,ccka_lr0_1_lr0_01_lr0_01_optgd_epochs100_epochs0_001_epochs0_001_clusters6__rep1,4,0.9375,tensor(0.1746, grad_fn=<SqueezeBackward0>),tensor(0.4709, grad_fn=<AddBackward0>),1200,38.70976519584656,6,0.5,,20
double_cake,ccka,ccka_lr0_1_lr0_01_lr0_01_optgd_epochs100_epochs0_001_epochs0_001_clusters6__rep1,5,1.0,tensor(0.1558, grad_fn=<SqueezeBackward0>),tensor(0.5488, grad_fn=<AddBackward0>),1440,39.319759130477905,6,0.5,,20
double_cake,ccka,ccka_lr0_1_lr0_01_lr0_01_optgd_epochs100_epochs0_001_epochs0_001_clusters6__rep1,6,0.9375,tensor(0.1624, grad_fn=<SqueezeBackward0>),tensor(0.4519, grad_fn=<AddBackward0>),1680,40.51259112358093,6,0.5,,20
double_cake,ccka,ccka_lr0_1_lr0_01_lr0_01_optgd_epochs100_epochs0_001_epochs0_001_clusters6__rep1,7,1.0,tensor(0.1512, grad_fn=<SqueezeBackward0>),tensor(0.5273, grad_fn=<AddBackward0>),1920,41.04483413696289,6,0.5,,20
double_cake,ccka,ccka_lr0_1_lr0_01_lr0_01_optgd_epochs100_epochs0_001_epochs0_001_clusters6__rep1,8,0.9375,tensor(0.1551, grad_fn=<SqueezeBackward0>),tensor(0.4470, grad_fn=<AddBackward0>),2160,37.2581262588501,6,0.5,,20
double_cake,ccka,ccka_lr0_1_lr0_01_lr0_01_optgd_epochs100_epochs0_001_epochs0_001_clusters6__rep1,9,0.9375,tensor(0.1495, grad_fn=<SqueezeBackward0>),tensor(0.5180, grad_fn=<AddBackward0>),2400,42.29703092575073,6,0.5,,20
double_cake,ccka,ccka_lr0_1_lr0_01_lr0_01_optgd_epochs100_epochs0_001_epochs0_001_clusters8__rep1,7,0.925,tensor(0.1683, grad_fn=<SqueezeBackward0>),tensor(0.8434, grad_fn=<AddBackward0>),2560,291.89494705200195,8,0.5,,20
double_cake,ccka,ccka_lr0_1_lr0_01_lr0_01_optgd_epochs100_epochs0_001_epochs0_001_clusters10__rep1,5,0.925,tensor(0.1729, grad_fn=<SqueezeBackward0>),tensor(0.9108, grad_fn=<AddBackward0>),2400,287.21775102615356,10,0.5,,20
double_cake,ccka,ccka_lr0_1_lr0_01_lr0_01_optgd_epochs100_epochs0_001_epochs0_001_clusters8__rep1,0,0.9375,tensor(0.1811, grad_fn=<SqueezeBackward0>),tensor(0.6025, grad_fn=<AddBackward0>),320,38.37793183326721,8,0.5,,20
double_cake,ccka,ccka_lr0_1_lr0_01_lr0_01_optgd_epochs100_epochs0_001_epochs0_001_clusters8__rep1,1,0.9375,tensor(0.1655, grad_fn=<SqueezeBackward0>),tensor(0.8105, grad_fn=<AddBackward0>),640,41.43620705604553,8,0.5,,20
double_cake,ccka,ccka_lr0_1_lr0_01_lr0_01_optgd_epochs100_epochs0_001_epochs0_001_clusters8__rep1,2,0.9375,tensor(0.1818, grad_fn=<SqueezeBackward0>),tensor(0.5383, grad_fn=<AddBackward0>),960,42.207074880599976,8,0.5,,20
double_cake,ccka,ccka_lr0_1_lr0_01_lr0_01_optgd_epochs100_epochs0_001_epochs0_001_clusters8__rep1,3,0.9375,tensor(0.1613, grad_fn=<SqueezeBackward0>),tensor(0.5972, grad_fn=<AddBackward0>),1280,40.295289754867554,8,0.5,,20
double_cake,ccka,ccka_lr0_1_lr0_01_lr0_01_optgd_epochs100_epochs0_001_epochs0_001_clusters8__rep1,4,0.9375,tensor(0.1800, grad_fn=<SqueezeBackward0>),tensor(0.5053, grad_fn=<AddBackward0>),1600,36.58433794975281,8,0.5,,20
double_cake,ccka,ccka_lr0_1_lr0_01_lr0_01_optgd_epochs100_epochs0_001_epochs0_001_clusters8__rep1,5,0.9375,tensor(0.1628, grad_fn=<SqueezeBackward0>),tensor(0.5259, grad_fn=<AddBackward0>),1920,40.70488715171814,8,0.5,,20
double_cake,ccka,ccka_lr0_1_lr0_01_lr0_01_optgd_epochs100_epochs0_001_epochs0_001_clusters8__rep1,8,0.925,tensor(0.1591, grad_fn=<SqueezeBackward0>),tensor(1.3406, grad_fn=<AddBackward0>),2880,273.9630846977234,8,0.5,,20
double_cake,ccka,ccka_lr0_1_lr0_01_lr0_01_optgd_epochs100_epochs0_001_epochs0_001_clusters10__rep1,6,0.925,tensor(0.1690, grad_fn=<SqueezeBackward0>),tensor(1.3672, grad_fn=<AddBackward0>),2800,280.76919078826904,10,0.5,,20
double_cake,ccka,ccka_lr0_1_lr0_01_lr0_01_optgd_epochs100_epochs0_001_epochs0_001_clusters8__rep1,6,0.9375,tensor(0.1786, grad_fn=<SqueezeBackward0>),tensor(0.4858, grad_fn=<AddBackward0>),2240,41.22361493110657,8,0.5,,20
double_cake,ccka,ccka_lr0_1_lr0_01_lr0_01_optgd_epochs100_epochs0_001_epochs0_001_clusters8__rep1,7,1.0,tensor(0.1671, grad_fn=<SqueezeBackward0>),tensor(0.5104, grad_fn=<AddBackward0>),2560,39.98183488845825,8,0.5,,20
double_cake,ccka,ccka_lr0_1_lr0_01_lr0_01_optgd_epochs100_epochs0_001_epochs0_001_clusters8__rep1,8,0.9375,tensor(0.1777, grad_fn=<SqueezeBackward0>),tensor(0.4761, grad_fn=<AddBackward0>),2880,40.564379930496216,8,0.5,,20
double_cake,ccka,ccka_lr0_1_lr0_01_lr0_01_optgd_epochs100_epochs0_001_epochs0_001_clusters8__rep1,9,0.9375,tensor(0.1702, grad_fn=<SqueezeBackward0>),tensor(0.4919, grad_fn=<AddBackward0>),3200,42.145477294921875,8,0.5,,20
double_cake,ccka,ccka_lr0_1_lr0_01_lr0_01_optgd_epochs100_epochs0_001_epochs0_001_clusters10__rep1,0,0.9375,tensor(0.1810, grad_fn=<SqueezeBackward0>),tensor(0.6264, grad_fn=<AddBackward0>),400,39.66978883743286,10,0.5,,20
double_cake,ccka,ccka_lr0_1_lr0_01_lr0_01_optgd_epochs100_epochs0_001_epochs0_001_clusters8__rep1,9,0.925,tensor(0.1656, grad_fn=<SqueezeBackward0>),tensor(0.8806, grad_fn=<AddBackward0>),3200,279.1233186721802,8,0.5,,20
double_cake,ccka,ccka_lr0_1_lr0_01_lr0_01_optgd_epochs100_epochs0_001_epochs0_001_clusters10__rep1,1,0.9375,tensor(0.1697, grad_fn=<SqueezeBackward0>),tensor(0.7594, grad_fn=<AddBackward0>),800,39.19536471366882,10,0.5,,20
double_cake,ccka,ccka_lr0_1_lr0_01_lr0_01_optgd_epochs100_epochs0_001_epochs0_001_clusters10__rep1,7,0.925,tensor(0.1707, grad_fn=<SqueezeBackward0>),tensor(0.9085, grad_fn=<AddBackward0>),3200,289.970801115036,10,0.5,,20
double_cake,ccka,ccka_lr0_1_lr0_01_lr0_01_optgd_epochs100_epochs0_001_epochs0_001_clusters10__rep1,2,0.9375,tensor(0.1748, grad_fn=<SqueezeBackward0>),tensor(0.5411, grad_fn=<AddBackward0>),1200,39.22033500671387,10,0.5,,20
double_cake,ccka,ccka_lr0_1_lr0_01_lr0_01_optgd_epochs100_epochs0_001_epochs0_001_clusters10__rep1,3,0.9375,tensor(0.1658, grad_fn=<SqueezeBackward0>),tensor(0.5931, grad_fn=<AddBackward0>),1600,38.692699909210205,10,0.5,,20
double_cake,ccka,ccka_lr0_1_lr0_01_lr0_01_optgd_epochs100_epochs0_001_epochs0_001_clusters10__rep1,4,0.875,tensor(0.1743, grad_fn=<SqueezeBackward0>),tensor(0.5190, grad_fn=<AddBackward0>),2000,40.45841693878174,10,0.5,,20
double_cake,ccka,ccka_lr0_1_lr0_01_lr0_01_optgd_epochs100_epochs0_001_epochs0_001_clusters10__rep1,5,0.875,tensor(0.1722, grad_fn=<SqueezeBackward0>),tensor(0.5191, grad_fn=<AddBackward0>),2400,37.32110285758972,10,0.5,,20
double_cake,ccka,ccka_lr0_1_lr0_01_lr0_01_optgd_epochs100_epochs0_001_epochs0_001_clusters10__rep1,6,0.875,tensor(0.1781, grad_fn=<SqueezeBackward0>),tensor(0.4945, grad_fn=<AddBackward0>),2800,42.07332181930542,10,0.5,,20
double_cake,ccka,ccka_lr0_1_lr0_01_lr0_01_optgd_epochs100_epochs0_001_epochs0_001_clusters10__rep1,7,0.9375,tensor(0.1811, grad_fn=<SqueezeBackward0>),tensor(0.4857, grad_fn=<AddBackward0>),3200,38.9142689704895,10,0.5,,20
double_cake,ccka,ccka_lr0_1_lr0_01_lr0_01_optgd_epochs100_epochs0_001_epochs0_001_clusters10__rep1,8,0.9375,tensor(0.1850, grad_fn=<SqueezeBackward0>),tensor(0.4737, grad_fn=<AddBackward0>),3600,38.35183024406433,10,0.5,,20
double_cake,ccka,ccka_lr0_1_lr0_01_lr0_01_optgd_epochs100_epochs0_001_epochs0_001_clusters10__rep1,8,0.925,tensor(0.1701, grad_fn=<SqueezeBackward0>),tensor(1.3460, grad_fn=<AddBackward0>),3600,273.7221612930298,10,0.5,,20
double_cake,ccka,ccka_lr0_1_lr0_01_lr0_01_optgd_epochs100_epochs0_001_epochs0_001_clusters10__rep1,9,0.9375,tensor(0.1866, grad_fn=<SqueezeBackward0>),tensor(0.4745, grad_fn=<AddBackward0>),4000,39.661502838134766,10,0.5,,20
double_cake,ccka,ccka_lr0_1_lr0_01_lr0_01_optgd_epochs100_epochs0_001_epochs0_001_clusters2__rep1,0,1.0,tensor(0.1750, grad_fn=<SqueezeBackward0>),tensor(0.8237, grad_fn=<AddBackward0>),80,79.26508688926697,2,0.5,,20
double_cake,ccka,ccka_lr0_1_lr0_01_lr0_01_optgd_epochs100_epochs0_001_epochs0_001_clusters2__rep1,1,1.0,tensor(0.1975, grad_fn=<SqueezeBackward0>),tensor(1.1439, grad_fn=<AddBackward0>),160,80.282231092453,2,0.5,,20
double_cake,ccka,ccka_lr0_1_lr0_01_lr0_01_optgd_epochs100_epochs0_001_epochs0_001_clusters4__rep1,0,1.0,tensor(0.1616, grad_fn=<SqueezeBackward0>),tensor(0.6954, grad_fn=<AddBackward0>),160,78.71033191680908,4,0.5,,20
double_cake,ccka,ccka_lr0_1_lr0_01_lr0_01_optgd_epochs100_epochs0_001_epochs0_001_clusters10__rep1,9,0.925,tensor(0.1709, grad_fn=<SqueezeBackward0>),tensor(0.9085, grad_fn=<AddBackward0>),4000,243.63002586364746,10,0.5,,20
double_cake,ccka,ccka_lr0_1_lr0_01_lr0_01_optgd_epochs100_epochs0_001_epochs0_001_clusters2__rep1,2,1.0,tensor(0.1994, grad_fn=<SqueezeBackward0>),tensor(0.7629, grad_fn=<AddBackward0>),240,81.19118213653564,2,0.5,,20
double_cake,ccka,ccka_lr0_1_lr0_01_lr0_01_optgd_epochs100_epochs0_001_epochs0_001_clusters4__rep1,1,1.0,tensor(0.1738, grad_fn=<SqueezeBackward0>),tensor(0.5012, grad_fn=<AddBackward0>),320,82.15727996826172,4,0.5,,20
double_cake,ccka,ccka_lr0_1_lr0_01_lr0_01_optgd_epochs100_epochs0_001_epochs0_001_clusters2__rep1,3,0.9583333333333334,tensor(0.1878, grad_fn=<SqueezeBackward0>),tensor(0.5404, grad_fn=<AddBackward0>),320,83.77738189697266,2,0.5,,20
double_cake,ccka,ccka_lr0_1_lr0_01_lr0_01_optgd_epochs100_epochs0_001_epochs0_001_clusters4__rep1,2,1.0,tensor(0.1772, grad_fn=<SqueezeBackward0>),tensor(0.4824, grad_fn=<AddBackward0>),480,81.47272396087646,4,0.5,,20
double_cake,ccka,ccka_lr0_1_lr0_01_lr0_01_optgd_epochs100_epochs0_001_epochs0_001_clusters2__rep1,4,0.9166666666666666,tensor(0.1707, grad_fn=<SqueezeBackward0>),tensor(0.7191, grad_fn=<AddBackward0>),400,78.81063103675842,2,0.5,,20
double_cake,ccka,ccka_lr0_1_lr0_01_lr0_01_optgd_epochs100_epochs0_001_epochs0_001_clusters4__rep1,3,1.0,tensor(0.1762, grad_fn=<SqueezeBackward0>),tensor(0.4603, grad_fn=<AddBackward0>),640,86.8906397819519,4,0.5,,20
double_cake,ccka,ccka_lr0_1_lr0_01_lr0_01_optgd_epochs100_epochs0_001_epochs0_001_clusters2__rep1,5,0.9583333333333334,tensor(0.1626, grad_fn=<SqueezeBackward0>),tensor(0.4447, grad_fn=<AddBackward0>),480,77.74801087379456,2,0.5,,20
double_cake,ccka,ccka_lr0_1_lr0_01_lr0_01_optgd_epochs100_epochs0_001_epochs0_001_clusters4__rep1,4,1.0,tensor(0.1727, grad_fn=<SqueezeBackward0>),tensor(0.4612, grad_fn=<AddBackward0>),800,73.82806873321533,4,0.5,,20
double_cake,ccka,ccka_lr0_1_lr0_01_lr0_01_optgd_epochs100_epochs0_001_epochs0_001_clusters2__rep1,6,0.9166666666666666,tensor(0.1696, grad_fn=<SqueezeBackward0>),tensor(0.9119, grad_fn=<AddBackward0>),560,78.49625968933105,2,0.5,,20
double_cake,ccka,ccka_lr0_1_lr0_01_lr0_01_optgd_epochs100_epochs0_001_epochs0_001_clusters4__rep1,5,1.0,tensor(0.1731, grad_fn=<SqueezeBackward0>),tensor(0.4514, grad_fn=<AddBackward0>),960,79.3869309425354,4,0.5,,20
double_cake,ccka,ccka_lr0_1_lr0_01_lr0_01_optgd_epochs100_epochs0_001_epochs0_001_clusters6__rep1,0,0.9166666666666666,tensor(0.1568, grad_fn=<SqueezeBackward0>),tensor(0.5366, grad_fn=<AddBackward0>),240,79.08424806594849,6,0.5,,20
double_cake,ccka,ccka_lr0_1_lr0_01_lr0_01_optgd_epochs100_epochs0_001_epochs0_001_clusters2__rep1,7,0.9166666666666666,tensor(0.1651, grad_fn=<SqueezeBackward0>),tensor(0.4372, grad_fn=<AddBackward0>),640,81.67633819580078,2,0.5,,20
double_cake,ccka,ccka_lr0_1_lr0_01_lr0_01_optgd_epochs100_epochs0_001_epochs0_001_clusters4__rep1,6,1.0,tensor(0.1716, grad_fn=<SqueezeBackward0>),tensor(0.4572, grad_fn=<AddBackward0>),1120,79.76183986663818,4,0.5,,20
double_cake,ccka,ccka_lr0_1_lr0_01_lr0_01_optgd_epochs100_epochs0_001_epochs0_001_clusters6__rep1,1,0.9166666666666666,tensor(0.1722, grad_fn=<SqueezeBackward0>),tensor(0.5716, grad_fn=<AddBackward0>),480,80.08212614059448,6,0.5,,20
double_cake,ccka,ccka_lr0_1_lr0_01_lr0_01_optgd_epochs100_epochs0_001_epochs0_001_clusters2__rep1,8,0.9583333333333334,tensor(0.1699, grad_fn=<SqueezeBackward0>),tensor(1.0510, grad_fn=<AddBackward0>),720,73.7410056591034,2,0.5,,20
double_cake,ccka,ccka_lr0_1_lr0_01_lr0_01_optgd_epochs100_epochs0_001_epochs0_001_clusters4__rep1,7,1.0,tensor(0.1723, grad_fn=<SqueezeBackward0>),tensor(0.4490, grad_fn=<AddBackward0>),1280,82.29668188095093,4,0.5,,20
double_cake,ccka,ccka_lr0_1_lr0_01_lr0_01_optgd_epochs100_epochs0_001_epochs0_001_clusters6__rep1,2,0.9583333333333334,tensor(0.1577, grad_fn=<SqueezeBackward0>),tensor(0.4628, grad_fn=<AddBackward0>),720,80.57215905189514,6,0.5,,20
double_cake,ccka,ccka_lr0_1_lr0_01_lr0_01_optgd_epochs100_epochs0_001_epochs0_001_clusters2__rep1,9,0.9583333333333334,tensor(0.1678, grad_fn=<SqueezeBackward0>),tensor(0.4348, grad_fn=<AddBackward0>),800,81.3233630657196,2,0.5,,20
double_cake,ccka,ccka_lr0_1_lr0_01_lr0_01_optgd_epochs100_epochs0_001_epochs0_001_clusters4__rep1,8,1.0,tensor(0.1716, grad_fn=<SqueezeBackward0>),tensor(0.4545, grad_fn=<AddBackward0>),1440,77.45981431007385,4,0.5,,20
double_cake,ccka,ccka_lr0_1_lr0_01_lr0_01_optgd_epochs100_epochs0_001_epochs0_001_clusters6__rep1,3,0.9583333333333334,tensor(0.1657, grad_fn=<SqueezeBackward0>),tensor(0.4640, grad_fn=<AddBackward0>),960,77.59308910369873,6,0.5,,20
double_cake,ccka,ccka_lr0_1_lr0_01_lr0_01_optgd_epochs100_epochs0_001_epochs0_001_clusters4__rep1,9,1.0,tensor(0.1718, grad_fn=<SqueezeBackward0>),tensor(0.4478, grad_fn=<AddBackward0>),1600,77.10413789749146,4,0.5,,20
double_cake,ccka,ccka_lr0_1_lr0_01_lr0_01_optgd_epochs100_epochs0_001_epochs0_001_clusters6__rep1,4,0.9166666666666666,tensor(0.1624, grad_fn=<SqueezeBackward0>),tensor(0.4469, grad_fn=<AddBackward0>),1200,79.86201286315918,6,0.5,,20
double_cake,ccka,ccka_lr0_1_lr0_01_lr0_01_optgd_epochs100_epochs0_001_epochs0_001_clusters6__rep1,5,0.9583333333333334,tensor(0.1664, grad_fn=<SqueezeBackward0>),tensor(0.4489, grad_fn=<AddBackward0>),1440,79.76536893844604,6,0.5,,20
double_cake,ccka,ccka_lr0_1_lr0_01_lr0_01_optgd_epochs100_epochs0_001_epochs0_001_clusters8__rep1,0,0.9166666666666666,tensor(0.1708, grad_fn=<SqueezeBackward0>),tensor(0.6341, grad_fn=<AddBackward0>),320,78.37647914886475,8,0.5,,20
double_cake,ccka,ccka_lr0_1_lr0_01_lr0_01_optgd_epochs100_epochs0_001_epochs0_001_clusters6__rep1,6,0.9166666666666666,tensor(0.1633, grad_fn=<SqueezeBackward0>),tensor(0.4448, grad_fn=<AddBackward0>),1680,79.43673491477966,6,0.5,,20
double_cake,ccka,ccka_lr0_1_lr0_01_lr0_01_optgd_epochs100_epochs0_001_epochs0_001_clusters8__rep1,1,0.9583333333333334,tensor(0.1682, grad_fn=<SqueezeBackward0>),tensor(0.6344, grad_fn=<AddBackward0>),640,80.43763494491577,8,0.5,,20
double_cake,ccka,ccka_lr0_1_lr0_01_lr0_01_optgd_epochs100_epochs0_001_epochs0_001_clusters10__rep1,0,0.9583333333333334,tensor(0.1684, grad_fn=<SqueezeBackward0>),tensor(0.6372, grad_fn=<AddBackward0>),400,77.53953099250793,10,0.5,,20
double_cake,ccka,ccka_lr0_1_lr0_01_lr0_01_optgd_epochs100_epochs0_001_epochs0_001_clusters6__rep1,7,0.9166666666666666,tensor(0.1670, grad_fn=<SqueezeBackward0>),tensor(0.4450, grad_fn=<AddBackward0>),1920,80.00259304046631,6,0.5,,20
double_cake,ccka,ccka_lr0_1_lr0_01_lr0_01_optgd_epochs100_epochs0_001_epochs0_001_clusters8__rep1,2,0.9583333333333334,tensor(0.1820, grad_fn=<SqueezeBackward0>),tensor(0.5266, grad_fn=<AddBackward0>),960,80.52749800682068,8,0.5,,20
double_cake,ccka,ccka_lr0_1_lr0_01_lr0_01_optgd_epochs100_epochs0_001_epochs0_001_clusters10__rep1,1,1.0,tensor(0.1790, grad_fn=<SqueezeBackward0>),tensor(0.6751, grad_fn=<AddBackward0>),800,81.74428510665894,10,0.5,,20
double_cake,ccka,ccka_lr0_1_lr0_01_lr0_01_optgd_epochs100_epochs0_001_epochs0_001_clusters6__rep1,8,0.9166666666666666,tensor(0.1638, grad_fn=<SqueezeBackward0>),tensor(0.4443, grad_fn=<AddBackward0>),2160,79.63919615745544,6,0.5,,20
double_cake,ccka,ccka_lr0_1_lr0_01_lr0_01_optgd_epochs100_epochs0_001_epochs0_001_clusters8__rep1,3,0.9166666666666666,tensor(0.1687, grad_fn=<SqueezeBackward0>),tensor(0.5166, grad_fn=<AddBackward0>),1280,81.16961407661438,8,0.5,,20
double_cake,ccka,ccka_lr0_1_lr0_01_lr0_01_optgd_epochs100_epochs0_001_epochs0_001_clusters10__rep1,2,1.0,tensor(0.1713, grad_fn=<SqueezeBackward0>),tensor(0.5459, grad_fn=<AddBackward0>),1200,81.5411901473999,10,0.5,,20
double_cake,ccka,ccka_lr0_1_lr0_01_lr0_01_optgd_epochs100_epochs0_001_epochs0_001_clusters6__rep1,9,0.9166666666666666,tensor(0.1673, grad_fn=<SqueezeBackward0>),tensor(0.4431, grad_fn=<AddBackward0>),2400,82.73374104499817,6,0.5,,20
double_cake,ccka,ccka_lr0_1_lr0_01_lr0_01_optgd_epochs100_epochs0_001_epochs0_001_clusters8__rep1,4,1.0,tensor(0.1819, grad_fn=<SqueezeBackward0>),tensor(0.5012, grad_fn=<AddBackward0>),1600,77.53839778900146,8,0.5,,20
double_cake,ccka,ccka_lr0_1_lr0_01_lr0_01_optgd_epochs100_epochs0_001_epochs0_001_clusters10__rep1,3,1.0,tensor(0.1804, grad_fn=<SqueezeBackward0>),tensor(0.5734, grad_fn=<AddBackward0>),1600,81.32917404174805,10,0.5,,20
double_cake,ccka,ccka_lr0_1_lr0_01_lr0_01_optgd_epochs100_epochs0_001_epochs0_001_clusters8__rep1,5,0.9583333333333334,tensor(0.1801, grad_fn=<SqueezeBackward0>),tensor(0.4874, grad_fn=<AddBackward0>),1920,82.09808373451233,8,0.5,,20
double_cake,ccka,ccka_lr0_1_lr0_01_lr0_01_optgd_epochs100_epochs0_001_epochs0_001_clusters10__rep1,4,1.0,tensor(0.1762, grad_fn=<SqueezeBackward0>),tensor(0.5576, grad_fn=<AddBackward0>),2000,78.45828104019165,10,0.5,,20
double_cake,ccka,ccka_lr0_1_lr0_01_lr0_01_optgd_epochs100_epochs0_001_epochs0_001_clusters8__rep1,6,1.0,tensor(0.1896, grad_fn=<SqueezeBackward0>),tensor(0.4686, grad_fn=<AddBackward0>),2240,81.73980283737183,8,0.5,,20
double_cake,ccka,ccka_lr0_1_lr0_01_lr0_01_optgd_epochs100_epochs0_001_epochs0_001_clusters10__rep1,5,1.0,tensor(0.1836, grad_fn=<SqueezeBackward0>),tensor(0.5418, grad_fn=<AddBackward0>),2400,78.77919101715088,10,0.5,,20
double_cake,ccka,ccka_lr0_1_lr0_01_lr0_01_optgd_epochs100_epochs0_001_epochs0_001_clusters8__rep1,7,1.0,tensor(0.1925, grad_fn=<SqueezeBackward0>),tensor(0.4758, grad_fn=<AddBackward0>),2560,81.63510298728943,8,0.5,,20
double_cake,ccka,ccka_lr0_1_lr0_01_lr0_01_optgd_epochs100_epochs0_001_epochs0_001_clusters10__rep1,6,1.0,tensor(0.1815, grad_fn=<SqueezeBackward0>),tensor(0.5415, grad_fn=<AddBackward0>),2800,85.16643691062927,10,0.5,,20
double_cake,ccka,ccka_lr0_1_lr0_01_lr0_01_optgd_epochs100_epochs0_001_epochs0_001_clusters8__rep1,8,1.0,tensor(0.1963, grad_fn=<SqueezeBackward0>),tensor(0.4521, grad_fn=<AddBackward0>),2880,85.69282674789429,8,0.5,,20
double_cake,ccka,ccka_lr0_1_lr0_01_lr0_01_optgd_epochs100_epochs0_001_epochs0_001_clusters10__rep1,7,1.0,tensor(0.1904, grad_fn=<SqueezeBackward0>),tensor(0.5152, grad_fn=<AddBackward0>),3200,88.81550002098083,10,0.5,,20
double_cake,ccka,ccka_lr0_1_lr0_01_lr0_01_optgd_epochs100_epochs0_001_epochs0_001_clusters8__rep1,9,1.0,tensor(0.1985, grad_fn=<SqueezeBackward0>),tensor(0.4675, grad_fn=<AddBackward0>),3200,84.8769211769104,8,0.5,,20
double_cake,ccka,ccka_lr0_1_lr0_01_lr0_01_optgd_epochs100_epochs0_001_epochs0_001_clusters10__rep1,8,1.0,tensor(0.1864, grad_fn=<SqueezeBackward0>),tensor(0.5248, grad_fn=<AddBackward0>),3600,84.46828389167786,10,0.5,,20
double_cake,ccka,ccka_lr0_1_lr0_01_lr0_01_optgd_epochs100_epochs0_001_epochs0_001_clusters2__rep1,0,0.925,tensor(0.1644, grad_fn=<SqueezeBackward0>),tensor(0.4575, grad_fn=<AddBackward0>),80,235.46973204612732,2,0.5,,20
double_cake,ccka,ccka_lr0_1_lr0_01_lr0_01_optgd_epochs100_epochs0_001_epochs0_001_clusters10__rep1,9,1.0,tensor(0.1972, grad_fn=<SqueezeBackward0>),tensor(0.4971, grad_fn=<AddBackward0>),4000,84.8942379951477,10,0.5,,20
double_cake,ccka,ccka_lr0_1_lr0_01_lr0_01_optgd_epochs100_epochs0_001_epochs0_001_clusters2__rep1,1,0.925,tensor(0.1730, grad_fn=<SqueezeBackward0>),tensor(0.5412, grad_fn=<AddBackward0>),160,249.80726766586304,2,0.5,,20
double_cake,ccka,ccka_lr0_1_lr0_01_lr0_01_optgd_epochs100_epochs0_001_epochs0_001_clusters4__rep1,0,0.95,tensor(0.1650, grad_fn=<SqueezeBackward0>),tensor(0.5356, grad_fn=<AddBackward0>),160,300.0947871208191,4,0.5,,20
double_cake,ccka,ccka_lr0_1_lr0_01_lr0_01_optgd_epochs100_epochs0_001_epochs0_001_clusters2__rep1,2,0.925,tensor(0.1799, grad_fn=<SqueezeBackward0>),tensor(0.4441, grad_fn=<AddBackward0>),240,338.6965010166168,2,0.5,,20
double_cake,ccka,ccka_lr0_1_lr0_01_lr0_01_optgd_epochs100_epochs0_001_epochs0_001_clusters6__rep1,0,0.925,tensor(0.1639, grad_fn=<SqueezeBackward0>),tensor(0.6314, grad_fn=<AddBackward0>),240,325.544713973999,6,0.5,,20
double_cake,ccka,ccka_lr0_1_lr0_01_lr0_01_optgd_epochs100_epochs0_001_epochs0_001_clusters4__rep1,1,0.925,tensor(0.1463, grad_fn=<SqueezeBackward0>),tensor(0.6837, grad_fn=<AddBackward0>),320,349.8058400154114,4,0.5,,20
double_cake,ccka,ccka_lr0_1_lr0_01_lr0_01_optgd_epochs100_epochs0_001_epochs0_001_clusters2__rep1,3,0.925,tensor(0.1750, grad_fn=<SqueezeBackward0>),tensor(0.4395, grad_fn=<AddBackward0>),320,353.8121201992035,2,0.5,,20
double_cake,ccka,ccka_lr0_1_lr0_01_lr0_01_optgd_epochs100_epochs0_001_epochs0_001_clusters6__rep1,1,0.925,tensor(0.1680, grad_fn=<SqueezeBackward0>),tensor(0.5071, grad_fn=<AddBackward0>),480,374.23839592933655,6,0.5,,20
double_cake,ccka,ccka_lr0_1_lr0_01_lr0_01_optgd_epochs100_epochs0_001_epochs0_001_clusters4__rep1,2,0.95,tensor(0.1379, grad_fn=<SqueezeBackward0>),tensor(0.4592, grad_fn=<AddBackward0>),480,360.80497002601624,4,0.5,,20
double_cake,ccka,ccka_lr0_1_lr0_01_lr0_01_optgd_epochs100_epochs0_001_epochs0_001_clusters2__rep1,4,0.925,tensor(0.1769, grad_fn=<SqueezeBackward0>),tensor(0.4403, grad_fn=<AddBackward0>),400,364.72280406951904,2,0.5,,20
double_cake,ccka,ccka_lr0_1_lr0_01_lr0_01_optgd_epochs100_epochs0_001_epochs0_001_clusters6__rep1,2,0.925,tensor(0.1796, grad_fn=<SqueezeBackward0>),tensor(0.5865, grad_fn=<AddBackward0>),720,346.52535796165466,6,0.5,,20
double_cake,ccka,ccka_lr0_1_lr0_01_lr0_01_optgd_epochs100_epochs0_001_epochs0_001_clusters4__rep1,3,0.925,tensor(0.1664, grad_fn=<SqueezeBackward0>),tensor(0.5297, grad_fn=<AddBackward0>),640,359.9800298213959,4,0.5,,20
double_cake,ccka,ccka_lr0_1_lr0_01_lr0_01_optgd_epochs100_epochs0_001_epochs0_001_clusters2__rep1,5,0.925,tensor(0.1772, grad_fn=<SqueezeBackward0>),tensor(0.4389, grad_fn=<AddBackward0>),480,377.93969106674194,2,0.5,,20
double_cake,ccka,ccka_lr0_1_lr0_01_lr0_01_optgd_epochs100_epochs0_001_epochs0_001_clusters6__rep1,3,0.925,tensor(0.1669, grad_fn=<SqueezeBackward0>),tensor(0.4828, grad_fn=<AddBackward0>),960,384.24814200401306,6,0.5,,20
double_cake,ccka,ccka_lr0_1_lr0_01_lr0_01_optgd_epochs100_epochs0_001_epochs0_001_clusters4__rep1,4,0.925,tensor(0.1497, grad_fn=<SqueezeBackward0>),tensor(0.4513, grad_fn=<AddBackward0>),800,355.7425217628479,4,0.5,,20
double_cake,ccka,ccka_lr0_1_lr0_01_lr0_01_optgd_epochs100_epochs0_001_epochs0_001_clusters2__rep1,6,0.925,tensor(0.1780, grad_fn=<SqueezeBackward0>),tensor(0.4390, grad_fn=<AddBackward0>),560,354.5113799571991,2,0.5,,20
double_cake,ccka,ccka_lr0_1_lr0_01_lr0_01_optgd_epochs100_epochs0_001_epochs0_001_clusters6__rep1,4,0.95,tensor(0.1715, grad_fn=<SqueezeBackward0>),tensor(0.5411, grad_fn=<AddBackward0>),1200,345.70982122421265,6,0.5,,20
double_cake,ccka,ccka_lr0_1_lr0_01_lr0_01_optgd_epochs100_epochs0_001_epochs0_001_clusters4__rep1,5,0.925,tensor(0.1712, grad_fn=<SqueezeBackward0>),tensor(0.4823, grad_fn=<AddBackward0>),960,364.85076808929443,4,0.5,,20
double_cake,ccka,ccka_lr0_1_lr0_01_lr0_01_optgd_epochs100_epochs0_001_epochs0_001_clusters2__rep1,7,0.925,tensor(0.1786, grad_fn=<SqueezeBackward0>),tensor(0.4381, grad_fn=<AddBackward0>),640,365.51034903526306,2,0.5,,20
double_cake,ccka,ccka_lr0_1_lr0_01_lr0_01_optgd_epochs100_epochs0_001_epochs0_001_clusters6__rep1,5,0.9,tensor(0.1593, grad_fn=<SqueezeBackward0>),tensor(0.4743, grad_fn=<AddBackward0>),1440,346.1897568702698,6,0.5,,20
double_cake,ccka,ccka_lr0_1_lr0_01_lr0_01_optgd_epochs100_epochs0_001_epochs0_001_clusters4__rep1,6,0.925,tensor(0.1571, grad_fn=<SqueezeBackward0>),tensor(0.4492, grad_fn=<AddBackward0>),1120,353.9510178565979,4,0.5,,20
double_cake,ccka,ccka_lr0_1_lr0_01_lr0_01_optgd_epochs100_epochs0_001_epochs0_001_clusters2__rep1,8,0.925,tensor(0.1788, grad_fn=<SqueezeBackward0>),tensor(0.4380, grad_fn=<AddBackward0>),720,345.2257237434387,2,0.5,,20
double_cake,ccka,ccka_lr0_1_lr0_01_lr0_01_optgd_epochs100_epochs0_001_epochs0_001_clusters6__rep1,6,0.95,tensor(0.1587, grad_fn=<SqueezeBackward0>),tensor(0.5070, grad_fn=<AddBackward0>),1680,370.44356393814087,6,0.5,,20
double_cake,ccka,ccka_lr0_1_lr0_01_lr0_01_optgd_epochs100_epochs0_001_epochs0_001_clusters4__rep1,7,0.925,tensor(0.1699, grad_fn=<SqueezeBackward0>),tensor(0.4629, grad_fn=<AddBackward0>),1280,354.4150331020355,4,0.5,,20
double_cake,ccka,ccka_lr0_1_lr0_01_lr0_01_optgd_epochs100_epochs0_001_epochs0_001_clusters2__rep1,9,0.925,tensor(0.1794, grad_fn=<SqueezeBackward0>),tensor(0.4372, grad_fn=<AddBackward0>),800,363.1954996585846,2,0.5,,20
double_cake,ccka,ccka_lr0_1_lr0_01_lr0_01_optgd_epochs100_epochs0_001_epochs0_001_clusters6__rep1,7,0.9,tensor(0.1513, grad_fn=<SqueezeBackward0>),tensor(0.4634, grad_fn=<AddBackward0>),1920,335.9182667732239,6,0.5,,20
double_cake,ccka,ccka_lr0_1_lr0_01_lr0_01_optgd_epochs100_epochs0_001_epochs0_001_clusters4__rep1,8,0.925,tensor(0.1593, grad_fn=<SqueezeBackward0>),tensor(0.4485, grad_fn=<AddBackward0>),1440,324.7903048992157,4,0.5,,20
double_cake,ccka,ccka_lr0_1_lr0_01_lr0_01_optgd_epochs100_epochs0_001_epochs0_001_clusters6__rep1,8,0.975,tensor(0.1502, grad_fn=<SqueezeBackward0>),tensor(0.4705, grad_fn=<AddBackward0>),2160,345.51775002479553,6,0.5,,20
double_cake,ccka,ccka_lr0_1_lr0_01_lr0_01_optgd_epochs100_epochs0_001_epochs0_001_clusters4__rep1,9,0.925,tensor(0.1664, grad_fn=<SqueezeBackward0>),tensor(0.4540, grad_fn=<AddBackward0>),1600,331.56720781326294,4,0.5,,20
double_cake,ccka,ccka_lr0_1_lr0_01_lr0_01_optgd_epochs100_epochs0_001_epochs0_001_clusters6__rep1,9,0.925,tensor(0.1440, grad_fn=<SqueezeBackward0>),tensor(0.4507, grad_fn=<AddBackward0>),2400,309.48961091041565,6,0.5,,20
double_cake,ccka,ccka_lr0_1_lr0_01_lr0_01_optgd_epochs100_epochs0_001_epochs0_001_clusters8__rep1,0,0.925,tensor(0.1811, grad_fn=<SqueezeBackward0>),tensor(0.7186, grad_fn=<AddBackward0>),320,280.0158591270447,8,0.5,,20
double_cake,ccka,ccka_lr0_1_lr0_01_lr0_01_optgd_epochs100_epochs0_001_epochs0_001_clusters8__rep1,1,0.925,tensor(0.1847, grad_fn=<SqueezeBackward0>),tensor(0.8210, grad_fn=<AddBackward0>),640,258.42862725257874,8,0.5,,20
double_cake,ccka,ccka_lr0_1_lr0_01_lr0_01_optgd_epochs100_epochs0_001_epochs0_001_clusters10__rep1,0,0.925,tensor(0.1939, grad_fn=<SqueezeBackward0>),tensor(0.6691, grad_fn=<AddBackward0>),400,227.77645611763,10,0.5,,20
double_cake,ccka,ccka_lr0_1_lr0_01_lr0_01_optgd_epochs100_epochs0_001_epochs0_001_clusters8__rep1,2,0.925,tensor(0.1961, grad_fn=<SqueezeBackward0>),tensor(0.5875, grad_fn=<AddBackward0>),960,228.20245099067688,8,0.5,,20
double_cake,ccka,ccka_lr0_1_lr0_01_lr0_01_optgd_epochs100_epochs0_001_epochs0_001_clusters10__rep1,1,0.9,tensor(0.1977, grad_fn=<SqueezeBackward0>),tensor(0.6652, grad_fn=<AddBackward0>),800,9380.52326798439,10,0.5,,20
double_cake,ccka,ccka_lr0_1_lr0_01_lr0_01_optgd_epochs100_epochs0_001_epochs0_001_clusters8__rep1,3,0.925,tensor(0.1981, grad_fn=<SqueezeBackward0>),tensor(0.5787, grad_fn=<AddBackward0>),1280,10623.912090301514,8,0.5,,20
double_cake,ccka,ccka_lr0_1_lr0_01_lr0_01_optgd_epochs100_epochs0_001_epochs0_001_clusters10__rep1,2,0.925,tensor(0.1946, grad_fn=<SqueezeBackward0>),tensor(0.5202, grad_fn=<AddBackward0>),1200,1499.1242439746857,10,0.5,,20
double_cake,ccka,ccka_lr0_1_lr0_01_lr0_01_optgd_epochs100_epochs0_001_epochs0_001_clusters8__rep1,4,0.925,tensor(0.1976, grad_fn=<SqueezeBackward0>),tensor(0.5266, grad_fn=<AddBackward0>),1600,289.1639931201935,8,0.5,,20
double_cake,ccka,ccka_lr0_1_lr0_01_lr0_01_optgd_epochs100_epochs0_001_epochs0_001_clusters10__rep1,3,0.925,tensor(0.2018, grad_fn=<SqueezeBackward0>),tensor(0.5641, grad_fn=<AddBackward0>),1600,297.19541597366333,10,0.5,,20
double_cake,ccka,ccka_lr0_1_lr0_01_lr0_01_optgd_epochs100_epochs0_001_epochs0_001_clusters8__rep1,5,0.925,tensor(0.1956, grad_fn=<SqueezeBackward0>),tensor(0.5105, grad_fn=<AddBackward0>),1920,289.09707283973694,8,0.5,,20
double_cake,ccka,ccka_lr0_1_lr0_01_lr0_01_optgd_epochs100_epochs0_001_epochs0_001_clusters10__rep1,4,0.925,tensor(0.1952, grad_fn=<SqueezeBackward0>),tensor(0.5110, grad_fn=<AddBackward0>),2000,286.64058899879456,10,0.5,,20
double_cake,ccka,ccka_lr0_1_lr0_01_lr0_01_optgd_epochs100_epochs0_001_epochs0_001_clusters8__rep1,6,0.925,tensor(0.1947, grad_fn=<SqueezeBackward0>),tensor(0.5111, grad_fn=<AddBackward0>),2240,288.49807929992676,8,0.5,,20
double_cake,ccka,ccka_lr0_1_lr0_01_lr0_01_optgd_epochs100_epochs0_001_epochs0_001_clusters10__rep1,5,0.925,tensor(0.1991, grad_fn=<SqueezeBackward0>),tensor(0.5322, grad_fn=<AddBackward0>),2400,290.91849398612976,10,0.5,,20
double_cake,ccka,ccka_lr0_1_lr0_01_lr0_01_optgd_epochs100_epochs0_001_epochs0_001_clusters8__rep1,7,0.925,tensor(0.1936, grad_fn=<SqueezeBackward0>),tensor(0.4798, grad_fn=<AddBackward0>),2560,285.1559319496155,8,0.5,,20
double_cake,ccka,ccka_lr0_1_lr0_01_lr0_01_optgd_epochs100_epochs0_001_epochs0_001_clusters10__rep1,6,0.925,tensor(0.1899, grad_fn=<SqueezeBackward0>),tensor(0.5303, grad_fn=<AddBackward0>),2800,276.5782160758972,10,0.5,,20
double_cake,ccka,ccka_lr0_1_lr0_01_lr0_01_optgd_epochs100_epochs0_001_epochs0_001_clusters8__rep1,8,0.925,tensor(0.1893, grad_fn=<SqueezeBackward0>),tensor(0.4988, grad_fn=<AddBackward0>),2880,284.472128868103,8,0.5,,20
double_cake,ccka,ccka_lr0_1_lr0_01_lr0_01_optgd_epochs100_epochs0_001_epochs0_001_clusters10__rep1,7,0.925,tensor(0.2018, grad_fn=<SqueezeBackward0>),tensor(0.6078, grad_fn=<AddBackward0>),3200,292.6866581439972,10,0.5,,20
double_cake,ccka,ccka_lr0_1_lr0_01_lr0_01_optgd_epochs100_epochs0_001_epochs0_001_clusters8__rep1,9,0.925,tensor(0.1920, grad_fn=<SqueezeBackward0>),tensor(0.4691, grad_fn=<AddBackward0>),3200,308.61513328552246,8,0.5,,20
double_cake,ccka,ccka_lr0_1_lr0_01_lr0_01_optgd_epochs100_epochs0_001_epochs0_001_clusters10__rep1,8,0.925,tensor(0.1958, grad_fn=<SqueezeBackward0>),tensor(0.6061, grad_fn=<AddBackward0>),3600,270.4889657497406,10,0.5,,20
double_cake,ccka,ccka_lr0_1_lr0_01_lr0_01_optgd_epochs100_epochs0_001_epochs0_001_clusters10__rep1,9,0.925,tensor(0.1914, grad_fn=<SqueezeBackward0>),tensor(0.6112, grad_fn=<AddBackward0>),4000,213.81765389442444,10,0.5,,20
double_cake,ccka,ccka_lr0_1_lr0_01_lr0_01_optgd_epochs100_epochs0_001_epochs0_001_clusters2__rep1,0,0.625,tensor(0.1866, grad_fn=<SqueezeBackward0>),tensor(0.8732, grad_fn=<AddBackward0>),80,8.685354948043823,2,0.5,,20
double_cake,ccka,ccka_lr0_1_lr0_01_lr0_01_optgd_epochs100_epochs0_001_epochs0_001_clusters4__rep1,0,0.625,tensor(0.1892, grad_fn=<SqueezeBackward0>),tensor(0.6817, grad_fn=<AddBackward0>),160,9.423667907714844,4,0.5,,20
double_cake,ccka,ccka_lr0_1_lr0_01_lr0_01_optgd_epochs100_epochs0_001_epochs0_001_clusters6__rep1,0,1.0,tensor(0.1796, grad_fn=<SqueezeBackward0>),tensor(0.7590, grad_fn=<AddBackward0>),240,9.99786114692688,6,0.5,,20
double_cake,ccka,ccka_lr0_1_lr0_01_lr0_01_optgd_epochs100_epochs0_001_epochs0_001_clusters2__rep1,1,0.625,tensor(0.2068, grad_fn=<SqueezeBackward0>),tensor(0.8344, grad_fn=<AddBackward0>),160,8.445699214935303,2,0.5,,20
double_cake,ccka,ccka_lr0_1_lr0_01_lr0_01_optgd_epochs100_epochs0_001_epochs0_001_clusters4__rep1,1,0.625,tensor(0.1911, grad_fn=<SqueezeBackward0>),tensor(1.2604, grad_fn=<AddBackward0>),320,9.047959089279175,4,0.5,,20
double_cake,ccka,ccka_lr0_1_lr0_01_lr0_01_optgd_epochs100_epochs0_001_epochs0_001_clusters6__rep1,1,0.75,tensor(0.1805, grad_fn=<SqueezeBackward0>),tensor(1.3135, grad_fn=<AddBackward0>),480,9.78297209739685,6,0.5,,20
double_cake,ccka,ccka_lr0_1_lr0_01_lr0_01_optgd_epochs100_epochs0_001_epochs0_001_clusters2__rep1,2,0.875,tensor(0.2177, grad_fn=<SqueezeBackward0>),tensor(0.7321, grad_fn=<AddBackward0>),240,8.919281005859375,2,0.5,,20
double_cake,ccka,ccka_lr0_1_lr0_01_lr0_01_optgd_epochs100_epochs0_001_epochs0_001_clusters4__rep1,2,0.625,tensor(0.1943, grad_fn=<SqueezeBackward0>),tensor(0.5665, grad_fn=<AddBackward0>),480,9.514402866363525,4,0.5,,20
double_cake,ccka,ccka_lr0_1_lr0_01_lr0_01_optgd_epochs100_epochs0_001_epochs0_001_clusters6__rep1,2,0.75,tensor(0.1762, grad_fn=<SqueezeBackward0>),tensor(0.7439, grad_fn=<AddBackward0>),720,10.33404803276062,6,0.5,,20
double_cake,ccka,ccka_lr0_1_lr0_01_lr0_01_optgd_epochs100_epochs0_001_epochs0_001_clusters2__rep1,3,0.625,tensor(0.2343, grad_fn=<SqueezeBackward0>),tensor(0.6634, grad_fn=<AddBackward0>),320,8.357136964797974,2,0.5,,20
double_cake,ccka,ccka_lr0_1_lr0_01_lr0_01_optgd_epochs100_epochs0_001_epochs0_001_clusters4__rep1,3,0.625,tensor(0.1915, grad_fn=<SqueezeBackward0>),tensor(1.1605, grad_fn=<AddBackward0>),640,9.497561931610107,4,0.5,,20
double_cake,ccka,ccka_lr0_1_lr0_01_lr0_01_optgd_epochs100_epochs0_001_epochs0_001_clusters6__rep1,3,0.625,tensor(0.1820, grad_fn=<SqueezeBackward0>),tensor(1.2884, grad_fn=<AddBackward0>),960,10.014878988265991,6,0.5,,20
double_cake,ccka,ccka_lr0_1_lr0_01_lr0_01_optgd_epochs100_epochs0_001_epochs0_001_clusters2__rep1,4,0.625,tensor(0.2267, grad_fn=<SqueezeBackward0>),tensor(0.6506, grad_fn=<AddBackward0>),400,8.781850099563599,2,0.5,,20
double_cake,ccka,ccka_lr0_1_lr0_01_lr0_01_optgd_epochs100_epochs0_001_epochs0_001_clusters4__rep1,4,0.625,tensor(0.1967, grad_fn=<SqueezeBackward0>),tensor(0.5197, grad_fn=<AddBackward0>),800,9.276330947875977,4,0.5,,20
double_cake,ccka,ccka_lr0_1_lr0_01_lr0_01_optgd_epochs100_epochs0_001_epochs0_001_clusters6__rep1,4,0.625,tensor(0.1782, grad_fn=<SqueezeBackward0>),tensor(0.7285, grad_fn=<AddBackward0>),1200,9.990459680557251,6,0.5,,20
double_cake,ccka,ccka_lr0_1_lr0_01_lr0_01_optgd_epochs100_epochs0_001_epochs0_001_clusters2__rep1,5,0.625,tensor(0.2348, grad_fn=<SqueezeBackward0>),tensor(0.6536, grad_fn=<AddBackward0>),480,8.649245023727417,2,0.5,,20
double_cake,ccka,ccka_lr0_1_lr0_01_lr0_01_optgd_epochs100_epochs0_001_epochs0_001_clusters4__rep1,5,0.875,tensor(0.1963, grad_fn=<SqueezeBackward0>),tensor(1.0151, grad_fn=<AddBackward0>),960,9.244175672531128,4,0.5,,20
double_cake,ccka,ccka_lr0_1_lr0_01_lr0_01_optgd_epochs100_epochs0_001_epochs0_001_clusters6__rep1,5,0.75,tensor(0.1830, grad_fn=<SqueezeBackward0>),tensor(1.2813, grad_fn=<AddBackward0>),1440,9.739458799362183,6,0.5,,20
double_cake,ccka,ccka_lr0_1_lr0_01_lr0_01_optgd_epochs100_epochs0_001_epochs0_001_clusters2__rep1,6,0.625,tensor(0.2234, grad_fn=<SqueezeBackward0>),tensor(1.4360, grad_fn=<AddBackward0>),560,8.813472986221313,2,0.5,,20
double_cake,ccka,ccka_lr0_1_lr0_01_lr0_01_optgd_epochs100_epochs0_001_epochs0_001_clusters4__rep1,6,0.75,tensor(0.1983, grad_fn=<SqueezeBackward0>),tensor(0.4994, grad_fn=<AddBackward0>),1120,9.273591041564941,4,0.5,,20
double_cake,ccka,ccka_lr0_1_lr0_01_lr0_01_optgd_epochs100_epochs0_001_epochs0_001_clusters2__rep1,7,0.625,tensor(0.2120, grad_fn=<SqueezeBackward0>),tensor(1.3682, grad_fn=<AddBackward0>),640,8.631830930709839,2,0.5,,20
double_cake,ccka,ccka_lr0_1_lr0_01_lr0_01_optgd_epochs100_epochs0_001_epochs0_001_clusters6__rep1,6,0.625,tensor(0.1810, grad_fn=<SqueezeBackward0>),tensor(0.7174, grad_fn=<AddBackward0>),1680,10.421952962875366,6,0.5,,20
double_cake,ccka,ccka_lr0_1_lr0_01_lr0_01_optgd_epochs100_epochs0_001_epochs0_001_clusters4__rep1,7,0.875,tensor(0.1972, grad_fn=<SqueezeBackward0>),tensor(0.8959, grad_fn=<AddBackward0>),1280,9.64793610572815,4,0.5,,20
double_cake,ccka,ccka_lr0_1_lr0_01_lr0_01_optgd_epochs100_epochs0_001_epochs0_001_clusters2__rep1,8,1.0,tensor(0.1916, grad_fn=<SqueezeBackward0>),tensor(1.4814, grad_fn=<AddBackward0>),720,8.97493600845337,2,0.5,,20
double_cake,ccka,ccka_lr0_1_lr0_01_lr0_01_optgd_epochs100_epochs0_001_epochs0_001_clusters6__rep1,7,0.75,tensor(0.1835, grad_fn=<SqueezeBackward0>),tensor(1.2930, grad_fn=<AddBackward0>),1920,9.990586042404175,6,0.5,,20
double_cake,ccka,ccka_lr0_1_lr0_01_lr0_01_optgd_epochs100_epochs0_001_epochs0_001_clusters4__rep1,8,0.75,tensor(0.1998, grad_fn=<SqueezeBackward0>),tensor(0.4916, grad_fn=<AddBackward0>),1440,9.049145936965942,4,0.5,,20
double_cake,ccka,ccka_lr0_1_lr0_01_lr0_01_optgd_epochs100_epochs0_001_epochs0_001_clusters2__rep1,9,0.625,tensor(0.1744, grad_fn=<SqueezeBackward0>),tensor(1.3630, grad_fn=<AddBackward0>),800,8.755812168121338,2,0.5,,20
double_cake,ccka,ccka_lr0_1_lr0_01_lr0_01_optgd_epochs100_epochs0_001_epochs0_001_clusters6__rep1,8,0.625,tensor(0.1809, grad_fn=<SqueezeBackward0>),tensor(0.7155, grad_fn=<AddBackward0>),2160,10.035705804824829,6,0.5,,20
double_cake,ccka,ccka_lr0_1_lr0_01_lr0_01_optgd_epochs100_epochs0_001_epochs0_001_clusters4__rep1,9,0.875,tensor(0.1994, grad_fn=<SqueezeBackward0>),tensor(0.8239, grad_fn=<AddBackward0>),1600,9.41700792312622,4,0.5,,20
double_cake,ccka,ccka_lr0_1_lr0_01_lr0_01_optgd_epochs100_epochs0_001_epochs0_001_clusters6__rep1,9,0.75,tensor(0.1832, grad_fn=<SqueezeBackward0>),tensor(1.3307, grad_fn=<AddBackward0>),2400,9.743950128555298,6,0.5,,20
double_cake,ccka,ccka_lr0_1_lr0_01_lr0_01_optgd_epochs100_epochs0_001_epochs0_001_clusters8__rep1,0,0.875,tensor(0.1800, grad_fn=<SqueezeBackward0>),tensor(0.7149, grad_fn=<AddBackward0>),320,10.846213102340698,8,0.5,,20
double_cake,ccka,ccka_lr0_1_lr0_01_lr0_01_optgd_epochs100_epochs0_001_epochs0_001_clusters10__rep1,0,1.0,tensor(0.1966, grad_fn=<SqueezeBackward0>),tensor(0.7351, grad_fn=<AddBackward0>),400,10.795602083206177,10,0.5,,20
double_cake,ccka,ccka_lr0_1_lr0_01_lr0_01_optgd_epochs100_epochs0_001_epochs0_001_clusters8__rep1,1,0.875,tensor(0.1790, grad_fn=<SqueezeBackward0>),tensor(1.3815, grad_fn=<AddBackward0>),640,10.302474021911621,8,0.5,,20
double_cake,ccka,ccka_lr0_1_lr0_01_lr0_01_optgd_epochs100_epochs0_001_epochs0_001_clusters10__rep1,1,1.0,tensor(0.1874, grad_fn=<SqueezeBackward0>),tensor(1.2960, grad_fn=<AddBackward0>),800,11.183290004730225,10,0.5,,20
double_cake,ccka,ccka_lr0_1_lr0_01_lr0_01_optgd_epochs100_epochs0_001_epochs0_001_clusters8__rep1,2,0.875,tensor(0.1791, grad_fn=<SqueezeBackward0>),tensor(0.7112, grad_fn=<AddBackward0>),960,10.656692028045654,8,0.5,,20
double_cake,ccka,ccka_lr0_1_lr0_01_lr0_01_optgd_epochs100_epochs0_001_epochs0_001_clusters10__rep1,2,1.0,tensor(0.1993, grad_fn=<SqueezeBackward0>),tensor(0.7028, grad_fn=<AddBackward0>),1200,11.208637952804565,10,0.5,,20
double_cake,ccka,ccka_lr0_1_lr0_01_lr0_01_optgd_epochs100_epochs0_001_epochs0_001_clusters8__rep1,3,0.625,tensor(0.1802, grad_fn=<SqueezeBackward0>),tensor(1.2725, grad_fn=<AddBackward0>),1280,10.667288064956665,8,0.5,,20
double_cake,ccka,ccka_lr0_1_lr0_01_lr0_01_optgd_epochs100_epochs0_001_epochs0_001_clusters2__rep1,0,1.0,tensor(0.1800, grad_fn=<SqueezeBackward0>),tensor(0.4982, grad_fn=<AddBackward0>),80,18.802344799041748,2,0.5,,20
double_cake,ccka,ccka_lr0_1_lr0_01_lr0_01_optgd_epochs100_epochs0_001_epochs0_001_clusters10__rep1,3,1.0,tensor(0.2012, grad_fn=<SqueezeBackward0>),tensor(1.1770, grad_fn=<AddBackward0>),1600,11.894450902938843,10,0.5,,20
double_cake,ccka,ccka_lr0_1_lr0_01_lr0_01_optgd_epochs100_epochs0_001_epochs0_001_clusters8__rep1,4,0.625,tensor(0.1738, grad_fn=<SqueezeBackward0>),tensor(0.7085, grad_fn=<AddBackward0>),1600,11.041430234909058,8,0.5,,20
double_cake,ccka,ccka_lr0_1_lr0_01_lr0_01_optgd_epochs100_epochs0_001_epochs0_001_clusters2__rep1,1,1.0,tensor(0.1889, grad_fn=<SqueezeBackward0>),tensor(0.6440, grad_fn=<AddBackward0>),160,19.34768581390381,2,0.5,,20
double_cake,ccka,ccka_lr0_1_lr0_01_lr0_01_optgd_epochs100_epochs0_001_epochs0_001_clusters10__rep1,4,1.0,tensor(0.1975, grad_fn=<SqueezeBackward0>),tensor(0.6801, grad_fn=<AddBackward0>),2000,10.94304609298706,10,0.5,,20
double_cake,ccka,ccka_lr0_1_lr0_01_lr0_01_optgd_epochs100_epochs0_001_epochs0_001_clusters8__rep1,5,0.875,tensor(0.1834, grad_fn=<SqueezeBackward0>),tensor(1.1223, grad_fn=<AddBackward0>),1920,10.434672117233276,8,0.5,,20
double_cake,ccka,ccka_lr0_1_lr0_01_lr0_01_optgd_epochs100_epochs0_001_epochs0_001_clusters10__rep1,5,1.0,tensor(0.2007, grad_fn=<SqueezeBackward0>),tensor(1.0459, grad_fn=<AddBackward0>),2400,11.063529253005981,10,0.5,,20
double_cake,ccka,ccka_lr0_1_lr0_01_lr0_01_optgd_epochs100_epochs0_001_epochs0_001_clusters8__rep1,6,0.75,tensor(0.1756, grad_fn=<SqueezeBackward0>),tensor(0.7104, grad_fn=<AddBackward0>),2240,10.824304103851318,8,0.5,,20
double_cake,ccka,ccka_lr0_1_lr0_01_lr0_01_optgd_epochs100_epochs0_001_epochs0_001_clusters2__rep1,2,1.0,tensor(0.1840, grad_fn=<SqueezeBackward0>),tensor(0.4730, grad_fn=<AddBackward0>),240,19.482764959335327,2,0.5,,20
double_cake,ccka,ccka_lr0_1_lr0_01_lr0_01_optgd_epochs100_epochs0_001_epochs0_001_clusters10__rep1,6,0.75,tensor(0.1958, grad_fn=<SqueezeBackward0>),tensor(0.6407, grad_fn=<AddBackward0>),2800,11.22548508644104,10,0.5,,20
double_cake,ccka,ccka_lr0_1_lr0_01_lr0_01_optgd_epochs100_epochs0_001_epochs0_001_clusters8__rep1,7,1.0,tensor(0.1891, grad_fn=<SqueezeBackward0>),tensor(1.0038, grad_fn=<AddBackward0>),2560,10.384002923965454,8,0.5,,20
double_cake,ccka,ccka_lr0_1_lr0_01_lr0_01_optgd_epochs100_epochs0_001_epochs0_001_clusters8__rep1,8,0.875,tensor(0.1832, grad_fn=<SqueezeBackward0>),tensor(0.7185, grad_fn=<AddBackward0>),2880,10.63093876838684,8,0.5,,20
double_cake,ccka,ccka_lr0_1_lr0_01_lr0_01_optgd_epochs100_epochs0_001_epochs0_001_clusters10__rep1,7,0.875,tensor(0.2063, grad_fn=<SqueezeBackward0>),tensor(0.9316, grad_fn=<AddBackward0>),3200,11.58128809928894,10,0.5,,20
double_cake,ccka,ccka_lr0_1_lr0_01_lr0_01_optgd_epochs100_epochs0_001_epochs0_001_clusters2__rep1,3,1.0,tensor(0.1889, grad_fn=<SqueezeBackward0>),tensor(0.5808, grad_fn=<AddBackward0>),320,19.927824020385742,2,0.5,,20
double_cake,ccka,ccka_lr0_1_lr0_01_lr0_01_optgd_epochs100_epochs0_001_epochs0_001_clusters8__rep1,9,1.0,tensor(0.1950, grad_fn=<SqueezeBackward0>),tensor(0.9184, grad_fn=<AddBackward0>),3200,10.703645944595337,8,0.5,,20
double_cake,ccka,ccka_lr0_1_lr0_01_lr0_01_optgd_epochs100_epochs0_001_epochs0_001_clusters10__rep1,8,0.625,tensor(0.1999, grad_fn=<SqueezeBackward0>),tensor(0.5781, grad_fn=<AddBackward0>),3600,11.024769067764282,10,0.5,,20
double_cake,ccka,ccka_lr0_1_lr0_01_lr0_01_optgd_epochs100_epochs0_001_epochs0_001_clusters10__rep1,9,0.875,tensor(0.2094, grad_fn=<SqueezeBackward0>),tensor(0.8514, grad_fn=<AddBackward0>),4000,11.059725046157837,10,0.5,,20
double_cake,ccka,ccka_lr0_1_lr0_01_lr0_01_optgd_epochs100_epochs0_001_epochs0_001_clusters2__rep1,4,1.0,tensor(0.1868, grad_fn=<SqueezeBackward0>),tensor(0.4887, grad_fn=<AddBackward0>),400,19.600106954574585,2,0.5,,20
double_cake,ccka,ccka_lr0_1_lr0_01_lr0_01_optgd_epochs100_epochs0_001_epochs0_001_clusters2__rep1,5,0.9166666666666666,tensor(0.1888, grad_fn=<SqueezeBackward0>),tensor(0.5301, grad_fn=<AddBackward0>),480,19.005311965942383,2,0.5,,20
double_cake,ccka,ccka_lr0_1_lr0_01_lr0_01_optgd_epochs100_epochs0_001_epochs0_001_clusters4__rep1,0,0.9166666666666666,tensor(0.1661, grad_fn=<SqueezeBackward0>),tensor(0.7439, grad_fn=<AddBackward0>),160,19.511201858520508,4,0.5,,20
double_cake,ccka,ccka_lr0_1_lr0_01_lr0_01_optgd_epochs100_epochs0_001_epochs0_001_clusters2__rep1,6,0.9166666666666666,tensor(0.1894, grad_fn=<SqueezeBackward0>),tensor(0.5046, grad_fn=<AddBackward0>),560,18.890932083129883,2,0.5,,20
double_cake,ccka,ccka_lr0_1_lr0_01_lr0_01_optgd_epochs100_epochs0_001_epochs0_001_clusters6__rep1,0,0.9166666666666666,tensor(0.1721, grad_fn=<SqueezeBackward0>),tensor(0.5945, grad_fn=<AddBackward0>),240,20.130087852478027,6,0.5,,20
double_cake,ccka,ccka_lr0_1_lr0_01_lr0_01_optgd_epochs100_epochs0_001_epochs0_001_clusters4__rep1,1,1.0,tensor(0.1705, grad_fn=<SqueezeBackward0>),tensor(0.7593, grad_fn=<AddBackward0>),320,19.84591269493103,4,0.5,,20
double_cake,ccka,ccka_lr0_1_lr0_01_lr0_01_optgd_epochs100_epochs0_001_epochs0_001_clusters2__rep1,7,0.9166666666666666,tensor(0.1895, grad_fn=<SqueezeBackward0>),tensor(0.4912, grad_fn=<AddBackward0>),640,20.164706230163574,2,0.5,,20
double_cake,ccka,ccka_lr0_1_lr0_01_lr0_01_optgd_epochs100_epochs0_001_epochs0_001_clusters6__rep1,1,1.0,tensor(0.1774, grad_fn=<SqueezeBackward0>),tensor(0.6083, grad_fn=<AddBackward0>),480,20.47987723350525,6,0.5,,20
double_cake,ccka,ccka_lr0_1_lr0_01_lr0_01_optgd_epochs100_epochs0_001_epochs0_001_clusters2__rep1,8,0.9166666666666666,tensor(0.1925, grad_fn=<SqueezeBackward0>),tensor(0.5213, grad_fn=<AddBackward0>),720,18.606154918670654,2,0.5,,20
double_cake,ccka,ccka_lr0_1_lr0_01_lr0_01_optgd_epochs100_epochs0_001_epochs0_001_clusters4__rep1,2,1.0,tensor(0.1625, grad_fn=<SqueezeBackward0>),tensor(0.7048, grad_fn=<AddBackward0>),480,20.91025400161743,4,0.5,,20
double_cake,ccka,ccka_lr0_1_lr0_01_lr0_01_optgd_epochs100_epochs0_001_epochs0_001_clusters6__rep1,2,1.0,tensor(0.1778, grad_fn=<SqueezeBackward0>),tensor(0.5425, grad_fn=<AddBackward0>),720,20.460768938064575,6,0.5,,20
double_cake,ccka,ccka_lr0_1_lr0_01_lr0_01_optgd_epochs100_epochs0_001_epochs0_001_clusters2__rep1,9,0.9166666666666666,tensor(0.1877, grad_fn=<SqueezeBackward0>),tensor(0.4640, grad_fn=<AddBackward0>),800,19.42980408668518,2,0.5,,20
double_cake,ccka,ccka_lr0_1_lr0_01_lr0_01_optgd_epochs100_epochs0_001_epochs0_001_clusters4__rep1,3,1.0,tensor(0.1652, grad_fn=<SqueezeBackward0>),tensor(0.7417, grad_fn=<AddBackward0>),640,19.45712161064148,4,0.5,,20
double_cake,ccka,ccka_lr0_1_lr0_01_lr0_01_optgd_epochs100_epochs0_001_epochs0_001_clusters6__rep1,3,1.0,tensor(0.1821, grad_fn=<SqueezeBackward0>),tensor(0.5763, grad_fn=<AddBackward0>),960,21.274916172027588,6,0.5,,20
double_cake,ccka,ccka_lr0_1_lr0_01_lr0_01_optgd_epochs100_epochs0_001_epochs0_001_clusters4__rep1,4,1.0,tensor(0.1616, grad_fn=<SqueezeBackward0>),tensor(0.6724, grad_fn=<AddBackward0>),800,20.148253917694092,4,0.5,,20
double_cake,ccka,ccka_lr0_1_lr0_01_lr0_01_optgd_epochs100_epochs0_001_epochs0_001_clusters6__rep1,4,1.0,tensor(0.1852, grad_fn=<SqueezeBackward0>),tensor(0.5149, grad_fn=<AddBackward0>),1200,19.876517057418823,6,0.5,,20
double_cake,ccka,ccka_lr0_1_lr0_01_lr0_01_optgd_epochs100_epochs0_001_epochs0_001_clusters4__rep1,5,1.0,tensor(0.1622, grad_fn=<SqueezeBackward0>),tensor(0.7262, grad_fn=<AddBackward0>),960,19.474273920059204,4,0.5,,20
double_cake,ccka,ccka_lr0_1_lr0_01_lr0_01_optgd_epochs100_epochs0_001_epochs0_001_clusters6__rep1,5,1.0,tensor(0.1882, grad_fn=<SqueezeBackward0>),tensor(0.5533, grad_fn=<AddBackward0>),1440,21.128570079803467,6,0.5,,20
double_cake,ccka,ccka_lr0_1_lr0_01_lr0_01_optgd_epochs100_epochs0_001_epochs0_001_clusters4__rep1,6,1.0,tensor(0.1624, grad_fn=<SqueezeBackward0>),tensor(0.6386, grad_fn=<AddBackward0>),1120,19.930294036865234,4,0.5,,20
double_cake,ccka,ccka_lr0_1_lr0_01_lr0_01_optgd_epochs100_epochs0_001_epochs0_001_clusters8__rep1,0,1.0,tensor(0.1793, grad_fn=<SqueezeBackward0>),tensor(0.9295, grad_fn=<AddBackward0>),320,21.26021385192871,8,0.5,,20
double_cake,ccka,ccka_lr0_1_lr0_01_lr0_01_optgd_epochs100_epochs0_001_epochs0_001_clusters6__rep1,6,1.0,tensor(0.1910, grad_fn=<SqueezeBackward0>),tensor(0.4984, grad_fn=<AddBackward0>),1680,19.870182991027832,6,0.5,,20
double_cake,ccka,ccka_lr0_1_lr0_01_lr0_01_optgd_epochs100_epochs0_001_epochs0_001_clusters4__rep1,7,1.0,tensor(0.1611, grad_fn=<SqueezeBackward0>),tensor(0.7125, grad_fn=<AddBackward0>),1280,20.894172191619873,4,0.5,,20
double_cake,ccka,ccka_lr0_1_lr0_01_lr0_01_optgd_epochs100_epochs0_001_epochs0_001_clusters8__rep1,1,0.9166666666666666,tensor(0.1813, grad_fn=<SqueezeBackward0>),tensor(1.0466, grad_fn=<AddBackward0>),640,21.477653980255127,8,0.5,,20
double_cake,ccka,ccka_lr0_1_lr0_01_lr0_01_optgd_epochs100_epochs0_001_epochs0_001_clusters6__rep1,7,0.9166666666666666,tensor(0.1927, grad_fn=<SqueezeBackward0>),tensor(0.5373, grad_fn=<AddBackward0>),1920,20.471508979797363,6,0.5,,20
double_cake,ccka,ccka_lr0_1_lr0_01_lr0_01_optgd_epochs100_epochs0_001_epochs0_001_clusters4__rep1,8,1.0,tensor(0.1649, grad_fn=<SqueezeBackward0>),tensor(0.6025, grad_fn=<AddBackward0>),1440,19.484939098358154,4,0.5,,20
double_cake,ccka,ccka_lr0_1_lr0_01_lr0_01_optgd_epochs100_epochs0_001_epochs0_001_clusters8__rep1,2,0.9166666666666666,tensor(0.1811, grad_fn=<SqueezeBackward0>),tensor(0.7958, grad_fn=<AddBackward0>),960,21.57013177871704,8,0.5,,20
double_cake,ccka,ccka_lr0_1_lr0_01_lr0_01_optgd_epochs100_epochs0_001_epochs0_001_clusters6__rep1,8,0.9166666666666666,tensor(0.1933, grad_fn=<SqueezeBackward0>),tensor(0.4929, grad_fn=<AddBackward0>),2160,21.101624727249146,6,0.5,,20
double_cake,ccka,ccka_lr0_1_lr0_01_lr0_01_optgd_epochs100_epochs0_001_epochs0_001_clusters4__rep1,9,1.0,tensor(0.1614, grad_fn=<SqueezeBackward0>),tensor(0.7026, grad_fn=<AddBackward0>),1600,20.63161611557007,4,0.5,,20
double_cake,ccka,ccka_lr0_1_lr0_01_lr0_01_optgd_epochs100_epochs0_001_epochs0_001_clusters8__rep1,3,0.8333333333333334,tensor(0.1770, grad_fn=<SqueezeBackward0>),tensor(0.9876, grad_fn=<AddBackward0>),1280,21.379459142684937,8,0.5,,20
double_cake,ccka,ccka_lr0_1_lr0_01_lr0_01_optgd_epochs100_epochs0_001_epochs0_001_clusters6__rep1,9,0.9166666666666666,tensor(0.1944, grad_fn=<SqueezeBackward0>),tensor(0.5257, grad_fn=<AddBackward0>),2400,19.81444025039673,6,0.5,,20
double_cake,ccka,ccka_lr0_1_lr0_01_lr0_01_optgd_epochs100_epochs0_001_epochs0_001_clusters8__rep1,4,0.9166666666666666,tensor(0.1855, grad_fn=<SqueezeBackward0>),tensor(0.7594, grad_fn=<AddBackward0>),1600,22.217299938201904,8,0.5,,20
double_cake,ccka,ccka_lr0_1_lr0_01_lr0_01_optgd_epochs100_epochs0_001_epochs0_001_clusters8__rep1,5,0.8333333333333334,tensor(0.1809, grad_fn=<SqueezeBackward0>),tensor(0.9702, grad_fn=<AddBackward0>),1920,21.002334117889404,8,0.5,,20
double_cake,ccka,ccka_lr0_1_lr0_01_lr0_01_optgd_epochs100_epochs0_001_epochs0_001_clusters10__rep1,0,1.0,tensor(0.1804, grad_fn=<SqueezeBackward0>),tensor(0.9155, grad_fn=<AddBackward0>),400,21.330617904663086,10,0.5,,20
double_cake,ccka,ccka_lr0_1_lr0_01_lr0_01_optgd_epochs100_epochs0_001_epochs0_001_clusters8__rep1,6,0.9166666666666666,tensor(0.1889, grad_fn=<SqueezeBackward0>),tensor(0.7878, grad_fn=<AddBackward0>),2240,22.33522605895996,8,0.5,,20
double_cake,ccka,ccka_lr0_1_lr0_01_lr0_01_optgd_epochs100_epochs0_001_epochs0_001_clusters10__rep1,1,1.0,tensor(0.1801, grad_fn=<SqueezeBackward0>),tensor(0.8955, grad_fn=<AddBackward0>),800,21.772105932235718,10,0.5,,20
double_cake,ccka,ccka_lr0_1_lr0_01_lr0_01_optgd_epochs100_epochs0_001_epochs0_001_clusters8__rep1,7,0.8333333333333334,tensor(0.1859, grad_fn=<SqueezeBackward0>),tensor(1.0313, grad_fn=<AddBackward0>),2560,20.968294858932495,8,0.5,,20
double_cake,ccka,ccka_lr0_1_lr0_01_lr0_01_optgd_epochs100_epochs0_001_epochs0_001_clusters10__rep1,2,0.9166666666666666,tensor(0.1877, grad_fn=<SqueezeBackward0>),tensor(0.8753, grad_fn=<AddBackward0>),1200,22.354054927825928,10,0.5,,20
double_cake,ccka,ccka_lr0_1_lr0_01_lr0_01_optgd_epochs100_epochs0_001_epochs0_001_clusters8__rep1,8,0.9166666666666666,tensor(0.1890, grad_fn=<SqueezeBackward0>),tensor(0.8669, grad_fn=<AddBackward0>),2880,22.362452030181885,8,0.5,,20
double_cake,ccka,ccka_lr0_1_lr0_01_lr0_01_optgd_epochs100_epochs0_001_epochs0_001_clusters10__rep1,3,0.9166666666666666,tensor(0.1873, grad_fn=<SqueezeBackward0>),tensor(0.8780, grad_fn=<AddBackward0>),1600,21.771342039108276,10,0.5,,20
double_cake,ccka,ccka_lr0_1_lr0_01_lr0_01_optgd_epochs100_epochs0_001_epochs0_001_clusters8__rep1,9,0.8333333333333334,tensor(0.1832, grad_fn=<SqueezeBackward0>),tensor(1.1949, grad_fn=<AddBackward0>),3200,20.370118856430054,8,0.5,,20
double_cake,ccka,ccka_lr0_1_lr0_01_lr0_01_optgd_epochs100_epochs0_001_epochs0_001_clusters2__rep1,0,0.85,tensor(0.1879, grad_fn=<SqueezeBackward0>),tensor(1.1235, grad_fn=<AddBackward0>),80,52.06879019737244,2,0.5,,20
double_cake,ccka,ccka_lr0_1_lr0_01_lr0_01_optgd_epochs100_epochs0_001_epochs0_001_clusters10__rep1,4,0.9166666666666666,tensor(0.1988, grad_fn=<SqueezeBackward0>),tensor(0.8742, grad_fn=<AddBackward0>),2000,22.307223796844482,10,0.5,,20
double_cake,ccka,ccka_lr0_1_lr0_01_lr0_01_optgd_epochs100_epochs0_001_epochs0_001_clusters10__rep1,5,0.8333333333333334,tensor(0.1973, grad_fn=<SqueezeBackward0>),tensor(0.8817, grad_fn=<AddBackward0>),2400,21.822521209716797,10,0.5,,20
double_cake,ccka,ccka_lr0_1_lr0_01_lr0_01_optgd_epochs100_epochs0_001_epochs0_001_clusters10__rep1,6,0.9166666666666666,tensor(0.2063, grad_fn=<SqueezeBackward0>),tensor(0.9016, grad_fn=<AddBackward0>),2800,22.194573163986206,10,0.5,,20
double_cake,ccka,ccka_lr0_1_lr0_01_lr0_01_optgd_epochs100_epochs0_001_epochs0_001_clusters2__rep1,1,0.85,tensor(0.1881, grad_fn=<SqueezeBackward0>),tensor(1.1339, grad_fn=<AddBackward0>),160,56.32032799720764,2,0.5,,20
double_cake,ccka,ccka_lr0_1_lr0_01_lr0_01_optgd_epochs100_epochs0_001_epochs0_001_clusters10__rep1,7,0.8333333333333334,tensor(0.2049, grad_fn=<SqueezeBackward0>),tensor(0.9279, grad_fn=<AddBackward0>),3200,21.589909315109253,10,0.5,,20
double_cake,ccka,ccka_lr0_1_lr0_01_lr0_01_optgd_epochs100_epochs0_001_epochs0_001_clusters10__rep1,8,1.0,tensor(0.2084, grad_fn=<SqueezeBackward0>),tensor(0.9504, grad_fn=<AddBackward0>),3600,22.378069162368774,10,0.5,,20
double_cake,ccka,ccka_lr0_1_lr0_01_lr0_01_optgd_epochs100_epochs0_001_epochs0_001_clusters2__rep1,2,0.85,tensor(0.1878, grad_fn=<SqueezeBackward0>),tensor(1.1296, grad_fn=<AddBackward0>),240,53.39258790016174,2,0.5,,20
double_cake,ccka,ccka_lr0_1_lr0_01_lr0_01_optgd_epochs100_epochs0_001_epochs0_001_clusters10__rep1,9,0.9166666666666666,tensor(0.2087, grad_fn=<SqueezeBackward0>),tensor(1.0354, grad_fn=<AddBackward0>),4000,21.71551513671875,10,0.5,,20
double_cake,ccka,ccka_lr0_1_lr0_01_lr0_01_optgd_epochs100_epochs0_001_epochs0_001_clusters2__rep1,0,0.625,tensor(0.1866, grad_fn=<SqueezeBackward0>),tensor(0.8732, grad_fn=<AddBackward0>),80,8.477141857147217,2,0.5,,20
double_cake,ccka,ccka_lr0_1_lr0_01_lr0_01_optgd_epochs100_epochs0_001_epochs0_001_clusters4__rep1,0,0.625,tensor(0.1892, grad_fn=<SqueezeBackward0>),tensor(0.6817, grad_fn=<AddBackward0>),160,9.156883955001831,4,0.5,,20
double_cake,ccka,ccka_lr0_1_lr0_01_lr0_01_optgd_epochs100_epochs0_001_epochs0_001_clusters2__rep1,1,0.625,tensor(0.2068, grad_fn=<SqueezeBackward0>),tensor(0.8344, grad_fn=<AddBackward0>),160,8.213624954223633,2,0.5,,20
double_cake,ccka,ccka_lr0_1_lr0_01_lr0_01_optgd_epochs100_epochs0_001_epochs0_001_clusters4__rep1,1,0.625,tensor(0.1911, grad_fn=<SqueezeBackward0>),tensor(1.2604, grad_fn=<AddBackward0>),320,8.764902353286743,4,0.5,,20
double_cake,ccka,ccka_lr0_1_lr0_01_lr0_01_optgd_epochs100_epochs0_001_epochs0_001_clusters2__rep1,2,0.875,tensor(0.2177, grad_fn=<SqueezeBackward0>),tensor(0.7321, grad_fn=<AddBackward0>),240,8.718955993652344,2,0.5,,20
double_cake,ccka,ccka_lr0_1_lr0_01_lr0_01_optgd_epochs100_epochs0_001_epochs0_001_clusters4__rep1,2,0.625,tensor(0.1943, grad_fn=<SqueezeBackward0>),tensor(0.5665, grad_fn=<AddBackward0>),480,9.310341835021973,4,0.5,,20
double_cake,ccka,ccka_lr0_1_lr0_01_lr0_01_optgd_epochs100_epochs0_001_epochs0_001_clusters2__rep1,3,0.625,tensor(0.2343, grad_fn=<SqueezeBackward0>),tensor(0.6634, grad_fn=<AddBackward0>),320,8.233036994934082,2,0.5,,20
double_cake,ccka,ccka_lr0_1_lr0_01_lr0_01_optgd_epochs100_epochs0_001_epochs0_001_clusters2__rep1,0,0.625,tensor(0.1866, grad_fn=<SqueezeBackward0>),tensor(0.8732, grad_fn=<AddBackward0>),80,8.506759881973267,2,0.5,,20
double_cake,ccka,ccka_lr0_1_lr0_01_lr0_01_optgd_epochs100_epochs0_001_epochs0_001_clusters4__rep1,0,0.625,tensor(0.1892, grad_fn=<SqueezeBackward0>),tensor(0.6817, grad_fn=<AddBackward0>),160,9.136107921600342,4,0.5,,20
double_cake,ccka,ccka_lr0_1_lr0_01_lr0_01_optgd_epochs100_epochs0_001_epochs0_001_clusters2__rep1,1,0.625,tensor(0.2068, grad_fn=<SqueezeBackward0>),tensor(0.8344, grad_fn=<AddBackward0>),160,8.233339071273804,2,0.5,,20
double_cake,ccka,ccka_lr0_1_lr0_01_lr0_01_optgd_epochs100_epochs0_001_epochs0_001_clusters4__rep1,1,0.625,tensor(0.1911, grad_fn=<SqueezeBackward0>),tensor(1.2604, grad_fn=<AddBackward0>),320,8.740525245666504,4,0.5,,20
double_cake,ccka,ccka_lr0_1_lr0_01_lr0_01_optgd_epochs100_epochs0_001_epochs0_001_clusters2__rep1,2,0.875,tensor(0.2177, grad_fn=<SqueezeBackward0>),tensor(0.7321, grad_fn=<AddBackward0>),240,8.68952989578247,2,0.5,,20
double_cake,ccka,ccka_lr0_1_lr0_01_lr0_01_optgd_epochs100_epochs0_001_epochs0_001_clusters4__rep1,2,0.625,tensor(0.1943, grad_fn=<SqueezeBackward0>),tensor(0.5665, grad_fn=<AddBackward0>),480,9.244004726409912,4,0.5,,20
double_cake,ccka,ccka_lr0_1_lr0_01_lr0_01_optgd_epochs100_epochs0_001_epochs0_001_clusters2__rep1,3,0.625,tensor(0.2343, grad_fn=<SqueezeBackward0>),tensor(0.6634, grad_fn=<AddBackward0>),320,8.220809936523438,2,0.5,,20
double_cake,ccka,ccka_lr0_1_lr0_01_lr0_01_optgd_epochs100_epochs0_001_epochs0_001_clusters4__rep1,3,0.625,tensor(0.1915, grad_fn=<SqueezeBackward0>),tensor(1.1605, grad_fn=<AddBackward0>),640,9.187885046005249,4,0.5,,20
double_cake,ccka,ccka_lr0_1_lr0_01_lr0_01_optgd_epochs100_epochs0_001_epochs0_001_clusters2__rep1,4,0.625,tensor(0.2267, grad_fn=<SqueezeBackward0>),tensor(0.6506, grad_fn=<AddBackward0>),400,8.579634189605713,2,0.5,,20
double_cake,ccka,ccka_lr0_1_lr0_01_lr0_01_optgd_epochs100_epochs0_001_epochs0_001_clusters4__rep1,4,0.625,tensor(0.1967, grad_fn=<SqueezeBackward0>),tensor(0.5197, grad_fn=<AddBackward0>),800,9.031407117843628,4,0.5,,20
double_cake,ccka,ccka_lr0_1_lr0_01_lr0_01_optgd_epochs100_epochs0_001_epochs0_001_clusters2__rep1,5,0.625,tensor(0.2348, grad_fn=<SqueezeBackward0>),tensor(0.6536, grad_fn=<AddBackward0>),480,8.423335075378418,2,0.5,,20
double_cake,ccka,ccka_lr0_1_lr0_01_lr0_01_optgd_epochs100_epochs0_001_epochs0_001_clusters4__rep1,5,0.875,tensor(0.1963, grad_fn=<SqueezeBackward0>),tensor(1.0151, grad_fn=<AddBackward0>),960,8.997434854507446,4,0.5,,20
double_cake,ccka,ccka_lr0_1_lr0_01_lr0_01_optgd_epochs100_epochs0_001_epochs0_001_clusters2__rep1,6,0.625,tensor(0.2234, grad_fn=<SqueezeBackward0>),tensor(1.4360, grad_fn=<AddBackward0>),560,8.59312105178833,2,0.5,,20
double_cake,ccka,ccka_lr0_1_lr0_01_lr0_01_optgd_epochs100_epochs0_001_epochs0_001_clusters4__rep1,6,0.75,tensor(0.1983, grad_fn=<SqueezeBackward0>),tensor(0.4994, grad_fn=<AddBackward0>),1120,9.004095077514648,4,0.5,,20
double_cake,ccka,ccka_lr0_1_lr0_01_lr0_01_optgd_epochs100_epochs0_001_epochs0_001_clusters2__rep1,7,0.625,tensor(0.2120, grad_fn=<SqueezeBackward0>),tensor(1.3682, grad_fn=<AddBackward0>),640,8.465794086456299,2,0.5,,20
double_cake,ccka,ccka_lr0_1_lr0_01_lr0_01_optgd_epochs100_epochs0_001_epochs0_001_clusters4__rep1,7,0.875,tensor(0.1972, grad_fn=<SqueezeBackward0>),tensor(0.8959, grad_fn=<AddBackward0>),1280,9.399397134780884,4,0.5,,20
double_cake,ccka,ccka_lr0_1_lr0_01_lr0_01_optgd_epochs100_epochs0_001_epochs0_001_clusters2__rep1,8,1.0,tensor(0.1916, grad_fn=<SqueezeBackward0>),tensor(1.4814, grad_fn=<AddBackward0>),720,8.719902992248535,2,0.5,,20
double_cake,ccka,ccka_lr0_1_lr0_01_lr0_01_optgd_epochs100_epochs0_001_epochs0_001_clusters4__rep1,8,0.75,tensor(0.1998, grad_fn=<SqueezeBackward0>),tensor(0.4916, grad_fn=<AddBackward0>),1440,8.731580018997192,4,0.5,,20
double_cake,ccka,ccka_lr0_1_lr0_01_lr0_01_optgd_epochs100_epochs0_001_epochs0_001_clusters2__rep1,9,0.625,tensor(0.1744, grad_fn=<SqueezeBackward0>),tensor(1.3630, grad_fn=<AddBackward0>),800,8.43740200996399,2,0.5,,20
double_cake,ccka,ccka_lr0_1_lr0_01_lr0_01_optgd_epochs100_epochs0_001_epochs0_001_clusters4__rep1,9,0.875,tensor(0.1994, grad_fn=<SqueezeBackward0>),tensor(0.8239, grad_fn=<AddBackward0>),1600,9.131749153137207,4,0.5,,20
double_cake,ccka,ccka_lr0_1_lr0_01_lr0_01_optgd_epochs100_epochs0_001_epochs0_001_clusters6__rep1,0,1.0,tensor(0.1796, grad_fn=<SqueezeBackward0>),tensor(0.7590, grad_fn=<AddBackward0>),240,9.699869155883789,6,0.5,,20
double_cake,ccka,ccka_lr0_1_lr0_01_lr0_01_optgd_epochs100_epochs0_001_epochs0_001_clusters8__rep1,0,0.875,tensor(0.1800, grad_fn=<SqueezeBackward0>),tensor(0.7149, grad_fn=<AddBackward0>),320,10.431298971176147,8,0.5,,20
double_cake,ccka,ccka_lr0_1_lr0_01_lr0_01_optgd_epochs100_epochs0_001_epochs0_001_clusters6__rep1,1,0.75,tensor(0.1805, grad_fn=<SqueezeBackward0>),tensor(1.3135, grad_fn=<AddBackward0>),480,9.437119960784912,6,0.5,,20
double_cake,ccka,ccka_lr0_1_lr0_01_lr0_01_optgd_epochs100_epochs0_001_epochs0_001_clusters8__rep1,1,0.875,tensor(0.1790, grad_fn=<SqueezeBackward0>),tensor(1.3815, grad_fn=<AddBackward0>),640,10.01397705078125,8,0.5,,20
double_cake,ccka,ccka_lr0_1_lr0_01_lr0_01_optgd_epochs100_epochs0_001_epochs0_001_clusters6__rep1,2,0.75,tensor(0.1762, grad_fn=<SqueezeBackward0>),tensor(0.7439, grad_fn=<AddBackward0>),720,10.04756474494934,6,0.5,,20
double_cake,ccka,ccka_lr0_1_lr0_01_lr0_01_optgd_epochs100_epochs0_001_epochs0_001_clusters8__rep1,2,0.875,tensor(0.1791, grad_fn=<SqueezeBackward0>),tensor(0.7112, grad_fn=<AddBackward0>),960,10.329664945602417,8,0.5,,20
double_cake,ccka,ccka_lr0_1_lr0_01_lr0_01_optgd_epochs100_epochs0_001_epochs0_001_clusters6__rep1,3,0.625,tensor(0.1820, grad_fn=<SqueezeBackward0>),tensor(1.2884, grad_fn=<AddBackward0>),960,9.747554779052734,6,0.5,,20
double_cake,ccka,ccka_lr0_1_lr0_01_lr0_01_optgd_epochs100_epochs0_001_epochs0_001_clusters8__rep1,3,0.625,tensor(0.1802, grad_fn=<SqueezeBackward0>),tensor(1.2725, grad_fn=<AddBackward0>),1280,10.33971118927002,8,0.5,,20
double_cake,ccka,ccka_lr0_1_lr0_01_lr0_01_optgd_epochs100_epochs0_001_epochs0_001_clusters6__rep1,4,0.625,tensor(0.1782, grad_fn=<SqueezeBackward0>),tensor(0.7285, grad_fn=<AddBackward0>),1200,9.79527497291565,6,0.5,,20
double_cake,ccka,ccka_lr0_1_lr0_01_lr0_01_optgd_epochs100_epochs0_001_epochs0_001_clusters8__rep1,4,0.625,tensor(0.1738, grad_fn=<SqueezeBackward0>),tensor(0.7085, grad_fn=<AddBackward0>),1600,10.479215145111084,8,0.5,,20
double_cake,ccka,ccka_lr0_1_lr0_01_lr0_01_optgd_epochs100_epochs0_001_epochs0_001_clusters6__rep1,5,0.75,tensor(0.1830, grad_fn=<SqueezeBackward0>),tensor(1.2813, grad_fn=<AddBackward0>),1440,9.462722778320312,6,0.5,,20
double_cake,ccka,ccka_lr0_1_lr0_01_lr0_01_optgd_epochs100_epochs0_001_epochs0_001_clusters8__rep1,5,0.875,tensor(0.1834, grad_fn=<SqueezeBackward0>),tensor(1.1223, grad_fn=<AddBackward0>),1920,10.068488121032715,8,0.5,,20
double_cake,ccka,ccka_lr0_1_lr0_01_lr0_01_optgd_epochs100_epochs0_001_epochs0_001_clusters6__rep1,6,0.625,tensor(0.1810, grad_fn=<SqueezeBackward0>),tensor(0.7174, grad_fn=<AddBackward0>),1680,10.176547050476074,6,0.5,,20
double_cake,ccka,ccka_lr0_1_lr0_01_lr0_01_optgd_epochs100_epochs0_001_epochs0_001_clusters6__rep1,7,0.75,tensor(0.1835, grad_fn=<SqueezeBackward0>),tensor(1.2930, grad_fn=<AddBackward0>),1920,9.770610094070435,6,0.5,,20
double_cake,ccka,ccka_lr0_1_lr0_01_lr0_01_optgd_epochs100_epochs0_001_epochs0_001_clusters8__rep1,6,0.75,tensor(0.1756, grad_fn=<SqueezeBackward0>),tensor(0.7104, grad_fn=<AddBackward0>),2240,10.469667911529541,8,0.5,,20
double_cake,ccka,ccka_lr0_1_lr0_01_lr0_01_optgd_epochs100_epochs0_001_epochs0_001_clusters6__rep1,8,0.625,tensor(0.1809, grad_fn=<SqueezeBackward0>),tensor(0.7155, grad_fn=<AddBackward0>),2160,9.731855869293213,6,0.5,,20
double_cake,ccka,ccka_lr0_1_lr0_01_lr0_01_optgd_epochs100_epochs0_001_epochs0_001_clusters8__rep1,7,1.0,tensor(0.1891, grad_fn=<SqueezeBackward0>),tensor(1.0038, grad_fn=<AddBackward0>),2560,10.058520793914795,8,0.5,,20
double_cake,ccka,ccka_lr0_1_lr0_01_lr0_01_optgd_epochs100_epochs0_001_epochs0_001_clusters6__rep1,9,0.75,tensor(0.1832, grad_fn=<SqueezeBackward0>),tensor(1.3307, grad_fn=<AddBackward0>),2400,9.495804071426392,6,0.5,,20
double_cake,ccka,ccka_lr0_1_lr0_01_lr0_01_optgd_epochs100_epochs0_001_epochs0_001_clusters8__rep1,8,0.875,tensor(0.1832, grad_fn=<SqueezeBackward0>),tensor(0.7185, grad_fn=<AddBackward0>),2880,10.347630023956299,8,0.5,,20
double_cake,ccka,ccka_lr0_1_lr0_01_lr0_01_optgd_epochs100_epochs0_001_epochs0_001_clusters8__rep1,9,1.0,tensor(0.1950, grad_fn=<SqueezeBackward0>),tensor(0.9184, grad_fn=<AddBackward0>),3200,10.345952987670898,8,0.5,,20
double_cake,ccka,ccka_lr0_1_lr0_01_lr0_01_optgd_epochs100_epochs0_001_epochs0_001_clusters10__rep1,0,1.0,tensor(0.1966, grad_fn=<SqueezeBackward0>),tensor(0.7351, grad_fn=<AddBackward0>),400,10.667219877243042,10,0.5,,20
double_cake,ccka,ccka_lr0_1_lr0_01_lr0_01_optgd_epochs100_epochs0_001_epochs0_001_clusters10__rep1,1,1.0,tensor(0.1874, grad_fn=<SqueezeBackward0>),tensor(1.2960, grad_fn=<AddBackward0>),800,10.928575277328491,10,0.5,,20
double_cake,ccka,ccka_lr0_1_lr0_01_lr0_01_optgd_epochs100_epochs0_001_epochs0_001_clusters10__rep1,2,1.0,tensor(0.1993, grad_fn=<SqueezeBackward0>),tensor(0.7028, grad_fn=<AddBackward0>),1200,10.97496223449707,10,0.5,,20
double_cake,ccka,ccka_lr0_1_lr0_01_lr0_01_optgd_epochs100_epochs0_001_epochs0_001_clusters2__rep1,0,1.0,tensor(0.1800, grad_fn=<SqueezeBackward0>),tensor(0.4982, grad_fn=<AddBackward0>),80,18.425721883773804,2,0.5,,20
double_cake,ccka,ccka_lr0_1_lr0_01_lr0_01_optgd_epochs100_epochs0_001_epochs0_001_clusters10__rep1,3,1.0,tensor(0.2012, grad_fn=<SqueezeBackward0>),tensor(1.1770, grad_fn=<AddBackward0>),1600,11.334166049957275,10,0.5,,20
double_cake,ccka,ccka_lr0_1_lr0_01_lr0_01_optgd_epochs100_epochs0_001_epochs0_001_clusters10__rep1,4,1.0,tensor(0.1975, grad_fn=<SqueezeBackward0>),tensor(0.6801, grad_fn=<AddBackward0>),2000,10.689862251281738,10,0.5,,20
double_cake,ccka,ccka_lr0_1_lr0_01_lr0_01_optgd_epochs100_epochs0_001_epochs0_001_clusters2__rep1,1,1.0,tensor(0.1889, grad_fn=<SqueezeBackward0>),tensor(0.6440, grad_fn=<AddBackward0>),160,18.724504709243774,2,0.5,,20
double_cake,ccka,ccka_lr0_1_lr0_01_lr0_01_optgd_epochs100_epochs0_001_epochs0_001_clusters10__rep1,5,1.0,tensor(0.2007, grad_fn=<SqueezeBackward0>),tensor(1.0459, grad_fn=<AddBackward0>),2400,10.776265144348145,10,0.5,,20
double_cake,ccka,ccka_lr0_1_lr0_01_lr0_01_optgd_epochs100_epochs0_001_epochs0_001_clusters10__rep1,6,0.75,tensor(0.1958, grad_fn=<SqueezeBackward0>),tensor(0.6407, grad_fn=<AddBackward0>),2800,10.930276870727539,10,0.5,,20
double_cake,ccka,ccka_lr0_1_lr0_01_lr0_01_optgd_epochs100_epochs0_001_epochs0_001_clusters2__rep1,2,1.0,tensor(0.1840, grad_fn=<SqueezeBackward0>),tensor(0.4730, grad_fn=<AddBackward0>),240,18.965340852737427,2,0.5,,20
double_cake,ccka,ccka_lr0_1_lr0_01_lr0_01_optgd_epochs100_epochs0_001_epochs0_001_clusters10__rep1,7,0.875,tensor(0.2063, grad_fn=<SqueezeBackward0>),tensor(0.9316, grad_fn=<AddBackward0>),3200,11.262115001678467,10,0.5,,20
double_cake,ccka,ccka_lr0_1_lr0_01_lr0_01_optgd_epochs100_epochs0_001_epochs0_001_clusters2__rep1,3,1.0,tensor(0.1889, grad_fn=<SqueezeBackward0>),tensor(0.5808, grad_fn=<AddBackward0>),320,19.438677072525024,2,0.5,,20
double_cake,ccka,ccka_lr0_1_lr0_01_lr0_01_optgd_epochs100_epochs0_001_epochs0_001_clusters10__rep1,8,0.625,tensor(0.1999, grad_fn=<SqueezeBackward0>),tensor(0.5781, grad_fn=<AddBackward0>),3600,10.720890045166016,10,0.5,,20
double_cake,ccka,ccka_lr0_1_lr0_01_lr0_01_optgd_epochs100_epochs0_001_epochs0_001_clusters10__rep1,9,0.875,tensor(0.2094, grad_fn=<SqueezeBackward0>),tensor(0.8514, grad_fn=<AddBackward0>),4000,10.749978303909302,10,0.5,,20
double_cake,ccka,ccka_lr0_1_lr0_01_lr0_01_optgd_epochs100_epochs0_001_epochs0_001_clusters2__rep1,4,1.0,tensor(0.1868, grad_fn=<SqueezeBackward0>),tensor(0.4887, grad_fn=<AddBackward0>),400,19.10145878791809,2,0.5,,20
double_cake,ccka,ccka_lr0_1_lr0_01_lr0_01_optgd_epochs100_epochs0_001_epochs0_001_clusters2__rep1,5,0.9166666666666666,tensor(0.1888, grad_fn=<SqueezeBackward0>),tensor(0.5301, grad_fn=<AddBackward0>),480,18.60643982887268,2,0.5,,20
double_cake,ccka,ccka_lr0_1_lr0_01_lr0_01_optgd_epochs100_epochs0_001_epochs0_001_clusters2__rep1,6,0.9166666666666666,tensor(0.1894, grad_fn=<SqueezeBackward0>),tensor(0.5046, grad_fn=<AddBackward0>),560,18.465450048446655,2,0.5,,20
double_cake,ccka,ccka_lr0_1_lr0_01_lr0_01_optgd_epochs100_epochs0_001_epochs0_001_clusters4__rep1,0,0.9166666666666666,tensor(0.1661, grad_fn=<SqueezeBackward0>),tensor(0.7439, grad_fn=<AddBackward0>),160,18.99996304512024,4,0.5,,20
double_cake,ccka,ccka_lr0_1_lr0_01_lr0_01_optgd_epochs100_epochs0_001_epochs0_001_clusters2__rep1,7,0.9166666666666666,tensor(0.1895, grad_fn=<SqueezeBackward0>),tensor(0.4912, grad_fn=<AddBackward0>),640,19.585848093032837,2,0.5,,20
double_cake,ccka,ccka_lr0_1_lr0_01_lr0_01_optgd_epochs100_epochs0_001_epochs0_001_clusters4__rep1,1,1.0,tensor(0.1705, grad_fn=<SqueezeBackward0>),tensor(0.7593, grad_fn=<AddBackward0>),320,19.228448629379272,4,0.5,,20
double_cake,ccka,ccka_lr0_1_lr0_01_lr0_01_optgd_epochs100_epochs0_001_epochs0_001_clusters2__rep1,8,0.9166666666666666,tensor(0.1925, grad_fn=<SqueezeBackward0>),tensor(0.5213, grad_fn=<AddBackward0>),720,18.302253007888794,2,0.5,,20
double_cake,ccka,ccka_lr0_1_lr0_01_lr0_01_optgd_epochs100_epochs0_001_epochs0_001_clusters4__rep1,2,1.0,tensor(0.1625, grad_fn=<SqueezeBackward0>),tensor(0.7048, grad_fn=<AddBackward0>),480,20.55751609802246,4,0.5,,20
double_cake,ccka,ccka_lr0_1_lr0_01_lr0_01_optgd_epochs100_epochs0_001_epochs0_001_clusters2__rep1,9,0.9166666666666666,tensor(0.1877, grad_fn=<SqueezeBackward0>),tensor(0.4640, grad_fn=<AddBackward0>),800,19.187088012695312,2,0.5,,20
double_cake,ccka,ccka_lr0_1_lr0_01_lr0_01_optgd_epochs100_epochs0_001_epochs0_001_clusters4__rep1,3,1.0,tensor(0.1652, grad_fn=<SqueezeBackward0>),tensor(0.7417, grad_fn=<AddBackward0>),640,19.0277738571167,4,0.5,,20
double_cake,ccka,ccka_lr0_1_lr0_01_lr0_01_optgd_epochs100_epochs0_001_epochs0_001_clusters4__rep1,4,1.0,tensor(0.1616, grad_fn=<SqueezeBackward0>),tensor(0.6724, grad_fn=<AddBackward0>),800,19.84332799911499,4,0.5,,20
double_cake,ccka,ccka_lr0_1_lr0_01_lr0_01_optgd_epochs100_epochs0_001_epochs0_001_clusters4__rep1,5,1.0,tensor(0.1622, grad_fn=<SqueezeBackward0>),tensor(0.7262, grad_fn=<AddBackward0>),960,19.017733812332153,4,0.5,,20
double_cake,ccka,ccka_lr0_1_lr0_01_lr0_01_optgd_epochs100_epochs0_001_epochs0_001_clusters6__rep1,0,0.9166666666666666,tensor(0.1721, grad_fn=<SqueezeBackward0>),tensor(0.5945, grad_fn=<AddBackward0>),240,19.989349126815796,6,0.5,,20
double_cake,ccka,ccka_lr0_1_lr0_01_lr0_01_optgd_epochs100_epochs0_001_epochs0_001_clusters4__rep1,6,1.0,tensor(0.1624, grad_fn=<SqueezeBackward0>),tensor(0.6386, grad_fn=<AddBackward0>),1120,19.452799320220947,4,0.5,,20
double_cake,ccka,ccka_lr0_1_lr0_01_lr0_01_optgd_epochs100_epochs0_001_epochs0_001_clusters6__rep1,1,1.0,tensor(0.1774, grad_fn=<SqueezeBackward0>),tensor(0.6083, grad_fn=<AddBackward0>),480,20.17326784133911,6,0.5,,20
double_cake,ccka,ccka_lr0_1_lr0_01_lr0_01_optgd_epochs100_epochs0_001_epochs0_001_clusters4__rep1,7,1.0,tensor(0.1611, grad_fn=<SqueezeBackward0>),tensor(0.7125, grad_fn=<AddBackward0>),1280,20.28610110282898,4,0.5,,20
double_cake,ccka,ccka_lr0_1_lr0_01_lr0_01_optgd_epochs100_epochs0_001_epochs0_001_clusters6__rep1,2,1.0,tensor(0.1778, grad_fn=<SqueezeBackward0>),tensor(0.5425, grad_fn=<AddBackward0>),720,20.216045141220093,6,0.5,,20
double_cake,ccka,ccka_lr0_1_lr0_01_lr0_01_optgd_epochs100_epochs0_001_epochs0_001_clusters4__rep1,8,1.0,tensor(0.1649, grad_fn=<SqueezeBackward0>),tensor(0.6025, grad_fn=<AddBackward0>),1440,18.976291179656982,4,0.5,,20
double_cake,ccka,ccka_lr0_1_lr0_01_lr0_01_optgd_epochs100_epochs0_001_epochs0_001_clusters6__rep1,3,1.0,tensor(0.1821, grad_fn=<SqueezeBackward0>),tensor(0.5763, grad_fn=<AddBackward0>),960,21.045462131500244,6,0.5,,20
double_cake,ccka,ccka_lr0_1_lr0_01_lr0_01_optgd_epochs100_epochs0_001_epochs0_001_clusters4__rep1,9,1.0,tensor(0.1614, grad_fn=<SqueezeBackward0>),tensor(0.7026, grad_fn=<AddBackward0>),1600,20.096140146255493,4,0.5,,20
double_cake,ccka,ccka_lr0_1_lr0_01_lr0_01_optgd_epochs100_epochs0_001_epochs0_001_clusters6__rep1,4,1.0,tensor(0.1852, grad_fn=<SqueezeBackward0>),tensor(0.5149, grad_fn=<AddBackward0>),1200,19.754193782806396,6,0.5,,20
double_cake,ccka,ccka_lr0_1_lr0_01_lr0_01_optgd_epochs100_epochs0_001_epochs0_001_clusters6__rep1,5,1.0,tensor(0.1882, grad_fn=<SqueezeBackward0>),tensor(0.5533, grad_fn=<AddBackward0>),1440,20.918362140655518,6,0.5,,20
double_cake,ccka,ccka_lr0_1_lr0_01_lr0_01_optgd_epochs100_epochs0_001_epochs0_001_clusters6__rep1,6,1.0,tensor(0.1910, grad_fn=<SqueezeBackward0>),tensor(0.4984, grad_fn=<AddBackward0>),1680,19.6172878742218,6,0.5,,20
double_cake,ccka,ccka_lr0_1_lr0_01_lr0_01_optgd_epochs100_epochs0_001_epochs0_001_clusters8__rep1,0,1.0,tensor(0.1793, grad_fn=<SqueezeBackward0>),tensor(0.9295, grad_fn=<AddBackward0>),320,20.51282286643982,8,0.5,,20
double_cake,ccka,ccka_lr0_1_lr0_01_lr0_01_optgd_epochs100_epochs0_001_epochs0_001_clusters6__rep1,7,0.9166666666666666,tensor(0.1927, grad_fn=<SqueezeBackward0>),tensor(0.5373, grad_fn=<AddBackward0>),1920,20.221519947052002,6,0.5,,20
double_cake,ccka,ccka_lr0_1_lr0_01_lr0_01_optgd_epochs100_epochs0_001_epochs0_001_clusters8__rep1,1,0.9166666666666666,tensor(0.1813, grad_fn=<SqueezeBackward0>),tensor(1.0466, grad_fn=<AddBackward0>),640,20.860692262649536,8,0.5,,20
double_cake,ccka,ccka_lr0_1_lr0_01_lr0_01_optgd_epochs100_epochs0_001_epochs0_001_clusters6__rep1,8,0.9166666666666666,tensor(0.1933, grad_fn=<SqueezeBackward0>),tensor(0.4929, grad_fn=<AddBackward0>),2160,20.835017919540405,6,0.5,,20
double_cake,ccka,ccka_lr0_1_lr0_01_lr0_01_optgd_epochs100_epochs0_001_epochs0_001_clusters8__rep1,2,0.9166666666666666,tensor(0.1811, grad_fn=<SqueezeBackward0>),tensor(0.7958, grad_fn=<AddBackward0>),960,20.919301748275757,8,0.5,,20
double_cake,ccka,ccka_lr0_1_lr0_01_lr0_01_optgd_epochs100_epochs0_001_epochs0_001_clusters6__rep1,9,0.9166666666666666,tensor(0.1944, grad_fn=<SqueezeBackward0>),tensor(0.5257, grad_fn=<AddBackward0>),2400,19.644245862960815,6,0.5,,20
double_cake,ccka,ccka_lr0_1_lr0_01_lr0_01_optgd_epochs100_epochs0_001_epochs0_001_clusters8__rep1,3,0.8333333333333334,tensor(0.1770, grad_fn=<SqueezeBackward0>),tensor(0.9876, grad_fn=<AddBackward0>),1280,20.77570080757141,8,0.5,,20
double_cake,ccka,ccka_lr0_1_lr0_01_lr0_01_optgd_epochs100_epochs0_001_epochs0_001_clusters8__rep1,4,0.9166666666666666,tensor(0.1855, grad_fn=<SqueezeBackward0>),tensor(0.7594, grad_fn=<AddBackward0>),1600,21.624571084976196,8,0.5,,20
double_cake,ccka,ccka_lr0_1_lr0_01_lr0_01_optgd_epochs100_epochs0_001_epochs0_001_clusters8__rep1,5,0.8333333333333334,tensor(0.1809, grad_fn=<SqueezeBackward0>),tensor(0.9702, grad_fn=<AddBackward0>),1920,20.344118118286133,8,0.5,,20
double_cake,ccka,ccka_lr0_1_lr0_01_lr0_01_optgd_epochs100_epochs0_001_epochs0_001_clusters10__rep1,0,1.0,tensor(0.1804, grad_fn=<SqueezeBackward0>),tensor(0.9155, grad_fn=<AddBackward0>),400,21.457368850708008,10,0.5,,20
double_cake,ccka,ccka_lr0_1_lr0_01_lr0_01_optgd_epochs100_epochs0_001_epochs0_001_clusters8__rep1,6,0.9166666666666666,tensor(0.1889, grad_fn=<SqueezeBackward0>),tensor(0.7878, grad_fn=<AddBackward0>),2240,21.864557027816772,8,0.5,,20
double_cake,ccka,ccka_lr0_1_lr0_01_lr0_01_optgd_epochs100_epochs0_001_epochs0_001_clusters10__rep1,1,1.0,tensor(0.1801, grad_fn=<SqueezeBackward0>),tensor(0.8955, grad_fn=<AddBackward0>),800,21.073472023010254,10,0.5,,20
double_cake,ccka,ccka_lr0_1_lr0_01_lr0_01_optgd_epochs100_epochs0_001_epochs0_001_clusters8__rep1,7,0.8333333333333334,tensor(0.1859, grad_fn=<SqueezeBackward0>),tensor(1.0313, grad_fn=<AddBackward0>),2560,20.31786274909973,8,0.5,,20
double_cake,ccka,ccka_lr0_1_lr0_01_lr0_01_optgd_epochs100_epochs0_001_epochs0_001_clusters10__rep1,2,0.9166666666666666,tensor(0.1877, grad_fn=<SqueezeBackward0>),tensor(0.8753, grad_fn=<AddBackward0>),1200,21.652443885803223,10,0.5,,20
double_cake,ccka,ccka_lr0_1_lr0_01_lr0_01_optgd_epochs100_epochs0_001_epochs0_001_clusters8__rep1,8,0.9166666666666666,tensor(0.1890, grad_fn=<SqueezeBackward0>),tensor(0.8669, grad_fn=<AddBackward0>),2880,21.712301015853882,8,0.5,,20
double_cake,ccka,ccka_lr0_1_lr0_01_lr0_01_optgd_epochs100_epochs0_001_epochs0_001_clusters10__rep1,3,0.9166666666666666,tensor(0.1873, grad_fn=<SqueezeBackward0>),tensor(0.8780, grad_fn=<AddBackward0>),1600,21.869159936904907,10,0.5,,20
double_cake,ccka,ccka_lr0_1_lr0_01_lr0_01_optgd_epochs100_epochs0_001_epochs0_001_clusters8__rep1,9,0.8333333333333334,tensor(0.1832, grad_fn=<SqueezeBackward0>),tensor(1.1949, grad_fn=<AddBackward0>),3200,19.80036211013794,8,0.5,,20
double_cake,ccka,ccka_lr0_1_lr0_01_lr0_01_optgd_epochs100_epochs0_001_epochs0_001_clusters10__rep1,4,0.9166666666666666,tensor(0.1988, grad_fn=<SqueezeBackward0>),tensor(0.8742, grad_fn=<AddBackward0>),2000,20.865761756896973,10,0.5,,20
double_cake,ccka,ccka_lr0_1_lr0_01_lr0_01_optgd_epochs100_epochs0_001_epochs0_001_clusters10__rep1,5,0.8333333333333334,tensor(0.1973, grad_fn=<SqueezeBackward0>),tensor(0.8817, grad_fn=<AddBackward0>),2400,21.818008184432983,10,0.5,,20
double_cake,ccka,ccka_lr0_1_lr0_01_lr0_01_optgd_epochs100_epochs0_001_epochs0_001_clusters10__rep1,6,0.9166666666666666,tensor(0.2063, grad_fn=<SqueezeBackward0>),tensor(0.9016, grad_fn=<AddBackward0>),2800,20.981132745742798,10,0.5,,20
double_cake,ccka,ccka_lr0_1_lr0_01_lr0_01_optgd_epochs100_epochs0_001_epochs0_001_clusters10__rep1,7,0.8333333333333334,tensor(0.2049, grad_fn=<SqueezeBackward0>),tensor(0.9279, grad_fn=<AddBackward0>),3200,21.38476586341858,10,0.5,,20
double_cake,ccka,ccka_lr0_1_lr0_01_lr0_01_optgd_epochs100_epochs0_001_epochs0_001_clusters10__rep1,8,1.0,tensor(0.2084, grad_fn=<SqueezeBackward0>),tensor(0.9504, grad_fn=<AddBackward0>),3600,21.85203790664673,10,0.5,,20
double_cake,ccka,ccka_lr0_1_lr0_01_lr0_01_optgd_epochs100_epochs0_001_epochs0_001_clusters2__rep1,0,0.85,tensor(0.1879, grad_fn=<SqueezeBackward0>),tensor(1.1235, grad_fn=<AddBackward0>),80,51.16490888595581,2,0.5,,20
double_cake,ccka,ccka_lr0_1_lr0_01_lr0_01_optgd_epochs100_epochs0_001_epochs0_001_clusters10__rep1,9,0.9166666666666666,tensor(0.2087, grad_fn=<SqueezeBackward0>),tensor(1.0354, grad_fn=<AddBackward0>),4000,21.605844020843506,10,0.5,,20
double_cake,ccka,ccka_lr0_1_lr0_01_lr0_01_optgd_epochs100_epochs0_001_epochs0_001_clusters2__rep1,1,0.85,tensor(0.1881, grad_fn=<SqueezeBackward0>),tensor(1.1339, grad_fn=<AddBackward0>),160,55.372300148010254,2,0.5,,20
double_cake,ccka,ccka_lr0_1_lr0_01_lr0_01_optgd_epochs100_epochs0_001_epochs0_001_clusters2__rep1,2,0.85,tensor(0.1878, grad_fn=<SqueezeBackward0>),tensor(1.1296, grad_fn=<AddBackward0>),240,52.55506777763367,2,0.5,,20
double_cake,ccka,ccka_lr0_1_lr0_01_lr0_01_optgd_epochs100_epochs0_001_epochs0_001_clusters4__rep1,0,0.85,tensor(0.1853, grad_fn=<SqueezeBackward0>),tensor(1.4299, grad_fn=<AddBackward0>),160,53.57479500770569,4,0.5,,20
double_cake,ccka,ccka_lr0_1_lr0_01_lr0_01_optgd_epochs100_epochs0_001_epochs0_001_clusters2__rep1,3,0.85,tensor(0.1875, grad_fn=<SqueezeBackward0>),tensor(1.1433, grad_fn=<AddBackward0>),320,53.28287696838379,2,0.5,,20
double_cake,ccka,ccka_lr0_1_lr0_01_lr0_01_optgd_epochs100_epochs0_001_epochs0_001_clusters4__rep1,1,0.85,tensor(0.1880, grad_fn=<SqueezeBackward0>),tensor(0.8308, grad_fn=<AddBackward0>),320,52.320061922073364,4,0.5,,20
double_cake,ccka,ccka_lr0_1_lr0_01_lr0_01_optgd_epochs100_epochs0_001_epochs0_001_clusters2__rep1,4,0.85,tensor(0.1867, grad_fn=<SqueezeBackward0>),tensor(1.1411, grad_fn=<AddBackward0>),400,50.33909797668457,2,0.5,,20
double_cake,ccka,ccka_lr0_1_lr0_01_lr0_01_optgd_epochs100_epochs0_001_epochs0_001_clusters4__rep1,2,0.85,tensor(0.1850, grad_fn=<SqueezeBackward0>),tensor(1.4248, grad_fn=<AddBackward0>),480,55.51728010177612,4,0.5,,20
double_cake,ccka,ccka_lr0_1_lr0_01_lr0_01_optgd_epochs100_epochs0_001_epochs0_001_clusters2__rep1,5,0.85,tensor(0.1860, grad_fn=<SqueezeBackward0>),tensor(1.1521, grad_fn=<AddBackward0>),480,54.102789878845215,2,0.5,,20
double_cake,ccka,ccka_lr0_1_lr0_01_lr0_01_optgd_epochs100_epochs0_001_epochs0_001_clusters4__rep1,3,0.85,tensor(0.1879, grad_fn=<SqueezeBackward0>),tensor(0.8309, grad_fn=<AddBackward0>),640,54.78032183647156,4,0.5,,20
double_cake,ccka,ccka_lr0_1_lr0_01_lr0_01_optgd_epochs100_epochs0_001_epochs0_001_clusters2__rep1,6,0.85,tensor(0.1848, grad_fn=<SqueezeBackward0>),tensor(1.1488, grad_fn=<AddBackward0>),560,53.87101697921753,2,0.5,,20
double_cake,ccka,ccka_lr0_1_lr0_01_lr0_01_optgd_epochs100_epochs0_001_epochs0_001_clusters4__rep1,4,0.85,tensor(0.1847, grad_fn=<SqueezeBackward0>),tensor(1.4207, grad_fn=<AddBackward0>),800,52.97362565994263,4,0.5,,20
double_cake,ccka,ccka_lr0_1_lr0_01_lr0_01_optgd_epochs100_epochs0_001_epochs0_001_clusters2__rep1,7,0.85,tensor(0.1838, grad_fn=<SqueezeBackward0>),tensor(1.1530, grad_fn=<AddBackward0>),640,54.22422409057617,2,0.5,,20
double_cake,ccka,ccka_lr0_1_lr0_01_lr0_01_optgd_epochs100_epochs0_001_epochs0_001_clusters4__rep1,5,0.85,tensor(0.1877, grad_fn=<SqueezeBackward0>),tensor(0.8312, grad_fn=<AddBackward0>),960,52.544732093811035,4,0.5,,20
double_cake,ccka,ccka_lr0_1_lr0_01_lr0_01_optgd_epochs100_epochs0_001_epochs0_001_clusters2__rep1,8,0.85,tensor(0.1825, grad_fn=<SqueezeBackward0>),tensor(1.1474, grad_fn=<AddBackward0>),720,50.356035232543945,2,0.5,,20
double_cake,ccka,ccka_lr0_1_lr0_01_lr0_01_optgd_epochs100_epochs0_001_epochs0_001_clusters4__rep1,6,0.85,tensor(0.1843, grad_fn=<SqueezeBackward0>),tensor(1.4180, grad_fn=<AddBackward0>),1120,54.92979669570923,4,0.5,,20
double_cake,ccka,ccka_lr0_1_lr0_01_lr0_01_optgd_epochs100_epochs0_001_epochs0_001_clusters2__rep1,9,0.85,tensor(0.1818, grad_fn=<SqueezeBackward0>),tensor(1.1460, grad_fn=<AddBackward0>),800,54.16969680786133,2,0.5,,20
double_cake,ccka,ccka_lr0_1_lr0_01_lr0_01_optgd_epochs100_epochs0_001_epochs0_001_clusters4__rep1,7,0.85,tensor(0.1874, grad_fn=<SqueezeBackward0>),tensor(0.8319, grad_fn=<AddBackward0>),1280,52.96068215370178,4,0.5,,20
double_cake,ccka,ccka_lr0_1_lr0_01_lr0_01_optgd_epochs100_epochs0_001_epochs0_001_clusters4__rep1,8,0.85,tensor(0.1836, grad_fn=<SqueezeBackward0>),tensor(1.4166, grad_fn=<AddBackward0>),1440,53.211185932159424,4,0.5,,20
double_cake,ccka,ccka_lr0_1_lr0_01_lr0_01_optgd_epochs100_epochs0_001_epochs0_001_clusters4__rep1,9,0.85,tensor(0.1869, grad_fn=<SqueezeBackward0>),tensor(0.8333, grad_fn=<AddBackward0>),1600,54.310707330703735,4,0.5,,20
double_cake,ccka,ccka_lr0_1_lr0_01_lr0_01_optgd_epochs100_epochs0_001_epochs0_001_clusters6__rep1,0,0.85,tensor(0.1846, grad_fn=<SqueezeBackward0>),tensor(0.9648, grad_fn=<AddBackward0>),240,53.3394570350647,6,0.5,,20
double_cake,ccka,ccka_lr0_1_lr0_01_lr0_01_optgd_epochs100_epochs0_001_epochs0_001_clusters6__rep1,1,0.85,tensor(0.1861, grad_fn=<SqueezeBackward0>),tensor(1.3008, grad_fn=<AddBackward0>),480,54.895796060562134,6,0.5,,20
double_cake,ccka,ccka_lr0_1_lr0_01_lr0_01_optgd_epochs100_epochs0_001_epochs0_001_clusters6__rep1,2,0.85,tensor(0.1833, grad_fn=<SqueezeBackward0>),tensor(0.9602, grad_fn=<AddBackward0>),720,51.30847215652466,6,0.5,,20
double_cake,ccka,ccka_lr0_1_lr0_01_lr0_01_optgd_epochs100_epochs0_001_epochs0_001_clusters8__rep1,0,0.95,tensor(0.1886, grad_fn=<SqueezeBackward0>),tensor(0.9041, grad_fn=<AddBackward0>),320,52.499584913253784,8,0.5,,20
double_cake,ccka,ccka_lr0_1_lr0_01_lr0_01_optgd_epochs100_epochs0_001_epochs0_001_clusters6__rep1,3,0.85,tensor(0.1845, grad_fn=<SqueezeBackward0>),tensor(1.3023, grad_fn=<AddBackward0>),960,54.3181529045105,6,0.5,,20
double_cake,ccka,ccka_lr0_1_lr0_01_lr0_01_optgd_epochs100_epochs0_001_epochs0_001_clusters8__rep1,1,0.9,tensor(0.1854, grad_fn=<SqueezeBackward0>),tensor(1.3372, grad_fn=<AddBackward0>),640,54.29589486122131,8,0.5,,20
double_cake,ccka,ccka_lr0_1_lr0_01_lr0_01_optgd_epochs100_epochs0_001_epochs0_001_clusters6__rep1,4,0.85,tensor(0.1822, grad_fn=<SqueezeBackward0>),tensor(0.9553, grad_fn=<AddBackward0>),1200,55.08059787750244,6,0.5,,20
double_cake,ccka,ccka_lr0_1_lr0_01_lr0_01_optgd_epochs100_epochs0_001_epochs0_001_clusters8__rep1,2,0.9,tensor(0.1885, grad_fn=<SqueezeBackward0>),tensor(0.9117, grad_fn=<AddBackward0>),960,54.54200291633606,8,0.5,,20
double_cake,ccka,ccka_lr0_1_lr0_01_lr0_01_optgd_epochs100_epochs0_001_epochs0_001_clusters6__rep1,5,0.85,tensor(0.1832, grad_fn=<SqueezeBackward0>),tensor(1.3048, grad_fn=<AddBackward0>),1440,293.387567281723,6,0.5,,20
double_cake,ccka,ccka_lr0_1_lr0_01_lr0_01_optgd_epochs100_epochs0_001_epochs0_001_clusters8__rep1,3,0.9,tensor(0.1829, grad_fn=<SqueezeBackward0>),tensor(1.3318, grad_fn=<AddBackward0>),1280,294.2575571537018,8,0.5,,20
double_cake,ccka,ccka_lr0_1_lr0_01_lr0_01_optgd_epochs100_epochs0_001_epochs0_001_clusters6__rep1,6,0.85,tensor(0.1814, grad_fn=<SqueezeBackward0>),tensor(0.9504, grad_fn=<AddBackward0>),1680,52.657222032547,6,0.5,,20
double_cake,ccka,ccka_lr0_1_lr0_01_lr0_01_optgd_epochs100_epochs0_001_epochs0_001_clusters8__rep1,4,0.8,tensor(0.1883, grad_fn=<SqueezeBackward0>),tensor(0.9187, grad_fn=<AddBackward0>),1600,53.36965298652649,8,0.5,,20
double_cake,ccka,ccka_lr0_1_lr0_01_lr0_01_optgd_epochs100_epochs0_001_epochs0_001_clusters6__rep1,7,0.85,tensor(0.1822, grad_fn=<SqueezeBackward0>),tensor(1.3080, grad_fn=<AddBackward0>),1920,52.90177798271179,6,0.5,,20
double_cake,ccka,ccka_lr0_1_lr0_01_lr0_01_optgd_epochs100_epochs0_001_epochs0_001_clusters8__rep1,5,0.9,tensor(0.1807, grad_fn=<SqueezeBackward0>),tensor(1.3170, grad_fn=<AddBackward0>),1920,55.14238500595093,8,0.5,,20
double_cake,ccka,ccka_lr0_1_lr0_01_lr0_01_optgd_epochs100_epochs0_001_epochs0_001_clusters6__rep1,8,0.85,tensor(0.1808, grad_fn=<SqueezeBackward0>),tensor(0.9460, grad_fn=<AddBackward0>),2160,55.19344401359558,6,0.5,,20
double_cake,ccka,ccka_lr0_1_lr0_01_lr0_01_optgd_epochs100_epochs0_001_epochs0_001_clusters8__rep1,6,0.8,tensor(0.1879, grad_fn=<SqueezeBackward0>),tensor(0.9257, grad_fn=<AddBackward0>),2240,55.109347105026245,8,0.5,,20
double_cake,ccka,ccka_lr0_1_lr0_01_lr0_01_optgd_epochs100_epochs0_001_epochs0_001_clusters6__rep1,9,0.85,tensor(0.1813, grad_fn=<SqueezeBackward0>),tensor(1.3114, grad_fn=<AddBackward0>),2400,53.26364016532898,6,0.5,,20
double_cake,ccka,ccka_lr0_1_lr0_01_lr0_01_optgd_epochs100_epochs0_001_epochs0_001_clusters8__rep1,7,0.9,tensor(0.1785, grad_fn=<SqueezeBackward0>),tensor(1.2952, grad_fn=<AddBackward0>),2560,55.239240884780884,8,0.5,,20
double_cake,ccka,ccka_lr0_1_lr0_01_lr0_01_optgd_epochs100_epochs0_001_epochs0_001_clusters8__rep1,8,0.85,tensor(0.1870, grad_fn=<SqueezeBackward0>),tensor(0.9320, grad_fn=<AddBackward0>),2880,55.65047812461853,8,0.5,,20
double_cake,ccka,ccka_lr0_1_lr0_01_lr0_01_optgd_epochs100_epochs0_001_epochs0_001_clusters8__rep1,9,0.9,tensor(0.1763, grad_fn=<SqueezeBackward0>),tensor(1.2691, grad_fn=<AddBackward0>),3200,55.3421790599823,8,0.5,,20
double_cake,ccka,ccka_lr0_1_lr0_01_lr0_01_optgd_epochs100_epochs0_001_epochs0_001_clusters10__rep1,0,0.9,tensor(0.1837, grad_fn=<SqueezeBackward0>),tensor(1.4693, grad_fn=<AddBackward0>),400,53.83993220329285,10,0.5,,20
double_cake,ccka,ccka_lr0_1_lr0_01_lr0_01_optgd_epochs100_epochs0_001_epochs0_001_clusters10__rep1,1,0.85,tensor(0.1880, grad_fn=<SqueezeBackward0>),tensor(0.8047, grad_fn=<AddBackward0>),800,54.84690189361572,10,0.5,,20
double_cake,ccka,ccka_lr0_1_lr0_01_lr0_01_optgd_epochs100_epochs0_001_epochs0_001_clusters10__rep1,2,0.9,tensor(0.1839, grad_fn=<SqueezeBackward0>),tensor(1.4821, grad_fn=<AddBackward0>),1200,55.44697427749634,10,0.5,,20
double_cake,ccka,ccka_lr0_1_lr0_01_lr0_01_optgd_epochs100_epochs0_001_epochs0_001_clusters10__rep1,3,0.85,tensor(0.1878, grad_fn=<SqueezeBackward0>),tensor(0.8097, grad_fn=<AddBackward0>),1600,57.636616230010986,10,0.5,,20
double_cake,ccka,ccka_lr0_1_lr0_01_lr0_01_optgd_epochs100_epochs0_001_epochs0_001_clusters10__rep1,4,0.85,tensor(0.1840, grad_fn=<SqueezeBackward0>),tensor(1.4888, grad_fn=<AddBackward0>),2000,53.56456804275513,10,0.5,,20
double_cake,ccka,ccka_lr0_1_lr0_01_lr0_01_optgd_epochs100_epochs0_001_epochs0_001_clusters2__rep1,0,0.8928571428571429,tensor(0.1130, grad_fn=<SqueezeBackward0>),tensor(0.9681, grad_fn=<AddBackward0>),80,104.26301193237305,2,0.5,,20
double_cake,ccka,ccka_lr0_1_lr0_01_lr0_01_optgd_epochs100_epochs0_001_epochs0_001_clusters10__rep1,5,0.85,tensor(0.1874, grad_fn=<SqueezeBackward0>),tensor(0.8162, grad_fn=<AddBackward0>),2400,55.50599694252014,10,0.5,,20
double_cake,ccka,ccka_lr0_1_lr0_01_lr0_01_optgd_epochs100_epochs0_001_epochs0_001_clusters10__rep1,6,0.85,tensor(0.1840, grad_fn=<SqueezeBackward0>),tensor(1.4882, grad_fn=<AddBackward0>),2800,55.86093306541443,10,0.5,,20
double_cake,ccka,ccka_lr0_1_lr0_01_lr0_01_optgd_epochs100_epochs0_001_epochs0_001_clusters2__rep1,1,0.8571428571428571,tensor(0.1116, grad_fn=<SqueezeBackward0>),tensor(1.2545, grad_fn=<AddBackward0>),160,102.68727898597717,2,0.5,,20
double_cake,ccka,ccka_lr0_1_lr0_01_lr0_01_optgd_epochs100_epochs0_001_epochs0_001_clusters10__rep1,7,0.85,tensor(0.1867, grad_fn=<SqueezeBackward0>),tensor(0.8236, grad_fn=<AddBackward0>),3200,57.70782208442688,10,0.5,,20
double_cake,ccka,ccka_lr0_1_lr0_01_lr0_01_optgd_epochs100_epochs0_001_epochs0_001_clusters10__rep1,8,0.85,tensor(0.1835, grad_fn=<SqueezeBackward0>),tensor(1.4815, grad_fn=<AddBackward0>),3600,55.1721830368042,10,0.5,,20
double_cake,ccka,ccka_lr0_1_lr0_01_lr0_01_optgd_epochs100_epochs0_001_epochs0_001_clusters2__rep1,2,0.8571428571428571,tensor(0.1127, grad_fn=<SqueezeBackward0>),tensor(0.9733, grad_fn=<AddBackward0>),240,109.4572811126709,2,0.5,,20
double_cake,ccka,ccka_lr0_1_lr0_01_lr0_01_optgd_epochs100_epochs0_001_epochs0_001_clusters10__rep1,9,0.85,tensor(0.1858, grad_fn=<SqueezeBackward0>),tensor(0.8312, grad_fn=<AddBackward0>),4000,56.58195519447327,10,0.5,,20
double_cake,ccka,ccka_lr0_1_lr0_01_lr0_01_optgd_epochs100_epochs0_001_epochs0_001_clusters2__rep1,3,0.8928571428571429,tensor(0.1115, grad_fn=<SqueezeBackward0>),tensor(1.2581, grad_fn=<AddBackward0>),320,102.65033483505249,2,0.5,,20
double_cake,ccka,ccka_lr0_1_lr0_01_lr0_01_optgd_epochs100_epochs0_001_epochs0_001_clusters2__rep1,4,0.8571428571428571,tensor(0.1125, grad_fn=<SqueezeBackward0>),tensor(0.9794, grad_fn=<AddBackward0>),400,105.25952196121216,2,0.5,,20
double_cake,ccka,ccka_lr0_1_lr0_01_lr0_01_optgd_epochs100_epochs0_001_epochs0_001_clusters4__rep1,0,0.9285714285714286,tensor(0.1128, grad_fn=<SqueezeBackward0>),tensor(1.4109, grad_fn=<AddBackward0>),160,105.38996243476868,4,0.5,,20
double_cake,ccka,ccka_lr0_1_lr0_01_lr0_01_optgd_epochs100_epochs0_001_epochs0_001_clusters2__rep1,5,0.8928571428571429,tensor(0.1115, grad_fn=<SqueezeBackward0>),tensor(1.2631, grad_fn=<AddBackward0>),480,109.12161302566528,2,0.5,,20
double_cake,ccka,ccka_lr0_1_lr0_01_lr0_01_optgd_epochs100_epochs0_001_epochs0_001_clusters4__rep1,1,0.8571428571428571,tensor(0.1117, grad_fn=<SqueezeBackward0>),tensor(0.7783, grad_fn=<AddBackward0>),320,109.9801812171936,4,0.5,,20
double_cake,ccka,ccka_lr0_1_lr0_01_lr0_01_optgd_epochs100_epochs0_001_epochs0_001_clusters2__rep1,6,0.8571428571428571,tensor(0.1124, grad_fn=<SqueezeBackward0>),tensor(0.9855, grad_fn=<AddBackward0>),560,109.78628182411194,2,0.5,,20
double_cake,ccka,ccka_lr0_1_lr0_01_lr0_01_optgd_epochs100_epochs0_001_epochs0_001_clusters2__rep1,7,0.8928571428571429,tensor(0.1115, grad_fn=<SqueezeBackward0>),tensor(1.2683, grad_fn=<AddBackward0>),640,110.56570219993591,2,0.5,,20
double_cake,ccka,ccka_lr0_1_lr0_01_lr0_01_optgd_epochs100_epochs0_001_epochs0_001_clusters4__rep1,2,0.9642857142857143,tensor(0.1132, grad_fn=<SqueezeBackward0>),tensor(1.4254, grad_fn=<AddBackward0>),480,115.7405309677124,4,0.5,,20
double_cake,ccka,ccka_lr0_1_lr0_01_lr0_01_optgd_epochs100_epochs0_001_epochs0_001_clusters4__rep1,3,0.8571428571428571,tensor(0.1117, grad_fn=<SqueezeBackward0>),tensor(0.7987, grad_fn=<AddBackward0>),640,111.32152986526489,4,0.5,,20
double_cake,ccka,ccka_lr0_1_lr0_01_lr0_01_optgd_epochs100_epochs0_001_epochs0_001_clusters2__rep1,8,0.8571428571428571,tensor(0.1122, grad_fn=<SqueezeBackward0>),tensor(0.9908, grad_fn=<AddBackward0>),720,113.74998021125793,2,0.5,,20
double_cake,ccka,ccka_lr0_1_lr0_01_lr0_01_optgd_epochs100_epochs0_001_epochs0_001_clusters4__rep1,4,0.9642857142857143,tensor(0.1137, grad_fn=<SqueezeBackward0>),tensor(1.4381, grad_fn=<AddBackward0>),800,108.02310180664062,4,0.5,,20
double_cake,ccka,ccka_lr0_1_lr0_01_lr0_01_optgd_epochs100_epochs0_001_epochs0_001_clusters2__rep1,9,0.8928571428571429,tensor(0.1114, grad_fn=<SqueezeBackward0>),tensor(1.2721, grad_fn=<AddBackward0>),800,111.63724207878113,2,0.5,,20
double_cake,ccka,ccka_lr0_1_lr0_01_lr0_01_optgd_epochs100_epochs0_001_epochs0_001_clusters4__rep1,5,0.8928571428571429,tensor(0.1117, grad_fn=<SqueezeBackward0>),tensor(0.8268, grad_fn=<AddBackward0>),960,109.01004600524902,4,0.5,,20
double_cake,ccka,ccka_lr0_1_lr0_01_lr0_01_optgd_epochs100_epochs0_001_epochs0_001_clusters4__rep1,6,0.9642857142857143,tensor(0.1143, grad_fn=<SqueezeBackward0>),tensor(1.4437, grad_fn=<AddBackward0>),1120,105.70060300827026,4,0.5,,20
double_cake,ccka,ccka_lr0_1_lr0_01_lr0_01_optgd_epochs100_epochs0_001_epochs0_001_clusters6__rep1,0,0.8214285714285714,tensor(0.1138, grad_fn=<SqueezeBackward0>),tensor(1.1619, grad_fn=<AddBackward0>),240,105.68786692619324,6,0.5,,20
double_cake,ccka,ccka_lr0_1_lr0_01_lr0_01_optgd_epochs100_epochs0_001_epochs0_001_clusters4__rep1,7,0.9285714285714286,tensor(0.1119, grad_fn=<SqueezeBackward0>),tensor(0.8568, grad_fn=<AddBackward0>),1280,104.60040330886841,4,0.5,,20
double_cake,ccka,ccka_lr0_1_lr0_01_lr0_01_optgd_epochs100_epochs0_001_epochs0_001_clusters6__rep1,1,0.8571428571428571,tensor(0.1107, grad_fn=<SqueezeBackward0>),tensor(1.1332, grad_fn=<AddBackward0>),480,111.08227586746216,6,0.5,,20
double_cake,ccka,ccka_lr0_1_lr0_01_lr0_01_optgd_epochs100_epochs0_001_epochs0_001_clusters4__rep1,8,0.8571428571428571,tensor(0.1153, grad_fn=<SqueezeBackward0>),tensor(1.4384, grad_fn=<AddBackward0>),1440,111.55291199684143,4,0.5,,20
double_cake,ccka,ccka_lr0_1_lr0_01_lr0_01_optgd_epochs100_epochs0_001_epochs0_001_clusters6__rep1,2,0.7857142857142857,tensor(0.1117, grad_fn=<SqueezeBackward0>),tensor(1.1744, grad_fn=<AddBackward0>),720,113.06676578521729,6,0.5,,20
double_cake,ccka,ccka_lr0_1_lr0_01_lr0_01_optgd_epochs100_epochs0_001_epochs0_001_clusters4__rep1,9,0.8214285714285714,tensor(0.1128, grad_fn=<SqueezeBackward0>),tensor(0.8836, grad_fn=<AddBackward0>),1600,117.27192687988281,4,0.5,,20
double_cake,ccka,ccka_lr0_1_lr0_01_lr0_01_optgd_epochs100_epochs0_001_epochs0_001_clusters6__rep1,3,0.8571428571428571,tensor(0.1093, grad_fn=<SqueezeBackward0>),tensor(1.1441, grad_fn=<AddBackward0>),960,11429.334103107452,6,0.5,,20
double_cake,ccka,ccka_lr0_1_lr0_01_lr0_01_optgd_epochs100_epochs0_001_epochs0_001_clusters6__rep1,4,0.7857142857142857,tensor(0.1098, grad_fn=<SqueezeBackward0>),tensor(1.1710, grad_fn=<AddBackward0>),1200,5651.300682067871,6,0.5,,20
double_cake,ccka,ccka_lr0_1_lr0_01_lr0_01_optgd_epochs100_epochs0_001_epochs0_001_clusters6__rep1,5,0.7857142857142857,tensor(0.1081, grad_fn=<SqueezeBackward0>),tensor(1.1422, grad_fn=<AddBackward0>),1440,760.5462291240692,6,0.5,,20
double_cake,ccka,ccka_lr0_1_lr0_01_lr0_01_optgd_epochs100_epochs0_001_epochs0_001_clusters8__rep1,0,0.9285714285714286,tensor(0.1146, grad_fn=<SqueezeBackward0>),tensor(1.1084, grad_fn=<AddBackward0>),320,765.2295610904694,8,0.5,,20
double_cake,ccka,ccka_lr0_1_lr0_01_lr0_01_optgd_epochs100_epochs0_001_epochs0_001_clusters8__rep1,1,0.8571428571428571,tensor(0.1122, grad_fn=<SqueezeBackward0>),tensor(1.0433, grad_fn=<AddBackward0>),640,112.41467618942261,8,0.5,,20
double_cake,ccka,ccka_lr0_1_lr0_01_lr0_01_optgd_epochs100_epochs0_001_epochs0_001_clusters6__rep1,6,0.7857142857142857,tensor(0.1086, grad_fn=<SqueezeBackward0>),tensor(1.1568, grad_fn=<AddBackward0>),1680,116.19104385375977,6,0.5,,20
double_cake,ccka,ccka_lr0_1_lr0_01_lr0_01_optgd_epochs100_epochs0_001_epochs0_001_clusters8__rep1,2,0.9285714285714286,tensor(0.1144, grad_fn=<SqueezeBackward0>),tensor(1.1513, grad_fn=<AddBackward0>),960,110.59683585166931,8,0.5,,20
double_cake,ccka,ccka_lr0_1_lr0_01_lr0_01_optgd_epochs100_epochs0_001_epochs0_001_clusters6__rep1,7,0.7857142857142857,tensor(0.1076, grad_fn=<SqueezeBackward0>),tensor(1.1340, grad_fn=<AddBackward0>),1920,113.95122814178467,6,0.5,,20
double_cake,ccka,ccka_lr0_1_lr0_01_lr0_01_optgd_epochs100_epochs0_001_epochs0_001_clusters8__rep1,3,0.8571428571428571,tensor(0.1109, grad_fn=<SqueezeBackward0>),tensor(1.1028, grad_fn=<AddBackward0>),1280,116.61625504493713,8,0.5,,20
double_cake,ccka,ccka_lr0_1_lr0_01_lr0_01_optgd_epochs100_epochs0_001_epochs0_001_clusters6__rep1,8,0.8571428571428571,tensor(0.1085, grad_fn=<SqueezeBackward0>),tensor(1.1397, grad_fn=<AddBackward0>),2160,118.14556193351746,6,0.5,,20
double_cake,ccka,ccka_lr0_1_lr0_01_lr0_01_optgd_epochs100_epochs0_001_epochs0_001_clusters8__rep1,4,0.9285714285714286,tensor(0.1120, grad_fn=<SqueezeBackward0>),tensor(1.2320, grad_fn=<AddBackward0>),1600,113.57266926765442,8,0.5,,20
double_cake,ccka,ccka_lr0_1_lr0_01_lr0_01_optgd_epochs100_epochs0_001_epochs0_001_clusters6__rep1,9,0.8214285714285714,tensor(0.1079, grad_fn=<SqueezeBackward0>),tensor(1.1261, grad_fn=<AddBackward0>),2400,110.17933893203735,6,0.5,,20
double_cake,ccka,ccka_lr0_1_lr0_01_lr0_01_optgd_epochs100_epochs0_001_epochs0_001_clusters8__rep1,5,0.8928571428571429,tensor(0.1105, grad_fn=<SqueezeBackward0>),tensor(1.1148, grad_fn=<AddBackward0>),1920,105.10967922210693,8,0.5,,20
double_cake,ccka,ccka_lr0_1_lr0_01_lr0_01_optgd_epochs100_epochs0_001_epochs0_001_clusters8__rep1,6,0.9285714285714286,tensor(0.1116, grad_fn=<SqueezeBackward0>),tensor(1.2900, grad_fn=<AddBackward0>),2240,110.6331889629364,8,0.5,,20
double_cake,ccka,ccka_lr0_1_lr0_01_lr0_01_optgd_epochs100_epochs0_001_epochs0_001_clusters10__rep1,0,0.8928571428571429,tensor(0.1109, grad_fn=<SqueezeBackward0>),tensor(1.2431, grad_fn=<AddBackward0>),400,108.51532983779907,10,0.5,,20
double_cake,ccka,ccka_lr0_1_lr0_01_lr0_01_optgd_epochs100_epochs0_001_epochs0_001_clusters8__rep1,7,0.8571428571428571,tensor(0.1123, grad_fn=<SqueezeBackward0>),tensor(1.0949, grad_fn=<AddBackward0>),2560,108.50075697898865,8,0.5,,20
double_cake,ccka,ccka_lr0_1_lr0_01_lr0_01_optgd_epochs100_epochs0_001_epochs0_001_clusters8__rep1,8,0.8928571428571429,tensor(0.1138, grad_fn=<SqueezeBackward0>),tensor(1.3131, grad_fn=<AddBackward0>),2880,107.73104286193848,8,0.5,,20
double_cake,ccka,ccka_lr0_1_lr0_01_lr0_01_optgd_epochs100_epochs0_001_epochs0_001_clusters10__rep1,1,0.8928571428571429,tensor(0.1106, grad_fn=<SqueezeBackward0>),tensor(1.0286, grad_fn=<AddBackward0>),800,114.17817282676697,10,0.5,,20
double_cake,ccka,ccka_lr0_1_lr0_01_lr0_01_optgd_epochs100_epochs0_001_epochs0_001_clusters10__rep1,2,0.8928571428571429,tensor(0.1096, grad_fn=<SqueezeBackward0>),tensor(1.2413, grad_fn=<AddBackward0>),1200,112.81998014450073,10,0.5,,20
double_cake,ccka,ccka_lr0_1_lr0_01_lr0_01_optgd_epochs100_epochs0_001_epochs0_001_clusters8__rep1,9,0.9285714285714286,tensor(0.1153, grad_fn=<SqueezeBackward0>),tensor(1.0711, grad_fn=<AddBackward0>),3200,115.87828302383423,8,0.5,,20
double_cake,ccka,ccka_lr0_1_lr0_01_lr0_01_optgd_epochs100_epochs0_001_epochs0_001_clusters10__rep1,3,0.8928571428571429,tensor(0.1095, grad_fn=<SqueezeBackward0>),tensor(1.0278, grad_fn=<AddBackward0>),1600,104.07048296928406,10,0.5,,20
double_cake,ccka,ccka_lr0_1_lr0_01_lr0_01_optgd_epochs100_epochs0_001_epochs0_001_clusters10__rep1,4,0.9285714285714286,tensor(0.1082, grad_fn=<SqueezeBackward0>),tensor(1.2393, grad_fn=<AddBackward0>),2000,110.83250713348389,10,0.5,,20
double_cake,ccka,ccka_lr0_1_lr0_01_lr0_01_optgd_epochs100_epochs0_001_epochs0_001_clusters10__rep1,5,0.9285714285714286,tensor(0.1084, grad_fn=<SqueezeBackward0>),tensor(1.0255, grad_fn=<AddBackward0>),2400,105.98487210273743,10,0.5,,20
double_cake,ccka,ccka_lr0_1_lr0_01_lr0_01_optgd_epochs100_epochs0_001_epochs0_001_clusters2__rep1,0,0.8125,tensor(0.0886, grad_fn=<SqueezeBackward0>),tensor(1.1338, grad_fn=<AddBackward0>),80,138.3221070766449,2,0.5,,20
double_cake,ccka,ccka_lr0_1_lr0_01_lr0_01_optgd_epochs100_epochs0_001_epochs0_001_clusters10__rep1,6,0.8928571428571429,tensor(0.1067, grad_fn=<SqueezeBackward0>),tensor(1.2374, grad_fn=<AddBackward0>),2800,115.3397843837738,10,0.5,,20
double_cake,ccka,ccka_lr0_1_lr0_01_lr0_01_optgd_epochs100_epochs0_001_epochs0_001_clusters2__rep1,1,0.84375,tensor(0.0880, grad_fn=<SqueezeBackward0>),tensor(1.0450, grad_fn=<AddBackward0>),160,148.60677933692932,2,0.5,,20
double_cake,ccka,ccka_lr0_1_lr0_01_lr0_01_optgd_epochs100_epochs0_001_epochs0_001_clusters10__rep1,7,0.9285714285714286,tensor(0.1073, grad_fn=<SqueezeBackward0>),tensor(1.0220, grad_fn=<AddBackward0>),3200,112.33544492721558,10,0.5,,20
double_cake,ccka,ccka_lr0_1_lr0_01_lr0_01_optgd_epochs100_epochs0_001_epochs0_001_clusters10__rep1,8,0.8928571428571429,tensor(0.1053, grad_fn=<SqueezeBackward0>),tensor(1.2363, grad_fn=<AddBackward0>),3600,122.46111702919006,10,0.5,,20
double_cake,ccka,ccka_lr0_1_lr0_01_lr0_01_optgd_epochs100_epochs0_001_epochs0_001_clusters2__rep1,2,0.78125,tensor(0.0882, grad_fn=<SqueezeBackward0>),tensor(1.1387, grad_fn=<AddBackward0>),240,152.53329491615295,2,0.5,,20
double_cake,ccka,ccka_lr0_1_lr0_01_lr0_01_optgd_epochs100_epochs0_001_epochs0_001_clusters10__rep1,9,0.9285714285714286,tensor(0.1063, grad_fn=<SqueezeBackward0>),tensor(1.0178, grad_fn=<AddBackward0>),4000,119.53203463554382,10,0.5,,20
double_cake,ccka,ccka_lr0_1_lr0_01_lr0_01_optgd_epochs100_epochs0_001_epochs0_001_clusters2__rep1,3,0.84375,tensor(0.0880, grad_fn=<SqueezeBackward0>),tensor(1.0606, grad_fn=<AddBackward0>),320,149.22448682785034,2,0.5,,20
double_cake,ccka,ccka_lr0_1_lr0_01_lr0_01_optgd_epochs100_epochs0_001_epochs0_001_clusters2__rep1,4,0.8125,tensor(0.0887, grad_fn=<SqueezeBackward0>),tensor(1.1550, grad_fn=<AddBackward0>),400,140.7806351184845,2,0.5,,20
double_cake,ccka,ccka_lr0_1_lr0_01_lr0_01_optgd_epochs100_epochs0_001_epochs0_001_clusters2__rep1,5,0.8125,tensor(0.0889, grad_fn=<SqueezeBackward0>),tensor(1.0824, grad_fn=<AddBackward0>),480,144.42635083198547,2,0.5,,20
double_cake,ccka,ccka_lr0_1_lr0_01_lr0_01_optgd_epochs100_epochs0_001_epochs0_001_clusters4__rep1,0,0.78125,tensor(0.0851, grad_fn=<SqueezeBackward0>),tensor(1.0397, grad_fn=<AddBackward0>),160,141.8605921268463,4,0.5,,20
double_cake,ccka,ccka_lr0_1_lr0_01_lr0_01_optgd_epochs100_epochs0_001_epochs0_001_clusters2__rep1,6,0.8125,tensor(0.0902, grad_fn=<SqueezeBackward0>),tensor(1.1769, grad_fn=<AddBackward0>),560,160.99559617042542,2,0.5,,20
double_cake,ccka,ccka_lr0_1_lr0_01_lr0_01_optgd_epochs100_epochs0_001_epochs0_001_clusters4__rep1,1,0.84375,tensor(0.0880, grad_fn=<SqueezeBackward0>),tensor(1.1705, grad_fn=<AddBackward0>),320,152.82981991767883,4,0.5,,20
double_cake,ccka,ccka_lr0_1_lr0_01_lr0_01_optgd_epochs100_epochs0_001_epochs0_001_clusters2__rep1,7,0.8125,tensor(0.0907, grad_fn=<SqueezeBackward0>),tensor(1.1007, grad_fn=<AddBackward0>),640,155.6454267501831,2,0.5,,20
double_cake,ccka,ccka_lr0_1_lr0_01_lr0_01_optgd_epochs100_epochs0_001_epochs0_001_clusters4__rep1,2,0.78125,tensor(0.0848, grad_fn=<SqueezeBackward0>),tensor(1.0381, grad_fn=<AddBackward0>),480,157.8480851650238,4,0.5,,20
double_cake,ccka,ccka_lr0_1_lr0_01_lr0_01_optgd_epochs100_epochs0_001_epochs0_001_clusters2__rep1,8,0.84375,tensor(0.0924, grad_fn=<SqueezeBackward0>),tensor(1.1938, grad_fn=<AddBackward0>),720,153.65403199195862,2,0.5,,20
double_cake,ccka,ccka_lr0_1_lr0_01_lr0_01_optgd_epochs100_epochs0_001_epochs0_001_clusters4__rep1,3,0.8125,tensor(0.0879, grad_fn=<SqueezeBackward0>),tensor(1.1816, grad_fn=<AddBackward0>),640,167.50526905059814,4,0.5,,20
double_cake,ccka,ccka_lr0_1_lr0_01_lr0_01_optgd_epochs100_epochs0_001_epochs0_001_clusters2__rep1,9,0.8125,tensor(0.0929, grad_fn=<SqueezeBackward0>),tensor(1.1072, grad_fn=<AddBackward0>),800,166.92944598197937,2,0.5,,20
double_cake,ccka,ccka_lr0_1_lr0_01_lr0_01_optgd_epochs100_epochs0_001_epochs0_001_clusters4__rep1,4,0.78125,tensor(0.0853, grad_fn=<SqueezeBackward0>),tensor(1.0472, grad_fn=<AddBackward0>),800,155.787446975708,4,0.5,,20
double_cake,ccka,ccka_lr0_1_lr0_01_lr0_01_optgd_epochs100_epochs0_001_epochs0_001_clusters4__rep1,5,0.8125,tensor(0.0886, grad_fn=<SqueezeBackward0>),tensor(1.1948, grad_fn=<AddBackward0>),960,146.39101696014404,4,0.5,,20
double_cake,ccka,ccka_lr0_1_lr0_01_lr0_01_optgd_epochs100_epochs0_001_epochs0_001_clusters4__rep1,6,0.78125,tensor(0.0864, grad_fn=<SqueezeBackward0>),tensor(1.0657, grad_fn=<AddBackward0>),1120,141.40934896469116,4,0.5,,20
double_cake,ccka,ccka_lr0_1_lr0_01_lr0_01_optgd_epochs100_epochs0_001_epochs0_001_clusters6__rep1,0,0.84375,tensor(0.0892, grad_fn=<SqueezeBackward0>),tensor(1.1170, grad_fn=<AddBackward0>),240,603.6875469684601,6,0.5,,20
double_cake,ccka,ccka_lr0_1_lr0_01_lr0_01_optgd_epochs100_epochs0_001_epochs0_001_clusters4__rep1,7,0.8125,tensor(0.0900, grad_fn=<SqueezeBackward0>),tensor(1.2055, grad_fn=<AddBackward0>),1280,1058.9912960529327,4,0.5,,20
double_cake,ccka,ccka_lr0_1_lr0_01_lr0_01_optgd_epochs100_epochs0_001_epochs0_001_clusters6__rep1,1,0.84375,tensor(0.0897, grad_fn=<SqueezeBackward0>),tensor(1.1490, grad_fn=<AddBackward0>),480,601.6167480945587,6,0.5,,20
double_cake,ccka,ccka_lr0_1_lr0_01_lr0_01_optgd_epochs100_epochs0_001_epochs0_001_clusters4__rep1,8,0.84375,tensor(0.0882, grad_fn=<SqueezeBackward0>),tensor(1.0872, grad_fn=<AddBackward0>),1440,153.526926279068,4,0.5,,20
double_cake,ccka,ccka_lr0_1_lr0_01_lr0_01_optgd_epochs100_epochs0_001_epochs0_001_clusters6__rep1,2,0.84375,tensor(0.0901, grad_fn=<SqueezeBackward0>),tensor(1.1188, grad_fn=<AddBackward0>),720,233.36184906959534,6,0.5,,20
double_cake,ccka,ccka_lr0_1_lr0_01_lr0_01_optgd_epochs100_epochs0_001_epochs0_001_clusters4__rep1,9,0.8125,tensor(0.0919, grad_fn=<SqueezeBackward0>),tensor(1.2094, grad_fn=<AddBackward0>),1600,259.7145142555237,4,0.5,,20
double_cake,ccka,ccka_lr0_1_lr0_01_lr0_01_optgd_epochs100_epochs0_001_epochs0_001_clusters6__rep1,3,0.8125,tensor(0.0908, grad_fn=<SqueezeBackward0>),tensor(1.1492, grad_fn=<AddBackward0>),960,304.39902806282043,6,0.5,,20
double_cake,ccka,ccka_lr0_1_lr0_01_lr0_01_optgd_epochs100_epochs0_001_epochs0_001_clusters6__rep1,4,0.875,tensor(0.0911, grad_fn=<SqueezeBackward0>),tensor(1.1163, grad_fn=<AddBackward0>),1200,1425.4332139492035,6,0.5,,20
double_cake,ccka,ccka_lr0_1_lr0_01_lr0_01_optgd_epochs100_epochs0_001_epochs0_001_clusters6__rep1,5,0.8125,tensor(0.0919, grad_fn=<SqueezeBackward0>),tensor(1.1469, grad_fn=<AddBackward0>),1440,147.41731309890747,6,0.5,,20
double_cake,ccka,ccka_lr0_1_lr0_01_lr0_01_optgd_epochs100_epochs0_001_epochs0_001_clusters8__rep1,0,0.84375,tensor(0.0862, grad_fn=<SqueezeBackward0>),tensor(1.0228, grad_fn=<AddBackward0>),320,147.04978489875793,8,0.5,,20
double_cake,ccka,ccka_lr0_1_lr0_01_lr0_01_optgd_epochs100_epochs0_001_epochs0_001_clusters6__rep1,6,0.90625,tensor(0.0921, grad_fn=<SqueezeBackward0>),tensor(1.1103, grad_fn=<AddBackward0>),1680,176.7792670726776,6,0.5,,20
double_cake,ccka,ccka_lr0_1_lr0_01_lr0_01_optgd_epochs100_epochs0_001_epochs0_001_clusters8__rep1,1,0.84375,tensor(0.0886, grad_fn=<SqueezeBackward0>),tensor(1.2073, grad_fn=<AddBackward0>),640,213.61512088775635,8,0.5,,20
double_cake,ccka,ccka_lr0_1_lr0_01_lr0_01_optgd_epochs100_epochs0_001_epochs0_001_clusters6__rep1,7,0.875,tensor(0.0931, grad_fn=<SqueezeBackward0>),tensor(1.1419, grad_fn=<AddBackward0>),1920,256.69145607948303,6,0.5,,20
double_cake,ccka,ccka_lr0_1_lr0_01_lr0_01_optgd_epochs100_epochs0_001_epochs0_001_clusters8__rep1,2,0.8125,tensor(0.0864, grad_fn=<SqueezeBackward0>),tensor(1.0144, grad_fn=<AddBackward0>),960,274.7141659259796,8,0.5,,20
double_cake,ccka,ccka_lr0_1_lr0_01_lr0_01_optgd_epochs100_epochs0_001_epochs0_001_clusters6__rep1,8,0.90625,tensor(0.0932, grad_fn=<SqueezeBackward0>),tensor(1.1019, grad_fn=<AddBackward0>),2160,313.5980279445648,6,0.5,,20
double_cake,ccka,ccka_lr0_1_lr0_01_lr0_01_optgd_epochs100_epochs0_001_epochs0_001_clusters8__rep1,3,0.84375,tensor(0.0887, grad_fn=<SqueezeBackward0>),tensor(1.2105, grad_fn=<AddBackward0>),1280,289.11953377723694,8,0.5,,20
double_cake,ccka,ccka_lr0_1_lr0_01_lr0_01_optgd_epochs100_epochs0_001_epochs0_001_clusters6__rep1,9,0.90625,tensor(0.0944, grad_fn=<SqueezeBackward0>),tensor(1.1344, grad_fn=<AddBackward0>),2400,345.0490460395813,6,0.5,,20
double_cake,ccka,ccka_lr0_1_lr0_01_lr0_01_optgd_epochs100_epochs0_001_epochs0_001_clusters8__rep1,4,0.8125,tensor(0.0868, grad_fn=<SqueezeBackward0>),tensor(1.0079, grad_fn=<AddBackward0>),1600,347.65890192985535,8,0.5,,20
double_cake,ccka,ccka_lr0_1_lr0_01_lr0_01_optgd_epochs100_epochs0_001_epochs0_001_clusters8__rep1,5,0.8125,tensor(0.0890, grad_fn=<SqueezeBackward0>),tensor(1.2145, grad_fn=<AddBackward0>),1920,303.0121080875397,8,0.5,,20
double_cake,ccka,ccka_lr0_1_lr0_01_lr0_01_optgd_epochs100_epochs0_001_epochs0_001_clusters8__rep1,6,0.84375,tensor(0.0874, grad_fn=<SqueezeBackward0>),tensor(1.0040, grad_fn=<AddBackward0>),2240,358.5050559043884,8,0.5,,20
double_cake,ccka,ccka_lr0_1_lr0_01_lr0_01_optgd_epochs100_epochs0_001_epochs0_001_clusters10__rep1,0,0.84375,tensor(0.0910, grad_fn=<SqueezeBackward0>),tensor(1.0716, grad_fn=<AddBackward0>),400,422.4867990016937,10,0.5,,20
double_cake,ccka,ccka_lr0_1_lr0_01_lr0_01_optgd_epochs100_epochs0_001_epochs0_001_clusters8__rep1,7,0.8125,tensor(0.0895, grad_fn=<SqueezeBackward0>),tensor(1.2194, grad_fn=<AddBackward0>),2560,413.4739680290222,8,0.5,,20
double_cake,ccka,ccka_lr0_1_lr0_01_lr0_01_optgd_epochs100_epochs0_001_epochs0_001_clusters10__rep1,1,0.84375,tensor(0.0900, grad_fn=<SqueezeBackward0>),tensor(1.2494, grad_fn=<AddBackward0>),800,397.9620180130005,10,0.5,,20
double_cake,ccka,ccka_lr0_1_lr0_01_lr0_01_optgd_epochs100_epochs0_001_epochs0_001_clusters8__rep1,8,0.84375,tensor(0.0881, grad_fn=<SqueezeBackward0>),tensor(1.0031, grad_fn=<AddBackward0>),2880,346.0698301792145,8,0.5,,20
double_cake,ccka,ccka_lr0_1_lr0_01_lr0_01_optgd_epochs100_epochs0_001_epochs0_001_clusters10__rep1,2,0.84375,tensor(0.0925, grad_fn=<SqueezeBackward0>),tensor(1.0761, grad_fn=<AddBackward0>),1200,264.7482442855835,10,0.5,,20
double_cake,ccka,ccka_lr0_1_lr0_01_lr0_01_optgd_epochs100_epochs0_001_epochs0_001_clusters8__rep1,9,0.8125,tensor(0.0901, grad_fn=<SqueezeBackward0>),tensor(1.2245, grad_fn=<AddBackward0>),3200,257.14119029045105,8,0.5,,20
double_cake,ccka,ccka_lr0_1_lr0_01_lr0_01_optgd_epochs100_epochs0_001_epochs0_001_clusters10__rep1,3,0.84375,tensor(0.0917, grad_fn=<SqueezeBackward0>),tensor(1.2526, grad_fn=<AddBackward0>),1600,254.84725499153137,10,0.5,,20
double_cake,ccka,ccka_lr0_1_lr0_01_lr0_01_optgd_epochs100_epochs0_001_epochs0_001_clusters10__rep1,4,0.84375,tensor(0.0944, grad_fn=<SqueezeBackward0>),tensor(1.0780, grad_fn=<AddBackward0>),2000,262.41719913482666,10,0.5,,20
double_cake,ccka,ccka_lr0_1_lr0_01_lr0_01_optgd_epochs100_epochs0_001_epochs0_001_clusters10__rep1,5,0.84375,tensor(0.0939, grad_fn=<SqueezeBackward0>),tensor(1.2511, grad_fn=<AddBackward0>),2400,808.3666198253632,10,0.5,,20
double_cake,ccka,ccka_lr0_1_lr0_01_lr0_01_optgd_epochs100_epochs0_001_epochs0_001_clusters2__rep1,0,0.8611111111111112,tensor(0.1181, grad_fn=<SqueezeBackward0>),tensor(0.5954, grad_fn=<AddBackward0>),80,1667.9546399116516,2,0.5,,20
double_cake,ccka,ccka_lr0_1_lr0_01_lr0_01_optgd_epochs100_epochs0_001_epochs0_001_clusters10__rep1,6,0.84375,tensor(0.0967, grad_fn=<SqueezeBackward0>),tensor(1.0781, grad_fn=<AddBackward0>),2800,1910.9544169902802,10,0.5,,20
double_cake,ccka,ccka_lr0_1_lr0_01_lr0_01_optgd_epochs100_epochs0_001_epochs0_001_clusters2__rep1,1,0.8611111111111112,tensor(0.1067, grad_fn=<SqueezeBackward0>),tensor(0.5428, grad_fn=<AddBackward0>),160,1992.9561331272125,2,0.5,,20
double_cake,ccka,ccka_lr0_1_lr0_01_lr0_01_optgd_epochs100_epochs0_001_epochs0_001_clusters10__rep1,7,0.84375,tensor(0.0962, grad_fn=<SqueezeBackward0>),tensor(1.2456, grad_fn=<AddBackward0>),3200,1060.492136001587,10,0.5,,20
double_cake,ccka,ccka_lr0_1_lr0_01_lr0_01_optgd_epochs100_epochs0_001_epochs0_001_clusters10__rep1,8,0.84375,tensor(0.0992, grad_fn=<SqueezeBackward0>),tensor(1.0775, grad_fn=<AddBackward0>),3600,7685.396037101746,10,0.5,,20
double_cake,ccka,ccka_lr0_1_lr0_01_lr0_01_optgd_epochs100_epochs0_001_epochs0_001_clusters2__rep1,2,0.8611111111111112,tensor(0.1067, grad_fn=<SqueezeBackward0>),tensor(0.5923, grad_fn=<AddBackward0>),240,8974.856671094894,2,0.5,,20
double_cake,ccka,ccka_lr0_1_lr0_01_lr0_01_optgd_epochs100_epochs0_001_epochs0_001_clusters10__rep1,9,0.875,tensor(0.0986, grad_fn=<SqueezeBackward0>),tensor(1.2372, grad_fn=<AddBackward0>),4000,12255.736777067184,10,0.5,,20
double_cake,ccka,ccka_lr0_1_lr0_01_lr0_01_optgd_epochs100_epochs0_001_epochs0_001_clusters2__rep1,3,0.9166666666666666,tensor(0.1180, grad_fn=<SqueezeBackward0>),tensor(0.4974, grad_fn=<AddBackward0>),320,14971.72600030899,2,0.5,,20
double_cake,ccka,ccka_lr0_1_lr0_01_lr0_01_optgd_epochs100_epochs0_001_epochs0_001_clusters2__rep1,4,0.8611111111111112,tensor(0.1100, grad_fn=<SqueezeBackward0>),tensor(1.5723, grad_fn=<AddBackward0>),400,204.02903294563293,2,0.5,,20
double_cake,ccka,ccka_lr0_1_lr0_01_lr0_01_optgd_epochs100_epochs0_001_epochs0_001_clusters2__rep1,5,0.8611111111111112,tensor(0.1091, grad_fn=<SqueezeBackward0>),tensor(1.6541, grad_fn=<AddBackward0>),480,233.07303023338318,2,0.5,,20
double_cake,ccka,ccka_lr0_1_lr0_01_lr0_01_optgd_epochs100_epochs0_001_epochs0_001_clusters4__rep1,0,0.8611111111111112,tensor(0.1188, grad_fn=<SqueezeBackward0>),tensor(0.8151, grad_fn=<AddBackward0>),160,223.13916969299316,4,0.5,,20
double_cake,ccka,ccka_lr0_1_lr0_01_lr0_01_optgd_epochs100_epochs0_001_epochs0_001_clusters2__rep1,6,0.8611111111111112,tensor(0.1169, grad_fn=<SqueezeBackward0>),tensor(1.5834, grad_fn=<AddBackward0>),560,240.68725109100342,2,0.5,,20
double_cake,ccka,ccka_lr0_1_lr0_01_lr0_01_optgd_epochs100_epochs0_001_epochs0_001_clusters4__rep1,1,0.8333333333333334,tensor(0.1077, grad_fn=<SqueezeBackward0>),tensor(0.6374, grad_fn=<AddBackward0>),320,248.1942811012268,4,0.5,,20
double_cake,ccka,ccka_lr0_1_lr0_01_lr0_01_optgd_epochs100_epochs0_001_epochs0_001_clusters2__rep1,7,0.9166666666666666,tensor(0.1240, grad_fn=<SqueezeBackward0>),tensor(1.6700, grad_fn=<AddBackward0>),640,234.7962028980255,2,0.5,,20
double_cake,ccka,ccka_lr0_1_lr0_01_lr0_01_optgd_epochs100_epochs0_001_epochs0_001_clusters4__rep1,2,0.8611111111111112,tensor(0.1039, grad_fn=<SqueezeBackward0>),tensor(0.8954, grad_fn=<AddBackward0>),480,241.94095492362976,4,0.5,,20
double_cake,ccka,ccka_lr0_1_lr0_01_lr0_01_optgd_epochs100_epochs0_001_epochs0_001_clusters2__rep1,8,0.8611111111111112,tensor(0.1256, grad_fn=<SqueezeBackward0>),tensor(1.3808, grad_fn=<AddBackward0>),720,238.3686227798462,2,0.5,,20
double_cake,ccka,ccka_lr0_1_lr0_01_lr0_01_optgd_epochs100_epochs0_001_epochs0_001_clusters4__rep1,3,0.8333333333333334,tensor(0.1038, grad_fn=<SqueezeBackward0>),tensor(0.6477, grad_fn=<AddBackward0>),640,5204.638403177261,4,0.5,,20
double_cake,ccka,ccka_lr0_1_lr0_01_lr0_01_optgd_epochs100_epochs0_001_epochs0_001_clusters2__rep1,9,0.8888888888888888,tensor(0.1206, grad_fn=<SqueezeBackward0>),tensor(1.5535, grad_fn=<AddBackward0>),800,5185.617207765579,2,0.5,,20
double_cake,ccka,ccka_lr0_1_lr0_01_lr0_01_optgd_epochs100_epochs0_001_epochs0_001_clusters4__rep1,4,0.8611111111111112,tensor(0.1048, grad_fn=<SqueezeBackward0>),tensor(1.3665, grad_fn=<AddBackward0>),800,236.06866264343262,4,0.5,,20
double_cake,ccka,ccka_lr0_1_lr0_01_lr0_01_optgd_epochs100_epochs0_001_epochs0_001_clusters4__rep1,5,0.8333333333333334,tensor(0.1062, grad_fn=<SqueezeBackward0>),tensor(1.3475, grad_fn=<AddBackward0>),960,192.4412660598755,4,0.5,,20
double_cake,ccka,ccka_lr0_1_lr0_01_lr0_01_optgd_epochs100_epochs0_001_epochs0_001_clusters4__rep1,6,0.8333333333333334,tensor(0.1116, grad_fn=<SqueezeBackward0>),tensor(1.5691, grad_fn=<AddBackward0>),1120,198.3641459941864,4,0.5,,20
double_cake,ccka,ccka_lr0_1_lr0_01_lr0_01_optgd_epochs100_epochs0_001_epochs0_001_clusters6__rep1,0,0.8888888888888888,tensor(0.1130, grad_fn=<SqueezeBackward0>),tensor(0.9068, grad_fn=<AddBackward0>),240,191.23725199699402,6,0.5,,20
double_cake,ccka,ccka_lr0_1_lr0_01_lr0_01_optgd_epochs100_epochs0_001_epochs0_001_clusters4__rep1,7,0.8888888888888888,tensor(0.1170, grad_fn=<SqueezeBackward0>),tensor(1.4719, grad_fn=<AddBackward0>),1280,5897.707370996475,4,0.5,,20
double_cake,ccka,ccka_lr0_1_lr0_01_lr0_01_optgd_epochs100_epochs0_001_epochs0_001_clusters6__rep1,1,0.8611111111111112,tensor(0.1154, grad_fn=<SqueezeBackward0>),tensor(0.8136, grad_fn=<AddBackward0>),480,5907.51852107048,6,0.5,,20
double_cake,ccka,ccka_lr0_1_lr0_01_lr0_01_optgd_epochs100_epochs0_001_epochs0_001_clusters4__rep1,8,0.8888888888888888,tensor(0.1222, grad_fn=<SqueezeBackward0>),tensor(1.5265, grad_fn=<AddBackward0>),1440,216.76536202430725,4,0.5,,20
double_cake,ccka,ccka_lr0_1_lr0_01_lr0_01_optgd_epochs100_epochs0_001_epochs0_001_clusters6__rep1,2,0.8055555555555556,tensor(0.1065, grad_fn=<SqueezeBackward0>),tensor(0.7648, grad_fn=<AddBackward0>),720,214.3947150707245,6,0.5,,20
double_cake,ccka,ccka_lr0_1_lr0_01_lr0_01_optgd_epochs100_epochs0_001_epochs0_001_clusters4__rep1,9,0.8333333333333334,tensor(0.1235, grad_fn=<SqueezeBackward0>),tensor(1.4371, grad_fn=<AddBackward0>),1600,243.12076497077942,4,0.5,,20
double_cake,ccka,ccka_lr0_1_lr0_01_lr0_01_optgd_epochs100_epochs0_001_epochs0_001_clusters6__rep1,3,0.7777777777777778,tensor(0.1127, grad_fn=<SqueezeBackward0>),tensor(0.8496, grad_fn=<AddBackward0>),960,230.8735511302948,6,0.5,,20
double_cake,ccka,ccka_lr0_1_lr0_01_lr0_01_optgd_epochs100_epochs0_001_epochs0_001_clusters6__rep1,4,0.8611111111111112,tensor(0.1061, grad_fn=<SqueezeBackward0>),tensor(0.8154, grad_fn=<AddBackward0>),1200,204.79461979866028,6,0.5,,20
double_cake,ccka,ccka_lr0_1_lr0_01_lr0_01_optgd_epochs100_epochs0_001_epochs0_001_clusters6__rep1,5,0.8611111111111112,tensor(0.1187, grad_fn=<SqueezeBackward0>),tensor(1.1131, grad_fn=<AddBackward0>),1440,196.86398124694824,6,0.5,,20
double_cake,ccka,ccka_lr0_1_lr0_01_lr0_01_optgd_epochs100_epochs0_001_epochs0_001_clusters8__rep1,0,0.9166666666666666,tensor(0.1248, grad_fn=<SqueezeBackward0>),tensor(1.0263, grad_fn=<AddBackward0>),320,201.9330370426178,8,0.5,,20
double_cake,ccka,ccka_lr0_1_lr0_01_lr0_01_optgd_epochs100_epochs0_001_epochs0_001_clusters6__rep1,6,0.8333333333333334,tensor(0.1165, grad_fn=<SqueezeBackward0>),tensor(1.3016, grad_fn=<AddBackward0>),1680,215.96228623390198,6,0.5,,20
double_cake,ccka,ccka_lr0_1_lr0_01_lr0_01_optgd_epochs100_epochs0_001_epochs0_001_clusters8__rep1,1,0.8611111111111112,tensor(0.1224, grad_fn=<SqueezeBackward0>),tensor(0.9296, grad_fn=<AddBackward0>),640,215.9193091392517,8,0.5,,20
double_cake,ccka,ccka_lr0_1_lr0_01_lr0_01_optgd_epochs100_epochs0_001_epochs0_001_clusters6__rep1,7,0.8333333333333334,tensor(0.1243, grad_fn=<SqueezeBackward0>),tensor(1.0017, grad_fn=<AddBackward0>),1920,223.46602201461792,6,0.5,,20
double_cake,ccka,ccka_lr0_1_lr0_01_lr0_01_optgd_epochs100_epochs0_001_epochs0_001_clusters8__rep1,2,0.8611111111111112,tensor(0.1200, grad_fn=<SqueezeBackward0>),tensor(1.0206, grad_fn=<AddBackward0>),960,225.73316311836243,8,0.5,,20
double_cake,ccka,ccka_lr0_1_lr0_01_lr0_01_optgd_epochs100_epochs0_001_epochs0_001_clusters6__rep1,8,0.8611111111111112,tensor(0.1203, grad_fn=<SqueezeBackward0>),tensor(1.2717, grad_fn=<AddBackward0>),2160,233.10255694389343,6,0.5,,20
double_cake,ccka,ccka_lr0_1_lr0_01_lr0_01_optgd_epochs100_epochs0_001_epochs0_001_clusters8__rep1,3,0.8333333333333334,tensor(0.1174, grad_fn=<SqueezeBackward0>),tensor(0.9057, grad_fn=<AddBackward0>),1280,230.00982403755188,8,0.5,,20
double_cake,ccka,ccka_lr0_1_lr0_01_lr0_01_optgd_epochs100_epochs0_001_epochs0_001_clusters6__rep1,9,0.8611111111111112,tensor(0.1260, grad_fn=<SqueezeBackward0>),tensor(0.9199, grad_fn=<AddBackward0>),2400,226.66403770446777,6,0.5,,20
double_cake,ccka,ccka_lr0_1_lr0_01_lr0_01_optgd_epochs100_epochs0_001_epochs0_001_clusters8__rep1,4,0.8333333333333334,tensor(0.1149, grad_fn=<SqueezeBackward0>),tensor(1.0173, grad_fn=<AddBackward0>),1600,224.6919858455658,8,0.5,,20
double_cake,ccka,ccka_lr0_1_lr0_01_lr0_01_optgd_epochs100_epochs0_001_epochs0_001_clusters8__rep1,5,0.8333333333333334,tensor(0.1130, grad_fn=<SqueezeBackward0>),tensor(0.8889, grad_fn=<AddBackward0>),1920,205.39177918434143,8,0.5,,20
double_cake,ccka,ccka_lr0_1_lr0_01_lr0_01_optgd_epochs100_epochs0_001_epochs0_001_clusters8__rep1,6,0.8333333333333334,tensor(0.1095, grad_fn=<SqueezeBackward0>),tensor(1.0146, grad_fn=<AddBackward0>),2240,198.6141059398651,8,0.5,,20
double_cake,ccka,ccka_lr0_1_lr0_01_lr0_01_optgd_epochs100_epochs0_001_epochs0_001_clusters10__rep1,0,0.9166666666666666,tensor(0.1207, grad_fn=<SqueezeBackward0>),tensor(0.9903, grad_fn=<AddBackward0>),400,202.40815997123718,10,0.5,,20
double_cake,ccka,ccka_lr0_1_lr0_01_lr0_01_optgd_epochs100_epochs0_001_epochs0_001_clusters8__rep1,7,0.8055555555555556,tensor(0.1096, grad_fn=<SqueezeBackward0>),tensor(0.8788, grad_fn=<AddBackward0>),2560,216.56899523735046,8,0.5,,20
double_cake,ccka,ccka_lr0_1_lr0_01_lr0_01_optgd_epochs100_epochs0_001_epochs0_001_clusters10__rep1,1,0.8611111111111112,tensor(0.1193, grad_fn=<SqueezeBackward0>),tensor(0.8324, grad_fn=<AddBackward0>),800,229.3887710571289,10,0.5,,20
double_cake,ccka,ccka_lr0_1_lr0_01_lr0_01_optgd_epochs100_epochs0_001_epochs0_001_clusters8__rep1,8,0.8333333333333334,tensor(0.1045, grad_fn=<SqueezeBackward0>),tensor(1.0102, grad_fn=<AddBackward0>),2880,240.95410990715027,8,0.5,,20
double_cake,ccka,ccka_lr0_1_lr0_01_lr0_01_optgd_epochs100_epochs0_001_epochs0_001_clusters10__rep1,2,0.8611111111111112,tensor(0.1140, grad_fn=<SqueezeBackward0>),tensor(1.0508, grad_fn=<AddBackward0>),1200,235.1177818775177,10,0.5,,20
double_cake,ccka,ccka_lr0_1_lr0_01_lr0_01_optgd_epochs100_epochs0_001_epochs0_001_clusters8__rep1,9,0.8055555555555556,tensor(0.1084, grad_fn=<SqueezeBackward0>),tensor(0.8827, grad_fn=<AddBackward0>),3200,230.21840405464172,8,0.5,,20
double_cake,ccka,ccka_lr0_1_lr0_01_lr0_01_optgd_epochs100_epochs0_001_epochs0_001_clusters10__rep1,3,0.8611111111111112,tensor(0.1112, grad_fn=<SqueezeBackward0>),tensor(0.8390, grad_fn=<AddBackward0>),1600,212.4240083694458,10,0.5,,20
double_cake,ccka,ccka_lr0_1_lr0_01_lr0_01_optgd_epochs100_epochs0_001_epochs0_001_clusters10__rep1,4,0.8611111111111112,tensor(0.1086, grad_fn=<SqueezeBackward0>),tensor(1.1839, grad_fn=<AddBackward0>),2000,201.46958589553833,10,0.5,,20
double_cake,ccka,ccka_lr0_1_lr0_01_lr0_01_optgd_epochs100_epochs0_001_epochs0_001_clusters10__rep1,5,0.8333333333333334,tensor(0.1055, grad_fn=<SqueezeBackward0>),tensor(0.9091, grad_fn=<AddBackward0>),2400,168.71361923217773,10,0.5,,20
double_cake,ccka,ccka_lr0_1_lr0_01_lr0_01_optgd_epochs100_epochs0_001_epochs0_001_clusters10__rep1,6,0.8333333333333334,tensor(0.1052, grad_fn=<SqueezeBackward0>),tensor(1.2958, grad_fn=<AddBackward0>),2800,172.77121829986572,10,0.5,,20
double_cake,ccka,ccka_lr0_1_lr0_01_lr0_01_optgd_epochs100_epochs0_001_epochs0_001_clusters10__rep1,7,0.8333333333333334,tensor(0.1041, grad_fn=<SqueezeBackward0>),tensor(1.0667, grad_fn=<AddBackward0>),3200,165.10140109062195,10,0.5,,20
double_cake,ccka,ccka_lr0_1_lr0_01_lr0_01_optgd_epochs100_epochs0_001_epochs0_001_clusters10__rep1,8,0.8333333333333334,tensor(0.1058, grad_fn=<SqueezeBackward0>),tensor(1.3751, grad_fn=<AddBackward0>),3600,176.952054977417,10,0.5,,20
double_cake,ccka,ccka_lr0_1_lr0_01_lr0_01_optgd_epochs100_epochs0_001_epochs0_001_clusters10__rep1,9,0.8611111111111112,tensor(0.1124, grad_fn=<SqueezeBackward0>),tensor(1.1816, grad_fn=<AddBackward0>),4000,171.00261878967285,10,0.5,,20
double_cake,random,random_lr0_1_lr0_01_lr0_01_optgd_epochs100_epochs0_001_epochs0_001_clusters2__rep1,0,0.875,tensor(0.1769, grad_fn=<SqueezeBackward0>),tensor(-0.7597, grad_fn=<NegBackward0>),4,7.397372245788574,2,0.5,,20
double_cake,random,random_lr0_1_lr0_01_lr0_01_optgd_epochs100_epochs0_001_epochs0_001_clusters4__rep1,0,0.875,tensor(0.1778, grad_fn=<SqueezeBackward0>),tensor(-0.7922, grad_fn=<NegBackward0>),16,7.4350221157073975,4,0.5,,20
double_cake,random,random_lr0_1_lr0_01_lr0_01_optgd_epochs100_epochs0_001_epochs0_001_clusters2__rep1,1,0.875,tensor(0.1774, grad_fn=<SqueezeBackward0>),tensor(-0.6779, grad_fn=<NegBackward0>),8,7.634542942047119,2,0.5,,20
double_cake,random,random_lr0_1_lr0_01_lr0_01_optgd_epochs100_epochs0_001_epochs0_001_clusters4__rep1,1,0.875,tensor(0.1785, grad_fn=<SqueezeBackward0>),tensor(-0.5485, grad_fn=<NegBackward0>),32,7.751344919204712,4,0.5,,20
double_cake,random,random_lr0_1_lr0_01_lr0_01_optgd_epochs100_epochs0_001_epochs0_001_clusters2__rep1,2,0.875,tensor(0.1775, grad_fn=<SqueezeBackward0>),tensor(-0.9897, grad_fn=<NegBackward0>),12,7.6091039180755615,2,0.5,,20
double_cake,random,random_lr0_1_lr0_01_lr0_01_optgd_epochs100_epochs0_001_epochs0_001_clusters4__rep1,2,0.875,tensor(0.1792, grad_fn=<SqueezeBackward0>),tensor(-0.7113, grad_fn=<NegBackward0>),48,8.02941608428955,4,0.5,,20
double_cake,random,random_lr0_1_lr0_01_lr0_01_optgd_epochs100_epochs0_001_epochs0_001_clusters2__rep1,3,0.875,tensor(0.1778, grad_fn=<SqueezeBackward0>),tensor(-0.6940, grad_fn=<NegBackward0>),16,7.900353193283081,2,0.5,,20
double_cake,random,random_lr0_1_lr0_01_lr0_01_optgd_epochs100_epochs0_001_epochs0_001_clusters4__rep1,3,0.875,tensor(0.1803, grad_fn=<SqueezeBackward0>),tensor(-0.5416, grad_fn=<NegBackward0>),64,7.50793194770813,4,0.5,,20
double_cake,random,random_lr0_1_lr0_01_lr0_01_optgd_epochs100_epochs0_001_epochs0_001_clusters2__rep1,4,0.875,tensor(0.1794, grad_fn=<SqueezeBackward0>),tensor(-0.5538, grad_fn=<NegBackward0>),20,7.872217893600464,2,0.5,,20
double_cake,random,random_lr0_1_lr0_01_lr0_01_optgd_epochs100_epochs0_001_epochs0_001_clusters4__rep1,4,0.75,tensor(0.1809, grad_fn=<SqueezeBackward0>),tensor(-0.4766, grad_fn=<NegBackward0>),80,7.891486883163452,4,0.5,,20
double_cake,random,random_lr0_1_lr0_01_lr0_01_optgd_epochs100_epochs0_001_epochs0_001_clusters2__rep1,5,0.875,tensor(0.1790, grad_fn=<SqueezeBackward0>),tensor(-0.7442, grad_fn=<NegBackward0>),24,7.514891147613525,2,0.5,,20
double_cake,random,random_lr0_1_lr0_01_lr0_01_optgd_epochs100_epochs0_001_epochs0_001_clusters4__rep1,5,0.75,tensor(0.1812, grad_fn=<SqueezeBackward0>),tensor(-0.6130, grad_fn=<NegBackward0>),96,8.423330068588257,4,0.5,,20
double_cake,random,random_lr0_1_lr0_01_lr0_01_optgd_epochs100_epochs0_001_epochs0_001_clusters2__rep1,6,0.875,tensor(0.1791, grad_fn=<SqueezeBackward0>),tensor(-0.7066, grad_fn=<NegBackward0>),28,7.831357955932617,2,0.5,,20
double_cake,random,random_lr0_1_lr0_01_lr0_01_optgd_epochs100_epochs0_001_epochs0_001_clusters4__rep1,6,0.75,tensor(0.1807, grad_fn=<SqueezeBackward0>),tensor(-0.5840, grad_fn=<NegBackward0>),112,7.673818826675415,4,0.5,,20
double_cake,random,random_lr0_1_lr0_01_lr0_01_optgd_epochs100_epochs0_001_epochs0_001_clusters2__rep1,7,0.875,tensor(0.1809, grad_fn=<SqueezeBackward0>),tensor(-0.6047, grad_fn=<NegBackward0>),32,8.029846906661987,2,0.5,,20
double_cake,random,random_lr0_1_lr0_01_lr0_01_optgd_epochs100_epochs0_001_epochs0_001_clusters4__rep1,7,0.75,tensor(0.1821, grad_fn=<SqueezeBackward0>),tensor(-0.5557, grad_fn=<NegBackward0>),128,8.244820833206177,4,0.5,,20
double_cake,random,random_lr0_1_lr0_01_lr0_01_optgd_epochs100_epochs0_001_epochs0_001_clusters2__rep1,8,0.875,tensor(0.1815, grad_fn=<SqueezeBackward0>),tensor(-0.7048, grad_fn=<NegBackward0>),36,7.398547887802124,2,0.5,,20
double_cake,random,random_lr0_1_lr0_01_lr0_01_optgd_epochs100_epochs0_001_epochs0_001_clusters4__rep1,8,0.875,tensor(0.1820, grad_fn=<SqueezeBackward0>),tensor(-0.5180, grad_fn=<NegBackward0>),144,7.730399131774902,4,0.5,,20
double_cake,random,random_lr0_1_lr0_01_lr0_01_optgd_epochs100_epochs0_001_epochs0_001_clusters2__rep1,9,0.875,tensor(0.1831, grad_fn=<SqueezeBackward0>),tensor(-0.5960, grad_fn=<NegBackward0>),40,7.768383026123047,2,0.5,,20
double_cake,random,random_lr0_1_lr0_01_lr0_01_optgd_epochs100_epochs0_001_epochs0_001_clusters4__rep1,9,1.0,tensor(0.1835, grad_fn=<SqueezeBackward0>),tensor(-0.4714, grad_fn=<NegBackward0>),160,7.961273908615112,4,0.5,,20
double_cake,random,random_lr0_1_lr0_01_lr0_01_optgd_epochs100_epochs0_001_epochs0_001_clusters2__rep1,10,0.875,tensor(0.1832, grad_fn=<SqueezeBackward0>),tensor(-0.7677, grad_fn=<NegBackward0>),44,7.681857109069824,2,0.5,,20
double_cake,random,random_lr0_1_lr0_01_lr0_01_optgd_epochs100_epochs0_001_epochs0_001_clusters4__rep1,10,1.0,tensor(0.1846, grad_fn=<SqueezeBackward0>),tensor(-0.4736, grad_fn=<NegBackward0>),176,8.46478796005249,4,0.5,,20
double_cake,random,random_lr0_1_lr0_01_lr0_01_optgd_epochs100_epochs0_001_epochs0_001_clusters2__rep1,11,0.875,tensor(0.1839, grad_fn=<SqueezeBackward0>),tensor(-0.7188, grad_fn=<NegBackward0>),48,7.894626140594482,2,0.5,,20
double_cake,random,random_lr0_1_lr0_01_lr0_01_optgd_epochs100_epochs0_001_epochs0_001_clusters4__rep1,11,1.0,tensor(0.1853, grad_fn=<SqueezeBackward0>),tensor(-0.4940, grad_fn=<NegBackward0>),192,7.7165868282318115,4,0.5,,20
double_cake,random,random_lr0_1_lr0_01_lr0_01_optgd_epochs100_epochs0_001_epochs0_001_clusters2__rep1,12,0.875,tensor(0.1849, grad_fn=<SqueezeBackward0>),tensor(-0.7260, grad_fn=<NegBackward0>),52,7.700811147689819,2,0.5,,20
double_cake,random,random_lr0_1_lr0_01_lr0_01_optgd_epochs100_epochs0_001_epochs0_001_clusters4__rep1,12,1.0,tensor(0.1874, grad_fn=<SqueezeBackward0>),tensor(-0.4610, grad_fn=<NegBackward0>),208,8.153771877288818,4,0.5,,20
double_cake,random,random_lr0_1_lr0_01_lr0_01_optgd_epochs100_epochs0_001_epochs0_001_clusters2__rep1,13,0.875,tensor(0.1846, grad_fn=<SqueezeBackward0>),tensor(-0.6847, grad_fn=<NegBackward0>),56,8.048665046691895,2,0.5,,20
double_cake,random,random_lr0_1_lr0_01_lr0_01_optgd_epochs100_epochs0_001_epochs0_001_clusters4__rep1,13,1.0,tensor(0.1872, grad_fn=<SqueezeBackward0>),tensor(-0.3117, grad_fn=<NegBackward0>),224,7.698336124420166,4,0.5,,20
double_cake,random,random_lr0_1_lr0_01_lr0_01_optgd_epochs100_epochs0_001_epochs0_001_clusters2__rep1,14,0.875,tensor(0.1881, grad_fn=<SqueezeBackward0>),tensor(-0.5455, grad_fn=<NegBackward0>),60,8.071589231491089,2,0.5,,20
double_cake,random,random_lr0_1_lr0_01_lr0_01_optgd_epochs100_epochs0_001_epochs0_001_clusters4__rep1,14,1.0,tensor(0.1882, grad_fn=<SqueezeBackward0>),tensor(-0.3994, grad_fn=<NegBackward0>),240,8.01670503616333,4,0.5,,20
double_cake,random,random_lr0_1_lr0_01_lr0_01_optgd_epochs100_epochs0_001_epochs0_001_clusters2__rep1,15,0.875,tensor(0.1880, grad_fn=<SqueezeBackward0>),tensor(-0.6862, grad_fn=<NegBackward0>),64,7.586906909942627,2,0.5,,20
double_cake,random,random_lr0_1_lr0_01_lr0_01_optgd_epochs100_epochs0_001_epochs0_001_clusters4__rep1,15,1.0,tensor(0.1896, grad_fn=<SqueezeBackward0>),tensor(-0.4744, grad_fn=<NegBackward0>),256,8.425452947616577,4,0.5,,20
double_cake,random,random_lr0_1_lr0_01_lr0_01_optgd_epochs100_epochs0_001_epochs0_001_clusters2__rep1,16,0.875,tensor(0.1900, grad_fn=<SqueezeBackward0>),tensor(-0.8198, grad_fn=<NegBackward0>),68,7.593829870223999,2,0.5,,20
double_cake,random,random_lr0_1_lr0_01_lr0_01_optgd_epochs100_epochs0_001_epochs0_001_clusters4__rep1,16,1.0,tensor(0.1904, grad_fn=<SqueezeBackward0>),tensor(-0.5451, grad_fn=<NegBackward0>),272,7.682620286941528,4,0.5,,20
double_cake,random,random_lr0_1_lr0_01_lr0_01_optgd_epochs100_epochs0_001_epochs0_001_clusters2__rep1,17,0.875,tensor(0.1906, grad_fn=<SqueezeBackward0>),tensor(-0.6814, grad_fn=<NegBackward0>),72,8.078466176986694,2,0.5,,20
double_cake,random,random_lr0_1_lr0_01_lr0_01_optgd_epochs100_epochs0_001_epochs0_001_clusters4__rep1,17,0.875,tensor(0.1893, grad_fn=<SqueezeBackward0>),tensor(-0.5647, grad_fn=<NegBackward0>),288,8.2152259349823,4,0.5,,20
double_cake,random,random_lr0_1_lr0_01_lr0_01_optgd_epochs100_epochs0_001_epochs0_001_clusters2__rep1,18,0.875,tensor(0.1911, grad_fn=<SqueezeBackward0>),tensor(-0.6751, grad_fn=<NegBackward0>),76,7.822534799575806,2,0.5,,20
double_cake,random,random_lr0_1_lr0_01_lr0_01_optgd_epochs100_epochs0_001_epochs0_001_clusters4__rep1,18,1.0,tensor(0.1921, grad_fn=<SqueezeBackward0>),tensor(-0.4501, grad_fn=<NegBackward0>),304,7.721308946609497,4,0.5,,20
double_cake,random,random_lr0_1_lr0_01_lr0_01_optgd_epochs100_epochs0_001_epochs0_001_clusters2__rep1,19,0.875,tensor(0.1904, grad_fn=<SqueezeBackward0>),tensor(-0.7944, grad_fn=<NegBackward0>),80,7.5475850105285645,2,0.5,,20
double_cake,random,random_lr0_1_lr0_01_lr0_01_optgd_epochs100_epochs0_001_epochs0_001_clusters4__rep1,19,0.75,tensor(0.1939, grad_fn=<SqueezeBackward0>),tensor(-0.4374, grad_fn=<NegBackward0>),320,7.970266103744507,4,0.5,,20
double_cake,random,random_lr0_1_lr0_01_lr0_01_optgd_epochs100_epochs0_001_epochs0_001_clusters2__rep1,20,0.875,tensor(0.1901, grad_fn=<SqueezeBackward0>),tensor(-0.7036, grad_fn=<NegBackward0>),84,8.276574850082397,2,0.5,,20
double_cake,random,random_lr0_1_lr0_01_lr0_01_optgd_epochs100_epochs0_001_epochs0_001_clusters4__rep1,20,0.75,tensor(0.1927, grad_fn=<SqueezeBackward0>),tensor(-0.5469, grad_fn=<NegBackward0>),336,8.451769828796387,4,0.5,,20
double_cake,random,random_lr0_1_lr0_01_lr0_01_optgd_epochs100_epochs0_001_epochs0_001_clusters2__rep1,21,0.875,tensor(0.1898, grad_fn=<SqueezeBackward0>),tensor(-0.7595, grad_fn=<NegBackward0>),88,7.534997940063477,2,0.5,,20
double_cake,random,random_lr0_1_lr0_01_lr0_01_optgd_epochs100_epochs0_001_epochs0_001_clusters4__rep1,21,1.0,tensor(0.1938, grad_fn=<SqueezeBackward0>),tensor(-0.4164, grad_fn=<NegBackward0>),352,7.731648921966553,4,0.5,,20
double_cake,random,random_lr0_1_lr0_01_lr0_01_optgd_epochs100_epochs0_001_epochs0_001_clusters2__rep1,22,0.875,tensor(0.1937, grad_fn=<SqueezeBackward0>),tensor(-0.5211, grad_fn=<NegBackward0>),92,7.919322729110718,2,0.5,,20
double_cake,random,random_lr0_1_lr0_01_lr0_01_optgd_epochs100_epochs0_001_epochs0_001_clusters4__rep1,22,1.0,tensor(0.1953, grad_fn=<SqueezeBackward0>),tensor(-0.3988, grad_fn=<NegBackward0>),368,8.22732400894165,4,0.5,,20
double_cake,random,random_lr0_1_lr0_01_lr0_01_optgd_epochs100_epochs0_001_epochs0_001_clusters2__rep1,23,0.875,tensor(0.1939, grad_fn=<SqueezeBackward0>),tensor(-0.6992, grad_fn=<NegBackward0>),96,7.744417905807495,2,0.5,,20
double_cake,random,random_lr0_1_lr0_01_lr0_01_optgd_epochs100_epochs0_001_epochs0_001_clusters4__rep1,23,1.0,tensor(0.1948, grad_fn=<SqueezeBackward0>),tensor(-0.4432, grad_fn=<NegBackward0>),384,7.856242895126343,4,0.5,,20
double_cake,random,random_lr0_1_lr0_01_lr0_01_optgd_epochs100_epochs0_001_epochs0_001_clusters2__rep1,24,0.875,tensor(0.1940, grad_fn=<SqueezeBackward0>),tensor(-0.6931, grad_fn=<NegBackward0>),100,8.110547065734863,2,0.5,,20
double_cake,random,random_lr0_1_lr0_01_lr0_01_optgd_epochs100_epochs0_001_epochs0_001_clusters4__rep1,24,1.0,tensor(0.1966, grad_fn=<SqueezeBackward0>),tensor(-0.3960, grad_fn=<NegBackward0>),400,7.984142065048218,4,0.5,,20
double_cake,random,random_lr0_1_lr0_01_lr0_01_optgd_epochs100_epochs0_001_epochs0_001_clusters2__rep1,25,0.875,tensor(0.1954, grad_fn=<SqueezeBackward0>),tensor(-0.6486, grad_fn=<NegBackward0>),104,7.758342981338501,2,0.5,,20
double_cake,random,random_lr0_1_lr0_01_lr0_01_optgd_epochs100_epochs0_001_epochs0_001_clusters4__rep1,25,1.0,tensor(0.1979, grad_fn=<SqueezeBackward0>),tensor(-0.5618, grad_fn=<NegBackward0>),416,8.384306192398071,4,0.5,,20
double_cake,random,random_lr0_1_lr0_01_lr0_01_optgd_epochs100_epochs0_001_epochs0_001_clusters2__rep1,26,0.875,tensor(0.1958, grad_fn=<SqueezeBackward0>),tensor(-0.6977, grad_fn=<NegBackward0>),108,7.532271146774292,2,0.5,,20
double_cake,random,random_lr0_1_lr0_01_lr0_01_optgd_epochs100_epochs0_001_epochs0_001_clusters4__rep1,26,1.0,tensor(0.1983, grad_fn=<SqueezeBackward0>),tensor(-0.5595, grad_fn=<NegBackward0>),432,7.708510160446167,4,0.5,,20
double_cake,random,random_lr0_1_lr0_01_lr0_01_optgd_epochs100_epochs0_001_epochs0_001_clusters2__rep1,27,0.875,tensor(0.1957, grad_fn=<SqueezeBackward0>),tensor(-0.7359, grad_fn=<NegBackward0>),112,8.256472110748291,2,0.5,,20
double_cake,random,random_lr0_1_lr0_01_lr0_01_optgd_epochs100_epochs0_001_epochs0_001_clusters4__rep1,27,0.875,tensor(0.1982, grad_fn=<SqueezeBackward0>),tensor(-0.4991, grad_fn=<NegBackward0>),448,8.140778064727783,4,0.5,,20
double_cake,random,random_lr0_1_lr0_01_lr0_01_optgd_epochs100_epochs0_001_epochs0_001_clusters2__rep1,28,0.875,tensor(0.1956, grad_fn=<SqueezeBackward0>),tensor(-0.7079, grad_fn=<NegBackward0>),116,7.503629207611084,2,0.5,,20
double_cake,random,random_lr0_1_lr0_01_lr0_01_optgd_epochs100_epochs0_001_epochs0_001_clusters4__rep1,28,0.75,tensor(0.2008, grad_fn=<SqueezeBackward0>),tensor(-0.5436, grad_fn=<NegBackward0>),464,7.671933889389038,4,0.5,,20
double_cake,random,random_lr0_1_lr0_01_lr0_01_optgd_epochs100_epochs0_001_epochs0_001_clusters2__rep1,29,0.875,tensor(0.1945, grad_fn=<SqueezeBackward0>),tensor(-0.7719, grad_fn=<NegBackward0>),120,7.8375818729400635,2,0.5,,20
double_cake,random,random_lr0_1_lr0_01_lr0_01_optgd_epochs100_epochs0_001_epochs0_001_clusters4__rep1,29,0.75,tensor(0.2012, grad_fn=<SqueezeBackward0>),tensor(-0.5085, grad_fn=<NegBackward0>),480,8.031270980834961,4,0.5,,20
double_cake,random,random_lr0_1_lr0_01_lr0_01_optgd_epochs100_epochs0_001_epochs0_001_clusters2__rep1,30,0.875,tensor(0.1967, grad_fn=<SqueezeBackward0>),tensor(-0.6344, grad_fn=<NegBackward0>),124,7.684345006942749,2,0.5,,20
double_cake,random,random_lr0_1_lr0_01_lr0_01_optgd_epochs100_epochs0_001_epochs0_001_clusters4__rep1,30,0.875,tensor(0.2017, grad_fn=<SqueezeBackward0>),tensor(-0.5180, grad_fn=<NegBackward0>),496,8.599195003509521,4,0.5,,20
double_cake,random,random_lr0_1_lr0_01_lr0_01_optgd_epochs100_epochs0_001_epochs0_001_clusters2__rep1,31,0.875,tensor(0.1976, grad_fn=<SqueezeBackward0>),tensor(-0.6151, grad_fn=<NegBackward0>),128,8.170583009719849,2,0.5,,20
double_cake,random,random_lr0_1_lr0_01_lr0_01_optgd_epochs100_epochs0_001_epochs0_001_clusters4__rep1,31,0.75,tensor(0.2029, grad_fn=<SqueezeBackward0>),tensor(-0.5376, grad_fn=<NegBackward0>),512,7.74479603767395,4,0.5,,20
double_cake,random,random_lr0_1_lr0_01_lr0_01_optgd_epochs100_epochs0_001_epochs0_001_clusters2__rep1,32,0.875,tensor(0.1969, grad_fn=<SqueezeBackward0>),tensor(-0.7893, grad_fn=<NegBackward0>),132,7.8688859939575195,2,0.5,,20
double_cake,random,random_lr0_1_lr0_01_lr0_01_optgd_epochs100_epochs0_001_epochs0_001_clusters4__rep1,32,0.75,tensor(0.2017, grad_fn=<SqueezeBackward0>),tensor(-0.4831, grad_fn=<NegBackward0>),528,8.302639961242676,4,0.5,,20
double_cake,random,random_lr0_1_lr0_01_lr0_01_optgd_epochs100_epochs0_001_epochs0_001_clusters2__rep1,33,1.0,tensor(0.1997, grad_fn=<SqueezeBackward0>),tensor(-0.5775, grad_fn=<NegBackward0>),136,7.6366260051727295,2,0.5,,20
double_cake,random,random_lr0_1_lr0_01_lr0_01_optgd_epochs100_epochs0_001_epochs0_001_clusters4__rep1,33,0.75,tensor(0.2028, grad_fn=<SqueezeBackward0>),tensor(-0.5187, grad_fn=<NegBackward0>),544,7.776624917984009,4,0.5,,20
double_cake,random,random_lr0_1_lr0_01_lr0_01_optgd_epochs100_epochs0_001_epochs0_001_clusters2__rep1,34,1.0,tensor(0.1989, grad_fn=<SqueezeBackward0>),tensor(-0.7597, grad_fn=<NegBackward0>),140,8.333948850631714,2,0.5,,20
double_cake,random,random_lr0_1_lr0_01_lr0_01_optgd_epochs100_epochs0_001_epochs0_001_clusters4__rep1,34,0.75,tensor(0.2048, grad_fn=<SqueezeBackward0>),tensor(-0.4338, grad_fn=<NegBackward0>),560,8.134299993515015,4,0.5,,20
double_cake,random,random_lr0_1_lr0_01_lr0_01_optgd_epochs100_epochs0_001_epochs0_001_clusters2__rep1,35,1.0,tensor(0.1996, grad_fn=<SqueezeBackward0>),tensor(-0.6630, grad_fn=<NegBackward0>),144,7.6309802532196045,2,0.5,,20
double_cake,random,random_lr0_1_lr0_01_lr0_01_optgd_epochs100_epochs0_001_epochs0_001_clusters4__rep1,35,0.75,tensor(0.2065, grad_fn=<SqueezeBackward0>),tensor(-0.5820, grad_fn=<NegBackward0>),576,8.54593801498413,4,0.5,,20
double_cake,random,random_lr0_1_lr0_01_lr0_01_optgd_epochs100_epochs0_001_epochs0_001_clusters2__rep1,36,0.875,tensor(0.1997, grad_fn=<SqueezeBackward0>),tensor(-0.8744, grad_fn=<NegBackward0>),148,7.979135990142822,2,0.5,,20
double_cake,random,random_lr0_1_lr0_01_lr0_01_optgd_epochs100_epochs0_001_epochs0_001_clusters4__rep1,36,0.75,tensor(0.2079, grad_fn=<SqueezeBackward0>),tensor(-0.5039, grad_fn=<NegBackward0>),592,7.761152982711792,4,0.5,,20
double_cake,random,random_lr0_1_lr0_01_lr0_01_optgd_epochs100_epochs0_001_epochs0_001_clusters2__rep1,37,0.75,tensor(0.2011, grad_fn=<SqueezeBackward0>),tensor(-0.7708, grad_fn=<NegBackward0>),152,7.673314094543457,2,0.5,,20
double_cake,random,random_lr0_1_lr0_01_lr0_01_optgd_epochs100_epochs0_001_epochs0_001_clusters4__rep1,37,0.75,tensor(0.2095, grad_fn=<SqueezeBackward0>),tensor(-0.4723, grad_fn=<NegBackward0>),608,8.273535013198853,4,0.5,,20
double_cake,random,random_lr0_1_lr0_01_lr0_01_optgd_epochs100_epochs0_001_epochs0_001_clusters2__rep1,38,0.875,tensor(0.2019, grad_fn=<SqueezeBackward0>),tensor(-0.6527, grad_fn=<NegBackward0>),156,8.092782258987427,2,0.5,,20
double_cake,random,random_lr0_1_lr0_01_lr0_01_optgd_epochs100_epochs0_001_epochs0_001_clusters4__rep1,38,0.75,tensor(0.2101, grad_fn=<SqueezeBackward0>),tensor(-0.5144, grad_fn=<NegBackward0>),624,7.753771066665649,4,0.5,,20
double_cake,random,random_lr0_1_lr0_01_lr0_01_optgd_epochs100_epochs0_001_epochs0_001_clusters2__rep1,39,0.875,tensor(0.2016, grad_fn=<SqueezeBackward0>),tensor(-0.6699, grad_fn=<NegBackward0>),160,7.816520929336548,2,0.5,,20
double_cake,random,random_lr0_1_lr0_01_lr0_01_optgd_epochs100_epochs0_001_epochs0_001_clusters4__rep1,39,0.75,tensor(0.2093, grad_fn=<SqueezeBackward0>),tensor(-0.5856, grad_fn=<NegBackward0>),640,8.027990102767944,4,0.5,,20
double_cake,random,random_lr0_1_lr0_01_lr0_01_optgd_epochs100_epochs0_001_epochs0_001_clusters2__rep1,40,0.875,tensor(0.2033, grad_fn=<SqueezeBackward0>),tensor(-0.8464, grad_fn=<NegBackward0>),164,7.570829153060913,2,0.5,,20
double_cake,random,random_lr0_1_lr0_01_lr0_01_optgd_epochs100_epochs0_001_epochs0_001_clusters2__rep1,41,0.75,tensor(0.2038, grad_fn=<SqueezeBackward0>),tensor(-0.5474, grad_fn=<NegBackward0>),168,8.320401191711426,2,0.5,,20
double_cake,random,random_lr0_1_lr0_01_lr0_01_optgd_epochs100_epochs0_001_epochs0_001_clusters4__rep1,40,0.75,tensor(0.2107, grad_fn=<SqueezeBackward0>),tensor(-0.4839, grad_fn=<NegBackward0>),656,8.500221967697144,4,0.5,,20
double_cake,random,random_lr0_1_lr0_01_lr0_01_optgd_epochs100_epochs0_001_epochs0_001_clusters2__rep1,42,0.75,tensor(0.2041, grad_fn=<SqueezeBackward0>),tensor(-0.6263, grad_fn=<NegBackward0>),172,7.593281030654907,2,0.5,,20
double_cake,random,random_lr0_1_lr0_01_lr0_01_optgd_epochs100_epochs0_001_epochs0_001_clusters4__rep1,41,0.75,tensor(0.2099, grad_fn=<SqueezeBackward0>),tensor(-0.4440, grad_fn=<NegBackward0>),672,7.734151840209961,4,0.5,,20
double_cake,random,random_lr0_1_lr0_01_lr0_01_optgd_epochs100_epochs0_001_epochs0_001_clusters2__rep1,43,0.75,tensor(0.2054, grad_fn=<SqueezeBackward0>),tensor(-0.6427, grad_fn=<NegBackward0>),176,7.85905385017395,2,0.5,,20
double_cake,random,random_lr0_1_lr0_01_lr0_01_optgd_epochs100_epochs0_001_epochs0_001_clusters4__rep1,42,0.75,tensor(0.2084, grad_fn=<SqueezeBackward0>),tensor(-0.4823, grad_fn=<NegBackward0>),688,8.206817150115967,4,0.5,,20
double_cake,random,random_lr0_1_lr0_01_lr0_01_optgd_epochs100_epochs0_001_epochs0_001_clusters2__rep1,44,0.75,tensor(0.2044, grad_fn=<SqueezeBackward0>),tensor(-0.6599, grad_fn=<NegBackward0>),180,7.672557830810547,2,0.5,,20
double_cake,random,random_lr0_1_lr0_01_lr0_01_optgd_epochs100_epochs0_001_epochs0_001_clusters4__rep1,43,0.75,tensor(0.2096, grad_fn=<SqueezeBackward0>),tensor(-0.5417, grad_fn=<NegBackward0>),704,7.754114866256714,4,0.5,,20
double_cake,random,random_lr0_1_lr0_01_lr0_01_optgd_epochs100_epochs0_001_epochs0_001_clusters2__rep1,45,0.75,tensor(0.2041, grad_fn=<SqueezeBackward0>),tensor(-0.7233, grad_fn=<NegBackward0>),184,8.06909704208374,2,0.5,,20
double_cake,random,random_lr0_1_lr0_01_lr0_01_optgd_epochs100_epochs0_001_epochs0_001_clusters4__rep1,44,0.625,tensor(0.2086, grad_fn=<SqueezeBackward0>),tensor(-0.5451, grad_fn=<NegBackward0>),720,8.042114019393921,4,0.5,,20
double_cake,random,random_lr0_1_lr0_01_lr0_01_optgd_epochs100_epochs0_001_epochs0_001_clusters2__rep1,46,0.75,tensor(0.2055, grad_fn=<SqueezeBackward0>),tensor(-0.6529, grad_fn=<NegBackward0>),188,7.842073917388916,2,0.5,,20
double_cake,random,random_lr0_1_lr0_01_lr0_01_optgd_epochs100_epochs0_001_epochs0_001_clusters4__rep1,45,0.625,tensor(0.2093, grad_fn=<SqueezeBackward0>),tensor(-0.5121, grad_fn=<NegBackward0>),736,8.492713212966919,4,0.5,,20
double_cake,random,random_lr0_1_lr0_01_lr0_01_optgd_epochs100_epochs0_001_epochs0_001_clusters2__rep1,47,0.75,tensor(0.2075, grad_fn=<SqueezeBackward0>),tensor(-0.8052, grad_fn=<NegBackward0>),192,7.569469213485718,2,0.5,,20
double_cake,random,random_lr0_1_lr0_01_lr0_01_optgd_epochs100_epochs0_001_epochs0_001_clusters4__rep1,46,0.625,tensor(0.2088, grad_fn=<SqueezeBackward0>),tensor(-0.5971, grad_fn=<NegBackward0>),752,7.7328410148620605,4,0.5,,20
double_cake,random,random_lr0_1_lr0_01_lr0_01_optgd_epochs100_epochs0_001_epochs0_001_clusters2__rep1,48,0.75,tensor(0.2070, grad_fn=<SqueezeBackward0>),tensor(-0.6095, grad_fn=<NegBackward0>),196,8.29823112487793,2,0.5,,20
double_cake,random,random_lr0_1_lr0_01_lr0_01_optgd_epochs100_epochs0_001_epochs0_001_clusters4__rep1,47,0.625,tensor(0.2087, grad_fn=<SqueezeBackward0>),tensor(-0.6750, grad_fn=<NegBackward0>),768,8.342940092086792,4,0.5,,20
double_cake,random,random_lr0_1_lr0_01_lr0_01_optgd_epochs100_epochs0_001_epochs0_001_clusters2__rep1,49,0.75,tensor(0.2100, grad_fn=<SqueezeBackward0>),tensor(-0.7721, grad_fn=<NegBackward0>),200,7.619354963302612,2,0.5,,20
double_cake,random,random_lr0_1_lr0_01_lr0_01_optgd_epochs100_epochs0_001_epochs0_001_clusters4__rep1,48,0.75,tensor(0.2162, grad_fn=<SqueezeBackward0>),tensor(-0.3287, grad_fn=<NegBackward0>),784,7.735575199127197,4,0.5,,20
double_cake,random,random_lr0_1_lr0_01_lr0_01_optgd_epochs100_epochs0_001_epochs0_001_clusters2__rep1,50,0.75,tensor(0.2100, grad_fn=<SqueezeBackward0>),tensor(-0.9999, grad_fn=<NegBackward0>),204,7.891452312469482,2,0.5,,20
double_cake,random,random_lr0_1_lr0_01_lr0_01_optgd_epochs100_epochs0_001_epochs0_001_clusters4__rep1,49,1.0,tensor(0.2247, grad_fn=<SqueezeBackward0>),tensor(-0.3310, grad_fn=<NegBackward0>),800,8.017112970352173,4,0.5,,20
double_cake,random,random_lr0_1_lr0_01_lr0_01_optgd_epochs100_epochs0_001_epochs0_001_clusters2__rep1,51,0.75,tensor(0.2086, grad_fn=<SqueezeBackward0>),tensor(-0.7484, grad_fn=<NegBackward0>),208,8.016799926757812,2,0.5,,20
double_cake,random,random_lr0_1_lr0_01_lr0_01_optgd_epochs100_epochs0_001_epochs0_001_clusters4__rep1,50,1.0,tensor(0.2247, grad_fn=<SqueezeBackward0>),tensor(-0.5305, grad_fn=<NegBackward0>),816,8.898852109909058,4,0.5,,20
double_cake,random,random_lr0_1_lr0_01_lr0_01_optgd_epochs100_epochs0_001_epochs0_001_clusters2__rep1,52,0.75,tensor(0.2088, grad_fn=<SqueezeBackward0>),tensor(-0.8246, grad_fn=<NegBackward0>),212,8.178056955337524,2,0.5,,20
double_cake,random,random_lr0_1_lr0_01_lr0_01_optgd_epochs100_epochs0_001_epochs0_001_clusters4__rep1,51,1.0,tensor(0.2253, grad_fn=<SqueezeBackward0>),tensor(-0.5493, grad_fn=<NegBackward0>),832,7.798183917999268,4,0.5,,20
double_cake,random,random_lr0_1_lr0_01_lr0_01_optgd_epochs100_epochs0_001_epochs0_001_clusters2__rep1,53,0.75,tensor(0.2087, grad_fn=<SqueezeBackward0>),tensor(-0.6659, grad_fn=<NegBackward0>),216,7.890007019042969,2,0.5,,20
double_cake,random,random_lr0_1_lr0_01_lr0_01_optgd_epochs100_epochs0_001_epochs0_001_clusters4__rep1,52,1.0,tensor(0.2257, grad_fn=<SqueezeBackward0>),tensor(-0.5404, grad_fn=<NegBackward0>),848,8.291651010513306,4,0.5,,20
double_cake,random,random_lr0_1_lr0_01_lr0_01_optgd_epochs100_epochs0_001_epochs0_001_clusters2__rep1,54,0.75,tensor(0.2093, grad_fn=<SqueezeBackward0>),tensor(-0.7741, grad_fn=<NegBackward0>),220,7.600080966949463,2,0.5,,20
double_cake,random,random_lr0_1_lr0_01_lr0_01_optgd_epochs100_epochs0_001_epochs0_001_clusters4__rep1,53,0.875,tensor(0.2281, grad_fn=<SqueezeBackward0>),tensor(-0.4632, grad_fn=<NegBackward0>),864,7.747538805007935,4,0.5,,20
double_cake,random,random_lr0_1_lr0_01_lr0_01_optgd_epochs100_epochs0_001_epochs0_001_clusters2__rep1,55,0.75,tensor(0.2084, grad_fn=<SqueezeBackward0>),tensor(-0.7538, grad_fn=<NegBackward0>),224,8.297523975372314,2,0.5,,20
double_cake,random,random_lr0_1_lr0_01_lr0_01_optgd_epochs100_epochs0_001_epochs0_001_clusters4__rep1,54,0.875,tensor(0.2275, grad_fn=<SqueezeBackward0>),tensor(-0.5192, grad_fn=<NegBackward0>),880,8.031752109527588,4,0.5,,20
double_cake,random,random_lr0_1_lr0_01_lr0_01_optgd_epochs100_epochs0_001_epochs0_001_clusters2__rep1,56,0.75,tensor(0.2109, grad_fn=<SqueezeBackward0>),tensor(-0.7805, grad_fn=<NegBackward0>),228,7.615042209625244,2,0.5,,20
double_cake,random,random_lr0_1_lr0_01_lr0_01_optgd_epochs100_epochs0_001_epochs0_001_clusters4__rep1,55,0.875,tensor(0.2283, grad_fn=<SqueezeBackward0>),tensor(-0.5986, grad_fn=<NegBackward0>),896,8.51074504852295,4,0.5,,20
double_cake,random,random_lr0_1_lr0_01_lr0_01_optgd_epochs100_epochs0_001_epochs0_001_clusters2__rep1,57,0.75,tensor(0.2131, grad_fn=<SqueezeBackward0>),tensor(-0.8146, grad_fn=<NegBackward0>),232,7.980959177017212,2,0.5,,20
double_cake,random,random_lr0_1_lr0_01_lr0_01_optgd_epochs100_epochs0_001_epochs0_001_clusters4__rep1,56,0.875,tensor(0.2317, grad_fn=<SqueezeBackward0>),tensor(-0.4934, grad_fn=<NegBackward0>),912,7.818742036819458,4,0.5,,20
double_cake,random,random_lr0_1_lr0_01_lr0_01_optgd_epochs100_epochs0_001_epochs0_001_clusters2__rep1,58,0.75,tensor(0.2130, grad_fn=<SqueezeBackward0>),tensor(-0.6287, grad_fn=<NegBackward0>),236,7.687215089797974,2,0.5,,20
double_cake,random,random_lr0_1_lr0_01_lr0_01_optgd_epochs100_epochs0_001_epochs0_001_clusters4__rep1,57,0.875,tensor(0.2345, grad_fn=<SqueezeBackward0>),tensor(-0.5235, grad_fn=<NegBackward0>),928,8.2219979763031,4,0.5,,20
double_cake,random,random_lr0_1_lr0_01_lr0_01_optgd_epochs100_epochs0_001_epochs0_001_clusters2__rep1,59,0.75,tensor(0.2124, grad_fn=<SqueezeBackward0>),tensor(-0.7127, grad_fn=<NegBackward0>),240,8.092496156692505,2,0.5,,20
double_cake,random,random_lr0_1_lr0_01_lr0_01_optgd_epochs100_epochs0_001_epochs0_001_clusters4__rep1,58,1.0,tensor(0.2431, grad_fn=<SqueezeBackward0>),tensor(-0.4268, grad_fn=<NegBackward0>),944,7.7708899974823,4,0.5,,20
double_cake,random,random_lr0_1_lr0_01_lr0_01_optgd_epochs100_epochs0_001_epochs0_001_clusters2__rep1,60,0.75,tensor(0.2178, grad_fn=<SqueezeBackward0>),tensor(-0.8232, grad_fn=<NegBackward0>),244,7.95434308052063,2,0.5,,20
double_cake,random,random_lr0_1_lr0_01_lr0_01_optgd_epochs100_epochs0_001_epochs0_001_clusters4__rep1,59,0.875,tensor(0.2460, grad_fn=<SqueezeBackward0>),tensor(-0.5008, grad_fn=<NegBackward0>),960,8.167206048965454,4,0.5,,20
double_cake,random,random_lr0_1_lr0_01_lr0_01_optgd_epochs100_epochs0_001_epochs0_001_clusters2__rep1,61,0.75,tensor(0.2182, grad_fn=<SqueezeBackward0>),tensor(-0.7651, grad_fn=<NegBackward0>),248,7.645624160766602,2,0.5,,20
double_cake,random,random_lr0_1_lr0_01_lr0_01_optgd_epochs100_epochs0_001_epochs0_001_clusters4__rep1,60,0.875,tensor(0.2482, grad_fn=<SqueezeBackward0>),tensor(-0.4979, grad_fn=<NegBackward0>),976,8.572108030319214,4,0.5,,20
double_cake,random,random_lr0_1_lr0_01_lr0_01_optgd_epochs100_epochs0_001_epochs0_001_clusters2__rep1,62,0.75,tensor(0.2159, grad_fn=<SqueezeBackward0>),tensor(-0.7847, grad_fn=<NegBackward0>),252,8.381734848022461,2,0.5,,20
double_cake,random,random_lr0_1_lr0_01_lr0_01_optgd_epochs100_epochs0_001_epochs0_001_clusters4__rep1,61,0.875,tensor(0.2484, grad_fn=<SqueezeBackward0>),tensor(-0.6160, grad_fn=<NegBackward0>),992,7.782404184341431,4,0.5,,20
double_cake,random,random_lr0_1_lr0_01_lr0_01_optgd_epochs100_epochs0_001_epochs0_001_clusters2__rep1,63,0.75,tensor(0.2165, grad_fn=<SqueezeBackward0>),tensor(-0.7475, grad_fn=<NegBackward0>),256,7.607874870300293,2,0.5,,20
double_cake,random,random_lr0_1_lr0_01_lr0_01_optgd_epochs100_epochs0_001_epochs0_001_clusters4__rep1,62,0.875,tensor(0.2482, grad_fn=<SqueezeBackward0>),tensor(-0.6033, grad_fn=<NegBackward0>),1008,8.25768494606018,4,0.5,,20
double_cake,random,random_lr0_1_lr0_01_lr0_01_optgd_epochs100_epochs0_001_epochs0_001_clusters2__rep1,64,0.75,tensor(0.2198, grad_fn=<SqueezeBackward0>),tensor(-0.6386, grad_fn=<NegBackward0>),260,8.129881143569946,2,0.5,,20
double_cake,random,random_lr0_1_lr0_01_lr0_01_optgd_epochs100_epochs0_001_epochs0_001_clusters4__rep1,63,0.875,tensor(0.2493, grad_fn=<SqueezeBackward0>),tensor(-0.5406, grad_fn=<NegBackward0>),1024,7.959924936294556,4,0.5,,20
double_cake,random,random_lr0_1_lr0_01_lr0_01_optgd_epochs100_epochs0_001_epochs0_001_clusters2__rep1,65,0.75,tensor(0.2191, grad_fn=<SqueezeBackward0>),tensor(-0.7433, grad_fn=<NegBackward0>),264,7.636725902557373,2,0.5,,20
double_cake,random,random_lr0_1_lr0_01_lr0_01_optgd_epochs100_epochs0_001_epochs0_001_clusters4__rep1,64,1.0,tensor(0.2503, grad_fn=<SqueezeBackward0>),tensor(-0.4926, grad_fn=<NegBackward0>),1040,8.11366319656372,4,0.5,,20
double_cake,random,random_lr0_1_lr0_01_lr0_01_optgd_epochs100_epochs0_001_epochs0_001_clusters2__rep1,66,0.75,tensor(0.2187, grad_fn=<SqueezeBackward0>),tensor(-0.7259, grad_fn=<NegBackward0>),268,8.152891159057617,2,0.5,,20
double_cake,random,random_lr0_1_lr0_01_lr0_01_optgd_epochs100_epochs0_001_epochs0_001_clusters4__rep1,65,1.0,tensor(0.2505, grad_fn=<SqueezeBackward0>),tensor(-0.4778, grad_fn=<NegBackward0>),1056,8.431269884109497,4,0.5,,20
double_cake,random,random_lr0_1_lr0_01_lr0_01_optgd_epochs100_epochs0_001_epochs0_001_clusters2__rep1,67,0.75,tensor(0.2195, grad_fn=<SqueezeBackward0>),tensor(-0.7228, grad_fn=<NegBackward0>),272,7.829486131668091,2,0.5,,20
double_cake,random,random_lr0_1_lr0_01_lr0_01_optgd_epochs100_epochs0_001_epochs0_001_clusters4__rep1,66,1.0,tensor(0.2505, grad_fn=<SqueezeBackward0>),tensor(-0.5899, grad_fn=<NegBackward0>),1072,7.77661395072937,4,0.5,,20
double_cake,random,random_lr0_1_lr0_01_lr0_01_optgd_epochs100_epochs0_001_epochs0_001_clusters2__rep1,68,0.75,tensor(0.2203, grad_fn=<SqueezeBackward0>),tensor(-0.6627, grad_fn=<NegBackward0>),276,7.612743377685547,2,0.5,,20
double_cake,random,random_lr0_1_lr0_01_lr0_01_optgd_epochs100_epochs0_001_epochs0_001_clusters4__rep1,67,1.0,tensor(0.2500, grad_fn=<SqueezeBackward0>),tensor(-0.6609, grad_fn=<NegBackward0>),1088,8.345172882080078,4,0.5,,20
double_cake,random,random_lr0_1_lr0_01_lr0_01_optgd_epochs100_epochs0_001_epochs0_001_clusters2__rep1,69,0.75,tensor(0.2238, grad_fn=<SqueezeBackward0>),tensor(-0.8213, grad_fn=<NegBackward0>),280,8.333678960800171,2,0.5,,20
double_cake,random,random_lr0_1_lr0_01_lr0_01_optgd_epochs100_epochs0_001_epochs0_001_clusters4__rep1,68,0.875,tensor(0.2508, grad_fn=<SqueezeBackward0>),tensor(-0.5190, grad_fn=<NegBackward0>),1104,7.719326019287109,4,0.5,,20
double_cake,random,random_lr0_1_lr0_01_lr0_01_optgd_epochs100_epochs0_001_epochs0_001_clusters2__rep1,70,0.75,tensor(0.2248, grad_fn=<SqueezeBackward0>),tensor(-0.7477, grad_fn=<NegBackward0>),284,7.582290887832642,2,0.5,,20
double_cake,random,random_lr0_1_lr0_01_lr0_01_optgd_epochs100_epochs0_001_epochs0_001_clusters4__rep1,69,0.875,tensor(0.2501, grad_fn=<SqueezeBackward0>),tensor(-0.4833, grad_fn=<NegBackward0>),1120,8.0238938331604,4,0.5,,20
double_cake,random,random_lr0_1_lr0_01_lr0_01_optgd_epochs100_epochs0_001_epochs0_001_clusters2__rep1,71,0.75,tensor(0.2250, grad_fn=<SqueezeBackward0>),tensor(-0.5667, grad_fn=<NegBackward0>),288,7.8947930335998535,2,0.5,,20
double_cake,random,random_lr0_1_lr0_01_lr0_01_optgd_epochs100_epochs0_001_epochs0_001_clusters4__rep1,70,0.875,tensor(0.2517, grad_fn=<SqueezeBackward0>),tensor(-0.5162, grad_fn=<NegBackward0>),1136,8.472616910934448,4,0.5,,20
double_cake,random,random_lr0_1_lr0_01_lr0_01_optgd_epochs100_epochs0_001_epochs0_001_clusters2__rep1,72,0.75,tensor(0.2245, grad_fn=<SqueezeBackward0>),tensor(-0.7596, grad_fn=<NegBackward0>),292,7.648271083831787,2,0.5,,20
double_cake,random,random_lr0_1_lr0_01_lr0_01_optgd_epochs100_epochs0_001_epochs0_001_clusters4__rep1,71,0.875,tensor(0.2524, grad_fn=<SqueezeBackward0>),tensor(-0.4862, grad_fn=<NegBackward0>),1152,7.795310020446777,4,0.5,,20
double_cake,random,random_lr0_1_lr0_01_lr0_01_optgd_epochs100_epochs0_001_epochs0_001_clusters2__rep1,73,0.875,tensor(0.2284, grad_fn=<SqueezeBackward0>),tensor(-0.7589, grad_fn=<NegBackward0>),296,8.12706470489502,2,0.5,,20
double_cake,random,random_lr0_1_lr0_01_lr0_01_optgd_epochs100_epochs0_001_epochs0_001_clusters4__rep1,72,0.875,tensor(0.2541, grad_fn=<SqueezeBackward0>),tensor(-0.5466, grad_fn=<NegBackward0>),1168,8.187073945999146,4,0.5,,20
double_cake,random,random_lr0_1_lr0_01_lr0_01_optgd_epochs100_epochs0_001_epochs0_001_clusters2__rep1,74,0.875,tensor(0.2288, grad_fn=<SqueezeBackward0>),tensor(-0.8572, grad_fn=<NegBackward0>),300,7.813065052032471,2,0.5,,20
double_cake,random,random_lr0_1_lr0_01_lr0_01_optgd_epochs100_epochs0_001_epochs0_001_clusters4__rep1,73,0.875,tensor(0.2545, grad_fn=<SqueezeBackward0>),tensor(-0.4949, grad_fn=<NegBackward0>),1184,7.774712800979614,4,0.5,,20
double_cake,random,random_lr0_1_lr0_01_lr0_01_optgd_epochs100_epochs0_001_epochs0_001_clusters2__rep1,75,0.875,tensor(0.2291, grad_fn=<SqueezeBackward0>),tensor(-0.7626, grad_fn=<NegBackward0>),304,7.593911647796631,2,0.5,,20
double_cake,random,random_lr0_1_lr0_01_lr0_01_optgd_epochs100_epochs0_001_epochs0_001_clusters4__rep1,74,0.875,tensor(0.2544, grad_fn=<SqueezeBackward0>),tensor(-0.5073, grad_fn=<NegBackward0>),1200,8.125443935394287,4,0.5,,20
double_cake,random,random_lr0_1_lr0_01_lr0_01_optgd_epochs100_epochs0_001_epochs0_001_clusters2__rep1,76,0.875,tensor(0.2335, grad_fn=<SqueezeBackward0>),tensor(-0.7929, grad_fn=<NegBackward0>),308,8.376869678497314,2,0.5,,20
double_cake,random,random_lr0_1_lr0_01_lr0_01_optgd_epochs100_epochs0_001_epochs0_001_clusters4__rep1,75,0.875,tensor(0.2541, grad_fn=<SqueezeBackward0>),tensor(-0.5733, grad_fn=<NegBackward0>),1216,8.45064401626587,4,0.5,,20
double_cake,random,random_lr0_1_lr0_01_lr0_01_optgd_epochs100_epochs0_001_epochs0_001_clusters2__rep1,77,0.875,tensor(0.2339, grad_fn=<SqueezeBackward0>),tensor(-0.9464, grad_fn=<NegBackward0>),312,7.564842939376831,2,0.5,,20
double_cake,random,random_lr0_1_lr0_01_lr0_01_optgd_epochs100_epochs0_001_epochs0_001_clusters4__rep1,76,0.875,tensor(0.2545, grad_fn=<SqueezeBackward0>),tensor(-0.5126, grad_fn=<NegBackward0>),1232,7.682562828063965,4,0.5,,20
double_cake,random,random_lr0_1_lr0_01_lr0_01_optgd_epochs100_epochs0_001_epochs0_001_clusters2__rep1,78,0.875,tensor(0.2342, grad_fn=<SqueezeBackward0>),tensor(-0.7977, grad_fn=<NegBackward0>),316,7.848672866821289,2,0.5,,20
double_cake,random,random_lr0_1_lr0_01_lr0_01_optgd_epochs100_epochs0_001_epochs0_001_clusters4__rep1,77,0.875,tensor(0.2549, grad_fn=<SqueezeBackward0>),tensor(-0.6752, grad_fn=<NegBackward0>),1248,8.168452262878418,4,0.5,,20
double_cake,random,random_lr0_1_lr0_01_lr0_01_optgd_epochs100_epochs0_001_epochs0_001_clusters2__rep1,79,0.875,tensor(0.2345, grad_fn=<SqueezeBackward0>),tensor(-0.7197, grad_fn=<NegBackward0>),320,7.592765808105469,2,0.5,,20
double_cake,random,random_lr0_1_lr0_01_lr0_01_optgd_epochs100_epochs0_001_epochs0_001_clusters4__rep1,78,0.875,tensor(0.2548, grad_fn=<SqueezeBackward0>),tensor(-0.5224, grad_fn=<NegBackward0>),1264,7.720813274383545,4,0.5,,20
double_cake,random,random_lr0_1_lr0_01_lr0_01_optgd_epochs100_epochs0_001_epochs0_001_clusters2__rep1,80,0.875,tensor(0.2345, grad_fn=<SqueezeBackward0>),tensor(-1.0000, grad_fn=<NegBackward0>),324,8.03989291191101,2,0.5,,20
double_cake,random,random_lr0_1_lr0_01_lr0_01_optgd_epochs100_epochs0_001_epochs0_001_clusters4__rep1,79,1.0,tensor(0.2556, grad_fn=<SqueezeBackward0>),tensor(-0.5604, grad_fn=<NegBackward0>),1280,7.9766857624053955,4,0.5,,20
double_cake,random,random_lr0_1_lr0_01_lr0_01_optgd_epochs100_epochs0_001_epochs0_001_clusters2__rep1,81,1.0,tensor(0.2335, grad_fn=<SqueezeBackward0>),tensor(-0.6597, grad_fn=<NegBackward0>),328,7.788376808166504,2,0.5,,20
double_cake,random,random_lr0_1_lr0_01_lr0_01_optgd_epochs100_epochs0_001_epochs0_001_clusters2__rep1,82,1.0,tensor(0.2332, grad_fn=<SqueezeBackward0>),tensor(-0.7119, grad_fn=<NegBackward0>),332,7.551105976104736,2,0.5,,20
double_cake,random,random_lr0_1_lr0_01_lr0_01_optgd_epochs100_epochs0_001_epochs0_001_clusters4__rep1,80,1.0,tensor(0.2568, grad_fn=<SqueezeBackward0>),tensor(-0.6105, grad_fn=<NegBackward0>),1296,8.43253207206726,4,0.5,,20
double_cake,random,random_lr0_1_lr0_01_lr0_01_optgd_epochs100_epochs0_001_epochs0_001_clusters2__rep1,83,1.0,tensor(0.2353, grad_fn=<SqueezeBackward0>),tensor(-0.6790, grad_fn=<NegBackward0>),336,8.218915939331055,2,0.5,,20
double_cake,random,random_lr0_1_lr0_01_lr0_01_optgd_epochs100_epochs0_001_epochs0_001_clusters4__rep1,81,0.875,tensor(0.2574, grad_fn=<SqueezeBackward0>),tensor(-0.5964, grad_fn=<NegBackward0>),1312,7.688776969909668,4,0.5,,20
double_cake,random,random_lr0_1_lr0_01_lr0_01_optgd_epochs100_epochs0_001_epochs0_001_clusters2__rep1,84,1.0,tensor(0.2352, grad_fn=<SqueezeBackward0>),tensor(-0.6849, grad_fn=<NegBackward0>),340,7.538502931594849,2,0.5,,20
double_cake,random,random_lr0_1_lr0_01_lr0_01_optgd_epochs100_epochs0_001_epochs0_001_clusters4__rep1,82,1.0,tensor(0.2574, grad_fn=<SqueezeBackward0>),tensor(-0.4900, grad_fn=<NegBackward0>),1328,8.172729969024658,4,0.5,,20
double_cake,random,random_lr0_1_lr0_01_lr0_01_optgd_epochs100_epochs0_001_epochs0_001_clusters2__rep1,85,0.875,tensor(0.2354, grad_fn=<SqueezeBackward0>),tensor(-0.8745, grad_fn=<NegBackward0>),344,7.867954969406128,2,0.5,,20
double_cake,random,random_lr0_1_lr0_01_lr0_01_optgd_epochs100_epochs0_001_epochs0_001_clusters4__rep1,83,1.0,tensor(0.2575, grad_fn=<SqueezeBackward0>),tensor(-0.5413, grad_fn=<NegBackward0>),1344,7.689012289047241,4,0.5,,20
double_cake,random,random_lr0_1_lr0_01_lr0_01_optgd_epochs100_epochs0_001_epochs0_001_clusters2__rep1,86,0.875,tensor(0.2353, grad_fn=<SqueezeBackward0>),tensor(-0.7079, grad_fn=<NegBackward0>),348,7.597415208816528,2,0.5,,20
double_cake,random,random_lr0_1_lr0_01_lr0_01_optgd_epochs100_epochs0_001_epochs0_001_clusters4__rep1,84,1.0,tensor(0.2574, grad_fn=<SqueezeBackward0>),tensor(-0.4839, grad_fn=<NegBackward0>),1360,7.971134901046753,4,0.5,,20
double_cake,random,random_lr0_1_lr0_01_lr0_01_optgd_epochs100_epochs0_001_epochs0_001_clusters2__rep1,87,0.875,tensor(0.2327, grad_fn=<SqueezeBackward0>),tensor(-0.7292, grad_fn=<NegBackward0>),352,8.046051979064941,2,0.5,,20
double_cake,random,random_lr0_1_lr0_01_lr0_01_optgd_epochs100_epochs0_001_epochs0_001_clusters4__rep1,85,1.0,tensor(0.2582, grad_fn=<SqueezeBackward0>),tensor(-0.6422, grad_fn=<NegBackward0>),1376,8.443825244903564,4,0.5,,20
double_cake,random,random_lr0_1_lr0_01_lr0_01_optgd_epochs100_epochs0_001_epochs0_001_clusters2__rep1,88,0.875,tensor(0.2327, grad_fn=<SqueezeBackward0>),tensor(-0.6405, grad_fn=<NegBackward0>),356,7.794917821884155,2,0.5,,20
double_cake,random,random_lr0_1_lr0_01_lr0_01_optgd_epochs100_epochs0_001_epochs0_001_clusters4__rep1,86,1.0,tensor(0.2577, grad_fn=<SqueezeBackward0>),tensor(-0.5457, grad_fn=<NegBackward0>),1392,7.684955835342407,4,0.5,,20
double_cake,random,random_lr0_1_lr0_01_lr0_01_optgd_epochs100_epochs0_001_epochs0_001_clusters2__rep1,89,0.875,tensor(0.2333, grad_fn=<SqueezeBackward0>),tensor(-0.6173, grad_fn=<NegBackward0>),360,7.536121129989624,2,0.5,,20
double_cake,random,random_lr0_1_lr0_01_lr0_01_optgd_epochs100_epochs0_001_epochs0_001_clusters4__rep1,87,1.0,tensor(0.2575, grad_fn=<SqueezeBackward0>),tensor(-0.5083, grad_fn=<NegBackward0>),1408,8.19382095336914,4,0.5,,20
double_cake,random,random_lr0_1_lr0_01_lr0_01_optgd_epochs100_epochs0_001_epochs0_001_clusters2__rep1,90,0.875,tensor(0.2341, grad_fn=<SqueezeBackward0>),tensor(-0.7676, grad_fn=<NegBackward0>),364,8.233749151229858,2,0.5,,20
double_cake,random,random_lr0_1_lr0_01_lr0_01_optgd_epochs100_epochs0_001_epochs0_001_clusters4__rep1,88,1.0,tensor(0.2583, grad_fn=<SqueezeBackward0>),tensor(-0.5889, grad_fn=<NegBackward0>),1424,7.726603984832764,4,0.5,,20
double_cake,random,random_lr0_1_lr0_01_lr0_01_optgd_epochs100_epochs0_001_epochs0_001_clusters2__rep1,91,0.875,tensor(0.2345, grad_fn=<SqueezeBackward0>),tensor(-0.9510, grad_fn=<NegBackward0>),368,7.530800104141235,2,0.5,,20
double_cake,random,random_lr0_1_lr0_01_lr0_01_optgd_epochs100_epochs0_001_epochs0_001_clusters4__rep1,89,0.875,tensor(0.2587, grad_fn=<SqueezeBackward0>),tensor(-0.5136, grad_fn=<NegBackward0>),1440,7.9559290409088135,4,0.5,,20
double_cake,random,random_lr0_1_lr0_01_lr0_01_optgd_epochs100_epochs0_001_epochs0_001_clusters2__rep1,92,0.875,tensor(0.2354, grad_fn=<SqueezeBackward0>),tensor(-0.8182, grad_fn=<NegBackward0>),372,7.832319021224976,2,0.5,,20
double_cake,random,random_lr0_1_lr0_01_lr0_01_optgd_epochs100_epochs0_001_epochs0_001_clusters4__rep1,90,1.0,tensor(0.2595, grad_fn=<SqueezeBackward0>),tensor(-0.4789, grad_fn=<NegBackward0>),1456,8.440226078033447,4,0.5,,20
double_cake,random,random_lr0_1_lr0_01_lr0_01_optgd_epochs100_epochs0_001_epochs0_001_clusters2__rep1,93,0.875,tensor(0.2356, grad_fn=<SqueezeBackward0>),tensor(-0.6987, grad_fn=<NegBackward0>),376,7.602200746536255,2,0.5,,20
double_cake,random,random_lr0_1_lr0_01_lr0_01_optgd_epochs100_epochs0_001_epochs0_001_clusters4__rep1,91,1.0,tensor(0.2603, grad_fn=<SqueezeBackward0>),tensor(-0.5954, grad_fn=<NegBackward0>),1472,7.685512065887451,4,0.5,,20
double_cake,random,random_lr0_1_lr0_01_lr0_01_optgd_epochs100_epochs0_001_epochs0_001_clusters2__rep1,94,0.875,tensor(0.2342, grad_fn=<SqueezeBackward0>),tensor(-0.7505, grad_fn=<NegBackward0>),380,8.016739845275879,2,0.5,,20
double_cake,random,random_lr0_1_lr0_01_lr0_01_optgd_epochs100_epochs0_001_epochs0_001_clusters4__rep1,92,1.0,tensor(0.2602, grad_fn=<SqueezeBackward0>),tensor(-0.5210, grad_fn=<NegBackward0>),1488,8.158343076705933,4,0.5,,20
double_cake,random,random_lr0_1_lr0_01_lr0_01_optgd_epochs100_epochs0_001_epochs0_001_clusters2__rep1,95,0.875,tensor(0.2344, grad_fn=<SqueezeBackward0>),tensor(-0.7247, grad_fn=<NegBackward0>),384,7.7688889503479,2,0.5,,20
double_cake,random,random_lr0_1_lr0_01_lr0_01_optgd_epochs100_epochs0_001_epochs0_001_clusters4__rep1,93,0.875,tensor(0.2599, grad_fn=<SqueezeBackward0>),tensor(-0.5126, grad_fn=<NegBackward0>),1504,7.696782112121582,4,0.5,,20
double_cake,random,random_lr0_1_lr0_01_lr0_01_optgd_epochs100_epochs0_001_epochs0_001_clusters2__rep1,96,0.875,tensor(0.2336, grad_fn=<SqueezeBackward0>),tensor(-0.6166, grad_fn=<NegBackward0>),388,7.532278060913086,2,0.5,,20
double_cake,random,random_lr0_1_lr0_01_lr0_01_optgd_epochs100_epochs0_001_epochs0_001_clusters4__rep1,94,0.875,tensor(0.2614, grad_fn=<SqueezeBackward0>),tensor(-0.5806, grad_fn=<NegBackward0>),1520,7.9763429164886475,4,0.5,,20
double_cake,random,random_lr0_1_lr0_01_lr0_01_optgd_epochs100_epochs0_001_epochs0_001_clusters2__rep1,97,0.875,tensor(0.2362, grad_fn=<SqueezeBackward0>),tensor(-0.8190, grad_fn=<NegBackward0>),392,8.230105876922607,2,0.5,,20
double_cake,random,random_lr0_1_lr0_01_lr0_01_optgd_epochs100_epochs0_001_epochs0_001_clusters4__rep1,95,0.875,tensor(0.2617, grad_fn=<SqueezeBackward0>),tensor(-0.5079, grad_fn=<NegBackward0>),1536,8.422843217849731,4,0.5,,20
double_cake,random,random_lr0_1_lr0_01_lr0_01_optgd_epochs100_epochs0_001_epochs0_001_clusters2__rep1,98,1.0,tensor(0.2352, grad_fn=<SqueezeBackward0>),tensor(-0.6149, grad_fn=<NegBackward0>),396,7.529093980789185,2,0.5,,20
double_cake,random,random_lr0_1_lr0_01_lr0_01_optgd_epochs100_epochs0_001_epochs0_001_clusters4__rep1,96,0.875,tensor(0.2624, grad_fn=<SqueezeBackward0>),tensor(-0.4943, grad_fn=<NegBackward0>),1552,7.667980194091797,4,0.5,,20
double_cake,random,random_lr0_1_lr0_01_lr0_01_optgd_epochs100_epochs0_001_epochs0_001_clusters2__rep1,99,1.0,tensor(0.2358, grad_fn=<SqueezeBackward0>),tensor(-0.7419, grad_fn=<NegBackward0>),400,7.8380327224731445,2,0.5,,20
double_cake,random,random_lr0_1_lr0_01_lr0_01_optgd_epochs100_epochs0_001_epochs0_001_clusters4__rep1,97,0.875,tensor(0.2629, grad_fn=<SqueezeBackward0>),tensor(-0.5121, grad_fn=<NegBackward0>),1568,8.167157173156738,4,0.5,,20
double_cake,random,random_lr0_1_lr0_01_lr0_01_optgd_epochs100_epochs0_001_epochs0_001_clusters4__rep1,98,0.875,tensor(0.2630, grad_fn=<SqueezeBackward0>),tensor(-0.5823, grad_fn=<NegBackward0>),1584,7.730632066726685,4,0.5,,20
double_cake,random,random_lr0_1_lr0_01_lr0_01_optgd_epochs100_epochs0_001_epochs0_001_clusters4__rep1,99,0.875,tensor(0.2635, grad_fn=<SqueezeBackward0>),tensor(-0.5588, grad_fn=<NegBackward0>),1600,8.004475831985474,4,0.5,,20
double_cake,random,random_lr0_1_lr0_01_lr0_01_optgd_epochs100_epochs0_001_epochs0_001_clusters6__rep1,0,0.875,tensor(0.1781, grad_fn=<SqueezeBackward0>),tensor(-0.5220, grad_fn=<NegBackward0>),36,7.9199769496917725,6,0.5,,20
double_cake,random,random_lr0_1_lr0_01_lr0_01_optgd_epochs100_epochs0_001_epochs0_001_clusters6__rep1,1,0.875,tensor(0.1800, grad_fn=<SqueezeBackward0>),tensor(-0.5675, grad_fn=<NegBackward0>),72,8.055134296417236,6,0.5,,20
double_cake,random,random_lr0_1_lr0_01_lr0_01_optgd_epochs100_epochs0_001_epochs0_001_clusters6__rep1,2,0.875,tensor(0.1803, grad_fn=<SqueezeBackward0>),tensor(-0.4634, grad_fn=<NegBackward0>),108,7.714458703994751,6,0.5,,20
double_cake,random,random_lr0_1_lr0_01_lr0_01_optgd_epochs100_epochs0_001_epochs0_001_clusters8__rep1,0,0.875,tensor(0.1781, grad_fn=<SqueezeBackward0>),tensor(-0.4145, grad_fn=<NegBackward0>),64,8.388510942459106,8,0.5,,20
double_cake,random,random_lr0_1_lr0_01_lr0_01_optgd_epochs100_epochs0_001_epochs0_001_clusters6__rep1,3,0.875,tensor(0.1829, grad_fn=<SqueezeBackward0>),tensor(-0.2311, grad_fn=<NegBackward0>),144,8.069701910018921,6,0.5,,20
double_cake,random,random_lr0_1_lr0_01_lr0_01_optgd_epochs100_epochs0_001_epochs0_001_clusters8__rep1,1,0.875,tensor(0.1796, grad_fn=<SqueezeBackward0>),tensor(-0.5317, grad_fn=<NegBackward0>),128,8.233022928237915,8,0.5,,20
double_cake,random,random_lr0_1_lr0_01_lr0_01_optgd_epochs100_epochs0_001_epochs0_001_clusters6__rep1,4,0.875,tensor(0.1835, grad_fn=<SqueezeBackward0>),tensor(-0.4022, grad_fn=<NegBackward0>),180,8.331107139587402,6,0.5,,20
double_cake,random,random_lr0_1_lr0_01_lr0_01_optgd_epochs100_epochs0_001_epochs0_001_clusters8__rep1,2,0.625,tensor(0.1798, grad_fn=<SqueezeBackward0>),tensor(-0.3738, grad_fn=<NegBackward0>),192,8.259866952896118,8,0.5,,20
double_cake,random,random_lr0_1_lr0_01_lr0_01_optgd_epochs100_epochs0_001_epochs0_001_clusters6__rep1,5,0.875,tensor(0.1846, grad_fn=<SqueezeBackward0>),tensor(-0.5072, grad_fn=<NegBackward0>),216,7.722445249557495,6,0.5,,20
double_cake,random,random_lr0_1_lr0_01_lr0_01_optgd_epochs100_epochs0_001_epochs0_001_clusters8__rep1,3,0.75,tensor(0.1821, grad_fn=<SqueezeBackward0>),tensor(-0.2463, grad_fn=<NegBackward0>),256,8.44640302658081,8,0.5,,20
double_cake,random,random_lr0_1_lr0_01_lr0_01_optgd_epochs100_epochs0_001_epochs0_001_clusters6__rep1,6,0.875,tensor(0.1848, grad_fn=<SqueezeBackward0>),tensor(-0.5342, grad_fn=<NegBackward0>),252,8.055906057357788,6,0.5,,20
double_cake,random,random_lr0_1_lr0_01_lr0_01_optgd_epochs100_epochs0_001_epochs0_001_clusters8__rep1,4,0.625,tensor(0.1825, grad_fn=<SqueezeBackward0>),tensor(-0.3806, grad_fn=<NegBackward0>),320,7.97183895111084,8,0.5,,20
double_cake,random,random_lr0_1_lr0_01_lr0_01_optgd_epochs100_epochs0_001_epochs0_001_clusters6__rep1,7,0.875,tensor(0.1879, grad_fn=<SqueezeBackward0>),tensor(-0.3542, grad_fn=<NegBackward0>),288,8.253909826278687,6,0.5,,20
double_cake,random,random_lr0_1_lr0_01_lr0_01_optgd_epochs100_epochs0_001_epochs0_001_clusters8__rep1,5,0.625,tensor(0.1836, grad_fn=<SqueezeBackward0>),tensor(-0.4538, grad_fn=<NegBackward0>),384,8.518091917037964,8,0.5,,20
double_cake,random,random_lr0_1_lr0_01_lr0_01_optgd_epochs100_epochs0_001_epochs0_001_clusters6__rep1,8,1.0,tensor(0.1873, grad_fn=<SqueezeBackward0>),tensor(-0.3880, grad_fn=<NegBackward0>),324,7.997502088546753,6,0.5,,20
double_cake,random,random_lr0_1_lr0_01_lr0_01_optgd_epochs100_epochs0_001_epochs0_001_clusters8__rep1,6,0.625,tensor(0.1838, grad_fn=<SqueezeBackward0>),tensor(-0.4888, grad_fn=<NegBackward0>),448,7.871381044387817,8,0.5,,20
double_cake,random,random_lr0_1_lr0_01_lr0_01_optgd_epochs100_epochs0_001_epochs0_001_clusters6__rep1,9,1.0,tensor(0.1888, grad_fn=<SqueezeBackward0>),tensor(-0.3643, grad_fn=<NegBackward0>),360,7.587539911270142,6,0.5,,20
double_cake,random,random_lr0_1_lr0_01_lr0_01_optgd_epochs100_epochs0_001_epochs0_001_clusters8__rep1,7,0.625,tensor(0.1870, grad_fn=<SqueezeBackward0>),tensor(-0.3463, grad_fn=<NegBackward0>),512,8.462969064712524,8,0.5,,20
double_cake,random,random_lr0_1_lr0_01_lr0_01_optgd_epochs100_epochs0_001_epochs0_001_clusters6__rep1,10,1.0,tensor(0.1898, grad_fn=<SqueezeBackward0>),tensor(-0.4382, grad_fn=<NegBackward0>),396,8.318628311157227,6,0.5,,20
double_cake,random,random_lr0_1_lr0_01_lr0_01_optgd_epochs100_epochs0_001_epochs0_001_clusters8__rep1,8,0.625,tensor(0.1865, grad_fn=<SqueezeBackward0>),tensor(-0.3316, grad_fn=<NegBackward0>),576,8.255548238754272,8,0.5,,20
double_cake,random,random_lr0_1_lr0_01_lr0_01_optgd_epochs100_epochs0_001_epochs0_001_clusters6__rep1,11,1.0,tensor(0.1904, grad_fn=<SqueezeBackward0>),tensor(-0.4132, grad_fn=<NegBackward0>),432,7.734783887863159,6,0.5,,20
double_cake,random,random_lr0_1_lr0_01_lr0_01_optgd_epochs100_epochs0_001_epochs0_001_clusters8__rep1,9,0.625,tensor(0.1878, grad_fn=<SqueezeBackward0>),tensor(-0.3866, grad_fn=<NegBackward0>),640,8.546095132827759,8,0.5,,20
double_cake,random,random_lr0_1_lr0_01_lr0_01_optgd_epochs100_epochs0_001_epochs0_001_clusters6__rep1,12,1.0,tensor(0.1923, grad_fn=<SqueezeBackward0>),tensor(-0.4022, grad_fn=<NegBackward0>),468,8.004094362258911,6,0.5,,20
double_cake,random,random_lr0_1_lr0_01_lr0_01_optgd_epochs100_epochs0_001_epochs0_001_clusters8__rep1,10,0.75,tensor(0.1896, grad_fn=<SqueezeBackward0>),tensor(-0.3735, grad_fn=<NegBackward0>),704,8.436352968215942,8,0.5,,20
double_cake,random,random_lr0_1_lr0_01_lr0_01_optgd_epochs100_epochs0_001_epochs0_001_clusters6__rep1,13,1.0,tensor(0.1924, grad_fn=<SqueezeBackward0>),tensor(-0.3011, grad_fn=<NegBackward0>),504,7.896409034729004,6,0.5,,20
double_cake,random,random_lr0_1_lr0_01_lr0_01_optgd_epochs100_epochs0_001_epochs0_001_clusters8__rep1,11,0.875,tensor(0.1907, grad_fn=<SqueezeBackward0>),tensor(-0.3815, grad_fn=<NegBackward0>),768,8.242516994476318,8,0.5,,20
double_cake,random,random_lr0_1_lr0_01_lr0_01_optgd_epochs100_epochs0_001_epochs0_001_clusters6__rep1,14,1.0,tensor(0.1942, grad_fn=<SqueezeBackward0>),tensor(-0.3900, grad_fn=<NegBackward0>),540,8.365323066711426,6,0.5,,20
double_cake,random,random_lr0_1_lr0_01_lr0_01_optgd_epochs100_epochs0_001_epochs0_001_clusters8__rep1,12,0.875,tensor(0.1924, grad_fn=<SqueezeBackward0>),tensor(-0.3567, grad_fn=<NegBackward0>),832,8.271458148956299,8,0.5,,20
double_cake,random,random_lr0_1_lr0_01_lr0_01_optgd_epochs100_epochs0_001_epochs0_001_clusters6__rep1,15,1.0,tensor(0.1955, grad_fn=<SqueezeBackward0>),tensor(-0.4354, grad_fn=<NegBackward0>),576,7.7390899658203125,6,0.5,,20
double_cake,random,random_lr0_1_lr0_01_lr0_01_optgd_epochs100_epochs0_001_epochs0_001_clusters8__rep1,13,0.875,tensor(0.1928, grad_fn=<SqueezeBackward0>),tensor(-0.2978, grad_fn=<NegBackward0>),896,8.24634313583374,8,0.5,,20
double_cake,random,random_lr0_1_lr0_01_lr0_01_optgd_epochs100_epochs0_001_epochs0_001_clusters6__rep1,16,1.0,tensor(0.1971, grad_fn=<SqueezeBackward0>),tensor(-0.2533, grad_fn=<NegBackward0>),612,8.013865947723389,6,0.5,,20
double_cake,random,random_lr0_1_lr0_01_lr0_01_optgd_epochs100_epochs0_001_epochs0_001_clusters8__rep1,14,0.875,tensor(0.1948, grad_fn=<SqueezeBackward0>),tensor(-0.3465, grad_fn=<NegBackward0>),960,8.439462184906006,8,0.5,,20
double_cake,random,random_lr0_1_lr0_01_lr0_01_optgd_epochs100_epochs0_001_epochs0_001_clusters6__rep1,17,1.0,tensor(0.1968, grad_fn=<SqueezeBackward0>),tensor(-0.3476, grad_fn=<NegBackward0>),648,8.306283950805664,6,0.5,,20
double_cake,random,random_lr0_1_lr0_01_lr0_01_optgd_epochs100_epochs0_001_epochs0_001_clusters6__rep1,18,1.0,tensor(0.1992, grad_fn=<SqueezeBackward0>),tensor(-0.3795, grad_fn=<NegBackward0>),684,7.820034027099609,6,0.5,,20
double_cake,random,random_lr0_1_lr0_01_lr0_01_optgd_epochs100_epochs0_001_epochs0_001_clusters8__rep1,15,0.75,tensor(0.1962, grad_fn=<SqueezeBackward0>),tensor(-0.3972, grad_fn=<NegBackward0>),1024,8.28038501739502,8,0.5,,20
double_cake,random,random_lr0_1_lr0_01_lr0_01_optgd_epochs100_epochs0_001_epochs0_001_clusters6__rep1,19,1.0,tensor(0.2032, grad_fn=<SqueezeBackward0>),tensor(-0.3606, grad_fn=<NegBackward0>),720,8.52183485031128,6,0.5,,20
double_cake,random,random_lr0_1_lr0_01_lr0_01_optgd_epochs100_epochs0_001_epochs0_001_clusters8__rep1,16,0.75,tensor(0.1976, grad_fn=<SqueezeBackward0>),tensor(-0.2779, grad_fn=<NegBackward0>),1088,8.296578645706177,8,0.5,,20
double_cake,random,random_lr0_1_lr0_01_lr0_01_optgd_epochs100_epochs0_001_epochs0_001_clusters6__rep1,20,1.0,tensor(0.2037, grad_fn=<SqueezeBackward0>),tensor(-0.4344, grad_fn=<NegBackward0>),756,7.707879066467285,6,0.5,,20
double_cake,random,random_lr0_1_lr0_01_lr0_01_optgd_epochs100_epochs0_001_epochs0_001_clusters8__rep1,17,0.75,tensor(0.1975, grad_fn=<SqueezeBackward0>),tensor(-0.3142, grad_fn=<NegBackward0>),1152,8.267350196838379,8,0.5,,20
double_cake,random,random_lr0_1_lr0_01_lr0_01_optgd_epochs100_epochs0_001_epochs0_001_clusters6__rep1,21,1.0,tensor(0.2070, grad_fn=<SqueezeBackward0>),tensor(-0.3874, grad_fn=<NegBackward0>),792,8.028198957443237,6,0.5,,20
double_cake,random,random_lr0_1_lr0_01_lr0_01_optgd_epochs100_epochs0_001_epochs0_001_clusters8__rep1,18,0.75,tensor(0.1995, grad_fn=<SqueezeBackward0>),tensor(-0.3563, grad_fn=<NegBackward0>),1216,8.425052881240845,8,0.5,,20
double_cake,random,random_lr0_1_lr0_01_lr0_01_optgd_epochs100_epochs0_001_epochs0_001_clusters6__rep1,22,1.0,tensor(0.2092, grad_fn=<SqueezeBackward0>),tensor(-0.3522, grad_fn=<NegBackward0>),828,8.320212125778198,6,0.5,,20
double_cake,random,random_lr0_1_lr0_01_lr0_01_optgd_epochs100_epochs0_001_epochs0_001_clusters8__rep1,19,0.75,tensor(0.2027, grad_fn=<SqueezeBackward0>),tensor(-0.3680, grad_fn=<NegBackward0>),1280,7.974892854690552,8,0.5,,20
double_cake,random,random_lr0_1_lr0_01_lr0_01_optgd_epochs100_epochs0_001_epochs0_001_clusters6__rep1,23,1.0,tensor(0.2099, grad_fn=<SqueezeBackward0>),tensor(-0.4286, grad_fn=<NegBackward0>),864,8.047677993774414,6,0.5,,20
double_cake,random,random_lr0_1_lr0_01_lr0_01_optgd_epochs100_epochs0_001_epochs0_001_clusters8__rep1,20,0.625,tensor(0.2024, grad_fn=<SqueezeBackward0>),tensor(-0.3891, grad_fn=<NegBackward0>),1344,8.564589023590088,8,0.5,,20
double_cake,random,random_lr0_1_lr0_01_lr0_01_optgd_epochs100_epochs0_001_epochs0_001_clusters6__rep1,24,1.0,tensor(0.2119, grad_fn=<SqueezeBackward0>),tensor(-0.3328, grad_fn=<NegBackward0>),900,7.951263189315796,6,0.5,,20
double_cake,random,random_lr0_1_lr0_01_lr0_01_optgd_epochs100_epochs0_001_epochs0_001_clusters8__rep1,21,0.625,tensor(0.2042, grad_fn=<SqueezeBackward0>),tensor(-0.3747, grad_fn=<NegBackward0>),1408,7.836305141448975,8,0.5,,20
double_cake,random,random_lr0_1_lr0_01_lr0_01_optgd_epochs100_epochs0_001_epochs0_001_clusters6__rep1,25,0.875,tensor(0.2124, grad_fn=<SqueezeBackward0>),tensor(-0.4443, grad_fn=<NegBackward0>),936,7.982618808746338,6,0.5,,20
double_cake,random,random_lr0_1_lr0_01_lr0_01_optgd_epochs100_epochs0_001_epochs0_001_clusters8__rep1,22,0.625,tensor(0.2063, grad_fn=<SqueezeBackward0>),tensor(-0.3053, grad_fn=<NegBackward0>),1472,8.476720094680786,8,0.5,,20
double_cake,random,random_lr0_1_lr0_01_lr0_01_optgd_epochs100_epochs0_001_epochs0_001_clusters6__rep1,26,0.875,tensor(0.2149, grad_fn=<SqueezeBackward0>),tensor(-0.4319, grad_fn=<NegBackward0>),972,7.781696081161499,6,0.5,,20
double_cake,random,random_lr0_1_lr0_01_lr0_01_optgd_epochs100_epochs0_001_epochs0_001_clusters8__rep1,23,0.625,tensor(0.2069, grad_fn=<SqueezeBackward0>),tensor(-0.4294, grad_fn=<NegBackward0>),1536,8.32895803451538,8,0.5,,20
double_cake,random,random_lr0_1_lr0_01_lr0_01_optgd_epochs100_epochs0_001_epochs0_001_clusters6__rep1,27,0.875,tensor(0.2147, grad_fn=<SqueezeBackward0>),tensor(-0.4552, grad_fn=<NegBackward0>),1008,8.312114953994751,6,0.5,,20
double_cake,random,random_lr0_1_lr0_01_lr0_01_optgd_epochs100_epochs0_001_epochs0_001_clusters8__rep1,24,0.625,tensor(0.2092, grad_fn=<SqueezeBackward0>),tensor(-0.3721, grad_fn=<NegBackward0>),1600,8.579160690307617,8,0.5,,20
double_cake,random,random_lr0_1_lr0_01_lr0_01_optgd_epochs100_epochs0_001_epochs0_001_clusters6__rep1,28,0.875,tensor(0.2168, grad_fn=<SqueezeBackward0>),tensor(-0.3795, grad_fn=<NegBackward0>),1044,7.978556871414185,6,0.5,,20
double_cake,random,random_lr0_1_lr0_01_lr0_01_optgd_epochs100_epochs0_001_epochs0_001_clusters8__rep1,25,0.75,tensor(0.2142, grad_fn=<SqueezeBackward0>),tensor(-0.3161, grad_fn=<NegBackward0>),1664,8.445568084716797,8,0.5,,20
double_cake,random,random_lr0_1_lr0_01_lr0_01_optgd_epochs100_epochs0_001_epochs0_001_clusters6__rep1,29,0.875,tensor(0.2179, grad_fn=<SqueezeBackward0>),tensor(-0.4888, grad_fn=<NegBackward0>),1080,7.733172178268433,6,0.5,,20
double_cake,random,random_lr0_1_lr0_01_lr0_01_optgd_epochs100_epochs0_001_epochs0_001_clusters8__rep1,26,0.75,tensor(0.2161, grad_fn=<SqueezeBackward0>),tensor(-0.4318, grad_fn=<NegBackward0>),1728,8.220736026763916,8,0.5,,20
double_cake,random,random_lr0_1_lr0_01_lr0_01_optgd_epochs100_epochs0_001_epochs0_001_clusters6__rep1,30,0.75,tensor(0.2183, grad_fn=<SqueezeBackward0>),tensor(-0.4176, grad_fn=<NegBackward0>),1116,8.443758726119995,6,0.5,,20
double_cake,random,random_lr0_1_lr0_01_lr0_01_optgd_epochs100_epochs0_001_epochs0_001_clusters8__rep1,27,0.75,tensor(0.2171, grad_fn=<SqueezeBackward0>),tensor(-0.4156, grad_fn=<NegBackward0>),1792,8.208552122116089,8,0.5,,20
double_cake,random,random_lr0_1_lr0_01_lr0_01_optgd_epochs100_epochs0_001_epochs0_001_clusters6__rep1,31,0.75,tensor(0.2193, grad_fn=<SqueezeBackward0>),tensor(-0.4436, grad_fn=<NegBackward0>),1152,7.689654111862183,6,0.5,,20
double_cake,random,random_lr0_1_lr0_01_lr0_01_optgd_epochs100_epochs0_001_epochs0_001_clusters8__rep1,28,0.75,tensor(0.2193, grad_fn=<SqueezeBackward0>),tensor(-0.3138, grad_fn=<NegBackward0>),1856,8.260297060012817,8,0.5,,20
double_cake,random,random_lr0_1_lr0_01_lr0_01_optgd_epochs100_epochs0_001_epochs0_001_clusters6__rep1,32,0.75,tensor(0.2192, grad_fn=<SqueezeBackward0>),tensor(-0.3806, grad_fn=<NegBackward0>),1188,8.209609985351562,6,0.5,,20
double_cake,random,random_lr0_1_lr0_01_lr0_01_optgd_epochs100_epochs0_001_epochs0_001_clusters8__rep1,29,0.75,tensor(0.2203, grad_fn=<SqueezeBackward0>),tensor(-0.4509, grad_fn=<NegBackward0>),1920,8.422958850860596,8,0.5,,20
double_cake,random,random_lr0_1_lr0_01_lr0_01_optgd_epochs100_epochs0_001_epochs0_001_clusters6__rep1,33,0.75,tensor(0.2212, grad_fn=<SqueezeBackward0>),tensor(-0.5041, grad_fn=<NegBackward0>),1224,7.995124816894531,6,0.5,,20
double_cake,random,random_lr0_1_lr0_01_lr0_01_optgd_epochs100_epochs0_001_epochs0_001_clusters8__rep1,30,0.75,tensor(0.2211, grad_fn=<SqueezeBackward0>),tensor(-0.3450, grad_fn=<NegBackward0>),1984,8.358873128890991,8,0.5,,20
double_cake,random,random_lr0_1_lr0_01_lr0_01_optgd_epochs100_epochs0_001_epochs0_001_clusters6__rep1,34,0.75,tensor(0.2242, grad_fn=<SqueezeBackward0>),tensor(-0.4264, grad_fn=<NegBackward0>),1260,7.879471302032471,6,0.5,,20
double_cake,random,random_lr0_1_lr0_01_lr0_01_optgd_epochs100_epochs0_001_epochs0_001_clusters8__rep1,31,0.75,tensor(0.2281, grad_fn=<SqueezeBackward0>),tensor(-0.3091, grad_fn=<NegBackward0>),2048,8.645381927490234,8,0.5,,20
double_cake,random,random_lr0_1_lr0_01_lr0_01_optgd_epochs100_epochs0_001_epochs0_001_clusters6__rep1,35,0.75,tensor(0.2296, grad_fn=<SqueezeBackward0>),tensor(-0.4450, grad_fn=<NegBackward0>),1296,8.655347108840942,6,0.5,,20
double_cake,random,random_lr0_1_lr0_01_lr0_01_optgd_epochs100_epochs0_001_epochs0_001_clusters8__rep1,32,0.75,tensor(0.2292, grad_fn=<SqueezeBackward0>),tensor(-0.3490, grad_fn=<NegBackward0>),2112,8.366135120391846,8,0.5,,20
double_cake,random,random_lr0_1_lr0_01_lr0_01_optgd_epochs100_epochs0_001_epochs0_001_clusters6__rep1,36,0.75,tensor(0.2317, grad_fn=<SqueezeBackward0>),tensor(-0.3758, grad_fn=<NegBackward0>),1332,8.02873706817627,6,0.5,,20
double_cake,random,random_lr0_1_lr0_01_lr0_01_optgd_epochs100_epochs0_001_epochs0_001_clusters8__rep1,33,0.75,tensor(0.2316, grad_fn=<SqueezeBackward0>),tensor(-0.3233, grad_fn=<NegBackward0>),2176,8.436246871948242,8,0.5,,20
double_cake,random,random_lr0_1_lr0_01_lr0_01_optgd_epochs100_epochs0_001_epochs0_001_clusters6__rep1,37,0.75,tensor(0.2342, grad_fn=<SqueezeBackward0>),tensor(-0.5132, grad_fn=<NegBackward0>),1368,7.748871088027954,6,0.5,,20
double_cake,random,random_lr0_1_lr0_01_lr0_01_optgd_epochs100_epochs0_001_epochs0_001_clusters8__rep1,34,0.75,tensor(0.2379, grad_fn=<SqueezeBackward0>),tensor(-0.3622, grad_fn=<NegBackward0>),2240,7.960818290710449,8,0.5,,20
double_cake,random,random_lr0_1_lr0_01_lr0_01_optgd_epochs100_epochs0_001_epochs0_001_clusters6__rep1,38,0.75,tensor(0.2358, grad_fn=<SqueezeBackward0>),tensor(-0.4372, grad_fn=<NegBackward0>),1404,8.472991943359375,6,0.5,,20
double_cake,random,random_lr0_1_lr0_01_lr0_01_optgd_epochs100_epochs0_001_epochs0_001_clusters8__rep1,35,0.75,tensor(0.2423, grad_fn=<SqueezeBackward0>),tensor(-0.4166, grad_fn=<NegBackward0>),2304,8.538733959197998,8,0.5,,20
double_cake,random,random_lr0_1_lr0_01_lr0_01_optgd_epochs100_epochs0_001_epochs0_001_clusters6__rep1,39,0.75,tensor(0.2343, grad_fn=<SqueezeBackward0>),tensor(-0.5364, grad_fn=<NegBackward0>),1440,7.736583948135376,6,0.5,,20
double_cake,random,random_lr0_1_lr0_01_lr0_01_optgd_epochs100_epochs0_001_epochs0_001_clusters8__rep1,36,0.75,tensor(0.2441, grad_fn=<SqueezeBackward0>),tensor(-0.3475, grad_fn=<NegBackward0>),2368,7.876239776611328,8,0.5,,20
double_cake,random,random_lr0_1_lr0_01_lr0_01_optgd_epochs100_epochs0_001_epochs0_001_clusters6__rep1,40,0.75,tensor(0.2362, grad_fn=<SqueezeBackward0>),tensor(-0.4312, grad_fn=<NegBackward0>),1476,8.250704050064087,6,0.5,,20
double_cake,random,random_lr0_1_lr0_01_lr0_01_optgd_epochs100_epochs0_001_epochs0_001_clusters8__rep1,37,0.75,tensor(0.2461, grad_fn=<SqueezeBackward0>),tensor(-0.4659, grad_fn=<NegBackward0>),2432,8.489635944366455,8,0.5,,20
double_cake,random,random_lr0_1_lr0_01_lr0_01_optgd_epochs100_epochs0_001_epochs0_001_clusters6__rep1,41,0.75,tensor(0.2362, grad_fn=<SqueezeBackward0>),tensor(-0.4424, grad_fn=<NegBackward0>),1512,8.000256776809692,6,0.5,,20
double_cake,random,random_lr0_1_lr0_01_lr0_01_optgd_epochs100_epochs0_001_epochs0_001_clusters8__rep1,38,0.75,tensor(0.2485, grad_fn=<SqueezeBackward0>),tensor(-0.3808, grad_fn=<NegBackward0>),2496,8.308254957199097,8,0.5,,20
double_cake,random,random_lr0_1_lr0_01_lr0_01_optgd_epochs100_epochs0_001_epochs0_001_clusters6__rep1,42,0.75,tensor(0.2372, grad_fn=<SqueezeBackward0>),tensor(-0.3040, grad_fn=<NegBackward0>),1548,7.758569002151489,6,0.5,,20
double_cake,random,random_lr0_1_lr0_01_lr0_01_optgd_epochs100_epochs0_001_epochs0_001_clusters8__rep1,39,0.75,tensor(0.2514, grad_fn=<SqueezeBackward0>),tensor(-0.3981, grad_fn=<NegBackward0>),2560,8.580963134765625,8,0.5,,20
double_cake,random,random_lr0_1_lr0_01_lr0_01_optgd_epochs100_epochs0_001_epochs0_001_clusters6__rep1,43,0.75,tensor(0.2380, grad_fn=<SqueezeBackward0>),tensor(-0.4066, grad_fn=<NegBackward0>),1584,8.336040258407593,6,0.5,,20
double_cake,random,random_lr0_1_lr0_01_lr0_01_optgd_epochs100_epochs0_001_epochs0_001_clusters8__rep1,40,0.75,tensor(0.2524, grad_fn=<SqueezeBackward0>),tensor(-0.4639, grad_fn=<NegBackward0>),2624,8.44965410232544,8,0.5,,20
double_cake,random,random_lr0_1_lr0_01_lr0_01_optgd_epochs100_epochs0_001_epochs0_001_clusters6__rep1,44,0.75,tensor(0.2404, grad_fn=<SqueezeBackward0>),tensor(-0.4216, grad_fn=<NegBackward0>),1620,7.99268102645874,6,0.5,,20
double_cake,random,random_lr0_1_lr0_01_lr0_01_optgd_epochs100_epochs0_001_epochs0_001_clusters8__rep1,41,0.75,tensor(0.2540, grad_fn=<SqueezeBackward0>),tensor(-0.3723, grad_fn=<NegBackward0>),2688,8.23517918586731,8,0.5,,20
double_cake,random,random_lr0_1_lr0_01_lr0_01_optgd_epochs100_epochs0_001_epochs0_001_clusters6__rep1,45,0.75,tensor(0.2434, grad_fn=<SqueezeBackward0>),tensor(-0.4286, grad_fn=<NegBackward0>),1656,7.717616081237793,6,0.5,,20
double_cake,random,random_lr0_1_lr0_01_lr0_01_optgd_epochs100_epochs0_001_epochs0_001_clusters8__rep1,42,0.75,tensor(0.2554, grad_fn=<SqueezeBackward0>),tensor(-0.3060, grad_fn=<NegBackward0>),2752,8.229600191116333,8,0.5,,20
double_cake,random,random_lr0_1_lr0_01_lr0_01_optgd_epochs100_epochs0_001_epochs0_001_clusters6__rep1,46,0.75,tensor(0.2442, grad_fn=<SqueezeBackward0>),tensor(-0.4445, grad_fn=<NegBackward0>),1692,8.49118685722351,6,0.5,,20
double_cake,random,random_lr0_1_lr0_01_lr0_01_optgd_epochs100_epochs0_001_epochs0_001_clusters8__rep1,43,0.75,tensor(0.2554, grad_fn=<SqueezeBackward0>),tensor(-0.3544, grad_fn=<NegBackward0>),2816,8.25230598449707,8,0.5,,20
double_cake,random,random_lr0_1_lr0_01_lr0_01_optgd_epochs100_epochs0_001_epochs0_001_clusters6__rep1,47,0.75,tensor(0.2458, grad_fn=<SqueezeBackward0>),tensor(-0.4836, grad_fn=<NegBackward0>),1728,7.710754871368408,6,0.5,,20
double_cake,random,random_lr0_1_lr0_01_lr0_01_optgd_epochs100_epochs0_001_epochs0_001_clusters6__rep1,48,0.75,tensor(0.2505, grad_fn=<SqueezeBackward0>),tensor(-0.4198, grad_fn=<NegBackward0>),1764,8.262956142425537,6,0.5,,20
double_cake,random,random_lr0_1_lr0_01_lr0_01_optgd_epochs100_epochs0_001_epochs0_001_clusters8__rep1,44,0.75,tensor(0.2567, grad_fn=<SqueezeBackward0>),tensor(-0.3460, grad_fn=<NegBackward0>),2880,8.483361005783081,8,0.5,,20
double_cake,random,random_lr0_1_lr0_01_lr0_01_optgd_epochs100_epochs0_001_epochs0_001_clusters6__rep1,49,0.75,tensor(0.2573, grad_fn=<SqueezeBackward0>),tensor(-0.3930, grad_fn=<NegBackward0>),1800,8.012670040130615,6,0.5,,20
double_cake,random,random_lr0_1_lr0_01_lr0_01_optgd_epochs100_epochs0_001_epochs0_001_clusters8__rep1,45,0.75,tensor(0.2607, grad_fn=<SqueezeBackward0>),tensor(-0.3794, grad_fn=<NegBackward0>),2944,8.23317289352417,8,0.5,,20
double_cake,random,random_lr0_1_lr0_01_lr0_01_optgd_epochs100_epochs0_001_epochs0_001_clusters6__rep1,50,0.75,tensor(0.2584, grad_fn=<SqueezeBackward0>),tensor(-0.4790, grad_fn=<NegBackward0>),1836,7.737067937850952,6,0.5,,20
double_cake,random,random_lr0_1_lr0_01_lr0_01_optgd_epochs100_epochs0_001_epochs0_001_clusters8__rep1,46,0.75,tensor(0.2608, grad_fn=<SqueezeBackward0>),tensor(-0.4478, grad_fn=<NegBackward0>),3008,8.267953872680664,8,0.5,,20
double_cake,random,random_lr0_1_lr0_01_lr0_01_optgd_epochs100_epochs0_001_epochs0_001_clusters6__rep1,51,0.75,tensor(0.2589, grad_fn=<SqueezeBackward0>),tensor(-0.4721, grad_fn=<NegBackward0>),1872,8.311522006988525,6,0.5,,20
double_cake,random,random_lr0_1_lr0_01_lr0_01_optgd_epochs100_epochs0_001_epochs0_001_clusters8__rep1,47,0.75,tensor(0.2643, grad_fn=<SqueezeBackward0>),tensor(-0.3481, grad_fn=<NegBackward0>),3072,8.29039216041565,8,0.5,,20
double_cake,random,random_lr0_1_lr0_01_lr0_01_optgd_epochs100_epochs0_001_epochs0_001_clusters6__rep1,52,0.75,tensor(0.2600, grad_fn=<SqueezeBackward0>),tensor(-0.4177, grad_fn=<NegBackward0>),1908,8.009258031845093,6,0.5,,20
double_cake,random,random_lr0_1_lr0_01_lr0_01_optgd_epochs100_epochs0_001_epochs0_001_clusters8__rep1,48,0.75,tensor(0.2661, grad_fn=<SqueezeBackward0>),tensor(-0.4069, grad_fn=<NegBackward0>),3136,8.509742021560669,8,0.5,,20
double_cake,random,random_lr0_1_lr0_01_lr0_01_optgd_epochs100_epochs0_001_epochs0_001_clusters6__rep1,53,0.75,tensor(0.2611, grad_fn=<SqueezeBackward0>),tensor(-0.4422, grad_fn=<NegBackward0>),1944,7.784066677093506,6,0.5,,20
double_cake,random,random_lr0_1_lr0_01_lr0_01_optgd_epochs100_epochs0_001_epochs0_001_clusters8__rep1,49,0.75,tensor(0.2669, grad_fn=<SqueezeBackward0>),tensor(-0.3637, grad_fn=<NegBackward0>),3200,7.9831249713897705,8,0.5,,20
double_cake,random,random_lr0_1_lr0_01_lr0_01_optgd_epochs100_epochs0_001_epochs0_001_clusters6__rep1,54,0.75,tensor(0.2629, grad_fn=<SqueezeBackward0>),tensor(-0.4460, grad_fn=<NegBackward0>),1980,8.466943264007568,6,0.5,,20
double_cake,random,random_lr0_1_lr0_01_lr0_01_optgd_epochs100_epochs0_001_epochs0_001_clusters8__rep1,50,0.75,tensor(0.2685, grad_fn=<SqueezeBackward0>),tensor(-0.3957, grad_fn=<NegBackward0>),3264,8.536823034286499,8,0.5,,20
double_cake,random,random_lr0_1_lr0_01_lr0_01_optgd_epochs100_epochs0_001_epochs0_001_clusters6__rep1,55,0.75,tensor(0.2630, grad_fn=<SqueezeBackward0>),tensor(-0.4492, grad_fn=<NegBackward0>),2016,7.749241828918457,6,0.5,,20
double_cake,random,random_lr0_1_lr0_01_lr0_01_optgd_epochs100_epochs0_001_epochs0_001_clusters8__rep1,51,0.75,tensor(0.2693, grad_fn=<SqueezeBackward0>),tensor(-0.4227, grad_fn=<NegBackward0>),3328,7.86292290687561,8,0.5,,20
double_cake,random,random_lr0_1_lr0_01_lr0_01_optgd_epochs100_epochs0_001_epochs0_001_clusters6__rep1,56,0.75,tensor(0.2651, grad_fn=<SqueezeBackward0>),tensor(-0.5084, grad_fn=<NegBackward0>),2052,8.224442958831787,6,0.5,,20
double_cake,random,random_lr0_1_lr0_01_lr0_01_optgd_epochs100_epochs0_001_epochs0_001_clusters8__rep1,52,0.75,tensor(0.2707, grad_fn=<SqueezeBackward0>),tensor(-0.3791, grad_fn=<NegBackward0>),3392,8.514843940734863,8,0.5,,20
double_cake,random,random_lr0_1_lr0_01_lr0_01_optgd_epochs100_epochs0_001_epochs0_001_clusters6__rep1,57,0.75,tensor(0.2657, grad_fn=<SqueezeBackward0>),tensor(-0.4694, grad_fn=<NegBackward0>),2088,7.999475955963135,6,0.5,,20
double_cake,random,random_lr0_1_lr0_01_lr0_01_optgd_epochs100_epochs0_001_epochs0_001_clusters8__rep1,53,0.875,tensor(0.2714, grad_fn=<SqueezeBackward0>),tensor(-0.4039, grad_fn=<NegBackward0>),3456,8.28994607925415,8,0.5,,20
double_cake,random,random_lr0_1_lr0_01_lr0_01_optgd_epochs100_epochs0_001_epochs0_001_clusters6__rep1,58,0.75,tensor(0.2691, grad_fn=<SqueezeBackward0>),tensor(-0.4099, grad_fn=<NegBackward0>),2124,7.752946853637695,6,0.5,,20
double_cake,random,random_lr0_1_lr0_01_lr0_01_optgd_epochs100_epochs0_001_epochs0_001_clusters8__rep1,54,0.75,tensor(0.2735, grad_fn=<SqueezeBackward0>),tensor(-0.4396, grad_fn=<NegBackward0>),3520,8.563426971435547,8,0.5,,20
double_cake,random,random_lr0_1_lr0_01_lr0_01_optgd_epochs100_epochs0_001_epochs0_001_clusters6__rep1,59,0.75,tensor(0.2711, grad_fn=<SqueezeBackward0>),tensor(-0.4389, grad_fn=<NegBackward0>),2160,8.30427622795105,6,0.5,,20
double_cake,random,random_lr0_1_lr0_01_lr0_01_optgd_epochs100_epochs0_001_epochs0_001_clusters8__rep1,55,0.75,tensor(0.2741, grad_fn=<SqueezeBackward0>),tensor(-0.3937, grad_fn=<NegBackward0>),3584,8.462090969085693,8,0.5,,20
double_cake,random,random_lr0_1_lr0_01_lr0_01_optgd_epochs100_epochs0_001_epochs0_001_clusters6__rep1,60,0.75,tensor(0.2713, grad_fn=<SqueezeBackward0>),tensor(-0.4581, grad_fn=<NegBackward0>),2196,7.95470404624939,6,0.5,,20
double_cake,random,random_lr0_1_lr0_01_lr0_01_optgd_epochs100_epochs0_001_epochs0_001_clusters8__rep1,56,0.75,tensor(0.2760, grad_fn=<SqueezeBackward0>),tensor(-0.4358, grad_fn=<NegBackward0>),3648,8.25193190574646,8,0.5,,20
double_cake,random,random_lr0_1_lr0_01_lr0_01_optgd_epochs100_epochs0_001_epochs0_001_clusters6__rep1,61,0.75,tensor(0.2714, grad_fn=<SqueezeBackward0>),tensor(-0.5385, grad_fn=<NegBackward0>),2232,7.773559093475342,6,0.5,,20
double_cake,random,random_lr0_1_lr0_01_lr0_01_optgd_epochs100_epochs0_001_epochs0_001_clusters8__rep1,57,0.75,tensor(0.2770, grad_fn=<SqueezeBackward0>),tensor(-0.5146, grad_fn=<NegBackward0>),3712,8.28240180015564,8,0.5,,20
double_cake,random,random_lr0_1_lr0_01_lr0_01_optgd_epochs100_epochs0_001_epochs0_001_clusters6__rep1,62,0.75,tensor(0.2713, grad_fn=<SqueezeBackward0>),tensor(-0.4595, grad_fn=<NegBackward0>),2268,8.497334003448486,6,0.5,,20
double_cake,random,random_lr0_1_lr0_01_lr0_01_optgd_epochs100_epochs0_001_epochs0_001_clusters8__rep1,58,0.75,tensor(0.2785, grad_fn=<SqueezeBackward0>),tensor(-0.3624, grad_fn=<NegBackward0>),3776,8.252810955047607,8,0.5,,20
double_cake,random,random_lr0_1_lr0_01_lr0_01_optgd_epochs100_epochs0_001_epochs0_001_clusters6__rep1,63,0.75,tensor(0.2723, grad_fn=<SqueezeBackward0>),tensor(-0.3984, grad_fn=<NegBackward0>),2304,7.7072460651397705,6,0.5,,20
double_cake,random,random_lr0_1_lr0_01_lr0_01_optgd_epochs100_epochs0_001_epochs0_001_clusters8__rep1,59,0.75,tensor(0.2793, grad_fn=<SqueezeBackward0>),tensor(-0.3970, grad_fn=<NegBackward0>),3840,8.424753904342651,8,0.5,,20
double_cake,random,random_lr0_1_lr0_01_lr0_01_optgd_epochs100_epochs0_001_epochs0_001_clusters6__rep1,64,0.75,tensor(0.2719, grad_fn=<SqueezeBackward0>),tensor(-0.3108, grad_fn=<NegBackward0>),2340,8.247992753982544,6,0.5,,20
double_cake,random,random_lr0_1_lr0_01_lr0_01_optgd_epochs100_epochs0_001_epochs0_001_clusters8__rep1,60,0.75,tensor(0.2802, grad_fn=<SqueezeBackward0>),tensor(-0.3881, grad_fn=<NegBackward0>),3904,8.246781826019287,8,0.5,,20
double_cake,random,random_lr0_1_lr0_01_lr0_01_optgd_epochs100_epochs0_001_epochs0_001_clusters6__rep1,65,0.75,tensor(0.2724, grad_fn=<SqueezeBackward0>),tensor(-0.4493, grad_fn=<NegBackward0>),2376,7.983097076416016,6,0.5,,20
double_cake,random,random_lr0_1_lr0_01_lr0_01_optgd_epochs100_epochs0_001_epochs0_001_clusters8__rep1,61,0.75,tensor(0.2811, grad_fn=<SqueezeBackward0>),tensor(-0.4401, grad_fn=<NegBackward0>),3968,8.282302856445312,8,0.5,,20
double_cake,random,random_lr0_1_lr0_01_lr0_01_optgd_epochs100_epochs0_001_epochs0_001_clusters6__rep1,66,0.75,tensor(0.2741, grad_fn=<SqueezeBackward0>),tensor(-0.5429, grad_fn=<NegBackward0>),2412,7.763177156448364,6,0.5,,20
double_cake,random,random_lr0_1_lr0_01_lr0_01_optgd_epochs100_epochs0_001_epochs0_001_clusters8__rep1,62,0.75,tensor(0.2811, grad_fn=<SqueezeBackward0>),tensor(-0.4210, grad_fn=<NegBackward0>),4032,8.499849081039429,8,0.5,,20
double_cake,random,random_lr0_1_lr0_01_lr0_01_optgd_epochs100_epochs0_001_epochs0_001_clusters6__rep1,67,0.75,tensor(0.2745, grad_fn=<SqueezeBackward0>),tensor(-0.4885, grad_fn=<NegBackward0>),2448,8.587217092514038,6,0.5,,20
double_cake,random,random_lr0_1_lr0_01_lr0_01_optgd_epochs100_epochs0_001_epochs0_001_clusters8__rep1,63,0.75,tensor(0.2822, grad_fn=<SqueezeBackward0>),tensor(-0.3919, grad_fn=<NegBackward0>),4096,8.772381782531738,8,0.5,,20
double_cake,random,random_lr0_1_lr0_01_lr0_01_optgd_epochs100_epochs0_001_epochs0_001_clusters6__rep1,68,0.75,tensor(0.2759, grad_fn=<SqueezeBackward0>),tensor(-0.5548, grad_fn=<NegBackward0>),2484,8.267506122589111,6,0.5,,20
double_cake,random,random_lr0_1_lr0_01_lr0_01_optgd_epochs100_epochs0_001_epochs0_001_clusters8__rep1,64,0.75,tensor(0.2820, grad_fn=<SqueezeBackward0>),tensor(-0.3162, grad_fn=<NegBackward0>),4160,8.140941858291626,8,0.5,,20
double_cake,random,random_lr0_1_lr0_01_lr0_01_optgd_epochs100_epochs0_001_epochs0_001_clusters6__rep1,69,0.75,tensor(0.2769, grad_fn=<SqueezeBackward0>),tensor(-0.5088, grad_fn=<NegBackward0>),2520,7.918115854263306,6,0.5,,20
double_cake,random,random_lr0_1_lr0_01_lr0_01_optgd_epochs100_epochs0_001_epochs0_001_clusters8__rep1,65,0.75,tensor(0.2835, grad_fn=<SqueezeBackward0>),tensor(-0.4169, grad_fn=<NegBackward0>),4224,8.716397047042847,8,0.5,,20
double_cake,random,random_lr0_1_lr0_01_lr0_01_optgd_epochs100_epochs0_001_epochs0_001_clusters6__rep1,70,0.75,tensor(0.2771, grad_fn=<SqueezeBackward0>),tensor(-0.5038, grad_fn=<NegBackward0>),2556,8.646572828292847,6,0.5,,20
double_cake,random,random_lr0_1_lr0_01_lr0_01_optgd_epochs100_epochs0_001_epochs0_001_clusters8__rep1,66,0.75,tensor(0.2851, grad_fn=<SqueezeBackward0>),tensor(-0.4056, grad_fn=<NegBackward0>),4288,7.969563007354736,8,0.5,,20
double_cake,random,random_lr0_1_lr0_01_lr0_01_optgd_epochs100_epochs0_001_epochs0_001_clusters6__rep1,71,0.75,tensor(0.2783, grad_fn=<SqueezeBackward0>),tensor(-0.4191, grad_fn=<NegBackward0>),2592,7.808451890945435,6,0.5,,20
double_cake,random,random_lr0_1_lr0_01_lr0_01_optgd_epochs100_epochs0_001_epochs0_001_clusters8__rep1,67,0.75,tensor(0.2850, grad_fn=<SqueezeBackward0>),tensor(-0.4398, grad_fn=<NegBackward0>),4352,8.510200262069702,8,0.5,,20
double_cake,random,random_lr0_1_lr0_01_lr0_01_optgd_epochs100_epochs0_001_epochs0_001_clusters6__rep1,72,0.75,tensor(0.2777, grad_fn=<SqueezeBackward0>),tensor(-0.4296, grad_fn=<NegBackward0>),2628,8.280467987060547,6,0.5,,20
double_cake,random,random_lr0_1_lr0_01_lr0_01_optgd_epochs100_epochs0_001_epochs0_001_clusters8__rep1,68,0.75,tensor(0.2857, grad_fn=<SqueezeBackward0>),tensor(-0.4791, grad_fn=<NegBackward0>),4416,8.29528284072876,8,0.5,,20
double_cake,random,random_lr0_1_lr0_01_lr0_01_optgd_epochs100_epochs0_001_epochs0_001_clusters6__rep1,73,0.75,tensor(0.2785, grad_fn=<SqueezeBackward0>),tensor(-0.4089, grad_fn=<NegBackward0>),2664,8.049781084060669,6,0.5,,20
double_cake,random,random_lr0_1_lr0_01_lr0_01_optgd_epochs100_epochs0_001_epochs0_001_clusters8__rep1,69,0.75,tensor(0.2871, grad_fn=<SqueezeBackward0>),tensor(-0.4553, grad_fn=<NegBackward0>),4480,8.629586935043335,8,0.5,,20
double_cake,random,random_lr0_1_lr0_01_lr0_01_optgd_epochs100_epochs0_001_epochs0_001_clusters6__rep1,74,0.75,tensor(0.2798, grad_fn=<SqueezeBackward0>),tensor(-0.5414, grad_fn=<NegBackward0>),2700,7.811355113983154,6,0.5,,20
double_cake,random,random_lr0_1_lr0_01_lr0_01_optgd_epochs100_epochs0_001_epochs0_001_clusters8__rep1,70,0.75,tensor(0.2875, grad_fn=<SqueezeBackward0>),tensor(-0.4197, grad_fn=<NegBackward0>),4544,8.483922243118286,8,0.5,,20
double_cake,random,random_lr0_1_lr0_01_lr0_01_optgd_epochs100_epochs0_001_epochs0_001_clusters6__rep1,75,0.75,tensor(0.2797, grad_fn=<SqueezeBackward0>),tensor(-0.5484, grad_fn=<NegBackward0>),2736,8.329218864440918,6,0.5,,20
double_cake,random,random_lr0_1_lr0_01_lr0_01_optgd_epochs100_epochs0_001_epochs0_001_clusters8__rep1,71,0.75,tensor(0.2882, grad_fn=<SqueezeBackward0>),tensor(-0.3704, grad_fn=<NegBackward0>),4608,8.27234411239624,8,0.5,,20
double_cake,random,random_lr0_1_lr0_01_lr0_01_optgd_epochs100_epochs0_001_epochs0_001_clusters6__rep1,76,0.75,tensor(0.2806, grad_fn=<SqueezeBackward0>),tensor(-0.5405, grad_fn=<NegBackward0>),2772,8.043873071670532,6,0.5,,20
double_cake,random,random_lr0_1_lr0_01_lr0_01_optgd_epochs100_epochs0_001_epochs0_001_clusters6__rep1,77,0.75,tensor(0.2807, grad_fn=<SqueezeBackward0>),tensor(-0.3797, grad_fn=<NegBackward0>),2808,7.747525215148926,6,0.5,,20
double_cake,random,random_lr0_1_lr0_01_lr0_01_optgd_epochs100_epochs0_001_epochs0_001_clusters8__rep1,72,0.75,tensor(0.2882, grad_fn=<SqueezeBackward0>),tensor(-0.3969, grad_fn=<NegBackward0>),4672,8.257874727249146,8,0.5,,20
double_cake,random,random_lr0_1_lr0_01_lr0_01_optgd_epochs100_epochs0_001_epochs0_001_clusters8__rep1,73,0.75,tensor(0.2885, grad_fn=<SqueezeBackward0>),tensor(-0.3955, grad_fn=<NegBackward0>),4736,8.347447872161865,8,0.5,,20
double_cake,random,random_lr0_1_lr0_01_lr0_01_optgd_epochs100_epochs0_001_epochs0_001_clusters6__rep1,78,0.75,tensor(0.2816, grad_fn=<SqueezeBackward0>),tensor(-0.5380, grad_fn=<NegBackward0>),2844,8.559133052825928,6,0.5,,20
double_cake,random,random_lr0_1_lr0_01_lr0_01_optgd_epochs100_epochs0_001_epochs0_001_clusters6__rep1,79,0.75,tensor(0.2820, grad_fn=<SqueezeBackward0>),tensor(-0.4522, grad_fn=<NegBackward0>),2880,7.791659116744995,6,0.5,,20
double_cake,random,random_lr0_1_lr0_01_lr0_01_optgd_epochs100_epochs0_001_epochs0_001_clusters8__rep1,74,0.75,tensor(0.2898, grad_fn=<SqueezeBackward0>),tensor(-0.5952, grad_fn=<NegBackward0>),4800,8.501864194869995,8,0.5,,20
double_cake,random,random_lr0_1_lr0_01_lr0_01_optgd_epochs100_epochs0_001_epochs0_001_clusters6__rep1,80,0.75,tensor(0.2828, grad_fn=<SqueezeBackward0>),tensor(-0.4974, grad_fn=<NegBackward0>),2916,8.230320930480957,6,0.5,,20
double_cake,random,random_lr0_1_lr0_01_lr0_01_optgd_epochs100_epochs0_001_epochs0_001_clusters8__rep1,75,0.75,tensor(0.2901, grad_fn=<SqueezeBackward0>),tensor(-0.4761, grad_fn=<NegBackward0>),4864,8.239113807678223,8,0.5,,20
double_cake,random,random_lr0_1_lr0_01_lr0_01_optgd_epochs100_epochs0_001_epochs0_001_clusters6__rep1,81,0.75,tensor(0.2828, grad_fn=<SqueezeBackward0>),tensor(-0.4649, grad_fn=<NegBackward0>),2952,7.9844138622283936,6,0.5,,20
double_cake,random,random_lr0_1_lr0_01_lr0_01_optgd_epochs100_epochs0_001_epochs0_001_clusters8__rep1,76,0.75,tensor(0.2909, grad_fn=<SqueezeBackward0>),tensor(-0.4876, grad_fn=<NegBackward0>),4928,8.239409923553467,8,0.5,,20
double_cake,random,random_lr0_1_lr0_01_lr0_01_optgd_epochs100_epochs0_001_epochs0_001_clusters6__rep1,82,0.75,tensor(0.2819, grad_fn=<SqueezeBackward0>),tensor(-0.3966, grad_fn=<NegBackward0>),2988,7.765622138977051,6,0.5,,20
double_cake,random,random_lr0_1_lr0_01_lr0_01_optgd_epochs100_epochs0_001_epochs0_001_clusters8__rep1,77,0.75,tensor(0.2910, grad_fn=<SqueezeBackward0>),tensor(-0.3430, grad_fn=<NegBackward0>),4992,8.32362699508667,8,0.5,,20
double_cake,random,random_lr0_1_lr0_01_lr0_01_optgd_epochs100_epochs0_001_epochs0_001_clusters6__rep1,83,0.75,tensor(0.2829, grad_fn=<SqueezeBackward0>),tensor(-0.4860, grad_fn=<NegBackward0>),3024,8.309921979904175,6,0.5,,20
double_cake,random,random_lr0_1_lr0_01_lr0_01_optgd_epochs100_epochs0_001_epochs0_001_clusters8__rep1,78,0.75,tensor(0.2919, grad_fn=<SqueezeBackward0>),tensor(-0.4171, grad_fn=<NegBackward0>),5056,8.429349184036255,8,0.5,,20
double_cake,random,random_lr0_1_lr0_01_lr0_01_optgd_epochs100_epochs0_001_epochs0_001_clusters6__rep1,84,0.75,tensor(0.2844, grad_fn=<SqueezeBackward0>),tensor(-0.4153, grad_fn=<NegBackward0>),3060,7.948998212814331,6,0.5,,20
double_cake,random,random_lr0_1_lr0_01_lr0_01_optgd_epochs100_epochs0_001_epochs0_001_clusters8__rep1,79,0.75,tensor(0.2926, grad_fn=<SqueezeBackward0>),tensor(-0.4031, grad_fn=<NegBackward0>),5120,7.964756011962891,8,0.5,,20
double_cake,random,random_lr0_1_lr0_01_lr0_01_optgd_epochs100_epochs0_001_epochs0_001_clusters6__rep1,85,0.75,tensor(0.2855, grad_fn=<SqueezeBackward0>),tensor(-0.5365, grad_fn=<NegBackward0>),3096,7.762616157531738,6,0.5,,20
double_cake,random,random_lr0_1_lr0_01_lr0_01_optgd_epochs100_epochs0_001_epochs0_001_clusters8__rep1,80,0.75,tensor(0.2927, grad_fn=<SqueezeBackward0>),tensor(-0.4756, grad_fn=<NegBackward0>),5184,8.56902813911438,8,0.5,,20
double_cake,random,random_lr0_1_lr0_01_lr0_01_optgd_epochs100_epochs0_001_epochs0_001_clusters6__rep1,86,0.75,tensor(0.2857, grad_fn=<SqueezeBackward0>),tensor(-0.3902, grad_fn=<NegBackward0>),3132,8.475307941436768,6,0.5,,20
double_cake,random,random_lr0_1_lr0_01_lr0_01_optgd_epochs100_epochs0_001_epochs0_001_clusters8__rep1,81,0.75,tensor(0.2923, grad_fn=<SqueezeBackward0>),tensor(-0.4245, grad_fn=<NegBackward0>),5248,7.86954927444458,8,0.5,,20
double_cake,random,random_lr0_1_lr0_01_lr0_01_optgd_epochs100_epochs0_001_epochs0_001_clusters6__rep1,87,0.75,tensor(0.2871, grad_fn=<SqueezeBackward0>),tensor(-0.4418, grad_fn=<NegBackward0>),3168,7.751023054122925,6,0.5,,20
double_cake,random,random_lr0_1_lr0_01_lr0_01_optgd_epochs100_epochs0_001_epochs0_001_clusters8__rep1,82,0.75,tensor(0.2927, grad_fn=<SqueezeBackward0>),tensor(-0.3726, grad_fn=<NegBackward0>),5312,8.500675678253174,8,0.5,,20
double_cake,random,random_lr0_1_lr0_01_lr0_01_optgd_epochs100_epochs0_001_epochs0_001_clusters6__rep1,88,0.75,tensor(0.2887, grad_fn=<SqueezeBackward0>),tensor(-0.5250, grad_fn=<NegBackward0>),3204,8.232003927230835,6,0.5,,20
double_cake,random,random_lr0_1_lr0_01_lr0_01_optgd_epochs100_epochs0_001_epochs0_001_clusters8__rep1,83,0.75,tensor(0.2933, grad_fn=<SqueezeBackward0>),tensor(-0.4308, grad_fn=<NegBackward0>),5376,8.290406942367554,8,0.5,,20
double_cake,random,random_lr0_1_lr0_01_lr0_01_optgd_epochs100_epochs0_001_epochs0_001_clusters6__rep1,89,0.75,tensor(0.2885, grad_fn=<SqueezeBackward0>),tensor(-0.4852, grad_fn=<NegBackward0>),3240,8.029079914093018,6,0.5,,20
double_cake,random,random_lr0_1_lr0_01_lr0_01_optgd_epochs100_epochs0_001_epochs0_001_clusters8__rep1,84,0.75,tensor(0.2943, grad_fn=<SqueezeBackward0>),tensor(-0.3814, grad_fn=<NegBackward0>),5440,8.610776901245117,8,0.5,,20
double_cake,random,random_lr0_1_lr0_01_lr0_01_optgd_epochs100_epochs0_001_epochs0_001_clusters6__rep1,90,0.75,tensor(0.2889, grad_fn=<SqueezeBackward0>),tensor(-0.3533, grad_fn=<NegBackward0>),3276,7.773938894271851,6,0.5,,20
double_cake,random,random_lr0_1_lr0_01_lr0_01_optgd_epochs100_epochs0_001_epochs0_001_clusters8__rep1,85,0.75,tensor(0.2949, grad_fn=<SqueezeBackward0>),tensor(-0.5381, grad_fn=<NegBackward0>),5504,8.47682523727417,8,0.5,,20
double_cake,random,random_lr0_1_lr0_01_lr0_01_optgd_epochs100_epochs0_001_epochs0_001_clusters6__rep1,91,0.75,tensor(0.2890, grad_fn=<SqueezeBackward0>),tensor(-0.4318, grad_fn=<NegBackward0>),3312,8.29723596572876,6,0.5,,20
double_cake,random,random_lr0_1_lr0_01_lr0_01_optgd_epochs100_epochs0_001_epochs0_001_clusters8__rep1,86,0.75,tensor(0.2949, grad_fn=<SqueezeBackward0>),tensor(-0.3437, grad_fn=<NegBackward0>),5568,8.232494831085205,8,0.5,,20
double_cake,random,random_lr0_1_lr0_01_lr0_01_optgd_epochs100_epochs0_001_epochs0_001_clusters6__rep1,92,0.75,tensor(0.2901, grad_fn=<SqueezeBackward0>),tensor(-0.5047, grad_fn=<NegBackward0>),3348,7.96546196937561,6,0.5,,20
double_cake,random,random_lr0_1_lr0_01_lr0_01_optgd_epochs100_epochs0_001_epochs0_001_clusters8__rep1,87,0.75,tensor(0.2961, grad_fn=<SqueezeBackward0>),tensor(-0.3632, grad_fn=<NegBackward0>),5632,8.255892992019653,8,0.5,,20
double_cake,random,random_lr0_1_lr0_01_lr0_01_optgd_epochs100_epochs0_001_epochs0_001_clusters6__rep1,93,0.75,tensor(0.2894, grad_fn=<SqueezeBackward0>),tensor(-0.4820, grad_fn=<NegBackward0>),3384,7.735326051712036,6,0.5,,20
double_cake,random,random_lr0_1_lr0_01_lr0_01_optgd_epochs100_epochs0_001_epochs0_001_clusters8__rep1,88,0.75,tensor(0.2965, grad_fn=<SqueezeBackward0>),tensor(-0.4686, grad_fn=<NegBackward0>),5696,8.276232242584229,8,0.5,,20
double_cake,random,random_lr0_1_lr0_01_lr0_01_optgd_epochs100_epochs0_001_epochs0_001_clusters6__rep1,94,0.75,tensor(0.2914, grad_fn=<SqueezeBackward0>),tensor(-0.5636, grad_fn=<NegBackward0>),3420,8.466469049453735,6,0.5,,20
double_cake,random,random_lr0_1_lr0_01_lr0_01_optgd_epochs100_epochs0_001_epochs0_001_clusters8__rep1,89,0.75,tensor(0.2967, grad_fn=<SqueezeBackward0>),tensor(-0.4938, grad_fn=<NegBackward0>),5760,8.454074144363403,8,0.5,,20
double_cake,random,random_lr0_1_lr0_01_lr0_01_optgd_epochs100_epochs0_001_epochs0_001_clusters6__rep1,95,0.75,tensor(0.2917, grad_fn=<SqueezeBackward0>),tensor(-0.5057, grad_fn=<NegBackward0>),3456,7.736600160598755,6,0.5,,20
double_cake,random,random_lr0_1_lr0_01_lr0_01_optgd_epochs100_epochs0_001_epochs0_001_clusters8__rep1,90,0.75,tensor(0.2969, grad_fn=<SqueezeBackward0>),tensor(-0.3534, grad_fn=<NegBackward0>),5824,8.26519227027893,8,0.5,,20
double_cake,random,random_lr0_1_lr0_01_lr0_01_optgd_epochs100_epochs0_001_epochs0_001_clusters6__rep1,96,0.75,tensor(0.2937, grad_fn=<SqueezeBackward0>),tensor(-0.5238, grad_fn=<NegBackward0>),3492,8.269697189331055,6,0.5,,20
double_cake,random,random_lr0_1_lr0_01_lr0_01_optgd_epochs100_epochs0_001_epochs0_001_clusters8__rep1,91,0.75,tensor(0.2973, grad_fn=<SqueezeBackward0>),tensor(-0.4107, grad_fn=<NegBackward0>),5888,8.241157293319702,8,0.5,,20
double_cake,random,random_lr0_1_lr0_01_lr0_01_optgd_epochs100_epochs0_001_epochs0_001_clusters6__rep1,97,0.75,tensor(0.2955, grad_fn=<SqueezeBackward0>),tensor(-0.4833, grad_fn=<NegBackward0>),3528,7.998402833938599,6,0.5,,20
double_cake,random,random_lr0_1_lr0_01_lr0_01_optgd_epochs100_epochs0_001_epochs0_001_clusters8__rep1,92,0.75,tensor(0.2988, grad_fn=<SqueezeBackward0>),tensor(-0.4988, grad_fn=<NegBackward0>),5952,8.29892873764038,8,0.5,,20
double_cake,random,random_lr0_1_lr0_01_lr0_01_optgd_epochs100_epochs0_001_epochs0_001_clusters6__rep1,98,0.75,tensor(0.2958, grad_fn=<SqueezeBackward0>),tensor(-0.4665, grad_fn=<NegBackward0>),3564,7.73689603805542,6,0.5,,20
double_cake,random,random_lr0_1_lr0_01_lr0_01_optgd_epochs100_epochs0_001_epochs0_001_clusters8__rep1,93,0.75,tensor(0.2980, grad_fn=<SqueezeBackward0>),tensor(-0.4296, grad_fn=<NegBackward0>),6016,8.4182608127594,8,0.5,,20
double_cake,random,random_lr0_1_lr0_01_lr0_01_optgd_epochs100_epochs0_001_epochs0_001_clusters6__rep1,99,0.75,tensor(0.2954, grad_fn=<SqueezeBackward0>),tensor(-0.4616, grad_fn=<NegBackward0>),3600,8.28851318359375,6,0.5,,20
double_cake,random,random_lr0_1_lr0_01_lr0_01_optgd_epochs100_epochs0_001_epochs0_001_clusters8__rep1,94,0.75,tensor(0.2994, grad_fn=<SqueezeBackward0>),tensor(-0.4628, grad_fn=<NegBackward0>),6080,7.952648878097534,8,0.5,,20
double_cake,random,random_lr0_1_lr0_01_lr0_01_optgd_epochs100_epochs0_001_epochs0_001_clusters8__rep1,95,0.75,tensor(0.2997, grad_fn=<SqueezeBackward0>),tensor(-0.4482, grad_fn=<NegBackward0>),6144,8.600647211074829,8,0.5,,20
double_cake,random,random_lr0_1_lr0_01_lr0_01_optgd_epochs100_epochs0_001_epochs0_001_clusters8__rep1,96,0.75,tensor(0.3015, grad_fn=<SqueezeBackward0>),tensor(-0.4458, grad_fn=<NegBackward0>),6208,7.867398023605347,8,0.5,,20
double_cake,random,random_lr0_1_lr0_01_lr0_01_optgd_epochs100_epochs0_001_epochs0_001_clusters10__rep1,0,0.875,tensor(0.1777, grad_fn=<SqueezeBackward0>),tensor(-0.3869, grad_fn=<NegBackward0>),100,8.48717474937439,10,0.5,,20
double_cake,random,random_lr0_1_lr0_01_lr0_01_optgd_epochs100_epochs0_001_epochs0_001_clusters8__rep1,97,0.75,tensor(0.3031, grad_fn=<SqueezeBackward0>),tensor(-0.4178, grad_fn=<NegBackward0>),6272,8.500857830047607,8,0.5,,20
double_cake,random,random_lr0_1_lr0_01_lr0_01_optgd_epochs100_epochs0_001_epochs0_001_clusters10__rep1,1,0.875,tensor(0.1796, grad_fn=<SqueezeBackward0>),tensor(-0.3855, grad_fn=<NegBackward0>),200,8.710278272628784,10,0.5,,20
double_cake,random,random_lr0_1_lr0_01_lr0_01_optgd_epochs100_epochs0_001_epochs0_001_clusters8__rep1,98,0.75,tensor(0.3038, grad_fn=<SqueezeBackward0>),tensor(-0.4685, grad_fn=<NegBackward0>),6336,8.321002006530762,8,0.5,,20
double_cake,random,random_lr0_1_lr0_01_lr0_01_optgd_epochs100_epochs0_001_epochs0_001_clusters10__rep1,2,0.75,tensor(0.1800, grad_fn=<SqueezeBackward0>),tensor(-0.3212, grad_fn=<NegBackward0>),300,8.52817416191101,10,0.5,,20
double_cake,random,random_lr0_1_lr0_01_lr0_01_optgd_epochs100_epochs0_001_epochs0_001_clusters8__rep1,99,0.75,tensor(0.3040, grad_fn=<SqueezeBackward0>),tensor(-0.4028, grad_fn=<NegBackward0>),6400,8.59902811050415,8,0.5,,20
double_cake,random,random_lr0_1_lr0_01_lr0_01_optgd_epochs100_epochs0_001_epochs0_001_clusters10__rep1,3,0.75,tensor(0.1828, grad_fn=<SqueezeBackward0>),tensor(-0.2419, grad_fn=<NegBackward0>),400,8.812330961227417,10,0.5,,20
double_cake,random,random_lr0_1_lr0_01_lr0_01_optgd_epochs100_epochs0_001_epochs0_001_clusters10__rep1,4,0.75,tensor(0.1836, grad_fn=<SqueezeBackward0>),tensor(-0.3499, grad_fn=<NegBackward0>),500,8.24273419380188,10,0.5,,20
double_cake,random,random_lr0_1_lr0_01_lr0_01_optgd_epochs100_epochs0_001_epochs0_001_clusters10__rep1,5,0.75,tensor(0.1847, grad_fn=<SqueezeBackward0>),tensor(-0.4325, grad_fn=<NegBackward0>),600,8.69172215461731,10,0.5,,20
double_cake,random,random_lr0_1_lr0_01_lr0_01_optgd_epochs100_epochs0_001_epochs0_001_clusters10__rep1,6,0.625,tensor(0.1850, grad_fn=<SqueezeBackward0>),tensor(-0.3898, grad_fn=<NegBackward0>),700,8.679162740707397,10,0.5,,20
double_cake,random,random_lr0_1_lr0_01_lr0_01_optgd_epochs100_epochs0_001_epochs0_001_clusters10__rep1,7,0.625,tensor(0.1877, grad_fn=<SqueezeBackward0>),tensor(-0.3629, grad_fn=<NegBackward0>),800,8.218611001968384,10,0.5,,20
double_cake,random,random_lr0_1_lr0_01_lr0_01_optgd_epochs100_epochs0_001_epochs0_001_clusters2__rep1,0,1.0,tensor(0.1790, grad_fn=<SqueezeBackward0>),tensor(-0.8262, grad_fn=<NegBackward0>),4,17.751441955566406,2,0.5,,20
double_cake,random,random_lr0_1_lr0_01_lr0_01_optgd_epochs100_epochs0_001_epochs0_001_clusters10__rep1,8,0.625,tensor(0.1883, grad_fn=<SqueezeBackward0>),tensor(-0.3302, grad_fn=<NegBackward0>),900,8.658900260925293,10,0.5,,20
double_cake,random,random_lr0_1_lr0_01_lr0_01_optgd_epochs100_epochs0_001_epochs0_001_clusters10__rep1,9,0.75,tensor(0.1894, grad_fn=<SqueezeBackward0>),tensor(-0.3352, grad_fn=<NegBackward0>),1000,8.509157180786133,10,0.5,,20
double_cake,random,random_lr0_1_lr0_01_lr0_01_optgd_epochs100_epochs0_001_epochs0_001_clusters10__rep1,10,0.75,tensor(0.1916, grad_fn=<SqueezeBackward0>),tensor(-0.3489, grad_fn=<NegBackward0>),1100,8.60358214378357,10,0.5,,20
double_cake,random,random_lr0_1_lr0_01_lr0_01_optgd_epochs100_epochs0_001_epochs0_001_clusters2__rep1,1,1.0,tensor(0.1793, grad_fn=<SqueezeBackward0>),tensor(-0.7983, grad_fn=<NegBackward0>),8,18.8711838722229,2,0.5,,20
double_cake,random,random_lr0_1_lr0_01_lr0_01_optgd_epochs100_epochs0_001_epochs0_001_clusters10__rep1,11,0.75,tensor(0.1934, grad_fn=<SqueezeBackward0>),tensor(-0.3694, grad_fn=<NegBackward0>),1200,8.751856803894043,10,0.5,,20
double_cake,random,random_lr0_1_lr0_01_lr0_01_optgd_epochs100_epochs0_001_epochs0_001_clusters10__rep1,12,0.875,tensor(0.1951, grad_fn=<SqueezeBackward0>),tensor(-0.3462, grad_fn=<NegBackward0>),1300,8.491272926330566,10,0.5,,20
double_cake,random,random_lr0_1_lr0_01_lr0_01_optgd_epochs100_epochs0_001_epochs0_001_clusters2__rep1,2,1.0,tensor(0.1802, grad_fn=<SqueezeBackward0>),tensor(-0.7215, grad_fn=<NegBackward0>),12,18.05983805656433,2,0.5,,20
double_cake,random,random_lr0_1_lr0_01_lr0_01_optgd_epochs100_epochs0_001_epochs0_001_clusters10__rep1,13,0.875,tensor(0.1955, grad_fn=<SqueezeBackward0>),tensor(-0.2896, grad_fn=<NegBackward0>),1400,8.628995895385742,10,0.5,,20
double_cake,random,random_lr0_1_lr0_01_lr0_01_optgd_epochs100_epochs0_001_epochs0_001_clusters10__rep1,14,0.75,tensor(0.1985, grad_fn=<SqueezeBackward0>),tensor(-0.2960, grad_fn=<NegBackward0>),1500,8.801340341567993,10,0.5,,20
double_cake,random,random_lr0_1_lr0_01_lr0_01_optgd_epochs100_epochs0_001_epochs0_001_clusters2__rep1,3,1.0,tensor(0.1813, grad_fn=<SqueezeBackward0>),tensor(-0.6672, grad_fn=<NegBackward0>),16,18.550428867340088,2,0.5,,20
double_cake,random,random_lr0_1_lr0_01_lr0_01_optgd_epochs100_epochs0_001_epochs0_001_clusters10__rep1,15,0.75,tensor(0.2000, grad_fn=<SqueezeBackward0>),tensor(-0.3955, grad_fn=<NegBackward0>),1600,8.592074394226074,10,0.5,,20
double_cake,random,random_lr0_1_lr0_01_lr0_01_optgd_epochs100_epochs0_001_epochs0_001_clusters10__rep1,16,0.75,tensor(0.2020, grad_fn=<SqueezeBackward0>),tensor(-0.2331, grad_fn=<NegBackward0>),1700,8.362319707870483,10,0.5,,20
double_cake,random,random_lr0_1_lr0_01_lr0_01_optgd_epochs100_epochs0_001_epochs0_001_clusters2__rep1,4,1.0,tensor(0.1810, grad_fn=<SqueezeBackward0>),tensor(-0.7117, grad_fn=<NegBackward0>),20,17.863581895828247,2,0.5,,20
double_cake,random,random_lr0_1_lr0_01_lr0_01_optgd_epochs100_epochs0_001_epochs0_001_clusters10__rep1,17,0.75,tensor(0.2027, grad_fn=<SqueezeBackward0>),tensor(-0.3392, grad_fn=<NegBackward0>),1800,8.717501878738403,10,0.5,,20
double_cake,random,random_lr0_1_lr0_01_lr0_01_optgd_epochs100_epochs0_001_epochs0_001_clusters10__rep1,18,0.75,tensor(0.2103, grad_fn=<SqueezeBackward0>),tensor(-0.2350, grad_fn=<NegBackward0>),1900,8.60027003288269,10,0.5,,20
double_cake,random,random_lr0_1_lr0_01_lr0_01_optgd_epochs100_epochs0_001_epochs0_001_clusters2__rep1,5,1.0,tensor(0.1808, grad_fn=<SqueezeBackward0>),tensor(-0.7439, grad_fn=<NegBackward0>),24,18.432990074157715,2,0.5,,20
double_cake,random,random_lr0_1_lr0_01_lr0_01_optgd_epochs100_epochs0_001_epochs0_001_clusters10__rep1,19,0.75,tensor(0.2128, grad_fn=<SqueezeBackward0>),tensor(-0.2732, grad_fn=<NegBackward0>),2000,8.813215970993042,10,0.5,,20
double_cake,random,random_lr0_1_lr0_01_lr0_01_optgd_epochs100_epochs0_001_epochs0_001_clusters10__rep1,20,0.75,tensor(0.2150, grad_fn=<SqueezeBackward0>),tensor(-0.3178, grad_fn=<NegBackward0>),2100,8.425364971160889,10,0.5,,20
double_cake,random,random_lr0_1_lr0_01_lr0_01_optgd_epochs100_epochs0_001_epochs0_001_clusters2__rep1,6,1.0,tensor(0.1824, grad_fn=<SqueezeBackward0>),tensor(-0.6027, grad_fn=<NegBackward0>),28,19.113935708999634,2,0.5,,20
double_cake,random,random_lr0_1_lr0_01_lr0_01_optgd_epochs100_epochs0_001_epochs0_001_clusters10__rep1,21,0.75,tensor(0.2164, grad_fn=<SqueezeBackward0>),tensor(-0.2881, grad_fn=<NegBackward0>),2200,8.372085094451904,10,0.5,,20
double_cake,random,random_lr0_1_lr0_01_lr0_01_optgd_epochs100_epochs0_001_epochs0_001_clusters10__rep1,22,0.75,tensor(0.2187, grad_fn=<SqueezeBackward0>),tensor(-0.3290, grad_fn=<NegBackward0>),2300,8.786405801773071,10,0.5,,20
double_cake,random,random_lr0_1_lr0_01_lr0_01_optgd_epochs100_epochs0_001_epochs0_001_clusters2__rep1,7,1.0,tensor(0.1816, grad_fn=<SqueezeBackward0>),tensor(-0.7507, grad_fn=<NegBackward0>),32,17.580317974090576,2,0.5,,20
double_cake,random,random_lr0_1_lr0_01_lr0_01_optgd_epochs100_epochs0_001_epochs0_001_clusters10__rep1,23,0.75,tensor(0.2195, grad_fn=<SqueezeBackward0>),tensor(-0.4022, grad_fn=<NegBackward0>),2400,8.539217948913574,10,0.5,,20
double_cake,random,random_lr0_1_lr0_01_lr0_01_optgd_epochs100_epochs0_001_epochs0_001_clusters10__rep1,24,0.75,tensor(0.2258, grad_fn=<SqueezeBackward0>),tensor(-0.3002, grad_fn=<NegBackward0>),2500,8.76178789138794,10,0.5,,20
double_cake,random,random_lr0_1_lr0_01_lr0_01_optgd_epochs100_epochs0_001_epochs0_001_clusters2__rep1,8,1.0,tensor(0.1805, grad_fn=<SqueezeBackward0>),tensor(-0.8076, grad_fn=<NegBackward0>),36,18.98359704017639,2,0.5,,20
double_cake,random,random_lr0_1_lr0_01_lr0_01_optgd_epochs100_epochs0_001_epochs0_001_clusters10__rep1,25,0.875,tensor(0.2307, grad_fn=<SqueezeBackward0>),tensor(-0.3401, grad_fn=<NegBackward0>),2600,8.28519582748413,10,0.5,,20
double_cake,random,random_lr0_1_lr0_01_lr0_01_optgd_epochs100_epochs0_001_epochs0_001_clusters10__rep1,26,0.75,tensor(0.2317, grad_fn=<SqueezeBackward0>),tensor(-0.4589, grad_fn=<NegBackward0>),2700,8.878629922866821,10,0.5,,20
double_cake,random,random_lr0_1_lr0_01_lr0_01_optgd_epochs100_epochs0_001_epochs0_001_clusters10__rep1,27,0.75,tensor(0.2336, grad_fn=<SqueezeBackward0>),tensor(-0.3884, grad_fn=<NegBackward0>),2800,8.515850067138672,10,0.5,,20
double_cake,random,random_lr0_1_lr0_01_lr0_01_optgd_epochs100_epochs0_001_epochs0_001_clusters2__rep1,9,1.0,tensor(0.1805, grad_fn=<SqueezeBackward0>),tensor(-0.7552, grad_fn=<NegBackward0>),40,17.76714587211609,2,0.5,,20
double_cake,random,random_lr0_1_lr0_01_lr0_01_optgd_epochs100_epochs0_001_epochs0_001_clusters10__rep1,28,0.75,tensor(0.2359, grad_fn=<SqueezeBackward0>),tensor(-0.3017, grad_fn=<NegBackward0>),2900,8.563692092895508,10,0.5,,20
double_cake,random,random_lr0_1_lr0_01_lr0_01_optgd_epochs100_epochs0_001_epochs0_001_clusters10__rep1,29,0.75,tensor(0.2369, grad_fn=<SqueezeBackward0>),tensor(-0.3719, grad_fn=<NegBackward0>),3000,8.496848106384277,10,0.5,,20
double_cake,random,random_lr0_1_lr0_01_lr0_01_optgd_epochs100_epochs0_001_epochs0_001_clusters2__rep1,10,1.0,tensor(0.1808, grad_fn=<SqueezeBackward0>),tensor(-0.7520, grad_fn=<NegBackward0>),44,19.139647006988525,2,0.5,,20
double_cake,random,random_lr0_1_lr0_01_lr0_01_optgd_epochs100_epochs0_001_epochs0_001_clusters10__rep1,30,0.75,tensor(0.2383, grad_fn=<SqueezeBackward0>),tensor(-0.3528, grad_fn=<NegBackward0>),3100,8.602664947509766,10,0.5,,20
double_cake,random,random_lr0_1_lr0_01_lr0_01_optgd_epochs100_epochs0_001_epochs0_001_clusters10__rep1,31,0.75,tensor(0.2430, grad_fn=<SqueezeBackward0>),tensor(-0.3296, grad_fn=<NegBackward0>),3200,8.518792867660522,10,0.5,,20
double_cake,random,random_lr0_1_lr0_01_lr0_01_optgd_epochs100_epochs0_001_epochs0_001_clusters2__rep1,11,1.0,tensor(0.1818, grad_fn=<SqueezeBackward0>),tensor(-0.7231, grad_fn=<NegBackward0>),48,17.990208864212036,2,0.5,,20
double_cake,random,random_lr0_1_lr0_01_lr0_01_optgd_epochs100_epochs0_001_epochs0_001_clusters10__rep1,32,0.75,tensor(0.2450, grad_fn=<SqueezeBackward0>),tensor(-0.3401, grad_fn=<NegBackward0>),3300,8.541822910308838,10,0.5,,20
double_cake,random,random_lr0_1_lr0_01_lr0_01_optgd_epochs100_epochs0_001_epochs0_001_clusters10__rep1,33,0.75,tensor(0.2477, grad_fn=<SqueezeBackward0>),tensor(-0.2888, grad_fn=<NegBackward0>),3400,8.522732734680176,10,0.5,,20
double_cake,random,random_lr0_1_lr0_01_lr0_01_optgd_epochs100_epochs0_001_epochs0_001_clusters2__rep1,12,1.0,tensor(0.1809, grad_fn=<SqueezeBackward0>),tensor(-0.6514, grad_fn=<NegBackward0>),52,17.537489891052246,2,0.5,,20
double_cake,random,random_lr0_1_lr0_01_lr0_01_optgd_epochs100_epochs0_001_epochs0_001_clusters10__rep1,34,0.75,tensor(0.2520, grad_fn=<SqueezeBackward0>),tensor(-0.3235, grad_fn=<NegBackward0>),3500,8.600445985794067,10,0.5,,20
double_cake,random,random_lr0_1_lr0_01_lr0_01_optgd_epochs100_epochs0_001_epochs0_001_clusters10__rep1,35,0.75,tensor(0.2552, grad_fn=<SqueezeBackward0>),tensor(-0.3682, grad_fn=<NegBackward0>),3600,8.605977058410645,10,0.5,,20
double_cake,random,random_lr0_1_lr0_01_lr0_01_optgd_epochs100_epochs0_001_epochs0_001_clusters2__rep1,13,1.0,tensor(0.1812, grad_fn=<SqueezeBackward0>),tensor(-0.6567, grad_fn=<NegBackward0>),56,19.246716260910034,2,0.5,,20
double_cake,random,random_lr0_1_lr0_01_lr0_01_optgd_epochs100_epochs0_001_epochs0_001_clusters10__rep1,36,0.75,tensor(0.2579, grad_fn=<SqueezeBackward0>),tensor(-0.3735, grad_fn=<NegBackward0>),3700,8.600136995315552,10,0.5,,20
double_cake,random,random_lr0_1_lr0_01_lr0_01_optgd_epochs100_epochs0_001_epochs0_001_clusters10__rep1,37,0.75,tensor(0.2614, grad_fn=<SqueezeBackward0>),tensor(-0.4247, grad_fn=<NegBackward0>),3800,8.5971200466156,10,0.5,,20
double_cake,random,random_lr0_1_lr0_01_lr0_01_optgd_epochs100_epochs0_001_epochs0_001_clusters2__rep1,14,1.0,tensor(0.1824, grad_fn=<SqueezeBackward0>),tensor(-0.8420, grad_fn=<NegBackward0>),60,18.069031953811646,2,0.5,,20
double_cake,random,random_lr0_1_lr0_01_lr0_01_optgd_epochs100_epochs0_001_epochs0_001_clusters10__rep1,38,0.75,tensor(0.2639, grad_fn=<SqueezeBackward0>),tensor(-0.3202, grad_fn=<NegBackward0>),3900,8.527849912643433,10,0.5,,20
double_cake,random,random_lr0_1_lr0_01_lr0_01_optgd_epochs100_epochs0_001_epochs0_001_clusters10__rep1,39,0.75,tensor(0.2667, grad_fn=<SqueezeBackward0>),tensor(-0.3248, grad_fn=<NegBackward0>),4000,8.569952011108398,10,0.5,,20
double_cake,random,random_lr0_1_lr0_01_lr0_01_optgd_epochs100_epochs0_001_epochs0_001_clusters2__rep1,15,1.0,tensor(0.1821, grad_fn=<SqueezeBackward0>),tensor(-0.6295, grad_fn=<NegBackward0>),64,18.7436842918396,2,0.5,,20
double_cake,random,random_lr0_1_lr0_01_lr0_01_optgd_epochs100_epochs0_001_epochs0_001_clusters10__rep1,40,0.75,tensor(0.2677, grad_fn=<SqueezeBackward0>),tensor(-0.4309, grad_fn=<NegBackward0>),4100,8.511305093765259,10,0.5,,20
double_cake,random,random_lr0_1_lr0_01_lr0_01_optgd_epochs100_epochs0_001_epochs0_001_clusters10__rep1,41,0.75,tensor(0.2705, grad_fn=<SqueezeBackward0>),tensor(-0.3670, grad_fn=<NegBackward0>),4200,8.544906854629517,10,0.5,,20
double_cake,random,random_lr0_1_lr0_01_lr0_01_optgd_epochs100_epochs0_001_epochs0_001_clusters10__rep1,42,0.75,tensor(0.2720, grad_fn=<SqueezeBackward0>),tensor(-0.3024, grad_fn=<NegBackward0>),4300,8.50449275970459,10,0.5,,20
double_cake,random,random_lr0_1_lr0_01_lr0_01_optgd_epochs100_epochs0_001_epochs0_001_clusters2__rep1,16,1.0,tensor(0.1827, grad_fn=<SqueezeBackward0>),tensor(-0.6898, grad_fn=<NegBackward0>),68,18.110973119735718,2,0.5,,20
double_cake,random,random_lr0_1_lr0_01_lr0_01_optgd_epochs100_epochs0_001_epochs0_001_clusters10__rep1,43,0.75,tensor(0.2725, grad_fn=<SqueezeBackward0>),tensor(-0.3282, grad_fn=<NegBackward0>),4400,8.604713916778564,10,0.5,,20
double_cake,random,random_lr0_1_lr0_01_lr0_01_optgd_epochs100_epochs0_001_epochs0_001_clusters10__rep1,44,0.75,tensor(0.2734, grad_fn=<SqueezeBackward0>),tensor(-0.3245, grad_fn=<NegBackward0>),4500,8.497100114822388,10,0.5,,20
double_cake,random,random_lr0_1_lr0_01_lr0_01_optgd_epochs100_epochs0_001_epochs0_001_clusters2__rep1,17,0.9166666666666666,tensor(0.1898, grad_fn=<SqueezeBackward0>),tensor(-0.5660, grad_fn=<NegBackward0>),72,17.591131687164307,2,0.5,,20
double_cake,random,random_lr0_1_lr0_01_lr0_01_optgd_epochs100_epochs0_001_epochs0_001_clusters10__rep1,45,0.75,tensor(0.2763, grad_fn=<SqueezeBackward0>),tensor(-0.4008, grad_fn=<NegBackward0>),4600,8.557081937789917,10,0.5,,20
double_cake,random,random_lr0_1_lr0_01_lr0_01_optgd_epochs100_epochs0_001_epochs0_001_clusters10__rep1,46,0.75,tensor(0.2775, grad_fn=<SqueezeBackward0>),tensor(-0.4393, grad_fn=<NegBackward0>),4700,8.537113189697266,10,0.5,,20
double_cake,random,random_lr0_1_lr0_01_lr0_01_optgd_epochs100_epochs0_001_epochs0_001_clusters2__rep1,18,0.9166666666666666,tensor(0.1905, grad_fn=<SqueezeBackward0>),tensor(-0.7371, grad_fn=<NegBackward0>),76,19.098144054412842,2,0.5,,20
double_cake,random,random_lr0_1_lr0_01_lr0_01_optgd_epochs100_epochs0_001_epochs0_001_clusters10__rep1,47,0.75,tensor(0.2794, grad_fn=<SqueezeBackward0>),tensor(-0.3825, grad_fn=<NegBackward0>),4800,8.666099786758423,10,0.5,,20
double_cake,random,random_lr0_1_lr0_01_lr0_01_optgd_epochs100_epochs0_001_epochs0_001_clusters10__rep1,48,0.75,tensor(0.2799, grad_fn=<SqueezeBackward0>),tensor(-0.3973, grad_fn=<NegBackward0>),4900,8.74092984199524,10,0.5,,20
double_cake,random,random_lr0_1_lr0_01_lr0_01_optgd_epochs100_epochs0_001_epochs0_001_clusters2__rep1,19,0.9166666666666666,tensor(0.1905, grad_fn=<SqueezeBackward0>),tensor(-0.7798, grad_fn=<NegBackward0>),80,18.772869110107422,2,0.5,,20
double_cake,random,random_lr0_1_lr0_01_lr0_01_optgd_epochs100_epochs0_001_epochs0_001_clusters10__rep1,49,0.75,tensor(0.2805, grad_fn=<SqueezeBackward0>),tensor(-0.3842, grad_fn=<NegBackward0>),5000,8.537659168243408,10,0.5,,20
double_cake,random,random_lr0_1_lr0_01_lr0_01_optgd_epochs100_epochs0_001_epochs0_001_clusters10__rep1,50,0.75,tensor(0.2825, grad_fn=<SqueezeBackward0>),tensor(-0.4092, grad_fn=<NegBackward0>),5100,8.527632236480713,10,0.5,,20
double_cake,random,random_lr0_1_lr0_01_lr0_01_optgd_epochs100_epochs0_001_epochs0_001_clusters2__rep1,20,0.9166666666666666,tensor(0.1925, grad_fn=<SqueezeBackward0>),tensor(-0.6907, grad_fn=<NegBackward0>),84,17.666276931762695,2,0.5,,20
double_cake,random,random_lr0_1_lr0_01_lr0_01_optgd_epochs100_epochs0_001_epochs0_001_clusters10__rep1,51,0.75,tensor(0.2833, grad_fn=<SqueezeBackward0>),tensor(-0.3975, grad_fn=<NegBackward0>),5200,8.52823781967163,10,0.5,,20
double_cake,random,random_lr0_1_lr0_01_lr0_01_optgd_epochs100_epochs0_001_epochs0_001_clusters10__rep1,52,0.75,tensor(0.2849, grad_fn=<SqueezeBackward0>),tensor(-0.3316, grad_fn=<NegBackward0>),5300,8.531250953674316,10,0.5,,20
double_cake,random,random_lr0_1_lr0_01_lr0_01_optgd_epochs100_epochs0_001_epochs0_001_clusters2__rep1,21,0.9166666666666666,tensor(0.1867, grad_fn=<SqueezeBackward0>),tensor(-0.4419, grad_fn=<NegBackward0>),88,18.210028171539307,2,0.5,,20
double_cake,random,random_lr0_1_lr0_01_lr0_01_optgd_epochs100_epochs0_001_epochs0_001_clusters10__rep1,53,0.75,tensor(0.2858, grad_fn=<SqueezeBackward0>),tensor(-0.3717, grad_fn=<NegBackward0>),5400,8.578786134719849,10,0.5,,20
double_cake,random,random_lr0_1_lr0_01_lr0_01_optgd_epochs100_epochs0_001_epochs0_001_clusters10__rep1,54,0.75,tensor(0.2878, grad_fn=<SqueezeBackward0>),tensor(-0.3673, grad_fn=<NegBackward0>),5500,8.551658153533936,10,0.5,,20
double_cake,random,random_lr0_1_lr0_01_lr0_01_optgd_epochs100_epochs0_001_epochs0_001_clusters2__rep1,22,0.9166666666666666,tensor(0.1842, grad_fn=<SqueezeBackward0>),tensor(-0.6359, grad_fn=<NegBackward0>),92,19.03376293182373,2,0.5,,20
double_cake,random,random_lr0_1_lr0_01_lr0_01_optgd_epochs100_epochs0_001_epochs0_001_clusters10__rep1,55,0.75,tensor(0.2881, grad_fn=<SqueezeBackward0>),tensor(-0.4000, grad_fn=<NegBackward0>),5600,8.501209259033203,10,0.5,,20
double_cake,random,random_lr0_1_lr0_01_lr0_01_optgd_epochs100_epochs0_001_epochs0_001_clusters10__rep1,56,0.75,tensor(0.2902, grad_fn=<SqueezeBackward0>),tensor(-0.4179, grad_fn=<NegBackward0>),5700,8.587875127792358,10,0.5,,20
double_cake,random,random_lr0_1_lr0_01_lr0_01_optgd_epochs100_epochs0_001_epochs0_001_clusters10__rep1,57,0.75,tensor(0.2903, grad_fn=<SqueezeBackward0>),tensor(-0.4574, grad_fn=<NegBackward0>),5800,8.516250133514404,10,0.5,,20
double_cake,random,random_lr0_1_lr0_01_lr0_01_optgd_epochs100_epochs0_001_epochs0_001_clusters2__rep1,23,0.9166666666666666,tensor(0.1842, grad_fn=<SqueezeBackward0>),tensor(-0.9350, grad_fn=<NegBackward0>),96,18.523103952407837,2,0.5,,20
double_cake,random,random_lr0_1_lr0_01_lr0_01_optgd_epochs100_epochs0_001_epochs0_001_clusters10__rep1,58,0.75,tensor(0.2919, grad_fn=<SqueezeBackward0>),tensor(-0.3331, grad_fn=<NegBackward0>),5900,8.553061962127686,10,0.5,,20
double_cake,random,random_lr0_1_lr0_01_lr0_01_optgd_epochs100_epochs0_001_epochs0_001_clusters10__rep1,59,0.75,tensor(0.2925, grad_fn=<SqueezeBackward0>),tensor(-0.4084, grad_fn=<NegBackward0>),6000,8.501305103302002,10,0.5,,20
double_cake,random,random_lr0_1_lr0_01_lr0_01_optgd_epochs100_epochs0_001_epochs0_001_clusters2__rep1,24,0.9166666666666666,tensor(0.1844, grad_fn=<SqueezeBackward0>),tensor(-0.6158, grad_fn=<NegBackward0>),100,17.673540830612183,2,0.5,,20
double_cake,random,random_lr0_1_lr0_01_lr0_01_optgd_epochs100_epochs0_001_epochs0_001_clusters10__rep1,60,0.75,tensor(0.2926, grad_fn=<SqueezeBackward0>),tensor(-0.3275, grad_fn=<NegBackward0>),6100,8.603317975997925,10,0.5,,20
double_cake,random,random_lr0_1_lr0_01_lr0_01_optgd_epochs100_epochs0_001_epochs0_001_clusters10__rep1,61,0.75,tensor(0.2941, grad_fn=<SqueezeBackward0>),tensor(-0.4166, grad_fn=<NegBackward0>),6200,8.539838075637817,10,0.5,,20
double_cake,random,random_lr0_1_lr0_01_lr0_01_optgd_epochs100_epochs0_001_epochs0_001_clusters2__rep1,25,0.9166666666666666,tensor(0.1844, grad_fn=<SqueezeBackward0>),tensor(-1.0000, grad_fn=<NegBackward0>),104,18.514219999313354,2,0.5,,20
double_cake,random,random_lr0_1_lr0_01_lr0_01_optgd_epochs100_epochs0_001_epochs0_001_clusters10__rep1,62,0.75,tensor(0.2946, grad_fn=<SqueezeBackward0>),tensor(-0.4038, grad_fn=<NegBackward0>),6300,8.641556024551392,10,0.5,,20
double_cake,random,random_lr0_1_lr0_01_lr0_01_optgd_epochs100_epochs0_001_epochs0_001_clusters10__rep1,63,0.75,tensor(0.2953, grad_fn=<SqueezeBackward0>),tensor(-0.4102, grad_fn=<NegBackward0>),6400,8.6489417552948,10,0.5,,20
double_cake,random,random_lr0_1_lr0_01_lr0_01_optgd_epochs100_epochs0_001_epochs0_001_clusters2__rep1,26,0.9166666666666666,tensor(0.1846, grad_fn=<SqueezeBackward0>),tensor(-0.9922, grad_fn=<NegBackward0>),108,19.276429891586304,2,0.5,,20
double_cake,random,random_lr0_1_lr0_01_lr0_01_optgd_epochs100_epochs0_001_epochs0_001_clusters10__rep1,64,0.75,tensor(0.2963, grad_fn=<SqueezeBackward0>),tensor(-0.3101, grad_fn=<NegBackward0>),6500,8.551088809967041,10,0.5,,20
double_cake,random,random_lr0_1_lr0_01_lr0_01_optgd_epochs100_epochs0_001_epochs0_001_clusters10__rep1,65,0.75,tensor(0.2975, grad_fn=<SqueezeBackward0>),tensor(-0.4061, grad_fn=<NegBackward0>),6600,8.651101350784302,10,0.5,,20
double_cake,random,random_lr0_1_lr0_01_lr0_01_optgd_epochs100_epochs0_001_epochs0_001_clusters2__rep1,27,0.9166666666666666,tensor(0.1824, grad_fn=<SqueezeBackward0>),tensor(-0.1803, grad_fn=<NegBackward0>),112,17.54302406311035,2,0.5,,20
double_cake,random,random_lr0_1_lr0_01_lr0_01_optgd_epochs100_epochs0_001_epochs0_001_clusters10__rep1,66,0.75,tensor(0.2991, grad_fn=<SqueezeBackward0>),tensor(-0.3536, grad_fn=<NegBackward0>),6700,8.531872034072876,10,0.5,,20
double_cake,random,random_lr0_1_lr0_01_lr0_01_optgd_epochs100_epochs0_001_epochs0_001_clusters10__rep1,67,0.75,tensor(0.2989, grad_fn=<SqueezeBackward0>),tensor(-0.3739, grad_fn=<NegBackward0>),6800,8.540366888046265,10,0.5,,20
double_cake,random,random_lr0_1_lr0_01_lr0_01_optgd_epochs100_epochs0_001_epochs0_001_clusters2__rep1,28,0.9166666666666666,tensor(0.1835, grad_fn=<SqueezeBackward0>),tensor(-0.7287, grad_fn=<NegBackward0>),116,18.991348266601562,2,0.5,,20
double_cake,random,random_lr0_1_lr0_01_lr0_01_optgd_epochs100_epochs0_001_epochs0_001_clusters10__rep1,68,0.75,tensor(0.2999, grad_fn=<SqueezeBackward0>),tensor(-0.4755, grad_fn=<NegBackward0>),6900,8.51332712173462,10,0.5,,20
double_cake,random,random_lr0_1_lr0_01_lr0_01_optgd_epochs100_epochs0_001_epochs0_001_clusters10__rep1,69,0.75,tensor(0.3011, grad_fn=<SqueezeBackward0>),tensor(-0.4639, grad_fn=<NegBackward0>),7000,8.607836246490479,10,0.5,,20
double_cake,random,random_lr0_1_lr0_01_lr0_01_optgd_epochs100_epochs0_001_epochs0_001_clusters2__rep1,29,0.9166666666666666,tensor(0.1834, grad_fn=<SqueezeBackward0>),tensor(-0.6817, grad_fn=<NegBackward0>),120,17.73464608192444,2,0.5,,20
double_cake,random,random_lr0_1_lr0_01_lr0_01_optgd_epochs100_epochs0_001_epochs0_001_clusters10__rep1,70,0.75,tensor(0.3022, grad_fn=<SqueezeBackward0>),tensor(-0.4004, grad_fn=<NegBackward0>),7100,8.511101007461548,10,0.5,,20
double_cake,random,random_lr0_1_lr0_01_lr0_01_optgd_epochs100_epochs0_001_epochs0_001_clusters10__rep1,71,0.75,tensor(0.3024, grad_fn=<SqueezeBackward0>),tensor(-0.3056, grad_fn=<NegBackward0>),7200,8.56923794746399,10,0.5,,20
double_cake,random,random_lr0_1_lr0_01_lr0_01_optgd_epochs100_epochs0_001_epochs0_001_clusters10__rep1,72,0.75,tensor(0.3024, grad_fn=<SqueezeBackward0>),tensor(-0.3930, grad_fn=<NegBackward0>),7300,8.514601945877075,10,0.5,,20
double_cake,random,random_lr0_1_lr0_01_lr0_01_optgd_epochs100_epochs0_001_epochs0_001_clusters2__rep1,30,0.9166666666666666,tensor(0.1827, grad_fn=<SqueezeBackward0>),tensor(-0.7458, grad_fn=<NegBackward0>),124,19.05814290046692,2,0.5,,20
double_cake,random,random_lr0_1_lr0_01_lr0_01_optgd_epochs100_epochs0_001_epochs0_001_clusters10__rep1,73,0.75,tensor(0.3033, grad_fn=<SqueezeBackward0>),tensor(-0.3645, grad_fn=<NegBackward0>),7400,8.538231134414673,10,0.5,,20
double_cake,random,random_lr0_1_lr0_01_lr0_01_optgd_epochs100_epochs0_001_epochs0_001_clusters10__rep1,74,0.75,tensor(0.3045, grad_fn=<SqueezeBackward0>),tensor(-0.5375, grad_fn=<NegBackward0>),7500,8.565229177474976,10,0.5,,20
double_cake,random,random_lr0_1_lr0_01_lr0_01_optgd_epochs100_epochs0_001_epochs0_001_clusters2__rep1,31,0.9166666666666666,tensor(0.1821, grad_fn=<SqueezeBackward0>),tensor(-0.6958, grad_fn=<NegBackward0>),128,17.738041877746582,2,0.5,,20
double_cake,random,random_lr0_1_lr0_01_lr0_01_optgd_epochs100_epochs0_001_epochs0_001_clusters10__rep1,75,0.75,tensor(0.3046, grad_fn=<SqueezeBackward0>),tensor(-0.4625, grad_fn=<NegBackward0>),7600,8.562453985214233,10,0.5,,20
double_cake,random,random_lr0_1_lr0_01_lr0_01_optgd_epochs100_epochs0_001_epochs0_001_clusters10__rep1,76,0.75,tensor(0.3060, grad_fn=<SqueezeBackward0>),tensor(-0.4257, grad_fn=<NegBackward0>),7700,8.516159772872925,10,0.5,,20
double_cake,random,random_lr0_1_lr0_01_lr0_01_optgd_epochs100_epochs0_001_epochs0_001_clusters2__rep1,32,0.9166666666666666,tensor(0.1823, grad_fn=<SqueezeBackward0>),tensor(-0.7374, grad_fn=<NegBackward0>),132,19.139551877975464,2,0.5,,20
double_cake,random,random_lr0_1_lr0_01_lr0_01_optgd_epochs100_epochs0_001_epochs0_001_clusters10__rep1,77,0.75,tensor(0.3057, grad_fn=<SqueezeBackward0>),tensor(-0.3308, grad_fn=<NegBackward0>),7800,8.564397096633911,10,0.5,,20
double_cake,random,random_lr0_1_lr0_01_lr0_01_optgd_epochs100_epochs0_001_epochs0_001_clusters10__rep1,78,0.75,tensor(0.3062, grad_fn=<SqueezeBackward0>),tensor(-0.3428, grad_fn=<NegBackward0>),7900,8.573539972305298,10,0.5,,20
double_cake,random,random_lr0_1_lr0_01_lr0_01_optgd_epochs100_epochs0_001_epochs0_001_clusters2__rep1,33,0.9166666666666666,tensor(0.1822, grad_fn=<SqueezeBackward0>),tensor(-0.4710, grad_fn=<NegBackward0>),136,18.013547897338867,2,0.5,,20
double_cake,random,random_lr0_1_lr0_01_lr0_01_optgd_epochs100_epochs0_001_epochs0_001_clusters10__rep1,79,0.75,tensor(0.3069, grad_fn=<SqueezeBackward0>),tensor(-0.4090, grad_fn=<NegBackward0>),8000,8.550100326538086,10,0.5,,20
double_cake,random,random_lr0_1_lr0_01_lr0_01_optgd_epochs100_epochs0_001_epochs0_001_clusters10__rep1,80,0.75,tensor(0.3068, grad_fn=<SqueezeBackward0>),tensor(-0.3862, grad_fn=<NegBackward0>),8100,8.698395013809204,10,0.5,,20
double_cake,random,random_lr0_1_lr0_01_lr0_01_optgd_epochs100_epochs0_001_epochs0_001_clusters2__rep1,34,0.9166666666666666,tensor(0.1833, grad_fn=<SqueezeBackward0>),tensor(-0.6186, grad_fn=<NegBackward0>),140,17.723653316497803,2,0.5,,20
double_cake,random,random_lr0_1_lr0_01_lr0_01_optgd_epochs100_epochs0_001_epochs0_001_clusters10__rep1,81,0.75,tensor(0.3073, grad_fn=<SqueezeBackward0>),tensor(-0.3894, grad_fn=<NegBackward0>),8200,8.598957061767578,10,0.5,,20
double_cake,random,random_lr0_1_lr0_01_lr0_01_optgd_epochs100_epochs0_001_epochs0_001_clusters10__rep1,82,0.75,tensor(0.3078, grad_fn=<SqueezeBackward0>),tensor(-0.3943, grad_fn=<NegBackward0>),8300,8.537693977355957,10,0.5,,20
double_cake,random,random_lr0_1_lr0_01_lr0_01_optgd_epochs100_epochs0_001_epochs0_001_clusters2__rep1,35,0.9166666666666666,tensor(0.1833, grad_fn=<SqueezeBackward0>),tensor(-0.7032, grad_fn=<NegBackward0>),144,18.960400342941284,2,0.5,,20
double_cake,random,random_lr0_1_lr0_01_lr0_01_optgd_epochs100_epochs0_001_epochs0_001_clusters10__rep1,83,0.75,tensor(0.3087, grad_fn=<SqueezeBackward0>),tensor(-0.3716, grad_fn=<NegBackward0>),8400,8.52761697769165,10,0.5,,20
double_cake,random,random_lr0_1_lr0_01_lr0_01_optgd_epochs100_epochs0_001_epochs0_001_clusters10__rep1,84,0.75,tensor(0.3104, grad_fn=<SqueezeBackward0>),tensor(-0.4231, grad_fn=<NegBackward0>),8500,8.62522292137146,10,0.5,,20
double_cake,random,random_lr0_1_lr0_01_lr0_01_optgd_epochs100_epochs0_001_epochs0_001_clusters2__rep1,36,0.9166666666666666,tensor(0.1913, grad_fn=<SqueezeBackward0>),tensor(-0.3159, grad_fn=<NegBackward0>),148,18.214953899383545,2,0.5,,20
double_cake,random,random_lr0_1_lr0_01_lr0_01_optgd_epochs100_epochs0_001_epochs0_001_clusters10__rep1,85,0.75,tensor(0.3110, grad_fn=<SqueezeBackward0>),tensor(-0.5103, grad_fn=<NegBackward0>),8600,8.612307071685791,10,0.5,,20
double_cake,random,random_lr0_1_lr0_01_lr0_01_optgd_epochs100_epochs0_001_epochs0_001_clusters10__rep1,86,0.75,tensor(0.3109, grad_fn=<SqueezeBackward0>),tensor(-0.3442, grad_fn=<NegBackward0>),8700,8.590304851531982,10,0.5,,20
double_cake,random,random_lr0_1_lr0_01_lr0_01_optgd_epochs100_epochs0_001_epochs0_001_clusters10__rep1,87,0.75,tensor(0.3123, grad_fn=<SqueezeBackward0>),tensor(-0.3816, grad_fn=<NegBackward0>),8800,8.558135986328125,10,0.5,,20
double_cake,random,random_lr0_1_lr0_01_lr0_01_optgd_epochs100_epochs0_001_epochs0_001_clusters2__rep1,37,0.9166666666666666,tensor(0.1930, grad_fn=<SqueezeBackward0>),tensor(-0.7285, grad_fn=<NegBackward0>),152,18.772239208221436,2,0.5,,20
double_cake,random,random_lr0_1_lr0_01_lr0_01_optgd_epochs100_epochs0_001_epochs0_001_clusters10__rep1,88,0.75,tensor(0.3130, grad_fn=<SqueezeBackward0>),tensor(-0.4640, grad_fn=<NegBackward0>),8900,8.566841840744019,10,0.5,,20
double_cake,random,random_lr0_1_lr0_01_lr0_01_optgd_epochs100_epochs0_001_epochs0_001_clusters10__rep1,89,0.75,tensor(0.3132, grad_fn=<SqueezeBackward0>),tensor(-0.4861, grad_fn=<NegBackward0>),9000,8.586350202560425,10,0.5,,20
double_cake,random,random_lr0_1_lr0_01_lr0_01_optgd_epochs100_epochs0_001_epochs0_001_clusters2__rep1,38,0.9166666666666666,tensor(0.1935, grad_fn=<SqueezeBackward0>),tensor(-0.7140, grad_fn=<NegBackward0>),156,18.125269174575806,2,0.5,,20
double_cake,random,random_lr0_1_lr0_01_lr0_01_optgd_epochs100_epochs0_001_epochs0_001_clusters10__rep1,90,0.75,tensor(0.3137, grad_fn=<SqueezeBackward0>),tensor(-0.3380, grad_fn=<NegBackward0>),9100,8.578246116638184,10,0.5,,20
double_cake,random,random_lr0_1_lr0_01_lr0_01_optgd_epochs100_epochs0_001_epochs0_001_clusters10__rep1,91,0.75,tensor(0.3146, grad_fn=<SqueezeBackward0>),tensor(-0.3965, grad_fn=<NegBackward0>),9200,8.536553144454956,10,0.5,,20
double_cake,random,random_lr0_1_lr0_01_lr0_01_optgd_epochs100_epochs0_001_epochs0_001_clusters2__rep1,39,0.9166666666666666,tensor(0.1930, grad_fn=<SqueezeBackward0>),tensor(-0.7598, grad_fn=<NegBackward0>),160,17.479762077331543,2,0.5,,20
double_cake,random,random_lr0_1_lr0_01_lr0_01_optgd_epochs100_epochs0_001_epochs0_001_clusters10__rep1,92,0.75,tensor(0.3156, grad_fn=<SqueezeBackward0>),tensor(-0.4478, grad_fn=<NegBackward0>),9300,8.538758277893066,10,0.5,,20
double_cake,random,random_lr0_1_lr0_01_lr0_01_optgd_epochs100_epochs0_001_epochs0_001_clusters10__rep1,93,0.75,tensor(0.3155, grad_fn=<SqueezeBackward0>),tensor(-0.4111, grad_fn=<NegBackward0>),9400,8.59149432182312,10,0.5,,20
double_cake,random,random_lr0_1_lr0_01_lr0_01_optgd_epochs100_epochs0_001_epochs0_001_clusters2__rep1,40,0.9166666666666666,tensor(0.1924, grad_fn=<SqueezeBackward0>),tensor(-0.8242, grad_fn=<NegBackward0>),164,19.14340114593506,2,0.5,,20
double_cake,random,random_lr0_1_lr0_01_lr0_01_optgd_epochs100_epochs0_001_epochs0_001_clusters10__rep1,94,0.75,tensor(0.3165, grad_fn=<SqueezeBackward0>),tensor(-0.4436, grad_fn=<NegBackward0>),9500,8.524887084960938,10,0.5,,20
double_cake,random,random_lr0_1_lr0_01_lr0_01_optgd_epochs100_epochs0_001_epochs0_001_clusters10__rep1,95,0.75,tensor(0.3175, grad_fn=<SqueezeBackward0>),tensor(-0.4092, grad_fn=<NegBackward0>),9600,8.52276086807251,10,0.5,,20
double_cake,random,random_lr0_1_lr0_01_lr0_01_optgd_epochs100_epochs0_001_epochs0_001_clusters2__rep1,41,0.9166666666666666,tensor(0.1914, grad_fn=<SqueezeBackward0>),tensor(-0.7802, grad_fn=<NegBackward0>),168,18.473807096481323,2,0.5,,20
double_cake,random,random_lr0_1_lr0_01_lr0_01_optgd_epochs100_epochs0_001_epochs0_001_clusters10__rep1,96,0.75,tensor(0.3188, grad_fn=<SqueezeBackward0>),tensor(-0.4748, grad_fn=<NegBackward0>),9700,8.517891883850098,10,0.5,,20
double_cake,random,random_lr0_1_lr0_01_lr0_01_optgd_epochs100_epochs0_001_epochs0_001_clusters10__rep1,97,0.75,tensor(0.3203, grad_fn=<SqueezeBackward0>),tensor(-0.4347, grad_fn=<NegBackward0>),9800,8.534793376922607,10,0.5,,20
double_cake,random,random_lr0_1_lr0_01_lr0_01_optgd_epochs100_epochs0_001_epochs0_001_clusters2__rep1,42,0.9166666666666666,tensor(0.1919, grad_fn=<SqueezeBackward0>),tensor(-0.6857, grad_fn=<NegBackward0>),172,17.68552279472351,2,0.5,,20
double_cake,random,random_lr0_1_lr0_01_lr0_01_optgd_epochs100_epochs0_001_epochs0_001_clusters10__rep1,98,0.75,tensor(0.3207, grad_fn=<SqueezeBackward0>),tensor(-0.4423, grad_fn=<NegBackward0>),9900,8.585520029067993,10,0.5,,20
double_cake,random,random_lr0_1_lr0_01_lr0_01_optgd_epochs100_epochs0_001_epochs0_001_clusters10__rep1,99,0.75,tensor(0.3211, grad_fn=<SqueezeBackward0>),tensor(-0.4116, grad_fn=<NegBackward0>),10000,8.547017812728882,10,0.5,,20
double_cake,random,random_lr0_1_lr0_01_lr0_01_optgd_epochs100_epochs0_001_epochs0_001_clusters2__rep1,43,0.9166666666666666,tensor(0.1931, grad_fn=<SqueezeBackward0>),tensor(-0.7542, grad_fn=<NegBackward0>),176,18.173290967941284,2,0.5,,20
double_cake,random,random_lr0_1_lr0_01_lr0_01_optgd_epochs100_epochs0_001_epochs0_001_clusters2__rep1,44,0.9166666666666666,tensor(0.1929, grad_fn=<SqueezeBackward0>),tensor(-0.8035, grad_fn=<NegBackward0>),180,19.16024875640869,2,0.5,,20
double_cake,random,random_lr0_1_lr0_01_lr0_01_optgd_epochs100_epochs0_001_epochs0_001_clusters2__rep1,45,0.9166666666666666,tensor(0.1937, grad_fn=<SqueezeBackward0>),tensor(-0.6540, grad_fn=<NegBackward0>),184,18.444225072860718,2,0.5,,20
double_cake,random,random_lr0_1_lr0_01_lr0_01_optgd_epochs100_epochs0_001_epochs0_001_clusters4__rep1,0,1.0,tensor(0.1789, grad_fn=<SqueezeBackward0>),tensor(-0.4222, grad_fn=<NegBackward0>),16,17.96119713783264,4,0.5,,20
double_cake,random,random_lr0_1_lr0_01_lr0_01_optgd_epochs100_epochs0_001_epochs0_001_clusters2__rep1,46,0.9166666666666666,tensor(0.1942, grad_fn=<SqueezeBackward0>),tensor(-0.7177, grad_fn=<NegBackward0>),188,17.683177947998047,2,0.5,,20
double_cake,random,random_lr0_1_lr0_01_lr0_01_optgd_epochs100_epochs0_001_epochs0_001_clusters4__rep1,1,1.0,tensor(0.1798, grad_fn=<SqueezeBackward0>),tensor(-0.4269, grad_fn=<NegBackward0>),32,19.202665090560913,4,0.5,,20
double_cake,random,random_lr0_1_lr0_01_lr0_01_optgd_epochs100_epochs0_001_epochs0_001_clusters2__rep1,47,0.9166666666666666,tensor(0.1937, grad_fn=<SqueezeBackward0>),tensor(-0.6901, grad_fn=<NegBackward0>),192,18.327744007110596,2,0.5,,20
double_cake,random,random_lr0_1_lr0_01_lr0_01_optgd_epochs100_epochs0_001_epochs0_001_clusters4__rep1,2,1.0,tensor(0.1801, grad_fn=<SqueezeBackward0>),tensor(-0.5423, grad_fn=<NegBackward0>),48,18.634289979934692,4,0.5,,20
double_cake,random,random_lr0_1_lr0_01_lr0_01_optgd_epochs100_epochs0_001_epochs0_001_clusters2__rep1,48,0.9166666666666666,tensor(0.1934, grad_fn=<SqueezeBackward0>),tensor(-0.7359, grad_fn=<NegBackward0>),196,19.157673835754395,2,0.5,,20
double_cake,random,random_lr0_1_lr0_01_lr0_01_optgd_epochs100_epochs0_001_epochs0_001_clusters4__rep1,3,1.0,tensor(0.1813, grad_fn=<SqueezeBackward0>),tensor(-0.4915, grad_fn=<NegBackward0>),64,17.85331082344055,4,0.5,,20
double_cake,random,random_lr0_1_lr0_01_lr0_01_optgd_epochs100_epochs0_001_epochs0_001_clusters2__rep1,49,0.9166666666666666,tensor(0.1927, grad_fn=<SqueezeBackward0>),tensor(-0.6965, grad_fn=<NegBackward0>),200,17.647782802581787,2,0.5,,20
double_cake,random,random_lr0_1_lr0_01_lr0_01_optgd_epochs100_epochs0_001_epochs0_001_clusters4__rep1,4,1.0,tensor(0.1813, grad_fn=<SqueezeBackward0>),tensor(-0.4487, grad_fn=<NegBackward0>),80,18.664829969406128,4,0.5,,20
double_cake,random,random_lr0_1_lr0_01_lr0_01_optgd_epochs100_epochs0_001_epochs0_001_clusters2__rep1,50,0.9166666666666666,tensor(0.1942, grad_fn=<SqueezeBackward0>),tensor(-0.7628, grad_fn=<NegBackward0>),204,19.190330028533936,2,0.5,,20
double_cake,random,random_lr0_1_lr0_01_lr0_01_optgd_epochs100_epochs0_001_epochs0_001_clusters4__rep1,5,1.0,tensor(0.1822, grad_fn=<SqueezeBackward0>),tensor(-0.4770, grad_fn=<NegBackward0>),96,19.366286039352417,4,0.5,,20
double_cake,random,random_lr0_1_lr0_01_lr0_01_optgd_epochs100_epochs0_001_epochs0_001_clusters2__rep1,51,0.9166666666666666,tensor(0.1932, grad_fn=<SqueezeBackward0>),tensor(-0.6742, grad_fn=<NegBackward0>),208,17.710313320159912,2,0.5,,20
double_cake,random,random_lr0_1_lr0_01_lr0_01_optgd_epochs100_epochs0_001_epochs0_001_clusters4__rep1,6,1.0,tensor(0.1847, grad_fn=<SqueezeBackward0>),tensor(-0.4608, grad_fn=<NegBackward0>),112,18.783178091049194,4,0.5,,20
double_cake,random,random_lr0_1_lr0_01_lr0_01_optgd_epochs100_epochs0_001_epochs0_001_clusters2__rep1,52,0.9166666666666666,tensor(0.1942, grad_fn=<SqueezeBackward0>),tensor(-0.7119, grad_fn=<NegBackward0>),212,19.18508291244507,2,0.5,,20
double_cake,random,random_lr0_1_lr0_01_lr0_01_optgd_epochs100_epochs0_001_epochs0_001_clusters4__rep1,7,1.0,tensor(0.1839, grad_fn=<SqueezeBackward0>),tensor(-0.5381, grad_fn=<NegBackward0>),128,18.008004188537598,4,0.5,,20
double_cake,random,random_lr0_1_lr0_01_lr0_01_optgd_epochs100_epochs0_001_epochs0_001_clusters2__rep1,53,0.9166666666666666,tensor(0.1972, grad_fn=<SqueezeBackward0>),tensor(-0.6187, grad_fn=<NegBackward0>),216,17.85150122642517,2,0.5,,20
double_cake,random,random_lr0_1_lr0_01_lr0_01_optgd_epochs100_epochs0_001_epochs0_001_clusters4__rep1,8,1.0,tensor(0.1826, grad_fn=<SqueezeBackward0>),tensor(-0.4921, grad_fn=<NegBackward0>),144,19.194615125656128,4,0.5,,20
double_cake,random,random_lr0_1_lr0_01_lr0_01_optgd_epochs100_epochs0_001_epochs0_001_clusters2__rep1,54,0.9166666666666666,tensor(0.1932, grad_fn=<SqueezeBackward0>),tensor(-0.8018, grad_fn=<NegBackward0>),220,19.113169193267822,2,0.5,,20
double_cake,random,random_lr0_1_lr0_01_lr0_01_optgd_epochs100_epochs0_001_epochs0_001_clusters4__rep1,9,1.0,tensor(0.1844, grad_fn=<SqueezeBackward0>),tensor(-0.4167, grad_fn=<NegBackward0>),160,18.614567041397095,4,0.5,,20
double_cake,random,random_lr0_1_lr0_01_lr0_01_optgd_epochs100_epochs0_001_epochs0_001_clusters2__rep1,55,0.9166666666666666,tensor(0.1934, grad_fn=<SqueezeBackward0>),tensor(-0.7196, grad_fn=<NegBackward0>),224,17.972748041152954,2,0.5,,20
double_cake,random,random_lr0_1_lr0_01_lr0_01_optgd_epochs100_epochs0_001_epochs0_001_clusters4__rep1,10,1.0,tensor(0.1840, grad_fn=<SqueezeBackward0>),tensor(-0.4490, grad_fn=<NegBackward0>),176,17.567646980285645,4,0.5,,20
double_cake,random,random_lr0_1_lr0_01_lr0_01_optgd_epochs100_epochs0_001_epochs0_001_clusters2__rep1,56,0.9166666666666666,tensor(0.1943, grad_fn=<SqueezeBackward0>),tensor(-0.7587, grad_fn=<NegBackward0>),228,17.624972105026245,2,0.5,,20
double_cake,random,random_lr0_1_lr0_01_lr0_01_optgd_epochs100_epochs0_001_epochs0_001_clusters4__rep1,11,1.0,tensor(0.1838, grad_fn=<SqueezeBackward0>),tensor(-0.4986, grad_fn=<NegBackward0>),192,19.176185846328735,4,0.5,,20
double_cake,random,random_lr0_1_lr0_01_lr0_01_optgd_epochs100_epochs0_001_epochs0_001_clusters2__rep1,57,0.9166666666666666,tensor(0.1941, grad_fn=<SqueezeBackward0>),tensor(-0.7037, grad_fn=<NegBackward0>),232,18.990938901901245,2,0.5,,20
double_cake,random,random_lr0_1_lr0_01_lr0_01_optgd_epochs100_epochs0_001_epochs0_001_clusters4__rep1,12,1.0,tensor(0.1840, grad_fn=<SqueezeBackward0>),tensor(-0.4949, grad_fn=<NegBackward0>),208,18.17639708518982,4,0.5,,20
double_cake,random,random_lr0_1_lr0_01_lr0_01_optgd_epochs100_epochs0_001_epochs0_001_clusters2__rep1,58,0.9166666666666666,tensor(0.1948, grad_fn=<SqueezeBackward0>),tensor(-0.6979, grad_fn=<NegBackward0>),236,18.037396907806396,2,0.5,,20
double_cake,random,random_lr0_1_lr0_01_lr0_01_optgd_epochs100_epochs0_001_epochs0_001_clusters4__rep1,13,1.0,tensor(0.1834, grad_fn=<SqueezeBackward0>),tensor(-0.5775, grad_fn=<NegBackward0>),224,18.64711022377014,4,0.5,,20
double_cake,random,random_lr0_1_lr0_01_lr0_01_optgd_epochs100_epochs0_001_epochs0_001_clusters2__rep1,59,0.9166666666666666,tensor(0.1946, grad_fn=<SqueezeBackward0>),tensor(-0.7165, grad_fn=<NegBackward0>),240,18.694572687149048,2,0.5,,20
double_cake,random,random_lr0_1_lr0_01_lr0_01_optgd_epochs100_epochs0_001_epochs0_001_clusters4__rep1,14,1.0,tensor(0.1862, grad_fn=<SqueezeBackward0>),tensor(-0.6558, grad_fn=<NegBackward0>),240,17.80819606781006,4,0.5,,20
double_cake,random,random_lr0_1_lr0_01_lr0_01_optgd_epochs100_epochs0_001_epochs0_001_clusters2__rep1,60,0.9166666666666666,tensor(0.1936, grad_fn=<SqueezeBackward0>),tensor(-0.6867, grad_fn=<NegBackward0>),244,18.08736801147461,2,0.5,,20
double_cake,random,random_lr0_1_lr0_01_lr0_01_optgd_epochs100_epochs0_001_epochs0_001_clusters4__rep1,15,1.0,tensor(0.1854, grad_fn=<SqueezeBackward0>),tensor(-0.4083, grad_fn=<NegBackward0>),256,19.277950048446655,4,0.5,,20
double_cake,random,random_lr0_1_lr0_01_lr0_01_optgd_epochs100_epochs0_001_epochs0_001_clusters2__rep1,61,0.9166666666666666,tensor(0.1911, grad_fn=<SqueezeBackward0>),tensor(-0.7846, grad_fn=<NegBackward0>),248,17.539226055145264,2,0.5,,20
double_cake,random,random_lr0_1_lr0_01_lr0_01_optgd_epochs100_epochs0_001_epochs0_001_clusters4__rep1,16,1.0,tensor(0.1851, grad_fn=<SqueezeBackward0>),tensor(-0.4718, grad_fn=<NegBackward0>),272,17.78174901008606,4,0.5,,20
double_cake,random,random_lr0_1_lr0_01_lr0_01_optgd_epochs100_epochs0_001_epochs0_001_clusters2__rep1,62,0.9166666666666666,tensor(0.1907, grad_fn=<SqueezeBackward0>),tensor(-0.5746, grad_fn=<NegBackward0>),252,19.079516887664795,2,0.5,,20
double_cake,random,random_lr0_1_lr0_01_lr0_01_optgd_epochs100_epochs0_001_epochs0_001_clusters4__rep1,17,1.0,tensor(0.1874, grad_fn=<SqueezeBackward0>),tensor(-0.4307, grad_fn=<NegBackward0>),288,19.31597089767456,4,0.5,,20
double_cake,random,random_lr0_1_lr0_01_lr0_01_optgd_epochs100_epochs0_001_epochs0_001_clusters2__rep1,63,0.9166666666666666,tensor(0.1916, grad_fn=<SqueezeBackward0>),tensor(-0.6974, grad_fn=<NegBackward0>),256,18.433337211608887,2,0.5,,20
double_cake,random,random_lr0_1_lr0_01_lr0_01_optgd_epochs100_epochs0_001_epochs0_001_clusters4__rep1,18,1.0,tensor(0.1875, grad_fn=<SqueezeBackward0>),tensor(-0.5642, grad_fn=<NegBackward0>),304,18.10625195503235,4,0.5,,20
double_cake,random,random_lr0_1_lr0_01_lr0_01_optgd_epochs100_epochs0_001_epochs0_001_clusters2__rep1,64,0.9166666666666666,tensor(0.1919, grad_fn=<SqueezeBackward0>),tensor(-0.6572, grad_fn=<NegBackward0>),260,17.845956802368164,2,0.5,,20
double_cake,random,random_lr0_1_lr0_01_lr0_01_optgd_epochs100_epochs0_001_epochs0_001_clusters4__rep1,19,1.0,tensor(0.1869, grad_fn=<SqueezeBackward0>),tensor(-0.4141, grad_fn=<NegBackward0>),320,17.83571982383728,4,0.5,,20
double_cake,random,random_lr0_1_lr0_01_lr0_01_optgd_epochs100_epochs0_001_epochs0_001_clusters2__rep1,65,0.9166666666666666,tensor(0.1899, grad_fn=<SqueezeBackward0>),tensor(-0.6420, grad_fn=<NegBackward0>),264,18.25287890434265,2,0.5,,20
double_cake,random,random_lr0_1_lr0_01_lr0_01_optgd_epochs100_epochs0_001_epochs0_001_clusters4__rep1,20,1.0,tensor(0.1873, grad_fn=<SqueezeBackward0>),tensor(-0.4680, grad_fn=<NegBackward0>),336,19.006170749664307,4,0.5,,20
double_cake,random,random_lr0_1_lr0_01_lr0_01_optgd_epochs100_epochs0_001_epochs0_001_clusters2__rep1,66,0.9166666666666666,tensor(0.1921, grad_fn=<SqueezeBackward0>),tensor(-0.5747, grad_fn=<NegBackward0>),268,19.07209300994873,2,0.5,,20
double_cake,random,random_lr0_1_lr0_01_lr0_01_optgd_epochs100_epochs0_001_epochs0_001_clusters4__rep1,21,1.0,tensor(0.1842, grad_fn=<SqueezeBackward0>),tensor(-0.4315, grad_fn=<NegBackward0>),352,17.6179039478302,4,0.5,,20
double_cake,random,random_lr0_1_lr0_01_lr0_01_optgd_epochs100_epochs0_001_epochs0_001_clusters2__rep1,67,0.9166666666666666,tensor(0.1922, grad_fn=<SqueezeBackward0>),tensor(-0.7267, grad_fn=<NegBackward0>),272,18.57296323776245,2,0.5,,20
double_cake,random,random_lr0_1_lr0_01_lr0_01_optgd_epochs100_epochs0_001_epochs0_001_clusters4__rep1,22,1.0,tensor(0.1864, grad_fn=<SqueezeBackward0>),tensor(-0.3824, grad_fn=<NegBackward0>),368,18.86906099319458,4,0.5,,20
double_cake,random,random_lr0_1_lr0_01_lr0_01_optgd_epochs100_epochs0_001_epochs0_001_clusters2__rep1,68,0.9166666666666666,tensor(0.1963, grad_fn=<SqueezeBackward0>),tensor(-0.4136, grad_fn=<NegBackward0>),276,17.66516399383545,2,0.5,,20
double_cake,random,random_lr0_1_lr0_01_lr0_01_optgd_epochs100_epochs0_001_epochs0_001_clusters4__rep1,23,1.0,tensor(0.1918, grad_fn=<SqueezeBackward0>),tensor(-0.4270, grad_fn=<NegBackward0>),384,19.016549110412598,4,0.5,,20
double_cake,random,random_lr0_1_lr0_01_lr0_01_optgd_epochs100_epochs0_001_epochs0_001_clusters2__rep1,69,0.9166666666666666,tensor(0.1964, grad_fn=<SqueezeBackward0>),tensor(-0.7140, grad_fn=<NegBackward0>),280,18.49317193031311,2,0.5,,20
double_cake,random,random_lr0_1_lr0_01_lr0_01_optgd_epochs100_epochs0_001_epochs0_001_clusters4__rep1,24,1.0,tensor(0.1936, grad_fn=<SqueezeBackward0>),tensor(-0.5587, grad_fn=<NegBackward0>),400,18.252580881118774,4,0.5,,20
double_cake,random,random_lr0_1_lr0_01_lr0_01_optgd_epochs100_epochs0_001_epochs0_001_clusters2__rep1,70,0.9166666666666666,tensor(0.1964, grad_fn=<SqueezeBackward0>),tensor(-0.7271, grad_fn=<NegBackward0>),284,19.126294136047363,2,0.5,,20
double_cake,random,random_lr0_1_lr0_01_lr0_01_optgd_epochs100_epochs0_001_epochs0_001_clusters4__rep1,25,0.9166666666666666,tensor(0.1935, grad_fn=<SqueezeBackward0>),tensor(-0.5899, grad_fn=<NegBackward0>),416,17.895169973373413,4,0.5,,20
double_cake,random,random_lr0_1_lr0_01_lr0_01_optgd_epochs100_epochs0_001_epochs0_001_clusters2__rep1,71,0.9166666666666666,tensor(0.1959, grad_fn=<SqueezeBackward0>),tensor(-0.5262, grad_fn=<NegBackward0>),288,17.482577800750732,2,0.5,,20
double_cake,random,random_lr0_1_lr0_01_lr0_01_optgd_epochs100_epochs0_001_epochs0_001_clusters4__rep1,26,1.0,tensor(0.1962, grad_fn=<SqueezeBackward0>),tensor(-0.7757, grad_fn=<NegBackward0>),432,19.34924292564392,4,0.5,,20
double_cake,random,random_lr0_1_lr0_01_lr0_01_optgd_epochs100_epochs0_001_epochs0_001_clusters2__rep1,72,0.9166666666666666,tensor(0.1994, grad_fn=<SqueezeBackward0>),tensor(-0.8184, grad_fn=<NegBackward0>),292,19.081482887268066,2,0.5,,20
double_cake,random,random_lr0_1_lr0_01_lr0_01_optgd_epochs100_epochs0_001_epochs0_001_clusters4__rep1,27,1.0,tensor(0.1958, grad_fn=<SqueezeBackward0>),tensor(-0.3054, grad_fn=<NegBackward0>),448,17.8423810005188,4,0.5,,20
double_cake,random,random_lr0_1_lr0_01_lr0_01_optgd_epochs100_epochs0_001_epochs0_001_clusters2__rep1,73,0.9166666666666666,tensor(0.1991, grad_fn=<SqueezeBackward0>),tensor(-0.6934, grad_fn=<NegBackward0>),296,17.74183416366577,2,0.5,,20
double_cake,random,random_lr0_1_lr0_01_lr0_01_optgd_epochs100_epochs0_001_epochs0_001_clusters4__rep1,28,1.0,tensor(0.1971, grad_fn=<SqueezeBackward0>),tensor(-0.5479, grad_fn=<NegBackward0>),464,18.49214005470276,4,0.5,,20
double_cake,random,random_lr0_1_lr0_01_lr0_01_optgd_epochs100_epochs0_001_epochs0_001_clusters2__rep1,74,0.9166666666666666,tensor(0.1986, grad_fn=<SqueezeBackward0>),tensor(-0.8159, grad_fn=<NegBackward0>),300,19.041961908340454,2,0.5,,20
double_cake,random,random_lr0_1_lr0_01_lr0_01_optgd_epochs100_epochs0_001_epochs0_001_clusters4__rep1,29,1.0,tensor(0.1969, grad_fn=<SqueezeBackward0>),tensor(-0.5042, grad_fn=<NegBackward0>),480,19.34720015525818,4,0.5,,20
double_cake,random,random_lr0_1_lr0_01_lr0_01_optgd_epochs100_epochs0_001_epochs0_001_clusters2__rep1,75,0.9166666666666666,tensor(0.1982, grad_fn=<SqueezeBackward0>),tensor(-0.7606, grad_fn=<NegBackward0>),304,17.70094895362854,2,0.5,,20
double_cake,random,random_lr0_1_lr0_01_lr0_01_optgd_epochs100_epochs0_001_epochs0_001_clusters4__rep1,30,1.0,tensor(0.1970, grad_fn=<SqueezeBackward0>),tensor(-0.4793, grad_fn=<NegBackward0>),496,18.594932079315186,4,0.5,,20
double_cake,random,random_lr0_1_lr0_01_lr0_01_optgd_epochs100_epochs0_001_epochs0_001_clusters2__rep1,76,0.9166666666666666,tensor(0.1979, grad_fn=<SqueezeBackward0>),tensor(-0.6993, grad_fn=<NegBackward0>),308,19.13661289215088,2,0.5,,20
double_cake,random,random_lr0_1_lr0_01_lr0_01_optgd_epochs100_epochs0_001_epochs0_001_clusters4__rep1,31,1.0,tensor(0.1974, grad_fn=<SqueezeBackward0>),tensor(-0.3920, grad_fn=<NegBackward0>),512,17.867573022842407,4,0.5,,20
double_cake,random,random_lr0_1_lr0_01_lr0_01_optgd_epochs100_epochs0_001_epochs0_001_clusters2__rep1,77,0.9166666666666666,tensor(0.1981, grad_fn=<SqueezeBackward0>),tensor(-0.6911, grad_fn=<NegBackward0>),312,17.893303155899048,2,0.5,,20
double_cake,random,random_lr0_1_lr0_01_lr0_01_optgd_epochs100_epochs0_001_epochs0_001_clusters4__rep1,32,1.0,tensor(0.1975, grad_fn=<SqueezeBackward0>),tensor(-0.5624, grad_fn=<NegBackward0>),528,18.522347927093506,4,0.5,,20
double_cake,random,random_lr0_1_lr0_01_lr0_01_optgd_epochs100_epochs0_001_epochs0_001_clusters2__rep1,78,0.9166666666666666,tensor(0.1954, grad_fn=<SqueezeBackward0>),tensor(-0.8017, grad_fn=<NegBackward0>),316,17.613279819488525,2,0.5,,20
double_cake,random,random_lr0_1_lr0_01_lr0_01_optgd_epochs100_epochs0_001_epochs0_001_clusters4__rep1,33,1.0,tensor(0.1976, grad_fn=<SqueezeBackward0>),tensor(-0.4547, grad_fn=<NegBackward0>),544,19.26605486869812,4,0.5,,20
double_cake,random,random_lr0_1_lr0_01_lr0_01_optgd_epochs100_epochs0_001_epochs0_001_clusters2__rep1,79,0.9166666666666666,tensor(0.1962, grad_fn=<SqueezeBackward0>),tensor(-0.7159, grad_fn=<NegBackward0>),320,19.062498807907104,2,0.5,,20
double_cake,random,random_lr0_1_lr0_01_lr0_01_optgd_epochs100_epochs0_001_epochs0_001_clusters4__rep1,34,1.0,tensor(0.1990, grad_fn=<SqueezeBackward0>),tensor(-0.5736, grad_fn=<NegBackward0>),560,18.876286268234253,4,0.5,,20
double_cake,random,random_lr0_1_lr0_01_lr0_01_optgd_epochs100_epochs0_001_epochs0_001_clusters2__rep1,80,0.9166666666666666,tensor(0.2011, grad_fn=<SqueezeBackward0>),tensor(-0.7827, grad_fn=<NegBackward0>),324,18.260715007781982,2,0.5,,20
double_cake,random,random_lr0_1_lr0_01_lr0_01_optgd_epochs100_epochs0_001_epochs0_001_clusters4__rep1,35,1.0,tensor(0.1992, grad_fn=<SqueezeBackward0>),tensor(-0.5764, grad_fn=<NegBackward0>),576,17.957921981811523,4,0.5,,20
double_cake,random,random_lr0_1_lr0_01_lr0_01_optgd_epochs100_epochs0_001_epochs0_001_clusters2__rep1,81,0.9166666666666666,tensor(0.1989, grad_fn=<SqueezeBackward0>),tensor(-0.1638, grad_fn=<NegBackward0>),328,18.76065993309021,2,0.5,,20
double_cake,random,random_lr0_1_lr0_01_lr0_01_optgd_epochs100_epochs0_001_epochs0_001_clusters4__rep1,36,1.0,tensor(0.2033, grad_fn=<SqueezeBackward0>),tensor(-0.4078, grad_fn=<NegBackward0>),592,19.179373025894165,4,0.5,,20
double_cake,random,random_lr0_1_lr0_01_lr0_01_optgd_epochs100_epochs0_001_epochs0_001_clusters2__rep1,82,0.9166666666666666,tensor(0.1992, grad_fn=<SqueezeBackward0>),tensor(-0.7418, grad_fn=<NegBackward0>),332,18.036298036575317,2,0.5,,20
double_cake,random,random_lr0_1_lr0_01_lr0_01_optgd_epochs100_epochs0_001_epochs0_001_clusters4__rep1,37,1.0,tensor(0.2053, grad_fn=<SqueezeBackward0>),tensor(-0.5390, grad_fn=<NegBackward0>),608,18.664347171783447,4,0.5,,20
double_cake,random,random_lr0_1_lr0_01_lr0_01_optgd_epochs100_epochs0_001_epochs0_001_clusters2__rep1,83,0.9166666666666666,tensor(0.2002, grad_fn=<SqueezeBackward0>),tensor(-0.8138, grad_fn=<NegBackward0>),336,17.504671096801758,2,0.5,,20
double_cake,random,random_lr0_1_lr0_01_lr0_01_optgd_epochs100_epochs0_001_epochs0_001_clusters4__rep1,38,1.0,tensor(0.2082, grad_fn=<SqueezeBackward0>),tensor(-0.4473, grad_fn=<NegBackward0>),624,17.67841410636902,4,0.5,,20
double_cake,random,random_lr0_1_lr0_01_lr0_01_optgd_epochs100_epochs0_001_epochs0_001_clusters2__rep1,84,0.9166666666666666,tensor(0.1997, grad_fn=<SqueezeBackward0>),tensor(-0.6023, grad_fn=<NegBackward0>),340,19.080623865127563,2,0.5,,20
double_cake,random,random_lr0_1_lr0_01_lr0_01_optgd_epochs100_epochs0_001_epochs0_001_clusters4__rep1,39,1.0,tensor(0.2082, grad_fn=<SqueezeBackward0>),tensor(-0.6167, grad_fn=<NegBackward0>),640,19.222644805908203,4,0.5,,20
double_cake,random,random_lr0_1_lr0_01_lr0_01_optgd_epochs100_epochs0_001_epochs0_001_clusters2__rep1,85,0.9166666666666666,tensor(0.1993, grad_fn=<SqueezeBackward0>),tensor(-0.6812, grad_fn=<NegBackward0>),344,18.532471179962158,2,0.5,,20
double_cake,random,random_lr0_1_lr0_01_lr0_01_optgd_epochs100_epochs0_001_epochs0_001_clusters4__rep1,40,1.0,tensor(0.2074, grad_fn=<SqueezeBackward0>),tensor(-0.4648, grad_fn=<NegBackward0>),656,18.249967098236084,4,0.5,,20
double_cake,random,random_lr0_1_lr0_01_lr0_01_optgd_epochs100_epochs0_001_epochs0_001_clusters2__rep1,86,0.9166666666666666,tensor(0.2012, grad_fn=<SqueezeBackward0>),tensor(-0.7747, grad_fn=<NegBackward0>),348,17.797013998031616,2,0.5,,20
double_cake,random,random_lr0_1_lr0_01_lr0_01_optgd_epochs100_epochs0_001_epochs0_001_clusters4__rep1,41,1.0,tensor(0.2091, grad_fn=<SqueezeBackward0>),tensor(-0.4491, grad_fn=<NegBackward0>),672,18.73423719406128,4,0.5,,20
double_cake,random,random_lr0_1_lr0_01_lr0_01_optgd_epochs100_epochs0_001_epochs0_001_clusters2__rep1,87,0.9166666666666666,tensor(0.2019, grad_fn=<SqueezeBackward0>),tensor(-0.6458, grad_fn=<NegBackward0>),352,18.212662935256958,2,0.5,,20
double_cake,random,random_lr0_1_lr0_01_lr0_01_optgd_epochs100_epochs0_001_epochs0_001_clusters4__rep1,42,1.0,tensor(0.2080, grad_fn=<SqueezeBackward0>),tensor(-0.5288, grad_fn=<NegBackward0>),688,17.819134950637817,4,0.5,,20
double_cake,random,random_lr0_1_lr0_01_lr0_01_optgd_epochs100_epochs0_001_epochs0_001_clusters2__rep1,88,0.9166666666666666,tensor(0.2024, grad_fn=<SqueezeBackward0>),tensor(-0.7028, grad_fn=<NegBackward0>),356,19.04058074951172,2,0.5,,20
double_cake,random,random_lr0_1_lr0_01_lr0_01_optgd_epochs100_epochs0_001_epochs0_001_clusters4__rep1,43,1.0,tensor(0.2087, grad_fn=<SqueezeBackward0>),tensor(-0.5138, grad_fn=<NegBackward0>),704,19.297740936279297,4,0.5,,20
double_cake,random,random_lr0_1_lr0_01_lr0_01_optgd_epochs100_epochs0_001_epochs0_001_clusters2__rep1,89,0.9166666666666666,tensor(0.2021, grad_fn=<SqueezeBackward0>),tensor(-0.5904, grad_fn=<NegBackward0>),360,18.459455966949463,2,0.5,,20
double_cake,random,random_lr0_1_lr0_01_lr0_01_optgd_epochs100_epochs0_001_epochs0_001_clusters4__rep1,44,1.0,tensor(0.2085, grad_fn=<SqueezeBackward0>),tensor(-0.5459, grad_fn=<NegBackward0>),720,17.825239896774292,4,0.5,,20
double_cake,random,random_lr0_1_lr0_01_lr0_01_optgd_epochs100_epochs0_001_epochs0_001_clusters2__rep1,90,0.9166666666666666,tensor(0.2030, grad_fn=<SqueezeBackward0>),tensor(-0.6282, grad_fn=<NegBackward0>),364,17.69933295249939,2,0.5,,20
double_cake,random,random_lr0_1_lr0_01_lr0_01_optgd_epochs100_epochs0_001_epochs0_001_clusters4__rep1,45,1.0,tensor(0.2116, grad_fn=<SqueezeBackward0>),tensor(-0.4621, grad_fn=<NegBackward0>),736,19.255428791046143,4,0.5,,20
double_cake,random,random_lr0_1_lr0_01_lr0_01_optgd_epochs100_epochs0_001_epochs0_001_clusters2__rep1,91,0.9166666666666666,tensor(0.2029, grad_fn=<SqueezeBackward0>),tensor(-0.7185, grad_fn=<NegBackward0>),368,18.38808012008667,2,0.5,,20
double_cake,random,random_lr0_1_lr0_01_lr0_01_optgd_epochs100_epochs0_001_epochs0_001_clusters4__rep1,46,1.0,tensor(0.2130, grad_fn=<SqueezeBackward0>),tensor(-0.5045, grad_fn=<NegBackward0>),752,18.117684841156006,4,0.5,,20
double_cake,random,random_lr0_1_lr0_01_lr0_01_optgd_epochs100_epochs0_001_epochs0_001_clusters2__rep1,92,0.9166666666666666,tensor(0.2040, grad_fn=<SqueezeBackward0>),tensor(-0.8268, grad_fn=<NegBackward0>),372,19.106560945510864,2,0.5,,20
double_cake,random,random_lr0_1_lr0_01_lr0_01_optgd_epochs100_epochs0_001_epochs0_001_clusters4__rep1,47,0.9166666666666666,tensor(0.2143, grad_fn=<SqueezeBackward0>),tensor(-0.4267, grad_fn=<NegBackward0>),768,17.729585886001587,4,0.5,,20
double_cake,random,random_lr0_1_lr0_01_lr0_01_optgd_epochs100_epochs0_001_epochs0_001_clusters2__rep1,93,0.9166666666666666,tensor(0.2041, grad_fn=<SqueezeBackward0>),tensor(-0.6878, grad_fn=<NegBackward0>),376,17.527712106704712,2,0.5,,20
double_cake,random,random_lr0_1_lr0_01_lr0_01_optgd_epochs100_epochs0_001_epochs0_001_clusters4__rep1,48,0.9166666666666666,tensor(0.2137, grad_fn=<SqueezeBackward0>),tensor(-0.6421, grad_fn=<NegBackward0>),784,18.79569101333618,4,0.5,,20
double_cake,random,random_lr0_1_lr0_01_lr0_01_optgd_epochs100_epochs0_001_epochs0_001_clusters2__rep1,94,0.9166666666666666,tensor(0.2022, grad_fn=<SqueezeBackward0>),tensor(-0.6100, grad_fn=<NegBackward0>),380,19.083450078964233,2,0.5,,20
double_cake,random,random_lr0_1_lr0_01_lr0_01_optgd_epochs100_epochs0_001_epochs0_001_clusters4__rep1,49,0.9166666666666666,tensor(0.2132, grad_fn=<SqueezeBackward0>),tensor(-0.4781, grad_fn=<NegBackward0>),800,17.83957314491272,4,0.5,,20
double_cake,random,random_lr0_1_lr0_01_lr0_01_optgd_epochs100_epochs0_001_epochs0_001_clusters2__rep1,95,0.9166666666666666,tensor(0.2023, grad_fn=<SqueezeBackward0>),tensor(-0.9534, grad_fn=<NegBackward0>),384,17.812448024749756,2,0.5,,20
double_cake,random,random_lr0_1_lr0_01_lr0_01_optgd_epochs100_epochs0_001_epochs0_001_clusters4__rep1,50,0.9166666666666666,tensor(0.2136, grad_fn=<SqueezeBackward0>),tensor(-0.5242, grad_fn=<NegBackward0>),816,18.78345513343811,4,0.5,,20
double_cake,random,random_lr0_1_lr0_01_lr0_01_optgd_epochs100_epochs0_001_epochs0_001_clusters2__rep1,96,0.9166666666666666,tensor(0.2025, grad_fn=<SqueezeBackward0>),tensor(-0.7462, grad_fn=<NegBackward0>),388,19.07349395751953,2,0.5,,20
double_cake,random,random_lr0_1_lr0_01_lr0_01_optgd_epochs100_epochs0_001_epochs0_001_clusters4__rep1,51,0.9166666666666666,tensor(0.2130, grad_fn=<SqueezeBackward0>),tensor(-0.3697, grad_fn=<NegBackward0>),832,18.911550760269165,4,0.5,,20
double_cake,random,random_lr0_1_lr0_01_lr0_01_optgd_epochs100_epochs0_001_epochs0_001_clusters2__rep1,97,0.9166666666666666,tensor(0.2033, grad_fn=<SqueezeBackward0>),tensor(-0.6531, grad_fn=<NegBackward0>),392,17.71735191345215,2,0.5,,20
double_cake,random,random_lr0_1_lr0_01_lr0_01_optgd_epochs100_epochs0_001_epochs0_001_clusters4__rep1,52,1.0,tensor(0.2131, grad_fn=<SqueezeBackward0>),tensor(-0.4847, grad_fn=<NegBackward0>),848,18.15277600288391,4,0.5,,20
double_cake,random,random_lr0_1_lr0_01_lr0_01_optgd_epochs100_epochs0_001_epochs0_001_clusters2__rep1,98,0.9166666666666666,tensor(0.2035, grad_fn=<SqueezeBackward0>),tensor(-0.6887, grad_fn=<NegBackward0>),396,19.163174152374268,2,0.5,,20
double_cake,random,random_lr0_1_lr0_01_lr0_01_optgd_epochs100_epochs0_001_epochs0_001_clusters4__rep1,53,0.9166666666666666,tensor(0.2142, grad_fn=<SqueezeBackward0>),tensor(-0.4477, grad_fn=<NegBackward0>),864,17.805928945541382,4,0.5,,20
double_cake,random,random_lr0_1_lr0_01_lr0_01_optgd_epochs100_epochs0_001_epochs0_001_clusters2__rep1,99,0.9166666666666666,tensor(0.2035, grad_fn=<SqueezeBackward0>),tensor(-0.7449, grad_fn=<NegBackward0>),400,17.9822518825531,2,0.5,,20
double_cake,random,random_lr0_1_lr0_01_lr0_01_optgd_epochs100_epochs0_001_epochs0_001_clusters4__rep1,54,0.9166666666666666,tensor(0.2126, grad_fn=<SqueezeBackward0>),tensor(-0.4556, grad_fn=<NegBackward0>),880,19.319745779037476,4,0.5,,20
double_cake,random,random_lr0_1_lr0_01_lr0_01_optgd_epochs100_epochs0_001_epochs0_001_clusters4__rep1,55,0.9166666666666666,tensor(0.2123, grad_fn=<SqueezeBackward0>),tensor(-0.3803, grad_fn=<NegBackward0>),896,17.896202087402344,4,0.5,,20
double_cake,random,random_lr0_1_lr0_01_lr0_01_optgd_epochs100_epochs0_001_epochs0_001_clusters4__rep1,56,0.9166666666666666,tensor(0.2129, grad_fn=<SqueezeBackward0>),tensor(-0.6876, grad_fn=<NegBackward0>),912,18.490772008895874,4,0.5,,20
double_cake,random,random_lr0_1_lr0_01_lr0_01_optgd_epochs100_epochs0_001_epochs0_001_clusters6__rep1,0,1.0,tensor(0.1815, grad_fn=<SqueezeBackward0>),tensor(-0.3621, grad_fn=<NegBackward0>),36,18.62345600128174,6,0.5,,20
double_cake,random,random_lr0_1_lr0_01_lr0_01_optgd_epochs100_epochs0_001_epochs0_001_clusters4__rep1,57,0.9166666666666666,tensor(0.2137, grad_fn=<SqueezeBackward0>),tensor(-0.5944, grad_fn=<NegBackward0>),928,19.400701761245728,4,0.5,,20
double_cake,random,random_lr0_1_lr0_01_lr0_01_optgd_epochs100_epochs0_001_epochs0_001_clusters6__rep1,1,1.0,tensor(0.1823, grad_fn=<SqueezeBackward0>),tensor(-0.4678, grad_fn=<NegBackward0>),72,18.776589155197144,6,0.5,,20
double_cake,random,random_lr0_1_lr0_01_lr0_01_optgd_epochs100_epochs0_001_epochs0_001_clusters4__rep1,58,0.9166666666666666,tensor(0.2155, grad_fn=<SqueezeBackward0>),tensor(-0.4817, grad_fn=<NegBackward0>),944,18.660160064697266,4,0.5,,20
double_cake,random,random_lr0_1_lr0_01_lr0_01_optgd_epochs100_epochs0_001_epochs0_001_clusters6__rep1,2,1.0,tensor(0.1827, grad_fn=<SqueezeBackward0>),tensor(-0.3719, grad_fn=<NegBackward0>),108,17.90385413169861,6,0.5,,20
double_cake,random,random_lr0_1_lr0_01_lr0_01_optgd_epochs100_epochs0_001_epochs0_001_clusters4__rep1,59,0.9166666666666666,tensor(0.2160, grad_fn=<SqueezeBackward0>),tensor(-0.6087, grad_fn=<NegBackward0>),960,17.836185216903687,4,0.5,,20
double_cake,random,random_lr0_1_lr0_01_lr0_01_optgd_epochs100_epochs0_001_epochs0_001_clusters6__rep1,3,1.0,tensor(0.1851, grad_fn=<SqueezeBackward0>),tensor(-0.3327, grad_fn=<NegBackward0>),144,19.374614000320435,6,0.5,,20
double_cake,random,random_lr0_1_lr0_01_lr0_01_optgd_epochs100_epochs0_001_epochs0_001_clusters4__rep1,60,0.9166666666666666,tensor(0.2181, grad_fn=<SqueezeBackward0>),tensor(-0.5009, grad_fn=<NegBackward0>),976,18.419491052627563,4,0.5,,20
double_cake,random,random_lr0_1_lr0_01_lr0_01_optgd_epochs100_epochs0_001_epochs0_001_clusters6__rep1,4,1.0,tensor(0.1853, grad_fn=<SqueezeBackward0>),tensor(-0.3788, grad_fn=<NegBackward0>),180,18.769813060760498,6,0.5,,20
double_cake,random,random_lr0_1_lr0_01_lr0_01_optgd_epochs100_epochs0_001_epochs0_001_clusters4__rep1,61,0.9166666666666666,tensor(0.2174, grad_fn=<SqueezeBackward0>),tensor(-0.4721, grad_fn=<NegBackward0>),992,19.31210708618164,4,0.5,,20
double_cake,random,random_lr0_1_lr0_01_lr0_01_optgd_epochs100_epochs0_001_epochs0_001_clusters6__rep1,5,1.0,tensor(0.1866, grad_fn=<SqueezeBackward0>),tensor(-0.3127, grad_fn=<NegBackward0>),216,17.826378107070923,6,0.5,,20
double_cake,random,random_lr0_1_lr0_01_lr0_01_optgd_epochs100_epochs0_001_epochs0_001_clusters4__rep1,62,0.9166666666666666,tensor(0.2164, grad_fn=<SqueezeBackward0>),tensor(-0.5240, grad_fn=<NegBackward0>),1008,18.6492862701416,4,0.5,,20
double_cake,random,random_lr0_1_lr0_01_lr0_01_optgd_epochs100_epochs0_001_epochs0_001_clusters6__rep1,6,1.0,tensor(0.1882, grad_fn=<SqueezeBackward0>),tensor(-0.3937, grad_fn=<NegBackward0>),252,19.327615976333618,6,0.5,,20
double_cake,random,random_lr0_1_lr0_01_lr0_01_optgd_epochs100_epochs0_001_epochs0_001_clusters4__rep1,63,0.9166666666666666,tensor(0.2165, grad_fn=<SqueezeBackward0>),tensor(-0.4519, grad_fn=<NegBackward0>),1024,17.750499725341797,4,0.5,,20
double_cake,random,random_lr0_1_lr0_01_lr0_01_optgd_epochs100_epochs0_001_epochs0_001_clusters6__rep1,7,1.0,tensor(0.1881, grad_fn=<SqueezeBackward0>),tensor(-0.4932, grad_fn=<NegBackward0>),288,18.912556171417236,6,0.5,,20
double_cake,random,random_lr0_1_lr0_01_lr0_01_optgd_epochs100_epochs0_001_epochs0_001_clusters4__rep1,64,0.9166666666666666,tensor(0.2162, grad_fn=<SqueezeBackward0>),tensor(-0.4809, grad_fn=<NegBackward0>),1040,19.467207193374634,4,0.5,,20
double_cake,random,random_lr0_1_lr0_01_lr0_01_optgd_epochs100_epochs0_001_epochs0_001_clusters6__rep1,8,1.0,tensor(0.1877, grad_fn=<SqueezeBackward0>),tensor(-0.4132, grad_fn=<NegBackward0>),324,17.819580793380737,6,0.5,,20
double_cake,random,random_lr0_1_lr0_01_lr0_01_optgd_epochs100_epochs0_001_epochs0_001_clusters4__rep1,65,0.9166666666666666,tensor(0.2166, grad_fn=<SqueezeBackward0>),tensor(-0.5179, grad_fn=<NegBackward0>),1056,18.699744939804077,4,0.5,,20
double_cake,random,random_lr0_1_lr0_01_lr0_01_optgd_epochs100_epochs0_001_epochs0_001_clusters6__rep1,9,1.0,tensor(0.1891, grad_fn=<SqueezeBackward0>),tensor(-0.4233, grad_fn=<NegBackward0>),360,18.862529039382935,6,0.5,,20
double_cake,random,random_lr0_1_lr0_01_lr0_01_optgd_epochs100_epochs0_001_epochs0_001_clusters4__rep1,66,0.9166666666666666,tensor(0.2183, grad_fn=<SqueezeBackward0>),tensor(-0.4852, grad_fn=<NegBackward0>),1072,17.60347294807434,4,0.5,,20
double_cake,random,random_lr0_1_lr0_01_lr0_01_optgd_epochs100_epochs0_001_epochs0_001_clusters6__rep1,10,1.0,tensor(0.1885, grad_fn=<SqueezeBackward0>),tensor(-0.3906, grad_fn=<NegBackward0>),396,18.85631823539734,6,0.5,,20
double_cake,random,random_lr0_1_lr0_01_lr0_01_optgd_epochs100_epochs0_001_epochs0_001_clusters4__rep1,67,0.9166666666666666,tensor(0.2191, grad_fn=<SqueezeBackward0>),tensor(-0.5048, grad_fn=<NegBackward0>),1088,19.287354230880737,4,0.5,,20
double_cake,random,random_lr0_1_lr0_01_lr0_01_optgd_epochs100_epochs0_001_epochs0_001_clusters6__rep1,11,1.0,tensor(0.1886, grad_fn=<SqueezeBackward0>),tensor(-0.3673, grad_fn=<NegBackward0>),432,19.035451889038086,6,0.5,,20
double_cake,random,random_lr0_1_lr0_01_lr0_01_optgd_epochs100_epochs0_001_epochs0_001_clusters4__rep1,68,0.9166666666666666,tensor(0.2218, grad_fn=<SqueezeBackward0>),tensor(-0.3884, grad_fn=<NegBackward0>),1104,18.265383005142212,4,0.5,,20
double_cake,random,random_lr0_1_lr0_01_lr0_01_optgd_epochs100_epochs0_001_epochs0_001_clusters6__rep1,12,1.0,tensor(0.1919, grad_fn=<SqueezeBackward0>),tensor(-0.3787, grad_fn=<NegBackward0>),468,17.74712324142456,6,0.5,,20
double_cake,random,random_lr0_1_lr0_01_lr0_01_optgd_epochs100_epochs0_001_epochs0_001_clusters4__rep1,69,0.9166666666666666,tensor(0.2242, grad_fn=<SqueezeBackward0>),tensor(-0.6733, grad_fn=<NegBackward0>),1120,18.653801202774048,4,0.5,,20
double_cake,random,random_lr0_1_lr0_01_lr0_01_optgd_epochs100_epochs0_001_epochs0_001_clusters6__rep1,13,1.0,tensor(0.1918, grad_fn=<SqueezeBackward0>),tensor(-0.3614, grad_fn=<NegBackward0>),504,18.86506223678589,6,0.5,,20
double_cake,random,random_lr0_1_lr0_01_lr0_01_optgd_epochs100_epochs0_001_epochs0_001_clusters4__rep1,70,0.9166666666666666,tensor(0.2244, grad_fn=<SqueezeBackward0>),tensor(-0.5119, grad_fn=<NegBackward0>),1136,17.79000973701477,4,0.5,,20
double_cake,random,random_lr0_1_lr0_01_lr0_01_optgd_epochs100_epochs0_001_epochs0_001_clusters6__rep1,14,1.0,tensor(0.1933, grad_fn=<SqueezeBackward0>),tensor(-0.5291, grad_fn=<NegBackward0>),540,18.152573347091675,6,0.5,,20
double_cake,random,random_lr0_1_lr0_01_lr0_01_optgd_epochs100_epochs0_001_epochs0_001_clusters4__rep1,71,0.9166666666666666,tensor(0.2262, grad_fn=<SqueezeBackward0>),tensor(-0.5404, grad_fn=<NegBackward0>),1152,19.30741024017334,4,0.5,,20
double_cake,random,random_lr0_1_lr0_01_lr0_01_optgd_epochs100_epochs0_001_epochs0_001_clusters6__rep1,15,1.0,tensor(0.1944, grad_fn=<SqueezeBackward0>),tensor(-0.3427, grad_fn=<NegBackward0>),576,18.834359169006348,6,0.5,,20
double_cake,random,random_lr0_1_lr0_01_lr0_01_optgd_epochs100_epochs0_001_epochs0_001_clusters4__rep1,72,0.9166666666666666,tensor(0.2267, grad_fn=<SqueezeBackward0>),tensor(-0.5556, grad_fn=<NegBackward0>),1168,17.866708993911743,4,0.5,,20
double_cake,random,random_lr0_1_lr0_01_lr0_01_optgd_epochs100_epochs0_001_epochs0_001_clusters6__rep1,16,1.0,tensor(0.1949, grad_fn=<SqueezeBackward0>),tensor(-0.4250, grad_fn=<NegBackward0>),612,18.525840759277344,6,0.5,,20
double_cake,random,random_lr0_1_lr0_01_lr0_01_optgd_epochs100_epochs0_001_epochs0_001_clusters4__rep1,73,0.9166666666666666,tensor(0.2286, grad_fn=<SqueezeBackward0>),tensor(-0.5090, grad_fn=<NegBackward0>),1184,19.51228094100952,4,0.5,,20
double_cake,random,random_lr0_1_lr0_01_lr0_01_optgd_epochs100_epochs0_001_epochs0_001_clusters6__rep1,17,1.0,tensor(0.1964, grad_fn=<SqueezeBackward0>),tensor(-0.3379, grad_fn=<NegBackward0>),648,18.13613796234131,6,0.5,,20
double_cake,random,random_lr0_1_lr0_01_lr0_01_optgd_epochs100_epochs0_001_epochs0_001_clusters4__rep1,74,0.9166666666666666,tensor(0.2292, grad_fn=<SqueezeBackward0>),tensor(-0.6057, grad_fn=<NegBackward0>),1200,18.224977016448975,4,0.5,,20
double_cake,random,random_lr0_1_lr0_01_lr0_01_optgd_epochs100_epochs0_001_epochs0_001_clusters6__rep1,18,1.0,tensor(0.1960, grad_fn=<SqueezeBackward0>),tensor(-0.3938, grad_fn=<NegBackward0>),684,19.54016900062561,6,0.5,,20
double_cake,random,random_lr0_1_lr0_01_lr0_01_optgd_epochs100_epochs0_001_epochs0_001_clusters4__rep1,75,0.9166666666666666,tensor(0.2298, grad_fn=<SqueezeBackward0>),tensor(-0.6317, grad_fn=<NegBackward0>),1216,17.846915006637573,4,0.5,,20
double_cake,random,random_lr0_1_lr0_01_lr0_01_optgd_epochs100_epochs0_001_epochs0_001_clusters6__rep1,19,1.0,tensor(0.1965, grad_fn=<SqueezeBackward0>),tensor(-0.2919, grad_fn=<NegBackward0>),720,18.044076919555664,6,0.5,,20
double_cake,random,random_lr0_1_lr0_01_lr0_01_optgd_epochs100_epochs0_001_epochs0_001_clusters4__rep1,76,0.9166666666666666,tensor(0.2295, grad_fn=<SqueezeBackward0>),tensor(-0.5899, grad_fn=<NegBackward0>),1232,19.273624897003174,4,0.5,,20
double_cake,random,random_lr0_1_lr0_01_lr0_01_optgd_epochs100_epochs0_001_epochs0_001_clusters6__rep1,20,0.9166666666666666,tensor(0.2019, grad_fn=<SqueezeBackward0>),tensor(-0.2780, grad_fn=<NegBackward0>),756,19.332731008529663,6,0.5,,20
double_cake,random,random_lr0_1_lr0_01_lr0_01_optgd_epochs100_epochs0_001_epochs0_001_clusters4__rep1,77,0.9166666666666666,tensor(0.2284, grad_fn=<SqueezeBackward0>),tensor(-0.5036, grad_fn=<NegBackward0>),1248,17.936906099319458,4,0.5,,20
double_cake,random,random_lr0_1_lr0_01_lr0_01_optgd_epochs100_epochs0_001_epochs0_001_clusters6__rep1,21,0.9166666666666666,tensor(0.2014, grad_fn=<SqueezeBackward0>),tensor(-0.3697, grad_fn=<NegBackward0>),792,18.3943932056427,6,0.5,,20
double_cake,random,random_lr0_1_lr0_01_lr0_01_optgd_epochs100_epochs0_001_epochs0_001_clusters4__rep1,78,0.9166666666666666,tensor(0.2286, grad_fn=<SqueezeBackward0>),tensor(-0.5257, grad_fn=<NegBackward0>),1264,18.876681089401245,4,0.5,,20
double_cake,random,random_lr0_1_lr0_01_lr0_01_optgd_epochs100_epochs0_001_epochs0_001_clusters6__rep1,22,0.9166666666666666,tensor(0.2023, grad_fn=<SqueezeBackward0>),tensor(-0.3762, grad_fn=<NegBackward0>),828,18.86636519432068,6,0.5,,20
double_cake,random,random_lr0_1_lr0_01_lr0_01_optgd_epochs100_epochs0_001_epochs0_001_clusters4__rep1,79,0.9166666666666666,tensor(0.2286, grad_fn=<SqueezeBackward0>),tensor(-0.7073, grad_fn=<NegBackward0>),1280,19.17975687980652,4,0.5,,20
double_cake,random,random_lr0_1_lr0_01_lr0_01_optgd_epochs100_epochs0_001_epochs0_001_clusters6__rep1,23,0.9166666666666666,tensor(0.2053, grad_fn=<SqueezeBackward0>),tensor(-0.4420, grad_fn=<NegBackward0>),864,18.87289333343506,6,0.5,,20
double_cake,random,random_lr0_1_lr0_01_lr0_01_optgd_epochs100_epochs0_001_epochs0_001_clusters4__rep1,80,0.9166666666666666,tensor(0.2297, grad_fn=<SqueezeBackward0>),tensor(-0.4657, grad_fn=<NegBackward0>),1296,18.213396072387695,4,0.5,,20
double_cake,random,random_lr0_1_lr0_01_lr0_01_optgd_epochs100_epochs0_001_epochs0_001_clusters6__rep1,24,0.9166666666666666,tensor(0.2072, grad_fn=<SqueezeBackward0>),tensor(-0.5118, grad_fn=<NegBackward0>),900,18.09803605079651,6,0.5,,20
double_cake,random,random_lr0_1_lr0_01_lr0_01_optgd_epochs100_epochs0_001_epochs0_001_clusters4__rep1,81,0.9166666666666666,tensor(0.2301, grad_fn=<SqueezeBackward0>),tensor(-0.2475, grad_fn=<NegBackward0>),1312,17.877893924713135,4,0.5,,20
double_cake,random,random_lr0_1_lr0_01_lr0_01_optgd_epochs100_epochs0_001_epochs0_001_clusters6__rep1,25,0.9166666666666666,tensor(0.2078, grad_fn=<SqueezeBackward0>),tensor(-0.4013, grad_fn=<NegBackward0>),936,19.32756996154785,6,0.5,,20
double_cake,random,random_lr0_1_lr0_01_lr0_01_optgd_epochs100_epochs0_001_epochs0_001_clusters4__rep1,82,0.9166666666666666,tensor(0.2315, grad_fn=<SqueezeBackward0>),tensor(-0.4631, grad_fn=<NegBackward0>),1328,19.238765954971313,4,0.5,,20
double_cake,random,random_lr0_1_lr0_01_lr0_01_optgd_epochs100_epochs0_001_epochs0_001_clusters6__rep1,26,0.9166666666666666,tensor(0.2090, grad_fn=<SqueezeBackward0>),tensor(-0.6083, grad_fn=<NegBackward0>),972,17.80675196647644,6,0.5,,20
double_cake,random,random_lr0_1_lr0_01_lr0_01_optgd_epochs100_epochs0_001_epochs0_001_clusters4__rep1,83,0.9166666666666666,tensor(0.2329, grad_fn=<SqueezeBackward0>),tensor(-0.6197, grad_fn=<NegBackward0>),1344,17.670639038085938,4,0.5,,20
double_cake,random,random_lr0_1_lr0_01_lr0_01_optgd_epochs100_epochs0_001_epochs0_001_clusters6__rep1,27,0.9166666666666666,tensor(0.2091, grad_fn=<SqueezeBackward0>),tensor(-0.3102, grad_fn=<NegBackward0>),1008,19.14519500732422,6,0.5,,20
double_cake,random,random_lr0_1_lr0_01_lr0_01_optgd_epochs100_epochs0_001_epochs0_001_clusters4__rep1,84,0.9166666666666666,tensor(0.2331, grad_fn=<SqueezeBackward0>),tensor(-0.5484, grad_fn=<NegBackward0>),1360,18.329070806503296,4,0.5,,20
double_cake,random,random_lr0_1_lr0_01_lr0_01_optgd_epochs100_epochs0_001_epochs0_001_clusters6__rep1,28,0.9166666666666666,tensor(0.2099, grad_fn=<SqueezeBackward0>),tensor(-0.4973, grad_fn=<NegBackward0>),1044,18.6731698513031,6,0.5,,20
double_cake,random,random_lr0_1_lr0_01_lr0_01_optgd_epochs100_epochs0_001_epochs0_001_clusters4__rep1,85,0.9166666666666666,tensor(0.2344, grad_fn=<SqueezeBackward0>),tensor(-0.5850, grad_fn=<NegBackward0>),1376,19.139298915863037,4,0.5,,20
double_cake,random,random_lr0_1_lr0_01_lr0_01_optgd_epochs100_epochs0_001_epochs0_001_clusters6__rep1,29,0.9166666666666666,tensor(0.2101, grad_fn=<SqueezeBackward0>),tensor(-0.5324, grad_fn=<NegBackward0>),1080,17.642202138900757,6,0.5,,20
double_cake,random,random_lr0_1_lr0_01_lr0_01_optgd_epochs100_epochs0_001_epochs0_001_clusters4__rep1,86,0.9166666666666666,tensor(0.2340, grad_fn=<SqueezeBackward0>),tensor(-0.5078, grad_fn=<NegBackward0>),1392,18.549428939819336,4,0.5,,20
double_cake,random,random_lr0_1_lr0_01_lr0_01_optgd_epochs100_epochs0_001_epochs0_001_clusters6__rep1,30,0.9166666666666666,tensor(0.2109, grad_fn=<SqueezeBackward0>),tensor(-0.4056, grad_fn=<NegBackward0>),1116,18.809081077575684,6,0.5,,20
double_cake,random,random_lr0_1_lr0_01_lr0_01_optgd_epochs100_epochs0_001_epochs0_001_clusters4__rep1,87,0.9166666666666666,tensor(0.2340, grad_fn=<SqueezeBackward0>),tensor(-0.5192, grad_fn=<NegBackward0>),1408,17.717867136001587,4,0.5,,20
double_cake,random,random_lr0_1_lr0_01_lr0_01_optgd_epochs100_epochs0_001_epochs0_001_clusters6__rep1,31,0.9166666666666666,tensor(0.2113, grad_fn=<SqueezeBackward0>),tensor(-0.3388, grad_fn=<NegBackward0>),1152,17.98748803138733,6,0.5,,20
double_cake,random,random_lr0_1_lr0_01_lr0_01_optgd_epochs100_epochs0_001_epochs0_001_clusters4__rep1,88,0.9166666666666666,tensor(0.2340, grad_fn=<SqueezeBackward0>),tensor(-0.4880, grad_fn=<NegBackward0>),1424,18.302076816558838,4,0.5,,20
double_cake,random,random_lr0_1_lr0_01_lr0_01_optgd_epochs100_epochs0_001_epochs0_001_clusters6__rep1,32,0.9166666666666666,tensor(0.2109, grad_fn=<SqueezeBackward0>),tensor(-0.4887, grad_fn=<NegBackward0>),1188,19.1838161945343,6,0.5,,20
double_cake,random,random_lr0_1_lr0_01_lr0_01_optgd_epochs100_epochs0_001_epochs0_001_clusters4__rep1,89,0.9166666666666666,tensor(0.2341, grad_fn=<SqueezeBackward0>),tensor(-0.5799, grad_fn=<NegBackward0>),1440,19.16251802444458,4,0.5,,20
double_cake,random,random_lr0_1_lr0_01_lr0_01_optgd_epochs100_epochs0_001_epochs0_001_clusters6__rep1,33,0.9166666666666666,tensor(0.2112, grad_fn=<SqueezeBackward0>),tensor(-0.4954, grad_fn=<NegBackward0>),1224,17.9674129486084,6,0.5,,20
double_cake,random,random_lr0_1_lr0_01_lr0_01_optgd_epochs100_epochs0_001_epochs0_001_clusters4__rep1,90,0.9166666666666666,tensor(0.2350, grad_fn=<SqueezeBackward0>),tensor(-0.4945, grad_fn=<NegBackward0>),1456,18.589056730270386,4,0.5,,20
double_cake,random,random_lr0_1_lr0_01_lr0_01_optgd_epochs100_epochs0_001_epochs0_001_clusters6__rep1,34,0.9166666666666666,tensor(0.2111, grad_fn=<SqueezeBackward0>),tensor(-0.4875, grad_fn=<NegBackward0>),1260,19.20368480682373,6,0.5,,20
double_cake,random,random_lr0_1_lr0_01_lr0_01_optgd_epochs100_epochs0_001_epochs0_001_clusters4__rep1,91,0.9166666666666666,tensor(0.2353, grad_fn=<SqueezeBackward0>),tensor(-0.4622, grad_fn=<NegBackward0>),1472,17.674755811691284,4,0.5,,20
double_cake,random,random_lr0_1_lr0_01_lr0_01_optgd_epochs100_epochs0_001_epochs0_001_clusters6__rep1,35,0.9166666666666666,tensor(0.2128, grad_fn=<SqueezeBackward0>),tensor(-0.4554, grad_fn=<NegBackward0>),1296,18.574471950531006,6,0.5,,20
double_cake,random,random_lr0_1_lr0_01_lr0_01_optgd_epochs100_epochs0_001_epochs0_001_clusters4__rep1,92,0.9166666666666666,tensor(0.2358, grad_fn=<SqueezeBackward0>),tensor(-0.5043, grad_fn=<NegBackward0>),1488,19.015485048294067,4,0.5,,20
double_cake,random,random_lr0_1_lr0_01_lr0_01_optgd_epochs100_epochs0_001_epochs0_001_clusters6__rep1,36,0.9166666666666666,tensor(0.2161, grad_fn=<SqueezeBackward0>),tensor(-0.4507, grad_fn=<NegBackward0>),1332,17.730697870254517,6,0.5,,20
double_cake,random,random_lr0_1_lr0_01_lr0_01_optgd_epochs100_epochs0_001_epochs0_001_clusters4__rep1,93,0.9166666666666666,tensor(0.2342, grad_fn=<SqueezeBackward0>),tensor(-0.5263, grad_fn=<NegBackward0>),1504,18.517781019210815,4,0.5,,20
double_cake,random,random_lr0_1_lr0_01_lr0_01_optgd_epochs100_epochs0_001_epochs0_001_clusters6__rep1,37,0.9166666666666666,tensor(0.2197, grad_fn=<SqueezeBackward0>),tensor(-0.4187, grad_fn=<NegBackward0>),1368,19.30657720565796,6,0.5,,20
double_cake,random,random_lr0_1_lr0_01_lr0_01_optgd_epochs100_epochs0_001_epochs0_001_clusters4__rep1,94,0.9166666666666666,tensor(0.2344, grad_fn=<SqueezeBackward0>),tensor(-0.4980, grad_fn=<NegBackward0>),1520,17.479908227920532,4,0.5,,20
double_cake,random,random_lr0_1_lr0_01_lr0_01_optgd_epochs100_epochs0_001_epochs0_001_clusters6__rep1,38,0.9166666666666666,tensor(0.2210, grad_fn=<SqueezeBackward0>),tensor(-0.4155, grad_fn=<NegBackward0>),1404,17.60908317565918,6,0.5,,20
double_cake,random,random_lr0_1_lr0_01_lr0_01_optgd_epochs100_epochs0_001_epochs0_001_clusters4__rep1,95,0.9166666666666666,tensor(0.2340, grad_fn=<SqueezeBackward0>),tensor(-0.4469, grad_fn=<NegBackward0>),1536,18.978664875030518,4,0.5,,20
double_cake,random,random_lr0_1_lr0_01_lr0_01_optgd_epochs100_epochs0_001_epochs0_001_clusters6__rep1,39,0.9166666666666666,tensor(0.2215, grad_fn=<SqueezeBackward0>),tensor(-0.3976, grad_fn=<NegBackward0>),1440,18.883347988128662,6,0.5,,20
double_cake,random,random_lr0_1_lr0_01_lr0_01_optgd_epochs100_epochs0_001_epochs0_001_clusters4__rep1,96,0.9166666666666666,tensor(0.2340, grad_fn=<SqueezeBackward0>),tensor(-0.6569, grad_fn=<NegBackward0>),1552,18.058095932006836,4,0.5,,20
double_cake,random,random_lr0_1_lr0_01_lr0_01_optgd_epochs100_epochs0_001_epochs0_001_clusters6__rep1,40,0.9166666666666666,tensor(0.2225, grad_fn=<SqueezeBackward0>),tensor(-0.4711, grad_fn=<NegBackward0>),1476,18.165706872940063,6,0.5,,20
double_cake,random,random_lr0_1_lr0_01_lr0_01_optgd_epochs100_epochs0_001_epochs0_001_clusters4__rep1,97,0.9166666666666666,tensor(0.2339, grad_fn=<SqueezeBackward0>),tensor(-0.5093, grad_fn=<NegBackward0>),1568,18.549240112304688,4,0.5,,20
double_cake,random,random_lr0_1_lr0_01_lr0_01_optgd_epochs100_epochs0_001_epochs0_001_clusters6__rep1,41,0.9166666666666666,tensor(0.2234, grad_fn=<SqueezeBackward0>),tensor(-0.3736, grad_fn=<NegBackward0>),1512,18.202152967453003,6,0.5,,20
double_cake,random,random_lr0_1_lr0_01_lr0_01_optgd_epochs100_epochs0_001_epochs0_001_clusters4__rep1,98,0.9166666666666666,tensor(0.2340, grad_fn=<SqueezeBackward0>),tensor(-0.4666, grad_fn=<NegBackward0>),1584,17.693899869918823,4,0.5,,20
double_cake,random,random_lr0_1_lr0_01_lr0_01_optgd_epochs100_epochs0_001_epochs0_001_clusters6__rep1,42,0.9166666666666666,tensor(0.2239, grad_fn=<SqueezeBackward0>),tensor(-0.3762, grad_fn=<NegBackward0>),1548,18.08854579925537,6,0.5,,20
double_cake,random,random_lr0_1_lr0_01_lr0_01_optgd_epochs100_epochs0_001_epochs0_001_clusters4__rep1,99,0.9166666666666666,tensor(0.2357, grad_fn=<SqueezeBackward0>),tensor(-0.4942, grad_fn=<NegBackward0>),1600,19.07998299598694,4,0.5,,20
double_cake,random,random_lr0_1_lr0_01_lr0_01_optgd_epochs100_epochs0_001_epochs0_001_clusters6__rep1,43,0.9166666666666666,tensor(0.2248, grad_fn=<SqueezeBackward0>),tensor(-0.3734, grad_fn=<NegBackward0>),1584,18.52877402305603,6,0.5,,20
double_cake,random,random_lr0_1_lr0_01_lr0_01_optgd_epochs100_epochs0_001_epochs0_001_clusters6__rep1,44,0.9166666666666666,tensor(0.2252, grad_fn=<SqueezeBackward0>),tensor(-0.4777, grad_fn=<NegBackward0>),1620,18.750495195388794,6,0.5,,20
double_cake,random,random_lr0_1_lr0_01_lr0_01_optgd_epochs100_epochs0_001_epochs0_001_clusters6__rep1,45,0.9166666666666666,tensor(0.2260, grad_fn=<SqueezeBackward0>),tensor(-0.4643, grad_fn=<NegBackward0>),1656,18.612184762954712,6,0.5,,20
double_cake,random,random_lr0_1_lr0_01_lr0_01_optgd_epochs100_epochs0_001_epochs0_001_clusters8__rep1,0,1.0,tensor(0.1818, grad_fn=<SqueezeBackward0>),tensor(-0.3529, grad_fn=<NegBackward0>),64,19.005812168121338,8,0.5,,20
double_cake,random,random_lr0_1_lr0_01_lr0_01_optgd_epochs100_epochs0_001_epochs0_001_clusters6__rep1,46,0.9166666666666666,tensor(0.2270, grad_fn=<SqueezeBackward0>),tensor(-0.4170, grad_fn=<NegBackward0>),1692,17.786180019378662,6,0.5,,20
double_cake,random,random_lr0_1_lr0_01_lr0_01_optgd_epochs100_epochs0_001_epochs0_001_clusters8__rep1,1,1.0,tensor(0.1839, grad_fn=<SqueezeBackward0>),tensor(-0.3509, grad_fn=<NegBackward0>),128,18.309068202972412,8,0.5,,20
double_cake,random,random_lr0_1_lr0_01_lr0_01_optgd_epochs100_epochs0_001_epochs0_001_clusters6__rep1,47,0.9166666666666666,tensor(0.2281, grad_fn=<SqueezeBackward0>),tensor(-0.4062, grad_fn=<NegBackward0>),1728,19.095614910125732,6,0.5,,20
double_cake,random,random_lr0_1_lr0_01_lr0_01_optgd_epochs100_epochs0_001_epochs0_001_clusters8__rep1,2,1.0,tensor(0.1847, grad_fn=<SqueezeBackward0>),tensor(-0.2915, grad_fn=<NegBackward0>),192,18.097965955734253,8,0.5,,20
double_cake,random,random_lr0_1_lr0_01_lr0_01_optgd_epochs100_epochs0_001_epochs0_001_clusters6__rep1,48,0.9166666666666666,tensor(0.2287, grad_fn=<SqueezeBackward0>),tensor(-0.5035, grad_fn=<NegBackward0>),1764,18.630251169204712,6,0.5,,20
double_cake,random,random_lr0_1_lr0_01_lr0_01_optgd_epochs100_epochs0_001_epochs0_001_clusters8__rep1,3,1.0,tensor(0.1868, grad_fn=<SqueezeBackward0>),tensor(-0.3971, grad_fn=<NegBackward0>),256,18.926746129989624,8,0.5,,20
double_cake,random,random_lr0_1_lr0_01_lr0_01_optgd_epochs100_epochs0_001_epochs0_001_clusters6__rep1,49,0.9166666666666666,tensor(0.2283, grad_fn=<SqueezeBackward0>),tensor(-0.4061, grad_fn=<NegBackward0>),1800,18.071742057800293,6,0.5,,20
double_cake,random,random_lr0_1_lr0_01_lr0_01_optgd_epochs100_epochs0_001_epochs0_001_clusters8__rep1,4,1.0,tensor(0.1867, grad_fn=<SqueezeBackward0>),tensor(-0.3847, grad_fn=<NegBackward0>),320,19.19811773300171,8,0.5,,20
double_cake,random,random_lr0_1_lr0_01_lr0_01_optgd_epochs100_epochs0_001_epochs0_001_clusters6__rep1,50,0.9166666666666666,tensor(0.2286, grad_fn=<SqueezeBackward0>),tensor(-0.4758, grad_fn=<NegBackward0>),1836,19.511874198913574,6,0.5,,20
double_cake,random,random_lr0_1_lr0_01_lr0_01_optgd_epochs100_epochs0_001_epochs0_001_clusters8__rep1,5,1.0,tensor(0.1892, grad_fn=<SqueezeBackward0>),tensor(-0.3171, grad_fn=<NegBackward0>),384,20.294896125793457,8,0.5,,20
double_cake,random,random_lr0_1_lr0_01_lr0_01_optgd_epochs100_epochs0_001_epochs0_001_clusters6__rep1,51,0.9166666666666666,tensor(0.2282, grad_fn=<SqueezeBackward0>),tensor(-0.3586, grad_fn=<NegBackward0>),1872,19.106725215911865,6,0.5,,20
double_cake,random,random_lr0_1_lr0_01_lr0_01_optgd_epochs100_epochs0_001_epochs0_001_clusters8__rep1,6,1.0,tensor(0.1916, grad_fn=<SqueezeBackward0>),tensor(-0.3810, grad_fn=<NegBackward0>),448,18.309333086013794,8,0.5,,20
double_cake,random,random_lr0_1_lr0_01_lr0_01_optgd_epochs100_epochs0_001_epochs0_001_clusters6__rep1,52,0.9166666666666666,tensor(0.2281, grad_fn=<SqueezeBackward0>),tensor(-0.4287, grad_fn=<NegBackward0>),1908,17.921186208724976,6,0.5,,20
double_cake,random,random_lr0_1_lr0_01_lr0_01_optgd_epochs100_epochs0_001_epochs0_001_clusters8__rep1,7,1.0,tensor(0.1908, grad_fn=<SqueezeBackward0>),tensor(-0.4575, grad_fn=<NegBackward0>),512,19.030963897705078,8,0.5,,20
double_cake,random,random_lr0_1_lr0_01_lr0_01_optgd_epochs100_epochs0_001_epochs0_001_clusters6__rep1,53,0.9166666666666666,tensor(0.2300, grad_fn=<SqueezeBackward0>),tensor(-0.3709, grad_fn=<NegBackward0>),1944,18.266618251800537,6,0.5,,20
double_cake,random,random_lr0_1_lr0_01_lr0_01_optgd_epochs100_epochs0_001_epochs0_001_clusters8__rep1,8,1.0,tensor(0.1906, grad_fn=<SqueezeBackward0>),tensor(-0.3724, grad_fn=<NegBackward0>),576,18.05522584915161,8,0.5,,20
double_cake,random,random_lr0_1_lr0_01_lr0_01_optgd_epochs100_epochs0_001_epochs0_001_clusters6__rep1,54,0.9166666666666666,tensor(0.2302, grad_fn=<SqueezeBackward0>),tensor(-0.4010, grad_fn=<NegBackward0>),1980,18.67228102684021,6,0.5,,20
double_cake,random,random_lr0_1_lr0_01_lr0_01_optgd_epochs100_epochs0_001_epochs0_001_clusters8__rep1,9,1.0,tensor(0.1914, grad_fn=<SqueezeBackward0>),tensor(-0.3501, grad_fn=<NegBackward0>),640,19.396401166915894,8,0.5,,20
double_cake,random,random_lr0_1_lr0_01_lr0_01_optgd_epochs100_epochs0_001_epochs0_001_clusters6__rep1,55,0.9166666666666666,tensor(0.2307, grad_fn=<SqueezeBackward0>),tensor(-0.4306, grad_fn=<NegBackward0>),2016,18.236634731292725,6,0.5,,20
double_cake,random,random_lr0_1_lr0_01_lr0_01_optgd_epochs100_epochs0_001_epochs0_001_clusters8__rep1,10,1.0,tensor(0.1927, grad_fn=<SqueezeBackward0>),tensor(-0.3461, grad_fn=<NegBackward0>),704,18.92525887489319,8,0.5,,20
double_cake,random,random_lr0_1_lr0_01_lr0_01_optgd_epochs100_epochs0_001_epochs0_001_clusters6__rep1,56,0.9166666666666666,tensor(0.2311, grad_fn=<SqueezeBackward0>),tensor(-0.6922, grad_fn=<NegBackward0>),2052,18.2812020778656,6,0.5,,20
double_cake,random,random_lr0_1_lr0_01_lr0_01_optgd_epochs100_epochs0_001_epochs0_001_clusters8__rep1,11,1.0,tensor(0.1960, grad_fn=<SqueezeBackward0>),tensor(-0.2869, grad_fn=<NegBackward0>),768,18.889544010162354,8,0.5,,20
double_cake,random,random_lr0_1_lr0_01_lr0_01_optgd_epochs100_epochs0_001_epochs0_001_clusters6__rep1,57,0.9166666666666666,tensor(0.2320, grad_fn=<SqueezeBackward0>),tensor(-0.5580, grad_fn=<NegBackward0>),2088,18.613116025924683,6,0.5,,20
double_cake,random,random_lr0_1_lr0_01_lr0_01_optgd_epochs100_epochs0_001_epochs0_001_clusters8__rep1,12,1.0,tensor(0.2013, grad_fn=<SqueezeBackward0>),tensor(-0.4099, grad_fn=<NegBackward0>),832,18.101293802261353,8,0.5,,20
double_cake,random,random_lr0_1_lr0_01_lr0_01_optgd_epochs100_epochs0_001_epochs0_001_clusters6__rep1,58,0.9166666666666666,tensor(0.2330, grad_fn=<SqueezeBackward0>),tensor(-0.4854, grad_fn=<NegBackward0>),2124,17.76326823234558,6,0.5,,20
double_cake,random,random_lr0_1_lr0_01_lr0_01_optgd_epochs100_epochs0_001_epochs0_001_clusters8__rep1,13,1.0,tensor(0.2017, grad_fn=<SqueezeBackward0>),tensor(-0.3235, grad_fn=<NegBackward0>),896,19.41109299659729,8,0.5,,20
double_cake,random,random_lr0_1_lr0_01_lr0_01_optgd_epochs100_epochs0_001_epochs0_001_clusters6__rep1,59,0.9166666666666666,tensor(0.2329, grad_fn=<SqueezeBackward0>),tensor(-0.4710, grad_fn=<NegBackward0>),2160,18.825061798095703,6,0.5,,20
double_cake,random,random_lr0_1_lr0_01_lr0_01_optgd_epochs100_epochs0_001_epochs0_001_clusters8__rep1,14,1.0,tensor(0.2029, grad_fn=<SqueezeBackward0>),tensor(-0.5299, grad_fn=<NegBackward0>),960,18.788301706314087,8,0.5,,20
double_cake,random,random_lr0_1_lr0_01_lr0_01_optgd_epochs100_epochs0_001_epochs0_001_clusters6__rep1,60,0.9166666666666666,tensor(0.2337, grad_fn=<SqueezeBackward0>),tensor(-0.5111, grad_fn=<NegBackward0>),2196,17.813374996185303,6,0.5,,20
double_cake,random,random_lr0_1_lr0_01_lr0_01_optgd_epochs100_epochs0_001_epochs0_001_clusters8__rep1,15,0.9166666666666666,tensor(0.2032, grad_fn=<SqueezeBackward0>),tensor(-0.3595, grad_fn=<NegBackward0>),1024,18.402837991714478,8,0.5,,20
double_cake,random,random_lr0_1_lr0_01_lr0_01_optgd_epochs100_epochs0_001_epochs0_001_clusters6__rep1,61,0.9166666666666666,tensor(0.2336, grad_fn=<SqueezeBackward0>),tensor(-0.4050, grad_fn=<NegBackward0>),2232,19.14034104347229,6,0.5,,20
double_cake,random,random_lr0_1_lr0_01_lr0_01_optgd_epochs100_epochs0_001_epochs0_001_clusters8__rep1,16,1.0,tensor(0.2034, grad_fn=<SqueezeBackward0>),tensor(-0.3390, grad_fn=<NegBackward0>),1088,18.043195009231567,8,0.5,,20
double_cake,random,random_lr0_1_lr0_01_lr0_01_optgd_epochs100_epochs0_001_epochs0_001_clusters6__rep1,62,0.9166666666666666,tensor(0.2341, grad_fn=<SqueezeBackward0>),tensor(-0.4506, grad_fn=<NegBackward0>),2268,18.56877899169922,6,0.5,,20
double_cake,random,random_lr0_1_lr0_01_lr0_01_optgd_epochs100_epochs0_001_epochs0_001_clusters8__rep1,17,1.0,tensor(0.2047, grad_fn=<SqueezeBackward0>),tensor(-0.3125, grad_fn=<NegBackward0>),1152,18.913572072982788,8,0.5,,20
double_cake,random,random_lr0_1_lr0_01_lr0_01_optgd_epochs100_epochs0_001_epochs0_001_clusters6__rep1,63,0.9166666666666666,tensor(0.2347, grad_fn=<SqueezeBackward0>),tensor(-0.3148, grad_fn=<NegBackward0>),2304,17.74555778503418,6,0.5,,20
double_cake,random,random_lr0_1_lr0_01_lr0_01_optgd_epochs100_epochs0_001_epochs0_001_clusters8__rep1,18,1.0,tensor(0.2056, grad_fn=<SqueezeBackward0>),tensor(-0.3260, grad_fn=<NegBackward0>),1216,18.51951789855957,8,0.5,,20
double_cake,random,random_lr0_1_lr0_01_lr0_01_optgd_epochs100_epochs0_001_epochs0_001_clusters6__rep1,64,0.9166666666666666,tensor(0.2347, grad_fn=<SqueezeBackward0>),tensor(-0.4552, grad_fn=<NegBackward0>),2340,19.25151300430298,6,0.5,,20
double_cake,random,random_lr0_1_lr0_01_lr0_01_optgd_epochs100_epochs0_001_epochs0_001_clusters8__rep1,19,0.9166666666666666,tensor(0.2057, grad_fn=<SqueezeBackward0>),tensor(-0.2900, grad_fn=<NegBackward0>),1280,19.00956892967224,8,0.5,,20
double_cake,random,random_lr0_1_lr0_01_lr0_01_optgd_epochs100_epochs0_001_epochs0_001_clusters6__rep1,65,0.9166666666666666,tensor(0.2355, grad_fn=<SqueezeBackward0>),tensor(-0.5519, grad_fn=<NegBackward0>),2376,17.6271710395813,6,0.5,,20
double_cake,random,random_lr0_1_lr0_01_lr0_01_optgd_epochs100_epochs0_001_epochs0_001_clusters8__rep1,20,0.9166666666666666,tensor(0.2103, grad_fn=<SqueezeBackward0>),tensor(-0.3453, grad_fn=<NegBackward0>),1344,19.089909076690674,8,0.5,,20
double_cake,random,random_lr0_1_lr0_01_lr0_01_optgd_epochs100_epochs0_001_epochs0_001_clusters6__rep1,66,0.9166666666666666,tensor(0.2363, grad_fn=<SqueezeBackward0>),tensor(-0.4866, grad_fn=<NegBackward0>),2412,18.80608630180359,6,0.5,,20
double_cake,random,random_lr0_1_lr0_01_lr0_01_optgd_epochs100_epochs0_001_epochs0_001_clusters8__rep1,21,0.9166666666666666,tensor(0.2109, grad_fn=<SqueezeBackward0>),tensor(-0.2359, grad_fn=<NegBackward0>),1408,18.13113498687744,8,0.5,,20
double_cake,random,random_lr0_1_lr0_01_lr0_01_optgd_epochs100_epochs0_001_epochs0_001_clusters6__rep1,67,0.9166666666666666,tensor(0.2369, grad_fn=<SqueezeBackward0>),tensor(-0.4778, grad_fn=<NegBackward0>),2448,18.184448957443237,6,0.5,,20
double_cake,random,random_lr0_1_lr0_01_lr0_01_optgd_epochs100_epochs0_001_epochs0_001_clusters8__rep1,22,0.9166666666666666,tensor(0.2118, grad_fn=<SqueezeBackward0>),tensor(-0.3349, grad_fn=<NegBackward0>),1472,19.443203926086426,8,0.5,,20
double_cake,random,random_lr0_1_lr0_01_lr0_01_optgd_epochs100_epochs0_001_epochs0_001_clusters6__rep1,68,0.8333333333333334,tensor(0.2375, grad_fn=<SqueezeBackward0>),tensor(-0.4374, grad_fn=<NegBackward0>),2484,18.162094831466675,6,0.5,,20
double_cake,random,random_lr0_1_lr0_01_lr0_01_optgd_epochs100_epochs0_001_epochs0_001_clusters8__rep1,23,0.9166666666666666,tensor(0.2134, grad_fn=<SqueezeBackward0>),tensor(-0.3958, grad_fn=<NegBackward0>),1536,18.42937707901001,8,0.5,,20
double_cake,random,random_lr0_1_lr0_01_lr0_01_optgd_epochs100_epochs0_001_epochs0_001_clusters6__rep1,69,0.8333333333333334,tensor(0.2383, grad_fn=<SqueezeBackward0>),tensor(-0.4132, grad_fn=<NegBackward0>),2520,18.088154077529907,6,0.5,,20
double_cake,random,random_lr0_1_lr0_01_lr0_01_optgd_epochs100_epochs0_001_epochs0_001_clusters8__rep1,24,0.9166666666666666,tensor(0.2149, grad_fn=<SqueezeBackward0>),tensor(-0.3711, grad_fn=<NegBackward0>),1600,18.13361096382141,8,0.5,,20
double_cake,random,random_lr0_1_lr0_01_lr0_01_optgd_epochs100_epochs0_001_epochs0_001_clusters6__rep1,70,0.8333333333333334,tensor(0.2388, grad_fn=<SqueezeBackward0>),tensor(-0.4933, grad_fn=<NegBackward0>),2556,18.571135997772217,6,0.5,,20
double_cake,random,random_lr0_1_lr0_01_lr0_01_optgd_epochs100_epochs0_001_epochs0_001_clusters8__rep1,25,0.9166666666666666,tensor(0.2153, grad_fn=<SqueezeBackward0>),tensor(-0.3297, grad_fn=<NegBackward0>),1664,18.929282665252686,8,0.5,,20
double_cake,random,random_lr0_1_lr0_01_lr0_01_optgd_epochs100_epochs0_001_epochs0_001_clusters6__rep1,71,0.9166666666666666,tensor(0.2404, grad_fn=<SqueezeBackward0>),tensor(-0.4167, grad_fn=<NegBackward0>),2592,18.621299028396606,6,0.5,,20
double_cake,random,random_lr0_1_lr0_01_lr0_01_optgd_epochs100_epochs0_001_epochs0_001_clusters8__rep1,26,0.9166666666666666,tensor(0.2165, grad_fn=<SqueezeBackward0>),tensor(-0.5218, grad_fn=<NegBackward0>),1728,18.611565113067627,8,0.5,,20
double_cake,random,random_lr0_1_lr0_01_lr0_01_optgd_epochs100_epochs0_001_epochs0_001_clusters6__rep1,72,0.9166666666666666,tensor(0.2408, grad_fn=<SqueezeBackward0>),tensor(-0.5040, grad_fn=<NegBackward0>),2628,18.65819025039673,6,0.5,,20
double_cake,random,random_lr0_1_lr0_01_lr0_01_optgd_epochs100_epochs0_001_epochs0_001_clusters6__rep1,73,0.9166666666666666,tensor(0.2411, grad_fn=<SqueezeBackward0>),tensor(-0.3628, grad_fn=<NegBackward0>),2664,17.730057954788208,6,0.5,,20
double_cake,random,random_lr0_1_lr0_01_lr0_01_optgd_epochs100_epochs0_001_epochs0_001_clusters8__rep1,27,0.9166666666666666,tensor(0.2167, grad_fn=<SqueezeBackward0>),tensor(-0.2838, grad_fn=<NegBackward0>),1792,19.370360136032104,8,0.5,,20
double_cake,random,random_lr0_1_lr0_01_lr0_01_optgd_epochs100_epochs0_001_epochs0_001_clusters8__rep1,28,0.9166666666666666,tensor(0.2170, grad_fn=<SqueezeBackward0>),tensor(-0.4630, grad_fn=<NegBackward0>),1856,18.27100706100464,8,0.5,,20
double_cake,random,random_lr0_1_lr0_01_lr0_01_optgd_epochs100_epochs0_001_epochs0_001_clusters6__rep1,74,0.9166666666666666,tensor(0.2414, grad_fn=<SqueezeBackward0>),tensor(-0.5049, grad_fn=<NegBackward0>),2700,19.153393268585205,6,0.5,,20
double_cake,random,random_lr0_1_lr0_01_lr0_01_optgd_epochs100_epochs0_001_epochs0_001_clusters8__rep1,29,0.9166666666666666,tensor(0.2172, grad_fn=<SqueezeBackward0>),tensor(-0.3895, grad_fn=<NegBackward0>),1920,18.996967792510986,8,0.5,,20
double_cake,random,random_lr0_1_lr0_01_lr0_01_optgd_epochs100_epochs0_001_epochs0_001_clusters6__rep1,75,0.9166666666666666,tensor(0.2415, grad_fn=<SqueezeBackward0>),tensor(-0.6684, grad_fn=<NegBackward0>),2736,18.596270084381104,6,0.5,,20
double_cake,random,random_lr0_1_lr0_01_lr0_01_optgd_epochs100_epochs0_001_epochs0_001_clusters6__rep1,76,0.9166666666666666,tensor(0.2426, grad_fn=<SqueezeBackward0>),tensor(-0.4994, grad_fn=<NegBackward0>),2772,18.05380916595459,6,0.5,,20
double_cake,random,random_lr0_1_lr0_01_lr0_01_optgd_epochs100_epochs0_001_epochs0_001_clusters8__rep1,30,0.9166666666666666,tensor(0.2175, grad_fn=<SqueezeBackward0>),tensor(-0.3418, grad_fn=<NegBackward0>),1984,18.893745183944702,8,0.5,,20
double_cake,random,random_lr0_1_lr0_01_lr0_01_optgd_epochs100_epochs0_001_epochs0_001_clusters6__rep1,77,0.9166666666666666,tensor(0.2430, grad_fn=<SqueezeBackward0>),tensor(-0.3898, grad_fn=<NegBackward0>),2808,18.539565801620483,6,0.5,,20
double_cake,random,random_lr0_1_lr0_01_lr0_01_optgd_epochs100_epochs0_001_epochs0_001_clusters8__rep1,31,0.9166666666666666,tensor(0.2197, grad_fn=<SqueezeBackward0>),tensor(-0.2961, grad_fn=<NegBackward0>),2048,17.948824167251587,8,0.5,,20
double_cake,random,random_lr0_1_lr0_01_lr0_01_optgd_epochs100_epochs0_001_epochs0_001_clusters6__rep1,78,0.9166666666666666,tensor(0.2440, grad_fn=<SqueezeBackward0>),tensor(-0.5162, grad_fn=<NegBackward0>),2844,18.656074047088623,6,0.5,,20
double_cake,random,random_lr0_1_lr0_01_lr0_01_optgd_epochs100_epochs0_001_epochs0_001_clusters8__rep1,32,0.9166666666666666,tensor(0.2190, grad_fn=<SqueezeBackward0>),tensor(-0.4349, grad_fn=<NegBackward0>),2112,19.03840708732605,8,0.5,,20
double_cake,random,random_lr0_1_lr0_01_lr0_01_optgd_epochs100_epochs0_001_epochs0_001_clusters6__rep1,79,0.9166666666666666,tensor(0.2441, grad_fn=<SqueezeBackward0>),tensor(-0.5356, grad_fn=<NegBackward0>),2880,17.852319955825806,6,0.5,,20
double_cake,random,random_lr0_1_lr0_01_lr0_01_optgd_epochs100_epochs0_001_epochs0_001_clusters8__rep1,33,0.9166666666666666,tensor(0.2188, grad_fn=<SqueezeBackward0>),tensor(-0.3277, grad_fn=<NegBackward0>),2176,19.004423141479492,8,0.5,,20
double_cake,random,random_lr0_1_lr0_01_lr0_01_optgd_epochs100_epochs0_001_epochs0_001_clusters6__rep1,80,0.9166666666666666,tensor(0.2448, grad_fn=<SqueezeBackward0>),tensor(-0.4587, grad_fn=<NegBackward0>),2916,18.276219844818115,6,0.5,,20
double_cake,random,random_lr0_1_lr0_01_lr0_01_optgd_epochs100_epochs0_001_epochs0_001_clusters8__rep1,34,0.9166666666666666,tensor(0.2186, grad_fn=<SqueezeBackward0>),tensor(-0.4265, grad_fn=<NegBackward0>),2240,18.109286069869995,8,0.5,,20
double_cake,random,random_lr0_1_lr0_01_lr0_01_optgd_epochs100_epochs0_001_epochs0_001_clusters6__rep1,81,0.8333333333333334,tensor(0.2452, grad_fn=<SqueezeBackward0>),tensor(-0.3087, grad_fn=<NegBackward0>),2952,18.714195013046265,6,0.5,,20
double_cake,random,random_lr0_1_lr0_01_lr0_01_optgd_epochs100_epochs0_001_epochs0_001_clusters8__rep1,35,0.9166666666666666,tensor(0.2197, grad_fn=<SqueezeBackward0>),tensor(-0.3812, grad_fn=<NegBackward0>),2304,19.443964958190918,8,0.5,,20
double_cake,random,random_lr0_1_lr0_01_lr0_01_optgd_epochs100_epochs0_001_epochs0_001_clusters6__rep1,82,0.9166666666666666,tensor(0.2458, grad_fn=<SqueezeBackward0>),tensor(-0.4387, grad_fn=<NegBackward0>),2988,18.21464490890503,6,0.5,,20
double_cake,random,random_lr0_1_lr0_01_lr0_01_optgd_epochs100_epochs0_001_epochs0_001_clusters8__rep1,36,0.9166666666666666,tensor(0.2217, grad_fn=<SqueezeBackward0>),tensor(-0.4436, grad_fn=<NegBackward0>),2368,18.05335783958435,8,0.5,,20
double_cake,random,random_lr0_1_lr0_01_lr0_01_optgd_epochs100_epochs0_001_epochs0_001_clusters6__rep1,83,0.9166666666666666,tensor(0.2471, grad_fn=<SqueezeBackward0>),tensor(-0.5123, grad_fn=<NegBackward0>),3024,18.188766956329346,6,0.5,,20
double_cake,random,random_lr0_1_lr0_01_lr0_01_optgd_epochs100_epochs0_001_epochs0_001_clusters8__rep1,37,0.9166666666666666,tensor(0.2229, grad_fn=<SqueezeBackward0>),tensor(-0.4093, grad_fn=<NegBackward0>),2432,19.422023057937622,8,0.5,,20
double_cake,random,random_lr0_1_lr0_01_lr0_01_optgd_epochs100_epochs0_001_epochs0_001_clusters6__rep1,84,0.9166666666666666,tensor(0.2470, grad_fn=<SqueezeBackward0>),tensor(-0.5304, grad_fn=<NegBackward0>),3060,18.592138051986694,6,0.5,,20
double_cake,random,random_lr0_1_lr0_01_lr0_01_optgd_epochs100_epochs0_001_epochs0_001_clusters8__rep1,38,0.9166666666666666,tensor(0.2239, grad_fn=<SqueezeBackward0>),tensor(-0.3928, grad_fn=<NegBackward0>),2496,18.2207510471344,8,0.5,,20
double_cake,random,random_lr0_1_lr0_01_lr0_01_optgd_epochs100_epochs0_001_epochs0_001_clusters6__rep1,85,0.9166666666666666,tensor(0.2472, grad_fn=<SqueezeBackward0>),tensor(-0.4716, grad_fn=<NegBackward0>),3096,17.82046914100647,6,0.5,,20
double_cake,random,random_lr0_1_lr0_01_lr0_01_optgd_epochs100_epochs0_001_epochs0_001_clusters8__rep1,39,0.9166666666666666,tensor(0.2243, grad_fn=<SqueezeBackward0>),tensor(-0.3706, grad_fn=<NegBackward0>),2560,19.02538299560547,8,0.5,,20
double_cake,random,random_lr0_1_lr0_01_lr0_01_optgd_epochs100_epochs0_001_epochs0_001_clusters6__rep1,86,0.9166666666666666,tensor(0.2477, grad_fn=<SqueezeBackward0>),tensor(-0.2547, grad_fn=<NegBackward0>),3132,18.840966939926147,6,0.5,,20
double_cake,random,random_lr0_1_lr0_01_lr0_01_optgd_epochs100_epochs0_001_epochs0_001_clusters8__rep1,40,0.9166666666666666,tensor(0.2247, grad_fn=<SqueezeBackward0>),tensor(-0.3974, grad_fn=<NegBackward0>),2624,18.862746953964233,8,0.5,,20
double_cake,random,random_lr0_1_lr0_01_lr0_01_optgd_epochs100_epochs0_001_epochs0_001_clusters6__rep1,87,0.8333333333333334,tensor(0.2476, grad_fn=<SqueezeBackward0>),tensor(-0.2729, grad_fn=<NegBackward0>),3168,18.621496200561523,6,0.5,,20
double_cake,random,random_lr0_1_lr0_01_lr0_01_optgd_epochs100_epochs0_001_epochs0_001_clusters8__rep1,41,0.9166666666666666,tensor(0.2257, grad_fn=<SqueezeBackward0>),tensor(-0.3187, grad_fn=<NegBackward0>),2688,18.011085987091064,8,0.5,,20
double_cake,random,random_lr0_1_lr0_01_lr0_01_optgd_epochs100_epochs0_001_epochs0_001_clusters6__rep1,88,0.8333333333333334,tensor(0.2480, grad_fn=<SqueezeBackward0>),tensor(-0.3974, grad_fn=<NegBackward0>),3204,18.55294895172119,6,0.5,,20
double_cake,random,random_lr0_1_lr0_01_lr0_01_optgd_epochs100_epochs0_001_epochs0_001_clusters8__rep1,42,0.9166666666666666,tensor(0.2260, grad_fn=<SqueezeBackward0>),tensor(-0.3478, grad_fn=<NegBackward0>),2752,18.98866105079651,8,0.5,,20
double_cake,random,random_lr0_1_lr0_01_lr0_01_optgd_epochs100_epochs0_001_epochs0_001_clusters6__rep1,89,0.8333333333333334,tensor(0.2492, grad_fn=<SqueezeBackward0>),tensor(-0.4041, grad_fn=<NegBackward0>),3240,17.7799711227417,6,0.5,,20
double_cake,random,random_lr0_1_lr0_01_lr0_01_optgd_epochs100_epochs0_001_epochs0_001_clusters8__rep1,43,0.9166666666666666,tensor(0.2269, grad_fn=<SqueezeBackward0>),tensor(-0.3806, grad_fn=<NegBackward0>),2816,19.05299425125122,8,0.5,,20
double_cake,random,random_lr0_1_lr0_01_lr0_01_optgd_epochs100_epochs0_001_epochs0_001_clusters6__rep1,90,0.8333333333333334,tensor(0.2496, grad_fn=<SqueezeBackward0>),tensor(-0.2938, grad_fn=<NegBackward0>),3276,19.252429962158203,6,0.5,,20
double_cake,random,random_lr0_1_lr0_01_lr0_01_optgd_epochs100_epochs0_001_epochs0_001_clusters8__rep1,44,0.9166666666666666,tensor(0.2278, grad_fn=<SqueezeBackward0>),tensor(-0.4260, grad_fn=<NegBackward0>),2880,18.07474994659424,8,0.5,,20
double_cake,random,random_lr0_1_lr0_01_lr0_01_optgd_epochs100_epochs0_001_epochs0_001_clusters6__rep1,91,0.8333333333333334,tensor(0.2491, grad_fn=<SqueezeBackward0>),tensor(-0.3746, grad_fn=<NegBackward0>),3312,17.840337991714478,6,0.5,,20
double_cake,random,random_lr0_1_lr0_01_lr0_01_optgd_epochs100_epochs0_001_epochs0_001_clusters8__rep1,45,0.9166666666666666,tensor(0.2282, grad_fn=<SqueezeBackward0>),tensor(-0.3825, grad_fn=<NegBackward0>),2944,19.393295764923096,8,0.5,,20
double_cake,random,random_lr0_1_lr0_01_lr0_01_optgd_epochs100_epochs0_001_epochs0_001_clusters6__rep1,92,0.8333333333333334,tensor(0.2501, grad_fn=<SqueezeBackward0>),tensor(-0.4601, grad_fn=<NegBackward0>),3348,18.237299919128418,6,0.5,,20
double_cake,random,random_lr0_1_lr0_01_lr0_01_optgd_epochs100_epochs0_001_epochs0_001_clusters8__rep1,46,0.9166666666666666,tensor(0.2289, grad_fn=<SqueezeBackward0>),tensor(-0.4544, grad_fn=<NegBackward0>),3008,18.064041137695312,8,0.5,,20
double_cake,random,random_lr0_1_lr0_01_lr0_01_optgd_epochs100_epochs0_001_epochs0_001_clusters6__rep1,93,0.8333333333333334,tensor(0.2505, grad_fn=<SqueezeBackward0>),tensor(-0.3950, grad_fn=<NegBackward0>),3384,18.733484029769897,6,0.5,,20
double_cake,random,random_lr0_1_lr0_01_lr0_01_optgd_epochs100_epochs0_001_epochs0_001_clusters8__rep1,47,0.9166666666666666,tensor(0.2299, grad_fn=<SqueezeBackward0>),tensor(-0.3757, grad_fn=<NegBackward0>),3072,19.35990595817566,8,0.5,,20
double_cake,random,random_lr0_1_lr0_01_lr0_01_optgd_epochs100_epochs0_001_epochs0_001_clusters6__rep1,94,0.9166666666666666,tensor(0.2513, grad_fn=<SqueezeBackward0>),tensor(-0.4640, grad_fn=<NegBackward0>),3420,18.632620811462402,6,0.5,,20
double_cake,random,random_lr0_1_lr0_01_lr0_01_optgd_epochs100_epochs0_001_epochs0_001_clusters8__rep1,48,0.9166666666666666,tensor(0.2301, grad_fn=<SqueezeBackward0>),tensor(-0.4936, grad_fn=<NegBackward0>),3136,18.207351684570312,8,0.5,,20
double_cake,random,random_lr0_1_lr0_01_lr0_01_optgd_epochs100_epochs0_001_epochs0_001_clusters6__rep1,95,0.8333333333333334,tensor(0.2518, grad_fn=<SqueezeBackward0>),tensor(-0.3837, grad_fn=<NegBackward0>),3456,18.60240387916565,6,0.5,,20
double_cake,random,random_lr0_1_lr0_01_lr0_01_optgd_epochs100_epochs0_001_epochs0_001_clusters8__rep1,49,0.9166666666666666,tensor(0.2310, grad_fn=<SqueezeBackward0>),tensor(-0.4261, grad_fn=<NegBackward0>),3200,19.048480987548828,8,0.5,,20
double_cake,random,random_lr0_1_lr0_01_lr0_01_optgd_epochs100_epochs0_001_epochs0_001_clusters6__rep1,96,0.8333333333333334,tensor(0.2518, grad_fn=<SqueezeBackward0>),tensor(-0.5175, grad_fn=<NegBackward0>),3492,18.020761966705322,6,0.5,,20
double_cake,random,random_lr0_1_lr0_01_lr0_01_optgd_epochs100_epochs0_001_epochs0_001_clusters8__rep1,50,0.9166666666666666,tensor(0.2320, grad_fn=<SqueezeBackward0>),tensor(-0.4170, grad_fn=<NegBackward0>),3264,18.832215785980225,8,0.5,,20
double_cake,random,random_lr0_1_lr0_01_lr0_01_optgd_epochs100_epochs0_001_epochs0_001_clusters6__rep1,97,0.8333333333333334,tensor(0.2523, grad_fn=<SqueezeBackward0>),tensor(-0.4880, grad_fn=<NegBackward0>),3528,18.596067667007446,6,0.5,,20
double_cake,random,random_lr0_1_lr0_01_lr0_01_optgd_epochs100_epochs0_001_epochs0_001_clusters8__rep1,51,0.9166666666666666,tensor(0.2327, grad_fn=<SqueezeBackward0>),tensor(-0.3296, grad_fn=<NegBackward0>),3328,17.949297189712524,8,0.5,,20
double_cake,random,random_lr0_1_lr0_01_lr0_01_optgd_epochs100_epochs0_001_epochs0_001_clusters6__rep1,98,0.8333333333333334,tensor(0.2527, grad_fn=<SqueezeBackward0>),tensor(-0.5034, grad_fn=<NegBackward0>),3564,18.829060077667236,6,0.5,,20
double_cake,random,random_lr0_1_lr0_01_lr0_01_optgd_epochs100_epochs0_001_epochs0_001_clusters8__rep1,52,0.9166666666666666,tensor(0.2330, grad_fn=<SqueezeBackward0>),tensor(-0.4118, grad_fn=<NegBackward0>),3392,19.832775831222534,8,0.5,,20
double_cake,random,random_lr0_1_lr0_01_lr0_01_optgd_epochs100_epochs0_001_epochs0_001_clusters6__rep1,99,0.9166666666666666,tensor(0.2540, grad_fn=<SqueezeBackward0>),tensor(-0.3970, grad_fn=<NegBackward0>),3600,17.747312784194946,6,0.5,,20
double_cake,random,random_lr0_1_lr0_01_lr0_01_optgd_epochs100_epochs0_001_epochs0_001_clusters8__rep1,53,0.8333333333333334,tensor(0.2340, grad_fn=<SqueezeBackward0>),tensor(-0.4333, grad_fn=<NegBackward0>),3456,19.032270193099976,8,0.5,,20
double_cake,random,random_lr0_1_lr0_01_lr0_01_optgd_epochs100_epochs0_001_epochs0_001_clusters8__rep1,54,0.8333333333333334,tensor(0.2348, grad_fn=<SqueezeBackward0>),tensor(-0.4285, grad_fn=<NegBackward0>),3520,18.114765882492065,8,0.5,,20
double_cake,random,random_lr0_1_lr0_01_lr0_01_optgd_epochs100_epochs0_001_epochs0_001_clusters8__rep1,55,0.8333333333333334,tensor(0.2347, grad_fn=<SqueezeBackward0>),tensor(-0.3765, grad_fn=<NegBackward0>),3584,19.433854818344116,8,0.5,,20
double_cake,random,random_lr0_1_lr0_01_lr0_01_optgd_epochs100_epochs0_001_epochs0_001_clusters10__rep1,0,1.0,tensor(0.1818, grad_fn=<SqueezeBackward0>),tensor(-0.2824, grad_fn=<NegBackward0>),100,17.982222080230713,10,0.5,,20
double_cake,random,random_lr0_1_lr0_01_lr0_01_optgd_epochs100_epochs0_001_epochs0_001_clusters8__rep1,56,0.8333333333333334,tensor(0.2349, grad_fn=<SqueezeBackward0>),tensor(-0.5451, grad_fn=<NegBackward0>),3648,18.05653691291809,8,0.5,,20
double_cake,random,random_lr0_1_lr0_01_lr0_01_optgd_epochs100_epochs0_001_epochs0_001_clusters10__rep1,1,1.0,tensor(0.1835, grad_fn=<SqueezeBackward0>),tensor(-0.3042, grad_fn=<NegBackward0>),200,18.912368059158325,10,0.5,,20
double_cake,random,random_lr0_1_lr0_01_lr0_01_optgd_epochs100_epochs0_001_epochs0_001_clusters8__rep1,57,0.9166666666666666,tensor(0.2360, grad_fn=<SqueezeBackward0>),tensor(-0.4739, grad_fn=<NegBackward0>),3712,19.35803198814392,8,0.5,,20
double_cake,random,random_lr0_1_lr0_01_lr0_01_optgd_epochs100_epochs0_001_epochs0_001_clusters10__rep1,2,1.0,tensor(0.1835, grad_fn=<SqueezeBackward0>),tensor(-0.2636, grad_fn=<NegBackward0>),300,18.723488807678223,10,0.5,,20
double_cake,random,random_lr0_1_lr0_01_lr0_01_optgd_epochs100_epochs0_001_epochs0_001_clusters8__rep1,58,0.9166666666666666,tensor(0.2374, grad_fn=<SqueezeBackward0>),tensor(-0.3888, grad_fn=<NegBackward0>),3776,18.25216007232666,8,0.5,,20
double_cake,random,random_lr0_1_lr0_01_lr0_01_optgd_epochs100_epochs0_001_epochs0_001_clusters10__rep1,3,1.0,tensor(0.1857, grad_fn=<SqueezeBackward0>),tensor(-0.3388, grad_fn=<NegBackward0>),400,19.204895973205566,10,0.5,,20
double_cake,random,random_lr0_1_lr0_01_lr0_01_optgd_epochs100_epochs0_001_epochs0_001_clusters8__rep1,59,0.9166666666666666,tensor(0.2376, grad_fn=<SqueezeBackward0>),tensor(-0.3636, grad_fn=<NegBackward0>),3840,18.977810859680176,8,0.5,,20
double_cake,random,random_lr0_1_lr0_01_lr0_01_optgd_epochs100_epochs0_001_epochs0_001_clusters10__rep1,4,1.0,tensor(0.1859, grad_fn=<SqueezeBackward0>),tensor(-0.3525, grad_fn=<NegBackward0>),500,18.08104395866394,10,0.5,,20
double_cake,random,random_lr0_1_lr0_01_lr0_01_optgd_epochs100_epochs0_001_epochs0_001_clusters8__rep1,60,0.9166666666666666,tensor(0.2385, grad_fn=<SqueezeBackward0>),tensor(-0.4263, grad_fn=<NegBackward0>),3904,18.864672899246216,8,0.5,,20
double_cake,random,random_lr0_1_lr0_01_lr0_01_optgd_epochs100_epochs0_001_epochs0_001_clusters10__rep1,5,1.0,tensor(0.1876, grad_fn=<SqueezeBackward0>),tensor(-0.2917, grad_fn=<NegBackward0>),600,19.049052000045776,10,0.5,,20
double_cake,random,random_lr0_1_lr0_01_lr0_01_optgd_epochs100_epochs0_001_epochs0_001_clusters8__rep1,61,0.9166666666666666,tensor(0.2387, grad_fn=<SqueezeBackward0>),tensor(-0.3684, grad_fn=<NegBackward0>),3968,17.991565227508545,8,0.5,,20
double_cake,random,random_lr0_1_lr0_01_lr0_01_optgd_epochs100_epochs0_001_epochs0_001_clusters10__rep1,6,1.0,tensor(0.1896, grad_fn=<SqueezeBackward0>),tensor(-0.3331, grad_fn=<NegBackward0>),700,18.645339012145996,10,0.5,,20
double_cake,random,random_lr0_1_lr0_01_lr0_01_optgd_epochs100_epochs0_001_epochs0_001_clusters8__rep1,62,0.9166666666666666,tensor(0.2392, grad_fn=<SqueezeBackward0>),tensor(-0.4771, grad_fn=<NegBackward0>),4032,19.078593969345093,8,0.5,,20
double_cake,random,random_lr0_1_lr0_01_lr0_01_optgd_epochs100_epochs0_001_epochs0_001_clusters10__rep1,7,1.0,tensor(0.1896, grad_fn=<SqueezeBackward0>),tensor(-0.3475, grad_fn=<NegBackward0>),800,19.041069746017456,10,0.5,,20
double_cake,random,random_lr0_1_lr0_01_lr0_01_optgd_epochs100_epochs0_001_epochs0_001_clusters8__rep1,63,0.9166666666666666,tensor(0.2392, grad_fn=<SqueezeBackward0>),tensor(-0.3626, grad_fn=<NegBackward0>),4096,19.040040969848633,8,0.5,,20
double_cake,random,random_lr0_1_lr0_01_lr0_01_optgd_epochs100_epochs0_001_epochs0_001_clusters10__rep1,8,1.0,tensor(0.1915, grad_fn=<SqueezeBackward0>),tensor(-0.2579, grad_fn=<NegBackward0>),900,18.791271924972534,10,0.5,,20
double_cake,random,random_lr0_1_lr0_01_lr0_01_optgd_epochs100_epochs0_001_epochs0_001_clusters8__rep1,64,0.8333333333333334,tensor(0.2395, grad_fn=<SqueezeBackward0>),tensor(-0.3370, grad_fn=<NegBackward0>),4160,18.083160877227783,8,0.5,,20
double_cake,random,random_lr0_1_lr0_01_lr0_01_optgd_epochs100_epochs0_001_epochs0_001_clusters10__rep1,9,1.0,tensor(0.1929, grad_fn=<SqueezeBackward0>),tensor(-0.3505, grad_fn=<NegBackward0>),1000,19.657456159591675,10,0.5,,20
double_cake,random,random_lr0_1_lr0_01_lr0_01_optgd_epochs100_epochs0_001_epochs0_001_clusters8__rep1,65,0.8333333333333334,tensor(0.2403, grad_fn=<SqueezeBackward0>),tensor(-0.3609, grad_fn=<NegBackward0>),4224,19.38942313194275,8,0.5,,20
double_cake,random,random_lr0_1_lr0_01_lr0_01_optgd_epochs100_epochs0_001_epochs0_001_clusters10__rep1,10,1.0,tensor(0.1937, grad_fn=<SqueezeBackward0>),tensor(-0.3614, grad_fn=<NegBackward0>),1100,18.11990189552307,10,0.5,,20
double_cake,random,random_lr0_1_lr0_01_lr0_01_optgd_epochs100_epochs0_001_epochs0_001_clusters8__rep1,66,0.8333333333333334,tensor(0.2408, grad_fn=<SqueezeBackward0>),tensor(-0.4754, grad_fn=<NegBackward0>),4288,18.102954864501953,8,0.5,,20
double_cake,random,random_lr0_1_lr0_01_lr0_01_optgd_epochs100_epochs0_001_epochs0_001_clusters10__rep1,11,1.0,tensor(0.1961, grad_fn=<SqueezeBackward0>),tensor(-0.2577, grad_fn=<NegBackward0>),1200,18.989511966705322,10,0.5,,20
double_cake,random,random_lr0_1_lr0_01_lr0_01_optgd_epochs100_epochs0_001_epochs0_001_clusters8__rep1,67,0.8333333333333334,tensor(0.2414, grad_fn=<SqueezeBackward0>),tensor(-0.4658, grad_fn=<NegBackward0>),4352,19.403762817382812,8,0.5,,20
double_cake,random,random_lr0_1_lr0_01_lr0_01_optgd_epochs100_epochs0_001_epochs0_001_clusters10__rep1,12,1.0,tensor(0.1984, grad_fn=<SqueezeBackward0>),tensor(-0.3133, grad_fn=<NegBackward0>),1300,18.791074752807617,10,0.5,,20
double_cake,random,random_lr0_1_lr0_01_lr0_01_optgd_epochs100_epochs0_001_epochs0_001_clusters8__rep1,68,0.8333333333333334,tensor(0.2427, grad_fn=<SqueezeBackward0>),tensor(-0.4434, grad_fn=<NegBackward0>),4416,18.275479078292847,8,0.5,,20
double_cake,random,random_lr0_1_lr0_01_lr0_01_optgd_epochs100_epochs0_001_epochs0_001_clusters10__rep1,13,1.0,tensor(0.2000, grad_fn=<SqueezeBackward0>),tensor(-0.2901, grad_fn=<NegBackward0>),1400,19.134924173355103,10,0.5,,20
double_cake,random,random_lr0_1_lr0_01_lr0_01_optgd_epochs100_epochs0_001_epochs0_001_clusters8__rep1,69,0.8333333333333334,tensor(0.2424, grad_fn=<SqueezeBackward0>),tensor(-0.3853, grad_fn=<NegBackward0>),4480,19.014492988586426,8,0.5,,20
double_cake,random,random_lr0_1_lr0_01_lr0_01_optgd_epochs100_epochs0_001_epochs0_001_clusters10__rep1,14,1.0,tensor(0.2007, grad_fn=<SqueezeBackward0>),tensor(-0.4850, grad_fn=<NegBackward0>),1500,18.408519983291626,10,0.5,,20
double_cake,random,random_lr0_1_lr0_01_lr0_01_optgd_epochs100_epochs0_001_epochs0_001_clusters8__rep1,70,0.8333333333333334,tensor(0.2434, grad_fn=<SqueezeBackward0>),tensor(-0.4128, grad_fn=<NegBackward0>),4544,18.84675669670105,8,0.5,,20
double_cake,random,random_lr0_1_lr0_01_lr0_01_optgd_epochs100_epochs0_001_epochs0_001_clusters10__rep1,15,0.9166666666666666,tensor(0.2013, grad_fn=<SqueezeBackward0>),tensor(-0.3967, grad_fn=<NegBackward0>),1600,18.590783834457397,10,0.5,,20
double_cake,random,random_lr0_1_lr0_01_lr0_01_optgd_epochs100_epochs0_001_epochs0_001_clusters8__rep1,71,0.8333333333333334,tensor(0.2448, grad_fn=<SqueezeBackward0>),tensor(-0.3873, grad_fn=<NegBackward0>),4608,18.01216697692871,8,0.5,,20
double_cake,random,random_lr0_1_lr0_01_lr0_01_optgd_epochs100_epochs0_001_epochs0_001_clusters10__rep1,16,1.0,tensor(0.2015, grad_fn=<SqueezeBackward0>),tensor(-0.2944, grad_fn=<NegBackward0>),1700,19.00429105758667,10,0.5,,20
double_cake,random,random_lr0_1_lr0_01_lr0_01_optgd_epochs100_epochs0_001_epochs0_001_clusters8__rep1,72,0.8333333333333334,tensor(0.2454, grad_fn=<SqueezeBackward0>),tensor(-0.4846, grad_fn=<NegBackward0>),4672,19.007279872894287,8,0.5,,20
double_cake,random,random_lr0_1_lr0_01_lr0_01_optgd_epochs100_epochs0_001_epochs0_001_clusters10__rep1,17,1.0,tensor(0.2029, grad_fn=<SqueezeBackward0>),tensor(-0.2776, grad_fn=<NegBackward0>),1800,18.829075813293457,10,0.5,,20
double_cake,random,random_lr0_1_lr0_01_lr0_01_optgd_epochs100_epochs0_001_epochs0_001_clusters8__rep1,73,0.8333333333333334,tensor(0.2458, grad_fn=<SqueezeBackward0>),tensor(-0.3533, grad_fn=<NegBackward0>),4736,19.068490028381348,8,0.5,,20
double_cake,random,random_lr0_1_lr0_01_lr0_01_optgd_epochs100_epochs0_001_epochs0_001_clusters10__rep1,18,0.9166666666666666,tensor(0.2057, grad_fn=<SqueezeBackward0>),tensor(-0.2716, grad_fn=<NegBackward0>),1900,19.698216915130615,10,0.5,,20
double_cake,random,random_lr0_1_lr0_01_lr0_01_optgd_epochs100_epochs0_001_epochs0_001_clusters8__rep1,74,0.8333333333333334,tensor(0.2466, grad_fn=<SqueezeBackward0>),tensor(-0.3706, grad_fn=<NegBackward0>),4800,18.04536724090576,8,0.5,,20
double_cake,random,random_lr0_1_lr0_01_lr0_01_optgd_epochs100_epochs0_001_epochs0_001_clusters10__rep1,19,0.9166666666666666,tensor(0.2058, grad_fn=<SqueezeBackward0>),tensor(-0.2991, grad_fn=<NegBackward0>),2000,18.132755994796753,10,0.5,,20
double_cake,random,random_lr0_1_lr0_01_lr0_01_optgd_epochs100_epochs0_001_epochs0_001_clusters8__rep1,75,0.8333333333333334,tensor(0.2467, grad_fn=<SqueezeBackward0>),tensor(-0.5843, grad_fn=<NegBackward0>),4864,19.454500913619995,8,0.5,,20
double_cake,random,random_lr0_1_lr0_01_lr0_01_optgd_epochs100_epochs0_001_epochs0_001_clusters10__rep1,20,0.9166666666666666,tensor(0.2093, grad_fn=<SqueezeBackward0>),tensor(-0.3403, grad_fn=<NegBackward0>),2100,19.06986093521118,10,0.5,,20
double_cake,random,random_lr0_1_lr0_01_lr0_01_optgd_epochs100_epochs0_001_epochs0_001_clusters8__rep1,76,0.8333333333333334,tensor(0.2476, grad_fn=<SqueezeBackward0>),tensor(-0.2561, grad_fn=<NegBackward0>),4928,18.10636067390442,8,0.5,,20
double_cake,random,random_lr0_1_lr0_01_lr0_01_optgd_epochs100_epochs0_001_epochs0_001_clusters10__rep1,21,0.9166666666666666,tensor(0.2101, grad_fn=<SqueezeBackward0>),tensor(-0.2262, grad_fn=<NegBackward0>),2200,18.843422889709473,10,0.5,,20
double_cake,random,random_lr0_1_lr0_01_lr0_01_optgd_epochs100_epochs0_001_epochs0_001_clusters8__rep1,77,0.8333333333333334,tensor(0.2486, grad_fn=<SqueezeBackward0>),tensor(-0.3340, grad_fn=<NegBackward0>),4992,19.397127866744995,8,0.5,,20
double_cake,random,random_lr0_1_lr0_01_lr0_01_optgd_epochs100_epochs0_001_epochs0_001_clusters10__rep1,22,0.9166666666666666,tensor(0.2108, grad_fn=<SqueezeBackward0>),tensor(-0.3146, grad_fn=<NegBackward0>),2300,19.143238306045532,10,0.5,,20
double_cake,random,random_lr0_1_lr0_01_lr0_01_optgd_epochs100_epochs0_001_epochs0_001_clusters8__rep1,78,0.8333333333333334,tensor(0.2494, grad_fn=<SqueezeBackward0>),tensor(-0.4092, grad_fn=<NegBackward0>),5056,18.264476776123047,8,0.5,,20
double_cake,random,random_lr0_1_lr0_01_lr0_01_optgd_epochs100_epochs0_001_epochs0_001_clusters10__rep1,23,0.9166666666666666,tensor(0.2127, grad_fn=<SqueezeBackward0>),tensor(-0.3704, grad_fn=<NegBackward0>),2400,18.404979944229126,10,0.5,,20
double_cake,random,random_lr0_1_lr0_01_lr0_01_optgd_epochs100_epochs0_001_epochs0_001_clusters8__rep1,79,0.8333333333333334,tensor(0.2496, grad_fn=<SqueezeBackward0>),tensor(-0.3433, grad_fn=<NegBackward0>),5120,19.029036045074463,8,0.5,,20
double_cake,random,random_lr0_1_lr0_01_lr0_01_optgd_epochs100_epochs0_001_epochs0_001_clusters10__rep1,24,0.9166666666666666,tensor(0.2136, grad_fn=<SqueezeBackward0>),tensor(-0.2981, grad_fn=<NegBackward0>),2500,18.60191798210144,10,0.5,,20
double_cake,random,random_lr0_1_lr0_01_lr0_01_optgd_epochs100_epochs0_001_epochs0_001_clusters8__rep1,80,0.8333333333333334,tensor(0.2505, grad_fn=<SqueezeBackward0>),tensor(-0.4353, grad_fn=<NegBackward0>),5184,18.865648984909058,8,0.5,,20
double_cake,random,random_lr0_1_lr0_01_lr0_01_optgd_epochs100_epochs0_001_epochs0_001_clusters10__rep1,25,0.9166666666666666,tensor(0.2142, grad_fn=<SqueezeBackward0>),tensor(-0.3230, grad_fn=<NegBackward0>),2600,19.08751106262207,10,0.5,,20
double_cake,random,random_lr0_1_lr0_01_lr0_01_optgd_epochs100_epochs0_001_epochs0_001_clusters8__rep1,81,0.8333333333333334,tensor(0.2510, grad_fn=<SqueezeBackward0>),tensor(-0.3245, grad_fn=<NegBackward0>),5248,17.994723081588745,8,0.5,,20
double_cake,random,random_lr0_1_lr0_01_lr0_01_optgd_epochs100_epochs0_001_epochs0_001_clusters10__rep1,26,0.9166666666666666,tensor(0.2149, grad_fn=<SqueezeBackward0>),tensor(-0.4745, grad_fn=<NegBackward0>),2700,18.799370050430298,10,0.5,,20
double_cake,random,random_lr0_1_lr0_01_lr0_01_optgd_epochs100_epochs0_001_epochs0_001_clusters8__rep1,82,0.8333333333333334,tensor(0.2514, grad_fn=<SqueezeBackward0>),tensor(-0.4907, grad_fn=<NegBackward0>),5312,19.073142051696777,8,0.5,,20
double_cake,random,random_lr0_1_lr0_01_lr0_01_optgd_epochs100_epochs0_001_epochs0_001_clusters10__rep1,27,0.9166666666666666,tensor(0.2153, grad_fn=<SqueezeBackward0>),tensor(-0.3022, grad_fn=<NegBackward0>),2800,19.698415756225586,10,0.5,,20
double_cake,random,random_lr0_1_lr0_01_lr0_01_optgd_epochs100_epochs0_001_epochs0_001_clusters8__rep1,83,0.8333333333333334,tensor(0.2521, grad_fn=<SqueezeBackward0>),tensor(-0.3650, grad_fn=<NegBackward0>),5376,19.02525496482849,8,0.5,,20
double_cake,random,random_lr0_1_lr0_01_lr0_01_optgd_epochs100_epochs0_001_epochs0_001_clusters10__rep1,28,0.9166666666666666,tensor(0.2167, grad_fn=<SqueezeBackward0>),tensor(-0.3702, grad_fn=<NegBackward0>),2900,18.107228994369507,10,0.5,,20
double_cake,random,random_lr0_1_lr0_01_lr0_01_optgd_epochs100_epochs0_001_epochs0_001_clusters8__rep1,84,0.8333333333333334,tensor(0.2525, grad_fn=<SqueezeBackward0>),tensor(-0.3433, grad_fn=<NegBackward0>),5440,18.09717893600464,8,0.5,,20
double_cake,random,random_lr0_1_lr0_01_lr0_01_optgd_epochs100_epochs0_001_epochs0_001_clusters10__rep1,29,0.9166666666666666,tensor(0.2168, grad_fn=<SqueezeBackward0>),tensor(-0.3698, grad_fn=<NegBackward0>),3000,19.027911901474,10,0.5,,20
double_cake,random,random_lr0_1_lr0_01_lr0_01_optgd_epochs100_epochs0_001_epochs0_001_clusters8__rep1,85,0.8333333333333334,tensor(0.2528, grad_fn=<SqueezeBackward0>),tensor(-0.4775, grad_fn=<NegBackward0>),5504,19.435688972473145,8,0.5,,20
double_cake,random,random_lr0_1_lr0_01_lr0_01_optgd_epochs100_epochs0_001_epochs0_001_clusters10__rep1,30,0.9166666666666666,tensor(0.2175, grad_fn=<SqueezeBackward0>),tensor(-0.3695, grad_fn=<NegBackward0>),3100,18.74891209602356,10,0.5,,20
double_cake,random,random_lr0_1_lr0_01_lr0_01_optgd_epochs100_epochs0_001_epochs0_001_clusters8__rep1,86,0.8333333333333334,tensor(0.2532, grad_fn=<SqueezeBackward0>),tensor(-0.2676, grad_fn=<NegBackward0>),5568,18.079759120941162,8,0.5,,20
double_cake,random,random_lr0_1_lr0_01_lr0_01_optgd_epochs100_epochs0_001_epochs0_001_clusters10__rep1,31,0.9166666666666666,tensor(0.2190, grad_fn=<SqueezeBackward0>),tensor(-0.2650, grad_fn=<NegBackward0>),3200,19.132386207580566,10,0.5,,20
double_cake,random,random_lr0_1_lr0_01_lr0_01_optgd_epochs100_epochs0_001_epochs0_001_clusters8__rep1,87,0.8333333333333334,tensor(0.2531, grad_fn=<SqueezeBackward0>),tensor(-0.2543, grad_fn=<NegBackward0>),5632,19.37403130531311,8,0.5,,20
double_cake,random,random_lr0_1_lr0_01_lr0_01_optgd_epochs100_epochs0_001_epochs0_001_clusters10__rep1,32,0.9166666666666666,tensor(0.2192, grad_fn=<SqueezeBackward0>),tensor(-0.3769, grad_fn=<NegBackward0>),3300,18.42866587638855,10,0.5,,20
double_cake,random,random_lr0_1_lr0_01_lr0_01_optgd_epochs100_epochs0_001_epochs0_001_clusters8__rep1,88,0.8333333333333334,tensor(0.2534, grad_fn=<SqueezeBackward0>),tensor(-0.3684, grad_fn=<NegBackward0>),5696,18.24547505378723,8,0.5,,20
double_cake,random,random_lr0_1_lr0_01_lr0_01_optgd_epochs100_epochs0_001_epochs0_001_clusters10__rep1,33,0.9166666666666666,tensor(0.2191, grad_fn=<SqueezeBackward0>),tensor(-0.3242, grad_fn=<NegBackward0>),3400,18.61186933517456,10,0.5,,20
double_cake,random,random_lr0_1_lr0_01_lr0_01_optgd_epochs100_epochs0_001_epochs0_001_clusters8__rep1,89,0.8333333333333334,tensor(0.2543, grad_fn=<SqueezeBackward0>),tensor(-0.3321, grad_fn=<NegBackward0>),5760,19.032965183258057,8,0.5,,20
double_cake,random,random_lr0_1_lr0_01_lr0_01_optgd_epochs100_epochs0_001_epochs0_001_clusters10__rep1,34,0.9166666666666666,tensor(0.2193, grad_fn=<SqueezeBackward0>),tensor(-0.3523, grad_fn=<NegBackward0>),3500,19.011991024017334,10,0.5,,20
double_cake,random,random_lr0_1_lr0_01_lr0_01_optgd_epochs100_epochs0_001_epochs0_001_clusters8__rep1,90,0.8333333333333334,tensor(0.2545, grad_fn=<SqueezeBackward0>),tensor(-0.2865, grad_fn=<NegBackward0>),5824,18.847043991088867,8,0.5,,20
double_cake,random,random_lr0_1_lr0_01_lr0_01_optgd_epochs100_epochs0_001_epochs0_001_clusters10__rep1,35,0.9166666666666666,tensor(0.2209, grad_fn=<SqueezeBackward0>),tensor(-0.3703, grad_fn=<NegBackward0>),3600,18.807379007339478,10,0.5,,20
double_cake,random,random_lr0_1_lr0_01_lr0_01_optgd_epochs100_epochs0_001_epochs0_001_clusters8__rep1,91,0.8333333333333334,tensor(0.2546, grad_fn=<SqueezeBackward0>),tensor(-0.3578, grad_fn=<NegBackward0>),5888,17.972141981124878,8,0.5,,20
double_cake,random,random_lr0_1_lr0_01_lr0_01_optgd_epochs100_epochs0_001_epochs0_001_clusters10__rep1,36,0.9166666666666666,tensor(0.2231, grad_fn=<SqueezeBackward0>),tensor(-0.4331, grad_fn=<NegBackward0>),3700,19.71343994140625,10,0.5,,20
double_cake,random,random_lr0_1_lr0_01_lr0_01_optgd_epochs100_epochs0_001_epochs0_001_clusters8__rep1,92,0.8333333333333334,tensor(0.2553, grad_fn=<SqueezeBackward0>),tensor(-0.3920, grad_fn=<NegBackward0>),5952,19.022148847579956,8,0.5,,20
double_cake,random,random_lr0_1_lr0_01_lr0_01_optgd_epochs100_epochs0_001_epochs0_001_clusters10__rep1,37,0.9166666666666666,tensor(0.2241, grad_fn=<SqueezeBackward0>),tensor(-0.3701, grad_fn=<NegBackward0>),3800,18.090028047561646,10,0.5,,20
double_cake,random,random_lr0_1_lr0_01_lr0_01_optgd_epochs100_epochs0_001_epochs0_001_clusters8__rep1,93,0.8333333333333334,tensor(0.2558, grad_fn=<SqueezeBackward0>),tensor(-0.4112, grad_fn=<NegBackward0>),6016,18.999438047409058,8,0.5,,20
double_cake,random,random_lr0_1_lr0_01_lr0_01_optgd_epochs100_epochs0_001_epochs0_001_clusters10__rep1,38,0.9166666666666666,tensor(0.2248, grad_fn=<SqueezeBackward0>),tensor(-0.3754, grad_fn=<NegBackward0>),3900,18.972350120544434,10,0.5,,20
double_cake,random,random_lr0_1_lr0_01_lr0_01_optgd_epochs100_epochs0_001_epochs0_001_clusters8__rep1,94,0.8333333333333334,tensor(0.2564, grad_fn=<SqueezeBackward0>),tensor(-0.4507, grad_fn=<NegBackward0>),6080,18.059048891067505,8,0.5,,20
double_cake,random,random_lr0_1_lr0_01_lr0_01_optgd_epochs100_epochs0_001_epochs0_001_clusters10__rep1,39,0.9166666666666666,tensor(0.2253, grad_fn=<SqueezeBackward0>),tensor(-0.4122, grad_fn=<NegBackward0>),4000,18.797626972198486,10,0.5,,20
double_cake,random,random_lr0_1_lr0_01_lr0_01_optgd_epochs100_epochs0_001_epochs0_001_clusters8__rep1,95,0.8333333333333334,tensor(0.2572, grad_fn=<SqueezeBackward0>),tensor(-0.3067, grad_fn=<NegBackward0>),6144,19.43540096282959,8,0.5,,20
double_cake,random,random_lr0_1_lr0_01_lr0_01_optgd_epochs100_epochs0_001_epochs0_001_clusters8__rep1,96,0.8333333333333334,tensor(0.2575, grad_fn=<SqueezeBackward0>),tensor(-0.4902, grad_fn=<NegBackward0>),6208,18.04723811149597,8,0.5,,20
double_cake,random,random_lr0_1_lr0_01_lr0_01_optgd_epochs100_epochs0_001_epochs0_001_clusters10__rep1,40,0.9166666666666666,tensor(0.2258, grad_fn=<SqueezeBackward0>),tensor(-0.4062, grad_fn=<NegBackward0>),4100,19.0780508518219,10,0.5,,20
double_cake,random,random_lr0_1_lr0_01_lr0_01_optgd_epochs100_epochs0_001_epochs0_001_clusters10__rep1,41,0.9166666666666666,tensor(0.2270, grad_fn=<SqueezeBackward0>),tensor(-0.3102, grad_fn=<NegBackward0>),4200,18.39260196685791,10,0.5,,20
double_cake,random,random_lr0_1_lr0_01_lr0_01_optgd_epochs100_epochs0_001_epochs0_001_clusters8__rep1,97,0.8333333333333334,tensor(0.2579, grad_fn=<SqueezeBackward0>),tensor(-0.4204, grad_fn=<NegBackward0>),6272,19.34352421760559,8,0.5,,20
double_cake,random,random_lr0_1_lr0_01_lr0_01_optgd_epochs100_epochs0_001_epochs0_001_clusters10__rep1,42,0.9166666666666666,tensor(0.2272, grad_fn=<SqueezeBackward0>),tensor(-0.3264, grad_fn=<NegBackward0>),4300,18.585145950317383,10,0.5,,20
double_cake,random,random_lr0_1_lr0_01_lr0_01_optgd_epochs100_epochs0_001_epochs0_001_clusters8__rep1,98,0.8333333333333334,tensor(0.2581, grad_fn=<SqueezeBackward0>),tensor(-0.4616, grad_fn=<NegBackward0>),6336,18.256880044937134,8,0.5,,20
double_cake,random,random_lr0_1_lr0_01_lr0_01_optgd_epochs100_epochs0_001_epochs0_001_clusters10__rep1,43,0.9166666666666666,tensor(0.2279, grad_fn=<SqueezeBackward0>),tensor(-0.3275, grad_fn=<NegBackward0>),4400,19.035490036010742,10,0.5,,20
double_cake,random,random_lr0_1_lr0_01_lr0_01_optgd_epochs100_epochs0_001_epochs0_001_clusters8__rep1,99,0.8333333333333334,tensor(0.2585, grad_fn=<SqueezeBackward0>),tensor(-0.3853, grad_fn=<NegBackward0>),6400,18.95470690727234,8,0.5,,20
double_cake,random,random_lr0_1_lr0_01_lr0_01_optgd_epochs100_epochs0_001_epochs0_001_clusters10__rep1,44,0.9166666666666666,tensor(0.2286, grad_fn=<SqueezeBackward0>),tensor(-0.3846, grad_fn=<NegBackward0>),4500,18.79468321800232,10,0.5,,20
double_cake,random,random_lr0_1_lr0_01_lr0_01_optgd_epochs100_epochs0_001_epochs0_001_clusters10__rep1,45,0.9166666666666666,tensor(0.2290, grad_fn=<SqueezeBackward0>),tensor(-0.3957, grad_fn=<NegBackward0>),4600,19.7631196975708,10,0.5,,20
double_cake,random,random_lr0_1_lr0_01_lr0_01_optgd_epochs100_epochs0_001_epochs0_001_clusters10__rep1,46,0.9166666666666666,tensor(0.2299, grad_fn=<SqueezeBackward0>),tensor(-0.5114, grad_fn=<NegBackward0>),4700,18.1186580657959,10,0.5,,20
double_cake,random,random_lr0_1_lr0_01_lr0_01_optgd_epochs100_epochs0_001_epochs0_001_clusters10__rep1,47,0.9166666666666666,tensor(0.2311, grad_fn=<SqueezeBackward0>),tensor(-0.3414, grad_fn=<NegBackward0>),4800,19.001595973968506,10,0.5,,20
double_cake,random,random_lr0_1_lr0_01_lr0_01_optgd_epochs100_epochs0_001_epochs0_001_clusters2__rep1,0,0.6875,tensor(0.1245, grad_fn=<SqueezeBackward0>),tensor(-0.9933, grad_fn=<NegBackward0>),4,32.443954944610596,2,0.5,,20
double_cake,random,random_lr0_1_lr0_01_lr0_01_optgd_epochs100_epochs0_001_epochs0_001_clusters10__rep1,48,0.9166666666666666,tensor(0.2311, grad_fn=<SqueezeBackward0>),tensor(-0.4192, grad_fn=<NegBackward0>),4900,18.785002946853638,10,0.5,,20
double_cake,random,random_lr0_1_lr0_01_lr0_01_optgd_epochs100_epochs0_001_epochs0_001_clusters10__rep1,49,0.9166666666666666,tensor(0.2322, grad_fn=<SqueezeBackward0>),tensor(-0.3637, grad_fn=<NegBackward0>),5000,19.10354518890381,10,0.5,,20
double_cake,random,random_lr0_1_lr0_01_lr0_01_optgd_epochs100_epochs0_001_epochs0_001_clusters2__rep1,1,0.6875,tensor(0.1235, grad_fn=<SqueezeBackward0>),tensor(-0.7891, grad_fn=<NegBackward0>),8,33.00960087776184,2,0.5,,20
double_cake,random,random_lr0_1_lr0_01_lr0_01_optgd_epochs100_epochs0_001_epochs0_001_clusters10__rep1,50,0.9166666666666666,tensor(0.2329, grad_fn=<SqueezeBackward0>),tensor(-0.4792, grad_fn=<NegBackward0>),5100,18.459251880645752,10,0.5,,20
double_cake,random,random_lr0_1_lr0_01_lr0_01_optgd_epochs100_epochs0_001_epochs0_001_clusters10__rep1,51,0.9166666666666666,tensor(0.2332, grad_fn=<SqueezeBackward0>),tensor(-0.3360, grad_fn=<NegBackward0>),5200,18.567146062850952,10,0.5,,20
double_cake,random,random_lr0_1_lr0_01_lr0_01_optgd_epochs100_epochs0_001_epochs0_001_clusters2__rep1,2,0.6875,tensor(0.1247, grad_fn=<SqueezeBackward0>),tensor(-0.7507, grad_fn=<NegBackward0>),12,33.38853669166565,2,0.5,,20
double_cake,random,random_lr0_1_lr0_01_lr0_01_optgd_epochs100_epochs0_001_epochs0_001_clusters10__rep1,52,0.9166666666666666,tensor(0.2338, grad_fn=<SqueezeBackward0>),tensor(-0.4057, grad_fn=<NegBackward0>),5300,19.09665298461914,10,0.5,,20
double_cake,random,random_lr0_1_lr0_01_lr0_01_optgd_epochs100_epochs0_001_epochs0_001_clusters2__rep1,3,0.6875,tensor(0.1256, grad_fn=<SqueezeBackward0>),tensor(-0.7973, grad_fn=<NegBackward0>),16,31.93999671936035,2,0.5,,20
double_cake,random,random_lr0_1_lr0_01_lr0_01_optgd_epochs100_epochs0_001_epochs0_001_clusters10__rep1,53,0.9166666666666666,tensor(0.2355, grad_fn=<SqueezeBackward0>),tensor(-0.3536, grad_fn=<NegBackward0>),5400,18.730961322784424,10,0.5,,20
double_cake,random,random_lr0_1_lr0_01_lr0_01_optgd_epochs100_epochs0_001_epochs0_001_clusters10__rep1,54,0.9166666666666666,tensor(0.2365, grad_fn=<SqueezeBackward0>),tensor(-0.3689, grad_fn=<NegBackward0>),5500,19.723226070404053,10,0.5,,20
double_cake,random,random_lr0_1_lr0_01_lr0_01_optgd_epochs100_epochs0_001_epochs0_001_clusters2__rep1,4,0.6875,tensor(0.1267, grad_fn=<SqueezeBackward0>),tensor(-0.7509, grad_fn=<NegBackward0>),20,33.08460307121277,2,0.5,,20
double_cake,random,random_lr0_1_lr0_01_lr0_01_optgd_epochs100_epochs0_001_epochs0_001_clusters10__rep1,55,0.9166666666666666,tensor(0.2365, grad_fn=<SqueezeBackward0>),tensor(-0.4156, grad_fn=<NegBackward0>),5600,18.075525045394897,10,0.5,,20
double_cake,random,random_lr0_1_lr0_01_lr0_01_optgd_epochs100_epochs0_001_epochs0_001_clusters10__rep1,56,0.9166666666666666,tensor(0.2371, grad_fn=<SqueezeBackward0>),tensor(-0.5167, grad_fn=<NegBackward0>),5700,19.04509997367859,10,0.5,,20
double_cake,random,random_lr0_1_lr0_01_lr0_01_optgd_epochs100_epochs0_001_epochs0_001_clusters2__rep1,5,0.6875,tensor(0.1285, grad_fn=<SqueezeBackward0>),tensor(-0.6426, grad_fn=<NegBackward0>),24,33.02570986747742,2,0.5,,20
double_cake,random,random_lr0_1_lr0_01_lr0_01_optgd_epochs100_epochs0_001_epochs0_001_clusters10__rep1,57,0.9166666666666666,tensor(0.2371, grad_fn=<SqueezeBackward0>),tensor(-0.4251, grad_fn=<NegBackward0>),5800,18.76937770843506,10,0.5,,20
double_cake,random,random_lr0_1_lr0_01_lr0_01_optgd_epochs100_epochs0_001_epochs0_001_clusters10__rep1,58,0.9166666666666666,tensor(0.2387, grad_fn=<SqueezeBackward0>),tensor(-0.3668, grad_fn=<NegBackward0>),5900,19.136327028274536,10,0.5,,20
double_cake,random,random_lr0_1_lr0_01_lr0_01_optgd_epochs100_epochs0_001_epochs0_001_clusters2__rep1,6,0.75,tensor(0.1316, grad_fn=<SqueezeBackward0>),tensor(-0.6740, grad_fn=<NegBackward0>),28,34.17383599281311,2,0.5,,20
double_cake,random,random_lr0_1_lr0_01_lr0_01_optgd_epochs100_epochs0_001_epochs0_001_clusters10__rep1,59,0.9166666666666666,tensor(0.2388, grad_fn=<SqueezeBackward0>),tensor(-0.2859, grad_fn=<NegBackward0>),6000,18.42769193649292,10,0.5,,20
double_cake,random,random_lr0_1_lr0_01_lr0_01_optgd_epochs100_epochs0_001_epochs0_001_clusters2__rep1,7,0.75,tensor(0.1317, grad_fn=<SqueezeBackward0>),tensor(-0.8231, grad_fn=<NegBackward0>),32,31.852866888046265,2,0.5,,20
double_cake,random,random_lr0_1_lr0_01_lr0_01_optgd_epochs100_epochs0_001_epochs0_001_clusters10__rep1,60,0.9166666666666666,tensor(0.2394, grad_fn=<SqueezeBackward0>),tensor(-0.3641, grad_fn=<NegBackward0>),6100,18.575798988342285,10,0.5,,20
double_cake,random,random_lr0_1_lr0_01_lr0_01_optgd_epochs100_epochs0_001_epochs0_001_clusters10__rep1,61,0.9166666666666666,tensor(0.2399, grad_fn=<SqueezeBackward0>),tensor(-0.3366, grad_fn=<NegBackward0>),6200,19.089921951293945,10,0.5,,20
double_cake,random,random_lr0_1_lr0_01_lr0_01_optgd_epochs100_epochs0_001_epochs0_001_clusters2__rep1,8,0.75,tensor(0.1312, grad_fn=<SqueezeBackward0>),tensor(-0.6735, grad_fn=<NegBackward0>),36,34.18322515487671,2,0.5,,20
double_cake,random,random_lr0_1_lr0_01_lr0_01_optgd_epochs100_epochs0_001_epochs0_001_clusters10__rep1,62,0.9166666666666666,tensor(0.2408, grad_fn=<SqueezeBackward0>),tensor(-0.4369, grad_fn=<NegBackward0>),6300,18.797327995300293,10,0.5,,20
double_cake,random,random_lr0_1_lr0_01_lr0_01_optgd_epochs100_epochs0_001_epochs0_001_clusters10__rep1,63,0.9166666666666666,tensor(0.2414, grad_fn=<SqueezeBackward0>),tensor(-0.3556, grad_fn=<NegBackward0>),6400,19.70201301574707,10,0.5,,20
double_cake,random,random_lr0_1_lr0_01_lr0_01_optgd_epochs100_epochs0_001_epochs0_001_clusters2__rep1,9,0.75,tensor(0.1312, grad_fn=<SqueezeBackward0>),tensor(-0.9912, grad_fn=<NegBackward0>),40,32.17271113395691,2,0.5,,20
double_cake,random,random_lr0_1_lr0_01_lr0_01_optgd_epochs100_epochs0_001_epochs0_001_clusters10__rep1,64,0.9166666666666666,tensor(0.2421, grad_fn=<SqueezeBackward0>),tensor(-0.2894, grad_fn=<NegBackward0>),6500,18.11316704750061,10,0.5,,20
double_cake,random,random_lr0_1_lr0_01_lr0_01_optgd_epochs100_epochs0_001_epochs0_001_clusters10__rep1,65,0.9166666666666666,tensor(0.2428, grad_fn=<SqueezeBackward0>),tensor(-0.3421, grad_fn=<NegBackward0>),6600,19.02974224090576,10,0.5,,20
double_cake,random,random_lr0_1_lr0_01_lr0_01_optgd_epochs100_epochs0_001_epochs0_001_clusters2__rep1,10,0.75,tensor(0.1319, grad_fn=<SqueezeBackward0>),tensor(-0.8823, grad_fn=<NegBackward0>),44,34.223862648010254,2,0.5,,20
double_cake,random,random_lr0_1_lr0_01_lr0_01_optgd_epochs100_epochs0_001_epochs0_001_clusters10__rep1,66,0.9166666666666666,tensor(0.2432, grad_fn=<SqueezeBackward0>),tensor(-0.4467, grad_fn=<NegBackward0>),6700,18.86393713951111,10,0.5,,20
double_cake,random,random_lr0_1_lr0_01_lr0_01_optgd_epochs100_epochs0_001_epochs0_001_clusters2__rep1,11,0.75,tensor(0.1315, grad_fn=<SqueezeBackward0>),tensor(-0.8574, grad_fn=<NegBackward0>),48,32.271939754486084,2,0.5,,20
double_cake,random,random_lr0_1_lr0_01_lr0_01_optgd_epochs100_epochs0_001_epochs0_001_clusters10__rep1,67,0.9166666666666666,tensor(0.2436, grad_fn=<SqueezeBackward0>),tensor(-0.3478, grad_fn=<NegBackward0>),6800,19.12424612045288,10,0.5,,20
double_cake,random,random_lr0_1_lr0_01_lr0_01_optgd_epochs100_epochs0_001_epochs0_001_clusters10__rep1,68,0.9166666666666666,tensor(0.2447, grad_fn=<SqueezeBackward0>),tensor(-0.3931, grad_fn=<NegBackward0>),6900,18.434036016464233,10,0.5,,20
double_cake,random,random_lr0_1_lr0_01_lr0_01_optgd_epochs100_epochs0_001_epochs0_001_clusters2__rep1,12,0.75,tensor(0.1328, grad_fn=<SqueezeBackward0>),tensor(-0.7183, grad_fn=<NegBackward0>),52,32.74128603935242,2,0.5,,20
double_cake,random,random_lr0_1_lr0_01_lr0_01_optgd_epochs100_epochs0_001_epochs0_001_clusters10__rep1,69,0.9166666666666666,tensor(0.2454, grad_fn=<SqueezeBackward0>),tensor(-0.3685, grad_fn=<NegBackward0>),7000,18.582972049713135,10,0.5,,20
double_cake,random,random_lr0_1_lr0_01_lr0_01_optgd_epochs100_epochs0_001_epochs0_001_clusters10__rep1,70,0.8333333333333334,tensor(0.2460, grad_fn=<SqueezeBackward0>),tensor(-0.3881, grad_fn=<NegBackward0>),7100,19.072816133499146,10,0.5,,20
double_cake,random,random_lr0_1_lr0_01_lr0_01_optgd_epochs100_epochs0_001_epochs0_001_clusters2__rep1,13,0.75,tensor(0.1330, grad_fn=<SqueezeBackward0>),tensor(-0.7491, grad_fn=<NegBackward0>),56,34.27482080459595,2,0.5,,20
double_cake,random,random_lr0_1_lr0_01_lr0_01_optgd_epochs100_epochs0_001_epochs0_001_clusters10__rep1,71,0.9166666666666666,tensor(0.2472, grad_fn=<SqueezeBackward0>),tensor(-0.3450, grad_fn=<NegBackward0>),7200,18.814594268798828,10,0.5,,20
double_cake,random,random_lr0_1_lr0_01_lr0_01_optgd_epochs100_epochs0_001_epochs0_001_clusters10__rep1,72,0.8333333333333334,tensor(0.2482, grad_fn=<SqueezeBackward0>),tensor(-0.4841, grad_fn=<NegBackward0>),7300,19.650455951690674,10,0.5,,20
double_cake,random,random_lr0_1_lr0_01_lr0_01_optgd_epochs100_epochs0_001_epochs0_001_clusters2__rep1,14,0.75,tensor(0.1326, grad_fn=<SqueezeBackward0>),tensor(-0.7566, grad_fn=<NegBackward0>),60,33.22866773605347,2,0.5,,20
double_cake,random,random_lr0_1_lr0_01_lr0_01_optgd_epochs100_epochs0_001_epochs0_001_clusters10__rep1,73,0.8333333333333334,tensor(0.2486, grad_fn=<SqueezeBackward0>),tensor(-0.3564, grad_fn=<NegBackward0>),7400,18.15154194831848,10,0.5,,20
double_cake,random,random_lr0_1_lr0_01_lr0_01_optgd_epochs100_epochs0_001_epochs0_001_clusters10__rep1,74,0.8333333333333334,tensor(0.2492, grad_fn=<SqueezeBackward0>),tensor(-0.3314, grad_fn=<NegBackward0>),7500,19.00602889060974,10,0.5,,20
double_cake,random,random_lr0_1_lr0_01_lr0_01_optgd_epochs100_epochs0_001_epochs0_001_clusters2__rep1,15,0.75,tensor(0.1323, grad_fn=<SqueezeBackward0>),tensor(-0.7342, grad_fn=<NegBackward0>),64,33.253528118133545,2,0.5,,20
double_cake,random,random_lr0_1_lr0_01_lr0_01_optgd_epochs100_epochs0_001_epochs0_001_clusters10__rep1,75,0.8333333333333334,tensor(0.2501, grad_fn=<SqueezeBackward0>),tensor(-0.4427, grad_fn=<NegBackward0>),7600,18.83459782600403,10,0.5,,20
double_cake,random,random_lr0_1_lr0_01_lr0_01_optgd_epochs100_epochs0_001_epochs0_001_clusters2__rep1,16,0.6875,tensor(0.1323, grad_fn=<SqueezeBackward0>),tensor(-0.6222, grad_fn=<NegBackward0>),68,33.436363220214844,2,0.5,,20
double_cake,random,random_lr0_1_lr0_01_lr0_01_optgd_epochs100_epochs0_001_epochs0_001_clusters10__rep1,76,0.8333333333333334,tensor(0.2506, grad_fn=<SqueezeBackward0>),tensor(-0.2521, grad_fn=<NegBackward0>),7700,19.08799719810486,10,0.5,,20
double_cake,random,random_lr0_1_lr0_01_lr0_01_optgd_epochs100_epochs0_001_epochs0_001_clusters10__rep1,77,0.8333333333333334,tensor(0.2516, grad_fn=<SqueezeBackward0>),tensor(-0.3530, grad_fn=<NegBackward0>),7800,18.414520025253296,10,0.5,,20
double_cake,random,random_lr0_1_lr0_01_lr0_01_optgd_epochs100_epochs0_001_epochs0_001_clusters2__rep1,17,0.75,tensor(0.1371, grad_fn=<SqueezeBackward0>),tensor(-0.6078, grad_fn=<NegBackward0>),72,32.21979093551636,2,0.5,,20
double_cake,random,random_lr0_1_lr0_01_lr0_01_optgd_epochs100_epochs0_001_epochs0_001_clusters10__rep1,78,0.8333333333333334,tensor(0.2522, grad_fn=<SqueezeBackward0>),tensor(-0.4001, grad_fn=<NegBackward0>),7900,18.614386320114136,10,0.5,,20
double_cake,random,random_lr0_1_lr0_01_lr0_01_optgd_epochs100_epochs0_001_epochs0_001_clusters10__rep1,79,0.9166666666666666,tensor(0.2524, grad_fn=<SqueezeBackward0>),tensor(-0.2981, grad_fn=<NegBackward0>),8000,19.04338788986206,10,0.5,,20
double_cake,random,random_lr0_1_lr0_01_lr0_01_optgd_epochs100_epochs0_001_epochs0_001_clusters2__rep1,18,0.75,tensor(0.1401, grad_fn=<SqueezeBackward0>),tensor(-0.7831, grad_fn=<NegBackward0>),76,34.459458112716675,2,0.5,,20
double_cake,random,random_lr0_1_lr0_01_lr0_01_optgd_epochs100_epochs0_001_epochs0_001_clusters10__rep1,80,0.8333333333333334,tensor(0.2534, grad_fn=<SqueezeBackward0>),tensor(-0.3841, grad_fn=<NegBackward0>),8100,18.827462911605835,10,0.5,,20
double_cake,random,random_lr0_1_lr0_01_lr0_01_optgd_epochs100_epochs0_001_epochs0_001_clusters10__rep1,81,0.8333333333333334,tensor(0.2540, grad_fn=<SqueezeBackward0>),tensor(-0.3600, grad_fn=<NegBackward0>),8200,19.64589786529541,10,0.5,,20
double_cake,random,random_lr0_1_lr0_01_lr0_01_optgd_epochs100_epochs0_001_epochs0_001_clusters2__rep1,19,0.75,tensor(0.1414, grad_fn=<SqueezeBackward0>),tensor(-0.6854, grad_fn=<NegBackward0>),80,32.00530815124512,2,0.5,,20
double_cake,random,random_lr0_1_lr0_01_lr0_01_optgd_epochs100_epochs0_001_epochs0_001_clusters10__rep1,82,0.8333333333333334,tensor(0.2552, grad_fn=<SqueezeBackward0>),tensor(-0.4537, grad_fn=<NegBackward0>),8300,18.153296947479248,10,0.5,,20
double_cake,random,random_lr0_1_lr0_01_lr0_01_optgd_epochs100_epochs0_001_epochs0_001_clusters2__rep1,20,0.75,tensor(0.1400, grad_fn=<SqueezeBackward0>),tensor(-0.7727, grad_fn=<NegBackward0>),84,34.63864994049072,2,0.5,,20
double_cake,random,random_lr0_1_lr0_01_lr0_01_optgd_epochs100_epochs0_001_epochs0_001_clusters10__rep1,83,0.8333333333333334,tensor(0.2555, grad_fn=<SqueezeBackward0>),tensor(-0.3246, grad_fn=<NegBackward0>),8400,19.02228569984436,10,0.5,,20
double_cake,random,random_lr0_1_lr0_01_lr0_01_optgd_epochs100_epochs0_001_epochs0_001_clusters10__rep1,84,0.8333333333333334,tensor(0.2560, grad_fn=<SqueezeBackward0>),tensor(-0.3191, grad_fn=<NegBackward0>),8500,18.829442024230957,10,0.5,,20
double_cake,random,random_lr0_1_lr0_01_lr0_01_optgd_epochs100_epochs0_001_epochs0_001_clusters2__rep1,21,0.75,tensor(0.1397, grad_fn=<SqueezeBackward0>),tensor(-0.6806, grad_fn=<NegBackward0>),88,32.120840311050415,2,0.5,,20
double_cake,random,random_lr0_1_lr0_01_lr0_01_optgd_epochs100_epochs0_001_epochs0_001_clusters10__rep1,85,0.8333333333333334,tensor(0.2564, grad_fn=<SqueezeBackward0>),tensor(-0.4559, grad_fn=<NegBackward0>),8600,19.078968048095703,10,0.5,,20
double_cake,random,random_lr0_1_lr0_01_lr0_01_optgd_epochs100_epochs0_001_epochs0_001_clusters10__rep1,86,0.8333333333333334,tensor(0.2566, grad_fn=<SqueezeBackward0>),tensor(-0.2755, grad_fn=<NegBackward0>),8700,18.399292945861816,10,0.5,,20
double_cake,random,random_lr0_1_lr0_01_lr0_01_optgd_epochs100_epochs0_001_epochs0_001_clusters2__rep1,22,0.75,tensor(0.1414, grad_fn=<SqueezeBackward0>),tensor(-0.6809, grad_fn=<NegBackward0>),92,32.9455349445343,2,0.5,,20
double_cake,random,random_lr0_1_lr0_01_lr0_01_optgd_epochs100_epochs0_001_epochs0_001_clusters10__rep1,87,0.8333333333333334,tensor(0.2569, grad_fn=<SqueezeBackward0>),tensor(-0.2426, grad_fn=<NegBackward0>),8800,18.60933518409729,10,0.5,,20
double_cake,random,random_lr0_1_lr0_01_lr0_01_optgd_epochs100_epochs0_001_epochs0_001_clusters10__rep1,88,0.8333333333333334,tensor(0.2572, grad_fn=<SqueezeBackward0>),tensor(-0.3694, grad_fn=<NegBackward0>),8900,19.063843965530396,10,0.5,,20
double_cake,random,random_lr0_1_lr0_01_lr0_01_optgd_epochs100_epochs0_001_epochs0_001_clusters2__rep1,23,0.8125,tensor(0.1429, grad_fn=<SqueezeBackward0>),tensor(-0.7539, grad_fn=<NegBackward0>),96,33.0525381565094,2,0.5,,20
double_cake,random,random_lr0_1_lr0_01_lr0_01_optgd_epochs100_epochs0_001_epochs0_001_clusters10__rep1,89,0.8333333333333334,tensor(0.2582, grad_fn=<SqueezeBackward0>),tensor(-0.3126, grad_fn=<NegBackward0>),9000,18.905830144882202,10,0.5,,20
double_cake,random,random_lr0_1_lr0_01_lr0_01_optgd_epochs100_epochs0_001_epochs0_001_clusters2__rep1,24,0.8125,tensor(0.1437, grad_fn=<SqueezeBackward0>),tensor(-0.7722, grad_fn=<NegBackward0>),100,33.01458501815796,2,0.5,,20
double_cake,random,random_lr0_1_lr0_01_lr0_01_optgd_epochs100_epochs0_001_epochs0_001_clusters10__rep1,90,0.8333333333333334,tensor(0.2588, grad_fn=<SqueezeBackward0>),tensor(-0.2927, grad_fn=<NegBackward0>),9100,19.649872064590454,10,0.5,,20
double_cake,random,random_lr0_1_lr0_01_lr0_01_optgd_epochs100_epochs0_001_epochs0_001_clusters10__rep1,91,0.8333333333333334,tensor(0.2597, grad_fn=<SqueezeBackward0>),tensor(-0.3243, grad_fn=<NegBackward0>),9200,18.14801001548767,10,0.5,,20
double_cake,random,random_lr0_1_lr0_01_lr0_01_optgd_epochs100_epochs0_001_epochs0_001_clusters2__rep1,25,0.8125,tensor(0.1434, grad_fn=<SqueezeBackward0>),tensor(-0.6990, grad_fn=<NegBackward0>),104,33.17259168624878,2,0.5,,20
double_cake,random,random_lr0_1_lr0_01_lr0_01_optgd_epochs100_epochs0_001_epochs0_001_clusters10__rep1,92,0.8333333333333334,tensor(0.2606, grad_fn=<SqueezeBackward0>),tensor(-0.4029, grad_fn=<NegBackward0>),9300,18.97990608215332,10,0.5,,20
double_cake,random,random_lr0_1_lr0_01_lr0_01_optgd_epochs100_epochs0_001_epochs0_001_clusters10__rep1,93,0.8333333333333334,tensor(0.2614, grad_fn=<SqueezeBackward0>),tensor(-0.4170, grad_fn=<NegBackward0>),9400,18.820713996887207,10,0.5,,20
double_cake,random,random_lr0_1_lr0_01_lr0_01_optgd_epochs100_epochs0_001_epochs0_001_clusters2__rep1,26,0.8125,tensor(0.1459, grad_fn=<SqueezeBackward0>),tensor(-0.7336, grad_fn=<NegBackward0>),108,33.55843901634216,2,0.5,,20
double_cake,random,random_lr0_1_lr0_01_lr0_01_optgd_epochs100_epochs0_001_epochs0_001_clusters10__rep1,94,0.8333333333333334,tensor(0.2621, grad_fn=<SqueezeBackward0>),tensor(-0.4051, grad_fn=<NegBackward0>),9500,19.150915145874023,10,0.5,,20
double_cake,random,random_lr0_1_lr0_01_lr0_01_optgd_epochs100_epochs0_001_epochs0_001_clusters10__rep1,95,0.8333333333333334,tensor(0.2627, grad_fn=<SqueezeBackward0>),tensor(-0.2953, grad_fn=<NegBackward0>),9600,18.41043496131897,10,0.5,,20
double_cake,random,random_lr0_1_lr0_01_lr0_01_optgd_epochs100_epochs0_001_epochs0_001_clusters2__rep1,27,0.8125,tensor(0.1449, grad_fn=<SqueezeBackward0>),tensor(-0.7374, grad_fn=<NegBackward0>),112,31.977751970291138,2,0.5,,20
double_cake,random,random_lr0_1_lr0_01_lr0_01_optgd_epochs100_epochs0_001_epochs0_001_clusters10__rep1,96,0.8333333333333334,tensor(0.2628, grad_fn=<SqueezeBackward0>),tensor(-0.4302, grad_fn=<NegBackward0>),9700,18.652415990829468,10,0.5,,20
double_cake,random,random_lr0_1_lr0_01_lr0_01_optgd_epochs100_epochs0_001_epochs0_001_clusters2__rep1,28,0.8125,tensor(0.1452, grad_fn=<SqueezeBackward0>),tensor(-0.7114, grad_fn=<NegBackward0>),116,32.997889041900635,2,0.5,,20
double_cake,random,random_lr0_1_lr0_01_lr0_01_optgd_epochs100_epochs0_001_epochs0_001_clusters10__rep1,97,0.8333333333333334,tensor(0.2634, grad_fn=<SqueezeBackward0>),tensor(-0.3493, grad_fn=<NegBackward0>),9800,19.025630950927734,10,0.5,,20
double_cake,random,random_lr0_1_lr0_01_lr0_01_optgd_epochs100_epochs0_001_epochs0_001_clusters10__rep1,98,0.8333333333333334,tensor(0.2640, grad_fn=<SqueezeBackward0>),tensor(-0.4422, grad_fn=<NegBackward0>),9900,18.843136072158813,10,0.5,,20
double_cake,random,random_lr0_1_lr0_01_lr0_01_optgd_epochs100_epochs0_001_epochs0_001_clusters2__rep1,29,0.8125,tensor(0.1452, grad_fn=<SqueezeBackward0>),tensor(-0.7116, grad_fn=<NegBackward0>),120,33.76324677467346,2,0.5,,20
double_cake,random,random_lr0_1_lr0_01_lr0_01_optgd_epochs100_epochs0_001_epochs0_001_clusters10__rep1,99,0.8333333333333334,tensor(0.2650, grad_fn=<SqueezeBackward0>),tensor(-0.3729, grad_fn=<NegBackward0>),10000,19.654229164123535,10,0.5,,20
double_cake,random,random_lr0_1_lr0_01_lr0_01_optgd_epochs100_epochs0_001_epochs0_001_clusters2__rep1,30,0.8125,tensor(0.1455, grad_fn=<SqueezeBackward0>),tensor(-0.7246, grad_fn=<NegBackward0>),124,34.51334309577942,2,0.5,,20
double_cake,random,random_lr0_1_lr0_01_lr0_01_optgd_epochs100_epochs0_001_epochs0_001_clusters2__rep1,31,0.8125,tensor(0.1482, grad_fn=<SqueezeBackward0>),tensor(-0.7830, grad_fn=<NegBackward0>),128,32.18247437477112,2,0.5,,20
double_cake,random,random_lr0_1_lr0_01_lr0_01_optgd_epochs100_epochs0_001_epochs0_001_clusters4__rep1,0,0.6875,tensor(0.1245, grad_fn=<SqueezeBackward0>),tensor(-0.4945, grad_fn=<NegBackward0>),16,32.84831213951111,4,0.5,,20
double_cake,random,random_lr0_1_lr0_01_lr0_01_optgd_epochs100_epochs0_001_epochs0_001_clusters2__rep1,32,0.8125,tensor(0.1474, grad_fn=<SqueezeBackward0>),tensor(-0.6851, grad_fn=<NegBackward0>),132,34.58550977706909,2,0.5,,20
double_cake,random,random_lr0_1_lr0_01_lr0_01_optgd_epochs100_epochs0_001_epochs0_001_clusters4__rep1,1,0.6875,tensor(0.1245, grad_fn=<SqueezeBackward0>),tensor(-0.5259, grad_fn=<NegBackward0>),32,33.42806887626648,4,0.5,,20
double_cake,random,random_lr0_1_lr0_01_lr0_01_optgd_epochs100_epochs0_001_epochs0_001_clusters2__rep1,33,0.8125,tensor(0.1479, grad_fn=<SqueezeBackward0>),tensor(-0.7443, grad_fn=<NegBackward0>),136,31.9946551322937,2,0.5,,20
double_cake,random,random_lr0_1_lr0_01_lr0_01_optgd_epochs100_epochs0_001_epochs0_001_clusters4__rep1,2,0.6875,tensor(0.1282, grad_fn=<SqueezeBackward0>),tensor(-0.4600, grad_fn=<NegBackward0>),48,32.42511701583862,4,0.5,,20
double_cake,random,random_lr0_1_lr0_01_lr0_01_optgd_epochs100_epochs0_001_epochs0_001_clusters2__rep1,34,0.8125,tensor(0.1474, grad_fn=<SqueezeBackward0>),tensor(-0.7157, grad_fn=<NegBackward0>),140,34.18786668777466,2,0.5,,20
double_cake,random,random_lr0_1_lr0_01_lr0_01_optgd_epochs100_epochs0_001_epochs0_001_clusters4__rep1,3,0.6875,tensor(0.1291, grad_fn=<SqueezeBackward0>),tensor(-0.4349, grad_fn=<NegBackward0>),64,33.5532112121582,4,0.5,,20
double_cake,random,random_lr0_1_lr0_01_lr0_01_optgd_epochs100_epochs0_001_epochs0_001_clusters2__rep1,35,0.8125,tensor(0.1472, grad_fn=<SqueezeBackward0>),tensor(-0.9768, grad_fn=<NegBackward0>),144,32.32006788253784,2,0.5,,20
double_cake,random,random_lr0_1_lr0_01_lr0_01_optgd_epochs100_epochs0_001_epochs0_001_clusters4__rep1,4,0.6875,tensor(0.1297, grad_fn=<SqueezeBackward0>),tensor(-0.6201, grad_fn=<NegBackward0>),80,32.33515524864197,4,0.5,,20
double_cake,random,random_lr0_1_lr0_01_lr0_01_optgd_epochs100_epochs0_001_epochs0_001_clusters2__rep1,36,0.8125,tensor(0.1491, grad_fn=<SqueezeBackward0>),tensor(-0.6673, grad_fn=<NegBackward0>),148,34.492595911026,2,0.5,,20
double_cake,random,random_lr0_1_lr0_01_lr0_01_optgd_epochs100_epochs0_001_epochs0_001_clusters4__rep1,5,0.6875,tensor(0.1323, grad_fn=<SqueezeBackward0>),tensor(-0.3834, grad_fn=<NegBackward0>),96,33.30423021316528,4,0.5,,20
double_cake,random,random_lr0_1_lr0_01_lr0_01_optgd_epochs100_epochs0_001_epochs0_001_clusters2__rep1,37,0.8125,tensor(0.1525, grad_fn=<SqueezeBackward0>),tensor(-0.6239, grad_fn=<NegBackward0>),152,32.11608386039734,2,0.5,,20
double_cake,random,random_lr0_1_lr0_01_lr0_01_optgd_epochs100_epochs0_001_epochs0_001_clusters4__rep1,6,0.75,tensor(0.1324, grad_fn=<SqueezeBackward0>),tensor(-0.4346, grad_fn=<NegBackward0>),112,33.780861377716064,4,0.5,,20
double_cake,random,random_lr0_1_lr0_01_lr0_01_optgd_epochs100_epochs0_001_epochs0_001_clusters2__rep1,38,0.8125,tensor(0.1541, grad_fn=<SqueezeBackward0>),tensor(-0.7274, grad_fn=<NegBackward0>),156,33.009695053100586,2,0.5,,20
double_cake,random,random_lr0_1_lr0_01_lr0_01_optgd_epochs100_epochs0_001_epochs0_001_clusters4__rep1,7,0.75,tensor(0.1315, grad_fn=<SqueezeBackward0>),tensor(-0.4503, grad_fn=<NegBackward0>),128,32.22234320640564,4,0.5,,20
double_cake,random,random_lr0_1_lr0_01_lr0_01_optgd_epochs100_epochs0_001_epochs0_001_clusters2__rep1,39,0.8125,tensor(0.1554, grad_fn=<SqueezeBackward0>),tensor(-0.8306, grad_fn=<NegBackward0>),160,33.180397033691406,2,0.5,,20
double_cake,random,random_lr0_1_lr0_01_lr0_01_optgd_epochs100_epochs0_001_epochs0_001_clusters4__rep1,8,0.75,tensor(0.1340, grad_fn=<SqueezeBackward0>),tensor(-0.4114, grad_fn=<NegBackward0>),144,34.19294714927673,4,0.5,,20
double_cake,random,random_lr0_1_lr0_01_lr0_01_optgd_epochs100_epochs0_001_epochs0_001_clusters2__rep1,40,0.8125,tensor(0.1538, grad_fn=<SqueezeBackward0>),tensor(-0.7467, grad_fn=<NegBackward0>),164,33.200167179107666,2,0.5,,20
double_cake,random,random_lr0_1_lr0_01_lr0_01_optgd_epochs100_epochs0_001_epochs0_001_clusters4__rep1,9,0.6875,tensor(0.1322, grad_fn=<SqueezeBackward0>),tensor(-0.6271, grad_fn=<NegBackward0>),160,32.10652995109558,4,0.5,,20
double_cake,random,random_lr0_1_lr0_01_lr0_01_optgd_epochs100_epochs0_001_epochs0_001_clusters2__rep1,41,0.8125,tensor(0.1539, grad_fn=<SqueezeBackward0>),tensor(-0.7566, grad_fn=<NegBackward0>),168,31.812230825424194,2,0.5,,20
double_cake,random,random_lr0_1_lr0_01_lr0_01_optgd_epochs100_epochs0_001_epochs0_001_clusters4__rep1,10,0.6875,tensor(0.1328, grad_fn=<SqueezeBackward0>),tensor(-0.5326, grad_fn=<NegBackward0>),176,33.32105588912964,4,0.5,,20
double_cake,random,random_lr0_1_lr0_01_lr0_01_optgd_epochs100_epochs0_001_epochs0_001_clusters2__rep1,42,0.8125,tensor(0.1548, grad_fn=<SqueezeBackward0>),tensor(-0.6906, grad_fn=<NegBackward0>),172,32.86579704284668,2,0.5,,20
double_cake,random,random_lr0_1_lr0_01_lr0_01_optgd_epochs100_epochs0_001_epochs0_001_clusters4__rep1,11,0.6875,tensor(0.1334, grad_fn=<SqueezeBackward0>),tensor(-0.5301, grad_fn=<NegBackward0>),192,33.431779861450195,4,0.5,,20
double_cake,random,random_lr0_1_lr0_01_lr0_01_optgd_epochs100_epochs0_001_epochs0_001_clusters2__rep1,43,0.8125,tensor(0.1539, grad_fn=<SqueezeBackward0>),tensor(-0.6760, grad_fn=<NegBackward0>),176,33.11093997955322,2,0.5,,20
double_cake,random,random_lr0_1_lr0_01_lr0_01_optgd_epochs100_epochs0_001_epochs0_001_clusters4__rep1,12,0.75,tensor(0.1354, grad_fn=<SqueezeBackward0>),tensor(-0.4780, grad_fn=<NegBackward0>),208,32.71797704696655,4,0.5,,20
double_cake,random,random_lr0_1_lr0_01_lr0_01_optgd_epochs100_epochs0_001_epochs0_001_clusters2__rep1,44,0.8125,tensor(0.1572, grad_fn=<SqueezeBackward0>),tensor(-0.8061, grad_fn=<NegBackward0>),180,33.135332107543945,2,0.5,,20
double_cake,random,random_lr0_1_lr0_01_lr0_01_optgd_epochs100_epochs0_001_epochs0_001_clusters4__rep1,13,0.75,tensor(0.1349, grad_fn=<SqueezeBackward0>),tensor(-0.5140, grad_fn=<NegBackward0>),224,34.77094006538391,4,0.5,,20
double_cake,random,random_lr0_1_lr0_01_lr0_01_optgd_epochs100_epochs0_001_epochs0_001_clusters2__rep1,45,0.8125,tensor(0.1581, grad_fn=<SqueezeBackward0>),tensor(-0.6841, grad_fn=<NegBackward0>),184,33.01210284233093,2,0.5,,20
double_cake,random,random_lr0_1_lr0_01_lr0_01_optgd_epochs100_epochs0_001_epochs0_001_clusters4__rep1,14,0.75,tensor(0.1348, grad_fn=<SqueezeBackward0>),tensor(-0.1975, grad_fn=<NegBackward0>),240,32.08376121520996,4,0.5,,20
double_cake,random,random_lr0_1_lr0_01_lr0_01_optgd_epochs100_epochs0_001_epochs0_001_clusters2__rep1,46,0.8125,tensor(0.1580, grad_fn=<SqueezeBackward0>),tensor(-0.7013, grad_fn=<NegBackward0>),188,34.0670747756958,2,0.5,,20
double_cake,random,random_lr0_1_lr0_01_lr0_01_optgd_epochs100_epochs0_001_epochs0_001_clusters4__rep1,15,0.75,tensor(0.1348, grad_fn=<SqueezeBackward0>),tensor(-0.4907, grad_fn=<NegBackward0>),256,33.169382095336914,4,0.5,,20
double_cake,random,random_lr0_1_lr0_01_lr0_01_optgd_epochs100_epochs0_001_epochs0_001_clusters2__rep1,47,0.8125,tensor(0.1575, grad_fn=<SqueezeBackward0>),tensor(-0.6953, grad_fn=<NegBackward0>),192,32.09866380691528,2,0.5,,20
double_cake,random,random_lr0_1_lr0_01_lr0_01_optgd_epochs100_epochs0_001_epochs0_001_clusters4__rep1,16,0.8125,tensor(0.1364, grad_fn=<SqueezeBackward0>),tensor(-0.4250, grad_fn=<NegBackward0>),272,33.23631310462952,4,0.5,,20
double_cake,random,random_lr0_1_lr0_01_lr0_01_optgd_epochs100_epochs0_001_epochs0_001_clusters2__rep1,48,0.8125,tensor(0.1596, grad_fn=<SqueezeBackward0>),tensor(-0.4962, grad_fn=<NegBackward0>),196,34.20116209983826,2,0.5,,20
double_cake,random,random_lr0_1_lr0_01_lr0_01_optgd_epochs100_epochs0_001_epochs0_001_clusters4__rep1,17,0.8125,tensor(0.1375, grad_fn=<SqueezeBackward0>),tensor(-0.3532, grad_fn=<NegBackward0>),288,33.34289479255676,4,0.5,,20
double_cake,random,random_lr0_1_lr0_01_lr0_01_optgd_epochs100_epochs0_001_epochs0_001_clusters2__rep1,49,0.8125,tensor(0.1596, grad_fn=<SqueezeBackward0>),tensor(-0.9998, grad_fn=<NegBackward0>),200,32.05154824256897,2,0.5,,20
double_cake,random,random_lr0_1_lr0_01_lr0_01_optgd_epochs100_epochs0_001_epochs0_001_clusters4__rep1,18,0.8125,tensor(0.1392, grad_fn=<SqueezeBackward0>),tensor(-0.4949, grad_fn=<NegBackward0>),304,32.720324993133545,4,0.5,,20
double_cake,random,random_lr0_1_lr0_01_lr0_01_optgd_epochs100_epochs0_001_epochs0_001_clusters2__rep1,50,0.8125,tensor(0.1587, grad_fn=<SqueezeBackward0>),tensor(-0.7776, grad_fn=<NegBackward0>),204,32.850687980651855,2,0.5,,20
double_cake,random,random_lr0_1_lr0_01_lr0_01_optgd_epochs100_epochs0_001_epochs0_001_clusters4__rep1,19,0.8125,tensor(0.1417, grad_fn=<SqueezeBackward0>),tensor(-0.4791, grad_fn=<NegBackward0>),320,34.783674001693726,4,0.5,,20
double_cake,random,random_lr0_1_lr0_01_lr0_01_optgd_epochs100_epochs0_001_epochs0_001_clusters2__rep1,51,0.875,tensor(0.1614, grad_fn=<SqueezeBackward0>),tensor(-0.7226, grad_fn=<NegBackward0>),208,34.226170778274536,2,0.5,,20
double_cake,random,random_lr0_1_lr0_01_lr0_01_optgd_epochs100_epochs0_001_epochs0_001_clusters4__rep1,20,0.75,tensor(0.1412, grad_fn=<SqueezeBackward0>),tensor(-0.4856, grad_fn=<NegBackward0>),336,32.11659002304077,4,0.5,,20
double_cake,random,random_lr0_1_lr0_01_lr0_01_optgd_epochs100_epochs0_001_epochs0_001_clusters2__rep1,52,0.875,tensor(0.1611, grad_fn=<SqueezeBackward0>),tensor(-0.7265, grad_fn=<NegBackward0>),212,32.210716247558594,2,0.5,,20
double_cake,random,random_lr0_1_lr0_01_lr0_01_optgd_epochs100_epochs0_001_epochs0_001_clusters4__rep1,21,0.8125,tensor(0.1428, grad_fn=<SqueezeBackward0>),tensor(-0.5423, grad_fn=<NegBackward0>),352,33.11109924316406,4,0.5,,20
double_cake,random,random_lr0_1_lr0_01_lr0_01_optgd_epochs100_epochs0_001_epochs0_001_clusters2__rep1,53,0.875,tensor(0.1600, grad_fn=<SqueezeBackward0>),tensor(-0.7377, grad_fn=<NegBackward0>),216,34.22439384460449,2,0.5,,20
double_cake,random,random_lr0_1_lr0_01_lr0_01_optgd_epochs100_epochs0_001_epochs0_001_clusters4__rep1,22,0.8125,tensor(0.1445, grad_fn=<SqueezeBackward0>),tensor(-0.5225, grad_fn=<NegBackward0>),368,33.35213780403137,4,0.5,,20
double_cake,random,random_lr0_1_lr0_01_lr0_01_optgd_epochs100_epochs0_001_epochs0_001_clusters2__rep1,54,0.875,tensor(0.1604, grad_fn=<SqueezeBackward0>),tensor(-0.6886, grad_fn=<NegBackward0>),220,32.33389687538147,2,0.5,,20
double_cake,random,random_lr0_1_lr0_01_lr0_01_optgd_epochs100_epochs0_001_epochs0_001_clusters4__rep1,23,0.8125,tensor(0.1445, grad_fn=<SqueezeBackward0>),tensor(-0.6352, grad_fn=<NegBackward0>),384,33.42757034301758,4,0.5,,20
double_cake,random,random_lr0_1_lr0_01_lr0_01_optgd_epochs100_epochs0_001_epochs0_001_clusters2__rep1,55,0.875,tensor(0.1613, grad_fn=<SqueezeBackward0>),tensor(-0.6929, grad_fn=<NegBackward0>),224,32.77821898460388,2,0.5,,20
double_cake,random,random_lr0_1_lr0_01_lr0_01_optgd_epochs100_epochs0_001_epochs0_001_clusters4__rep1,24,0.8125,tensor(0.1463, grad_fn=<SqueezeBackward0>),tensor(-0.5345, grad_fn=<NegBackward0>),400,32.762428283691406,4,0.5,,20
double_cake,random,random_lr0_1_lr0_01_lr0_01_optgd_epochs100_epochs0_001_epochs0_001_clusters2__rep1,56,0.875,tensor(0.1556, grad_fn=<SqueezeBackward0>),tensor(-0.5083, grad_fn=<NegBackward0>),228,34.35743308067322,2,0.5,,20
double_cake,random,random_lr0_1_lr0_01_lr0_01_optgd_epochs100_epochs0_001_epochs0_001_clusters4__rep1,25,0.8125,tensor(0.1457, grad_fn=<SqueezeBackward0>),tensor(-0.5512, grad_fn=<NegBackward0>),416,34.83164596557617,4,0.5,,20
double_cake,random,random_lr0_1_lr0_01_lr0_01_optgd_epochs100_epochs0_001_epochs0_001_clusters2__rep1,57,0.875,tensor(0.1560, grad_fn=<SqueezeBackward0>),tensor(-0.6832, grad_fn=<NegBackward0>),232,33.25886106491089,2,0.5,,20
double_cake,random,random_lr0_1_lr0_01_lr0_01_optgd_epochs100_epochs0_001_epochs0_001_clusters4__rep1,26,0.75,tensor(0.1559, grad_fn=<SqueezeBackward0>),tensor(-0.2932, grad_fn=<NegBackward0>),432,32.13579988479614,4,0.5,,20
double_cake,random,random_lr0_1_lr0_01_lr0_01_optgd_epochs100_epochs0_001_epochs0_001_clusters2__rep1,58,0.875,tensor(0.1592, grad_fn=<SqueezeBackward0>),tensor(-0.6273, grad_fn=<NegBackward0>),236,33.297364950180054,2,0.5,,20
double_cake,random,random_lr0_1_lr0_01_lr0_01_optgd_epochs100_epochs0_001_epochs0_001_clusters4__rep1,27,0.75,tensor(0.1563, grad_fn=<SqueezeBackward0>),tensor(-0.4075, grad_fn=<NegBackward0>),448,33.11605501174927,4,0.5,,20
double_cake,random,random_lr0_1_lr0_01_lr0_01_optgd_epochs100_epochs0_001_epochs0_001_clusters2__rep1,59,0.875,tensor(0.1587, grad_fn=<SqueezeBackward0>),tensor(-0.7316, grad_fn=<NegBackward0>),240,33.49521088600159,2,0.5,,20
double_cake,random,random_lr0_1_lr0_01_lr0_01_optgd_epochs100_epochs0_001_epochs0_001_clusters4__rep1,28,0.8125,tensor(0.1570, grad_fn=<SqueezeBackward0>),tensor(-0.5975, grad_fn=<NegBackward0>),464,33.31957507133484,4,0.5,,20
double_cake,random,random_lr0_1_lr0_01_lr0_01_optgd_epochs100_epochs0_001_epochs0_001_clusters2__rep1,60,0.875,tensor(0.1592, grad_fn=<SqueezeBackward0>),tensor(-0.7185, grad_fn=<NegBackward0>),244,32.305765867233276,2,0.5,,20
double_cake,random,random_lr0_1_lr0_01_lr0_01_optgd_epochs100_epochs0_001_epochs0_001_clusters4__rep1,29,0.8125,tensor(0.1558, grad_fn=<SqueezeBackward0>),tensor(-0.4618, grad_fn=<NegBackward0>),480,33.39344000816345,4,0.5,,20
double_cake,random,random_lr0_1_lr0_01_lr0_01_optgd_epochs100_epochs0_001_epochs0_001_clusters2__rep1,61,0.875,tensor(0.1589, grad_fn=<SqueezeBackward0>),tensor(-0.8371, grad_fn=<NegBackward0>),248,34.436439037323,2,0.5,,20
double_cake,random,random_lr0_1_lr0_01_lr0_01_optgd_epochs100_epochs0_001_epochs0_001_clusters4__rep1,30,0.75,tensor(0.1545, grad_fn=<SqueezeBackward0>),tensor(-0.5608, grad_fn=<NegBackward0>),496,32.762799978256226,4,0.5,,20
double_cake,random,random_lr0_1_lr0_01_lr0_01_optgd_epochs100_epochs0_001_epochs0_001_clusters2__rep1,62,0.875,tensor(0.1583, grad_fn=<SqueezeBackward0>),tensor(-0.7141, grad_fn=<NegBackward0>),252,32.06793808937073,2,0.5,,20
double_cake,random,random_lr0_1_lr0_01_lr0_01_optgd_epochs100_epochs0_001_epochs0_001_clusters4__rep1,31,0.75,tensor(0.1578, grad_fn=<SqueezeBackward0>),tensor(-0.5299, grad_fn=<NegBackward0>),512,34.831844091415405,4,0.5,,20
double_cake,random,random_lr0_1_lr0_01_lr0_01_optgd_epochs100_epochs0_001_epochs0_001_clusters2__rep1,63,0.875,tensor(0.1581, grad_fn=<SqueezeBackward0>),tensor(-0.6965, grad_fn=<NegBackward0>),256,34.665127992630005,2,0.5,,20
double_cake,random,random_lr0_1_lr0_01_lr0_01_optgd_epochs100_epochs0_001_epochs0_001_clusters4__rep1,32,0.75,tensor(0.1574, grad_fn=<SqueezeBackward0>),tensor(-0.5029, grad_fn=<NegBackward0>),528,32.09276294708252,4,0.5,,20
double_cake,random,random_lr0_1_lr0_01_lr0_01_optgd_epochs100_epochs0_001_epochs0_001_clusters2__rep1,64,0.875,tensor(0.1547, grad_fn=<SqueezeBackward0>),tensor(-0.7560, grad_fn=<NegBackward0>),260,32.14975309371948,2,0.5,,20
double_cake,random,random_lr0_1_lr0_01_lr0_01_optgd_epochs100_epochs0_001_epochs0_001_clusters4__rep1,33,0.75,tensor(0.1598, grad_fn=<SqueezeBackward0>),tensor(-0.5885, grad_fn=<NegBackward0>),544,33.20000100135803,4,0.5,,20
double_cake,random,random_lr0_1_lr0_01_lr0_01_optgd_epochs100_epochs0_001_epochs0_001_clusters2__rep1,65,0.875,tensor(0.1543, grad_fn=<SqueezeBackward0>),tensor(-0.7016, grad_fn=<NegBackward0>),264,33.03302311897278,2,0.5,,20
double_cake,random,random_lr0_1_lr0_01_lr0_01_optgd_epochs100_epochs0_001_epochs0_001_clusters4__rep1,34,0.75,tensor(0.1620, grad_fn=<SqueezeBackward0>),tensor(-0.4434, grad_fn=<NegBackward0>),560,33.397377014160156,4,0.5,,20
double_cake,random,random_lr0_1_lr0_01_lr0_01_optgd_epochs100_epochs0_001_epochs0_001_clusters2__rep1,66,0.875,tensor(0.1544, grad_fn=<SqueezeBackward0>),tensor(-0.7581, grad_fn=<NegBackward0>),268,33.09521794319153,2,0.5,,20
double_cake,random,random_lr0_1_lr0_01_lr0_01_optgd_epochs100_epochs0_001_epochs0_001_clusters4__rep1,35,0.6875,tensor(0.1642, grad_fn=<SqueezeBackward0>),tensor(-0.5541, grad_fn=<NegBackward0>),576,33.3794629573822,4,0.5,,20
double_cake,random,random_lr0_1_lr0_01_lr0_01_optgd_epochs100_epochs0_001_epochs0_001_clusters2__rep1,67,0.875,tensor(0.1543, grad_fn=<SqueezeBackward0>),tensor(-0.6896, grad_fn=<NegBackward0>),272,32.98952293395996,2,0.5,,20
double_cake,random,random_lr0_1_lr0_01_lr0_01_optgd_epochs100_epochs0_001_epochs0_001_clusters4__rep1,36,0.75,tensor(0.1642, grad_fn=<SqueezeBackward0>),tensor(-0.5544, grad_fn=<NegBackward0>),592,32.715271949768066,4,0.5,,20
double_cake,random,random_lr0_1_lr0_01_lr0_01_optgd_epochs100_epochs0_001_epochs0_001_clusters2__rep1,68,0.8125,tensor(0.1630, grad_fn=<SqueezeBackward0>),tensor(-0.5162, grad_fn=<NegBackward0>),276,33.12262177467346,2,0.5,,20
double_cake,random,random_lr0_1_lr0_01_lr0_01_optgd_epochs100_epochs0_001_epochs0_001_clusters4__rep1,37,0.6875,tensor(0.1651, grad_fn=<SqueezeBackward0>),tensor(-0.4375, grad_fn=<NegBackward0>),608,34.817253828048706,4,0.5,,20
double_cake,random,random_lr0_1_lr0_01_lr0_01_optgd_epochs100_epochs0_001_epochs0_001_clusters2__rep1,69,0.8125,tensor(0.1623, grad_fn=<SqueezeBackward0>),tensor(-0.6319, grad_fn=<NegBackward0>),280,33.53990578651428,2,0.5,,20
double_cake,random,random_lr0_1_lr0_01_lr0_01_optgd_epochs100_epochs0_001_epochs0_001_clusters4__rep1,38,0.6875,tensor(0.1667, grad_fn=<SqueezeBackward0>),tensor(-0.5002, grad_fn=<NegBackward0>),624,32.089171409606934,4,0.5,,20
double_cake,random,random_lr0_1_lr0_01_lr0_01_optgd_epochs100_epochs0_001_epochs0_001_clusters2__rep1,70,0.8125,tensor(0.1635, grad_fn=<SqueezeBackward0>),tensor(-0.5949, grad_fn=<NegBackward0>),284,31.961889028549194,2,0.5,,20
double_cake,random,random_lr0_1_lr0_01_lr0_01_optgd_epochs100_epochs0_001_epochs0_001_clusters4__rep1,39,0.6875,tensor(0.1701, grad_fn=<SqueezeBackward0>),tensor(-0.4271, grad_fn=<NegBackward0>),640,33.07576131820679,4,0.5,,20
double_cake,random,random_lr0_1_lr0_01_lr0_01_optgd_epochs100_epochs0_001_epochs0_001_clusters2__rep1,71,0.75,tensor(0.1671, grad_fn=<SqueezeBackward0>),tensor(-0.5922, grad_fn=<NegBackward0>),288,32.97023010253906,2,0.5,,20
double_cake,random,random_lr0_1_lr0_01_lr0_01_optgd_epochs100_epochs0_001_epochs0_001_clusters4__rep1,40,0.6875,tensor(0.1720, grad_fn=<SqueezeBackward0>),tensor(-0.4862, grad_fn=<NegBackward0>),656,33.32136511802673,4,0.5,,20
double_cake,random,random_lr0_1_lr0_01_lr0_01_optgd_epochs100_epochs0_001_epochs0_001_clusters2__rep1,72,0.75,tensor(0.1673, grad_fn=<SqueezeBackward0>),tensor(-0.6657, grad_fn=<NegBackward0>),292,33.709567070007324,2,0.5,,20
double_cake,random,random_lr0_1_lr0_01_lr0_01_optgd_epochs100_epochs0_001_epochs0_001_clusters4__rep1,41,0.6875,tensor(0.1730, grad_fn=<SqueezeBackward0>),tensor(-0.5089, grad_fn=<NegBackward0>),672,33.37218689918518,4,0.5,,20
double_cake,random,random_lr0_1_lr0_01_lr0_01_optgd_epochs100_epochs0_001_epochs0_001_clusters2__rep1,73,0.75,tensor(0.1683, grad_fn=<SqueezeBackward0>),tensor(-0.7670, grad_fn=<NegBackward0>),296,34.344374895095825,2,0.5,,20
double_cake,random,random_lr0_1_lr0_01_lr0_01_optgd_epochs100_epochs0_001_epochs0_001_clusters4__rep1,42,0.6875,tensor(0.1739, grad_fn=<SqueezeBackward0>),tensor(-0.4396, grad_fn=<NegBackward0>),688,32.73542499542236,4,0.5,,20
double_cake,random,random_lr0_1_lr0_01_lr0_01_optgd_epochs100_epochs0_001_epochs0_001_clusters2__rep1,74,0.75,tensor(0.1701, grad_fn=<SqueezeBackward0>),tensor(-0.6645, grad_fn=<NegBackward0>),300,32.09482288360596,2,0.5,,20
double_cake,random,random_lr0_1_lr0_01_lr0_01_optgd_epochs100_epochs0_001_epochs0_001_clusters4__rep1,43,0.6875,tensor(0.1739, grad_fn=<SqueezeBackward0>),tensor(-0.5499, grad_fn=<NegBackward0>),704,34.83401131629944,4,0.5,,20
double_cake,random,random_lr0_1_lr0_01_lr0_01_optgd_epochs100_epochs0_001_epochs0_001_clusters2__rep1,75,0.75,tensor(0.1687, grad_fn=<SqueezeBackward0>),tensor(-0.6196, grad_fn=<NegBackward0>),304,34.52820014953613,2,0.5,,20
double_cake,random,random_lr0_1_lr0_01_lr0_01_optgd_epochs100_epochs0_001_epochs0_001_clusters4__rep1,44,0.6875,tensor(0.1770, grad_fn=<SqueezeBackward0>),tensor(-0.5079, grad_fn=<NegBackward0>),720,32.103628158569336,4,0.5,,20
double_cake,random,random_lr0_1_lr0_01_lr0_01_optgd_epochs100_epochs0_001_epochs0_001_clusters2__rep1,76,0.6875,tensor(0.1685, grad_fn=<SqueezeBackward0>),tensor(-0.7052, grad_fn=<NegBackward0>),308,31.92306399345398,2,0.5,,20
double_cake,random,random_lr0_1_lr0_01_lr0_01_optgd_epochs100_epochs0_001_epochs0_001_clusters4__rep1,45,0.6875,tensor(0.1766, grad_fn=<SqueezeBackward0>),tensor(-0.4814, grad_fn=<NegBackward0>),736,33.10808706283569,4,0.5,,20
double_cake,random,random_lr0_1_lr0_01_lr0_01_optgd_epochs100_epochs0_001_epochs0_001_clusters2__rep1,77,0.6875,tensor(0.1688, grad_fn=<SqueezeBackward0>),tensor(-0.7925, grad_fn=<NegBackward0>),312,34.1632661819458,2,0.5,,20
double_cake,random,random_lr0_1_lr0_01_lr0_01_optgd_epochs100_epochs0_001_epochs0_001_clusters4__rep1,46,0.75,tensor(0.1779, grad_fn=<SqueezeBackward0>),tensor(-0.5341, grad_fn=<NegBackward0>),752,33.31821012496948,4,0.5,,20
double_cake,random,random_lr0_1_lr0_01_lr0_01_optgd_epochs100_epochs0_001_epochs0_001_clusters2__rep1,78,0.6875,tensor(0.1681, grad_fn=<SqueezeBackward0>),tensor(-0.6276, grad_fn=<NegBackward0>),316,32.196757078170776,2,0.5,,20
double_cake,random,random_lr0_1_lr0_01_lr0_01_optgd_epochs100_epochs0_001_epochs0_001_clusters4__rep1,47,0.75,tensor(0.1775, grad_fn=<SqueezeBackward0>),tensor(-0.5758, grad_fn=<NegBackward0>),768,33.37177324295044,4,0.5,,20
double_cake,random,random_lr0_1_lr0_01_lr0_01_optgd_epochs100_epochs0_001_epochs0_001_clusters2__rep1,79,0.6875,tensor(0.1680, grad_fn=<SqueezeBackward0>),tensor(-0.6865, grad_fn=<NegBackward0>),320,34.427347898483276,2,0.5,,20
double_cake,random,random_lr0_1_lr0_01_lr0_01_optgd_epochs100_epochs0_001_epochs0_001_clusters4__rep1,48,0.75,tensor(0.1794, grad_fn=<SqueezeBackward0>),tensor(-0.4300, grad_fn=<NegBackward0>),784,32.77076005935669,4,0.5,,20
double_cake,random,random_lr0_1_lr0_01_lr0_01_optgd_epochs100_epochs0_001_epochs0_001_clusters2__rep1,80,0.6875,tensor(0.1679, grad_fn=<SqueezeBackward0>),tensor(-0.9928, grad_fn=<NegBackward0>),324,32.0468909740448,2,0.5,,20
double_cake,random,random_lr0_1_lr0_01_lr0_01_optgd_epochs100_epochs0_001_epochs0_001_clusters2__rep1,81,0.6875,tensor(0.1676, grad_fn=<SqueezeBackward0>),tensor(-0.6715, grad_fn=<NegBackward0>),328,32.99321889877319,2,0.5,,20
double_cake,random,random_lr0_1_lr0_01_lr0_01_optgd_epochs100_epochs0_001_epochs0_001_clusters4__rep1,49,0.75,tensor(0.1794, grad_fn=<SqueezeBackward0>),tensor(-0.6083, grad_fn=<NegBackward0>),800,34.89915323257446,4,0.5,,20
double_cake,random,random_lr0_1_lr0_01_lr0_01_optgd_epochs100_epochs0_001_epochs0_001_clusters4__rep1,50,0.75,tensor(0.1814, grad_fn=<SqueezeBackward0>),tensor(-0.4589, grad_fn=<NegBackward0>),816,32.06579089164734,4,0.5,,20
double_cake,random,random_lr0_1_lr0_01_lr0_01_optgd_epochs100_epochs0_001_epochs0_001_clusters2__rep1,82,0.6875,tensor(0.1696, grad_fn=<SqueezeBackward0>),tensor(-0.7754, grad_fn=<NegBackward0>),332,33.084614992141724,2,0.5,,20
double_cake,random,random_lr0_1_lr0_01_lr0_01_optgd_epochs100_epochs0_001_epochs0_001_clusters4__rep1,51,0.75,tensor(0.1822, grad_fn=<SqueezeBackward0>),tensor(-0.5134, grad_fn=<NegBackward0>),832,33.18623900413513,4,0.5,,20
double_cake,random,random_lr0_1_lr0_01_lr0_01_optgd_epochs100_epochs0_001_epochs0_001_clusters2__rep1,83,0.6875,tensor(0.1700, grad_fn=<SqueezeBackward0>),tensor(-0.7316, grad_fn=<NegBackward0>),336,33.15363812446594,2,0.5,,20
double_cake,random,random_lr0_1_lr0_01_lr0_01_optgd_epochs100_epochs0_001_epochs0_001_clusters2__rep1,84,0.6875,tensor(0.1726, grad_fn=<SqueezeBackward0>),tensor(-0.7809, grad_fn=<NegBackward0>),340,31.79157781600952,2,0.5,,20
double_cake,random,random_lr0_1_lr0_01_lr0_01_optgd_epochs100_epochs0_001_epochs0_001_clusters4__rep1,52,0.8125,tensor(0.1834, grad_fn=<SqueezeBackward0>),tensor(-0.5693, grad_fn=<NegBackward0>),848,33.35886526107788,4,0.5,,20
double_cake,random,random_lr0_1_lr0_01_lr0_01_optgd_epochs100_epochs0_001_epochs0_001_clusters2__rep1,85,0.75,tensor(0.1760, grad_fn=<SqueezeBackward0>),tensor(-0.7478, grad_fn=<NegBackward0>),344,32.84966015815735,2,0.5,,20
double_cake,random,random_lr0_1_lr0_01_lr0_01_optgd_epochs100_epochs0_001_epochs0_001_clusters4__rep1,53,0.8125,tensor(0.1844, grad_fn=<SqueezeBackward0>),tensor(-0.5107, grad_fn=<NegBackward0>),864,33.34236288070679,4,0.5,,20
double_cake,random,random_lr0_1_lr0_01_lr0_01_optgd_epochs100_epochs0_001_epochs0_001_clusters2__rep1,86,0.75,tensor(0.1753, grad_fn=<SqueezeBackward0>),tensor(-0.7095, grad_fn=<NegBackward0>),348,33.01620101928711,2,0.5,,20
double_cake,random,random_lr0_1_lr0_01_lr0_01_optgd_epochs100_epochs0_001_epochs0_001_clusters4__rep1,54,0.9375,tensor(0.1904, grad_fn=<SqueezeBackward0>),tensor(-0.3929, grad_fn=<NegBackward0>),880,32.72226905822754,4,0.5,,20
double_cake,random,random_lr0_1_lr0_01_lr0_01_optgd_epochs100_epochs0_001_epochs0_001_clusters2__rep1,87,0.75,tensor(0.1760, grad_fn=<SqueezeBackward0>),tensor(-0.6974, grad_fn=<NegBackward0>),352,33.19164299964905,2,0.5,,20
double_cake,random,random_lr0_1_lr0_01_lr0_01_optgd_epochs100_epochs0_001_epochs0_001_clusters4__rep1,55,0.9375,tensor(0.1900, grad_fn=<SqueezeBackward0>),tensor(-0.5681, grad_fn=<NegBackward0>),896,34.92149209976196,4,0.5,,20
double_cake,random,random_lr0_1_lr0_01_lr0_01_optgd_epochs100_epochs0_001_epochs0_001_clusters2__rep1,88,0.75,tensor(0.1766, grad_fn=<SqueezeBackward0>),tensor(-0.7911, grad_fn=<NegBackward0>),356,32.979291915893555,2,0.5,,20
double_cake,random,random_lr0_1_lr0_01_lr0_01_optgd_epochs100_epochs0_001_epochs0_001_clusters4__rep1,56,0.9375,tensor(0.1895, grad_fn=<SqueezeBackward0>),tensor(-0.2375, grad_fn=<NegBackward0>),912,32.119354248046875,4,0.5,,20
double_cake,random,random_lr0_1_lr0_01_lr0_01_optgd_epochs100_epochs0_001_epochs0_001_clusters2__rep1,89,0.75,tensor(0.1805, grad_fn=<SqueezeBackward0>),tensor(-0.7352, grad_fn=<NegBackward0>),360,34.06606578826904,2,0.5,,20
double_cake,random,random_lr0_1_lr0_01_lr0_01_optgd_epochs100_epochs0_001_epochs0_001_clusters4__rep1,57,0.9375,tensor(0.1893, grad_fn=<SqueezeBackward0>),tensor(-0.4785, grad_fn=<NegBackward0>),928,33.20758414268494,4,0.5,,20
double_cake,random,random_lr0_1_lr0_01_lr0_01_optgd_epochs100_epochs0_001_epochs0_001_clusters2__rep1,90,0.75,tensor(0.1823, grad_fn=<SqueezeBackward0>),tensor(-0.8023, grad_fn=<NegBackward0>),364,32.055108070373535,2,0.5,,20
double_cake,random,random_lr0_1_lr0_01_lr0_01_optgd_epochs100_epochs0_001_epochs0_001_clusters4__rep1,58,1.0,tensor(0.1907, grad_fn=<SqueezeBackward0>),tensor(-0.4302, grad_fn=<NegBackward0>),944,33.3843309879303,4,0.5,,20
double_cake,random,random_lr0_1_lr0_01_lr0_01_optgd_epochs100_epochs0_001_epochs0_001_clusters2__rep1,91,0.75,tensor(0.1819, grad_fn=<SqueezeBackward0>),tensor(-0.7188, grad_fn=<NegBackward0>),368,34.12049102783203,2,0.5,,20
double_cake,random,random_lr0_1_lr0_01_lr0_01_optgd_epochs100_epochs0_001_epochs0_001_clusters4__rep1,59,1.0,tensor(0.1917, grad_fn=<SqueezeBackward0>),tensor(-0.4965, grad_fn=<NegBackward0>),960,33.41075015068054,4,0.5,,20
double_cake,random,random_lr0_1_lr0_01_lr0_01_optgd_epochs100_epochs0_001_epochs0_001_clusters2__rep1,92,0.75,tensor(0.1810, grad_fn=<SqueezeBackward0>),tensor(-0.6523, grad_fn=<NegBackward0>),372,32.04948925971985,2,0.5,,20
double_cake,random,random_lr0_1_lr0_01_lr0_01_optgd_epochs100_epochs0_001_epochs0_001_clusters4__rep1,60,1.0,tensor(0.1926, grad_fn=<SqueezeBackward0>),tensor(-0.7181, grad_fn=<NegBackward0>),976,32.72270703315735,4,0.5,,20
double_cake,random,random_lr0_1_lr0_01_lr0_01_optgd_epochs100_epochs0_001_epochs0_001_clusters2__rep1,93,0.75,tensor(0.1825, grad_fn=<SqueezeBackward0>),tensor(-0.7246, grad_fn=<NegBackward0>),376,32.842702865600586,2,0.5,,20
double_cake,random,random_lr0_1_lr0_01_lr0_01_optgd_epochs100_epochs0_001_epochs0_001_clusters4__rep1,61,0.9375,tensor(0.1918, grad_fn=<SqueezeBackward0>),tensor(-0.5768, grad_fn=<NegBackward0>),992,34.91032004356384,4,0.5,,20
double_cake,random,random_lr0_1_lr0_01_lr0_01_optgd_epochs100_epochs0_001_epochs0_001_clusters2__rep1,94,0.75,tensor(0.1825, grad_fn=<SqueezeBackward0>),tensor(-0.6019, grad_fn=<NegBackward0>),380,34.15143418312073,2,0.5,,20
double_cake,random,random_lr0_1_lr0_01_lr0_01_optgd_epochs100_epochs0_001_epochs0_001_clusters4__rep1,62,0.9375,tensor(0.1931, grad_fn=<SqueezeBackward0>),tensor(-0.4551, grad_fn=<NegBackward0>),1008,32.14167809486389,4,0.5,,20
double_cake,random,random_lr0_1_lr0_01_lr0_01_optgd_epochs100_epochs0_001_epochs0_001_clusters2__rep1,95,0.75,tensor(0.1819, grad_fn=<SqueezeBackward0>),tensor(-0.7632, grad_fn=<NegBackward0>),384,32.1868782043457,2,0.5,,20
double_cake,random,random_lr0_1_lr0_01_lr0_01_optgd_epochs100_epochs0_001_epochs0_001_clusters4__rep1,63,0.9375,tensor(0.1938, grad_fn=<SqueezeBackward0>),tensor(-0.5304, grad_fn=<NegBackward0>),1024,33.18407416343689,4,0.5,,20
double_cake,random,random_lr0_1_lr0_01_lr0_01_optgd_epochs100_epochs0_001_epochs0_001_clusters2__rep1,96,0.75,tensor(0.1829, grad_fn=<SqueezeBackward0>),tensor(-0.6471, grad_fn=<NegBackward0>),388,34.14788889884949,2,0.5,,20
double_cake,random,random_lr0_1_lr0_01_lr0_01_optgd_epochs100_epochs0_001_epochs0_001_clusters4__rep1,64,0.9375,tensor(0.1939, grad_fn=<SqueezeBackward0>),tensor(-0.4627, grad_fn=<NegBackward0>),1040,33.387983083724976,4,0.5,,20
double_cake,random,random_lr0_1_lr0_01_lr0_01_optgd_epochs100_epochs0_001_epochs0_001_clusters2__rep1,97,0.75,tensor(0.1803, grad_fn=<SqueezeBackward0>),tensor(-0.7267, grad_fn=<NegBackward0>),392,32.27354907989502,2,0.5,,20
double_cake,random,random_lr0_1_lr0_01_lr0_01_optgd_epochs100_epochs0_001_epochs0_001_clusters4__rep1,65,0.9375,tensor(0.1946, grad_fn=<SqueezeBackward0>),tensor(-0.4145, grad_fn=<NegBackward0>),1056,33.46314215660095,4,0.5,,20
double_cake,random,random_lr0_1_lr0_01_lr0_01_optgd_epochs100_epochs0_001_epochs0_001_clusters2__rep1,98,0.75,tensor(0.1803, grad_fn=<SqueezeBackward0>),tensor(-0.8003, grad_fn=<NegBackward0>),396,32.775941133499146,2,0.5,,20
double_cake,random,random_lr0_1_lr0_01_lr0_01_optgd_epochs100_epochs0_001_epochs0_001_clusters4__rep1,66,1.0,tensor(0.1945, grad_fn=<SqueezeBackward0>),tensor(-0.4962, grad_fn=<NegBackward0>),1072,32.813180923461914,4,0.5,,20
double_cake,random,random_lr0_1_lr0_01_lr0_01_optgd_epochs100_epochs0_001_epochs0_001_clusters2__rep1,99,0.75,tensor(0.1798, grad_fn=<SqueezeBackward0>),tensor(-0.6182, grad_fn=<NegBackward0>),400,34.295198917388916,2,0.5,,20
double_cake,random,random_lr0_1_lr0_01_lr0_01_optgd_epochs100_epochs0_001_epochs0_001_clusters4__rep1,67,0.875,tensor(0.1955, grad_fn=<SqueezeBackward0>),tensor(-0.5088, grad_fn=<NegBackward0>),1088,34.87510681152344,4,0.5,,20
double_cake,random,random_lr0_1_lr0_01_lr0_01_optgd_epochs100_epochs0_001_epochs0_001_clusters4__rep1,68,0.875,tensor(0.1966, grad_fn=<SqueezeBackward0>),tensor(-0.4267, grad_fn=<NegBackward0>),1104,32.225290060043335,4,0.5,,20
double_cake,random,random_lr0_1_lr0_01_lr0_01_optgd_epochs100_epochs0_001_epochs0_001_clusters4__rep1,69,0.875,tensor(0.1974, grad_fn=<SqueezeBackward0>),tensor(-0.4451, grad_fn=<NegBackward0>),1120,33.22162985801697,4,0.5,,20
double_cake,random,random_lr0_1_lr0_01_lr0_01_optgd_epochs100_epochs0_001_epochs0_001_clusters6__rep1,0,0.6875,tensor(0.1240, grad_fn=<SqueezeBackward0>),tensor(-0.4233, grad_fn=<NegBackward0>),36,32.61505889892578,6,0.5,,20
double_cake,random,random_lr0_1_lr0_01_lr0_01_optgd_epochs100_epochs0_001_epochs0_001_clusters4__rep1,70,0.875,tensor(0.1999, grad_fn=<SqueezeBackward0>),tensor(-0.5141, grad_fn=<NegBackward0>),1136,33.30085206031799,4,0.5,,20
double_cake,random,random_lr0_1_lr0_01_lr0_01_optgd_epochs100_epochs0_001_epochs0_001_clusters6__rep1,1,0.6875,tensor(0.1244, grad_fn=<SqueezeBackward0>),tensor(-0.4022, grad_fn=<NegBackward0>),72,33.125163078308105,6,0.5,,20
double_cake,random,random_lr0_1_lr0_01_lr0_01_optgd_epochs100_epochs0_001_epochs0_001_clusters4__rep1,71,0.875,tensor(0.2009, grad_fn=<SqueezeBackward0>),tensor(-0.5224, grad_fn=<NegBackward0>),1152,33.410823822021484,4,0.5,,20
double_cake,random,random_lr0_1_lr0_01_lr0_01_optgd_epochs100_epochs0_001_epochs0_001_clusters6__rep1,2,0.6875,tensor(0.1274, grad_fn=<SqueezeBackward0>),tensor(-0.3323, grad_fn=<NegBackward0>),108,32.05238485336304,6,0.5,,20
double_cake,random,random_lr0_1_lr0_01_lr0_01_optgd_epochs100_epochs0_001_epochs0_001_clusters4__rep1,72,0.875,tensor(0.2023, grad_fn=<SqueezeBackward0>),tensor(-0.4273, grad_fn=<NegBackward0>),1168,32.74822402000427,4,0.5,,20
double_cake,random,random_lr0_1_lr0_01_lr0_01_optgd_epochs100_epochs0_001_epochs0_001_clusters6__rep1,3,0.6875,tensor(0.1282, grad_fn=<SqueezeBackward0>),tensor(-0.4403, grad_fn=<NegBackward0>),144,34.28635501861572,6,0.5,,20
double_cake,random,random_lr0_1_lr0_01_lr0_01_optgd_epochs100_epochs0_001_epochs0_001_clusters4__rep1,73,0.9375,tensor(0.2033, grad_fn=<SqueezeBackward0>),tensor(-0.4121, grad_fn=<NegBackward0>),1184,34.879565954208374,4,0.5,,20
double_cake,random,random_lr0_1_lr0_01_lr0_01_optgd_epochs100_epochs0_001_epochs0_001_clusters6__rep1,4,0.6875,tensor(0.1293, grad_fn=<SqueezeBackward0>),tensor(-0.5230, grad_fn=<NegBackward0>),180,31.76049304008484,6,0.5,,20
double_cake,random,random_lr0_1_lr0_01_lr0_01_optgd_epochs100_epochs0_001_epochs0_001_clusters4__rep1,74,0.875,tensor(0.2022, grad_fn=<SqueezeBackward0>),tensor(-0.4487, grad_fn=<NegBackward0>),1200,32.11324691772461,4,0.5,,20
double_cake,random,random_lr0_1_lr0_01_lr0_01_optgd_epochs100_epochs0_001_epochs0_001_clusters6__rep1,5,0.6875,tensor(0.1306, grad_fn=<SqueezeBackward0>),tensor(-0.3840, grad_fn=<NegBackward0>),216,33.46193194389343,6,0.5,,20
double_cake,random,random_lr0_1_lr0_01_lr0_01_optgd_epochs100_epochs0_001_epochs0_001_clusters4__rep1,75,0.875,tensor(0.2020, grad_fn=<SqueezeBackward0>),tensor(-0.5047, grad_fn=<NegBackward0>),1216,33.14647388458252,4,0.5,,20
double_cake,random,random_lr0_1_lr0_01_lr0_01_optgd_epochs100_epochs0_001_epochs0_001_clusters6__rep1,6,0.6875,tensor(0.1302, grad_fn=<SqueezeBackward0>),tensor(-0.3813, grad_fn=<NegBackward0>),252,33.56362700462341,6,0.5,,20
double_cake,random,random_lr0_1_lr0_01_lr0_01_optgd_epochs100_epochs0_001_epochs0_001_clusters4__rep1,76,0.9375,tensor(0.2044, grad_fn=<SqueezeBackward0>),tensor(-0.5391, grad_fn=<NegBackward0>),1232,33.35106587409973,4,0.5,,20
double_cake,random,random_lr0_1_lr0_01_lr0_01_optgd_epochs100_epochs0_001_epochs0_001_clusters6__rep1,7,0.6875,tensor(0.1295, grad_fn=<SqueezeBackward0>),tensor(-0.3375, grad_fn=<NegBackward0>),288,33.60877180099487,6,0.5,,20
double_cake,random,random_lr0_1_lr0_01_lr0_01_optgd_epochs100_epochs0_001_epochs0_001_clusters4__rep1,77,0.9375,tensor(0.2055, grad_fn=<SqueezeBackward0>),tensor(-0.6213, grad_fn=<NegBackward0>),1248,33.455090045928955,4,0.5,,20
double_cake,random,random_lr0_1_lr0_01_lr0_01_optgd_epochs100_epochs0_001_epochs0_001_clusters6__rep1,8,0.6875,tensor(0.1316, grad_fn=<SqueezeBackward0>),tensor(-0.3666, grad_fn=<NegBackward0>),324,33.587486028671265,6,0.5,,20
double_cake,random,random_lr0_1_lr0_01_lr0_01_optgd_epochs100_epochs0_001_epochs0_001_clusters4__rep1,78,0.9375,tensor(0.2053, grad_fn=<SqueezeBackward0>),tensor(-0.5241, grad_fn=<NegBackward0>),1264,32.7902090549469,4,0.5,,20
double_cake,random,random_lr0_1_lr0_01_lr0_01_optgd_epochs100_epochs0_001_epochs0_001_clusters6__rep1,9,0.6875,tensor(0.1327, grad_fn=<SqueezeBackward0>),tensor(-0.5044, grad_fn=<NegBackward0>),360,34.15255689620972,6,0.5,,20
double_cake,random,random_lr0_1_lr0_01_lr0_01_optgd_epochs100_epochs0_001_epochs0_001_clusters4__rep1,79,0.9375,tensor(0.2059, grad_fn=<SqueezeBackward0>),tensor(-0.5956, grad_fn=<NegBackward0>),1280,34.82956790924072,4,0.5,,20
double_cake,random,random_lr0_1_lr0_01_lr0_01_optgd_epochs100_epochs0_001_epochs0_001_clusters6__rep1,10,0.6875,tensor(0.1341, grad_fn=<SqueezeBackward0>),tensor(-0.4859, grad_fn=<NegBackward0>),396,32.00977110862732,6,0.5,,20
double_cake,random,random_lr0_1_lr0_01_lr0_01_optgd_epochs100_epochs0_001_epochs0_001_clusters4__rep1,80,0.9375,tensor(0.2072, grad_fn=<SqueezeBackward0>),tensor(-0.5391, grad_fn=<NegBackward0>),1296,32.1460223197937,4,0.5,,20
double_cake,random,random_lr0_1_lr0_01_lr0_01_optgd_epochs100_epochs0_001_epochs0_001_clusters6__rep1,11,0.6875,tensor(0.1353, grad_fn=<SqueezeBackward0>),tensor(-0.4294, grad_fn=<NegBackward0>),432,33.071840047836304,6,0.5,,20
double_cake,random,random_lr0_1_lr0_01_lr0_01_optgd_epochs100_epochs0_001_epochs0_001_clusters4__rep1,81,0.9375,tensor(0.2074, grad_fn=<SqueezeBackward0>),tensor(-0.4232, grad_fn=<NegBackward0>),1312,33.21510601043701,4,0.5,,20
double_cake,random,random_lr0_1_lr0_01_lr0_01_optgd_epochs100_epochs0_001_epochs0_001_clusters6__rep1,12,0.6875,tensor(0.1362, grad_fn=<SqueezeBackward0>),tensor(-0.2972, grad_fn=<NegBackward0>),468,32.96441602706909,6,0.5,,20
double_cake,random,random_lr0_1_lr0_01_lr0_01_optgd_epochs100_epochs0_001_epochs0_001_clusters4__rep1,82,0.9375,tensor(0.2101, grad_fn=<SqueezeBackward0>),tensor(-0.6252, grad_fn=<NegBackward0>),1328,33.38818693161011,4,0.5,,20
double_cake,random,random_lr0_1_lr0_01_lr0_01_optgd_epochs100_epochs0_001_epochs0_001_clusters6__rep1,13,0.75,tensor(0.1378, grad_fn=<SqueezeBackward0>),tensor(-0.4377, grad_fn=<NegBackward0>),504,34.04901885986328,6,0.5,,20
double_cake,random,random_lr0_1_lr0_01_lr0_01_optgd_epochs100_epochs0_001_epochs0_001_clusters4__rep1,83,0.9375,tensor(0.2107, grad_fn=<SqueezeBackward0>),tensor(-0.4462, grad_fn=<NegBackward0>),1344,33.42483401298523,4,0.5,,20
double_cake,random,random_lr0_1_lr0_01_lr0_01_optgd_epochs100_epochs0_001_epochs0_001_clusters6__rep1,14,0.75,tensor(0.1376, grad_fn=<SqueezeBackward0>),tensor(-0.3163, grad_fn=<NegBackward0>),540,32.00991702079773,6,0.5,,20
double_cake,random,random_lr0_1_lr0_01_lr0_01_optgd_epochs100_epochs0_001_epochs0_001_clusters4__rep1,84,0.9375,tensor(0.2132, grad_fn=<SqueezeBackward0>),tensor(-0.4579, grad_fn=<NegBackward0>),1360,32.78234601020813,4,0.5,,20
double_cake,random,random_lr0_1_lr0_01_lr0_01_optgd_epochs100_epochs0_001_epochs0_001_clusters6__rep1,15,0.75,tensor(0.1385, grad_fn=<SqueezeBackward0>),tensor(-0.2875, grad_fn=<NegBackward0>),576,34.039082050323486,6,0.5,,20
double_cake,random,random_lr0_1_lr0_01_lr0_01_optgd_epochs100_epochs0_001_epochs0_001_clusters4__rep1,85,0.9375,tensor(0.2157, grad_fn=<SqueezeBackward0>),tensor(-0.4412, grad_fn=<NegBackward0>),1376,34.904589891433716,4,0.5,,20
double_cake,random,random_lr0_1_lr0_01_lr0_01_optgd_epochs100_epochs0_001_epochs0_001_clusters6__rep1,16,0.75,tensor(0.1402, grad_fn=<SqueezeBackward0>),tensor(-0.3503, grad_fn=<NegBackward0>),612,34.03133511543274,6,0.5,,20
double_cake,random,random_lr0_1_lr0_01_lr0_01_optgd_epochs100_epochs0_001_epochs0_001_clusters4__rep1,86,0.9375,tensor(0.2159, grad_fn=<SqueezeBackward0>),tensor(-0.5046, grad_fn=<NegBackward0>),1392,32.159685134887695,4,0.5,,20
double_cake,random,random_lr0_1_lr0_01_lr0_01_optgd_epochs100_epochs0_001_epochs0_001_clusters6__rep1,17,0.75,tensor(0.1413, grad_fn=<SqueezeBackward0>),tensor(-0.3293, grad_fn=<NegBackward0>),648,33.5534873008728,6,0.5,,20
double_cake,random,random_lr0_1_lr0_01_lr0_01_optgd_epochs100_epochs0_001_epochs0_001_clusters4__rep1,87,0.9375,tensor(0.2189, grad_fn=<SqueezeBackward0>),tensor(-0.4962, grad_fn=<NegBackward0>),1408,33.164735078811646,4,0.5,,20
double_cake,random,random_lr0_1_lr0_01_lr0_01_optgd_epochs100_epochs0_001_epochs0_001_clusters6__rep1,18,0.6875,tensor(0.1421, grad_fn=<SqueezeBackward0>),tensor(-0.2784, grad_fn=<NegBackward0>),684,31.749311923980713,6,0.5,,20
double_cake,random,random_lr0_1_lr0_01_lr0_01_optgd_epochs100_epochs0_001_epochs0_001_clusters4__rep1,88,0.9375,tensor(0.2195, grad_fn=<SqueezeBackward0>),tensor(-0.5332, grad_fn=<NegBackward0>),1424,33.36953806877136,4,0.5,,20
double_cake,random,random_lr0_1_lr0_01_lr0_01_optgd_epochs100_epochs0_001_epochs0_001_clusters6__rep1,19,0.6875,tensor(0.1451, grad_fn=<SqueezeBackward0>),tensor(-0.3598, grad_fn=<NegBackward0>),720,33.570672035217285,6,0.5,,20
double_cake,random,random_lr0_1_lr0_01_lr0_01_optgd_epochs100_epochs0_001_epochs0_001_clusters4__rep1,89,0.9375,tensor(0.2192, grad_fn=<SqueezeBackward0>),tensor(-0.5404, grad_fn=<NegBackward0>),1440,33.40845322608948,4,0.5,,20
double_cake,random,random_lr0_1_lr0_01_lr0_01_optgd_epochs100_epochs0_001_epochs0_001_clusters6__rep1,20,0.75,tensor(0.1452, grad_fn=<SqueezeBackward0>),tensor(-0.4053, grad_fn=<NegBackward0>),756,33.59951591491699,6,0.5,,20
double_cake,random,random_lr0_1_lr0_01_lr0_01_optgd_epochs100_epochs0_001_epochs0_001_clusters4__rep1,90,0.9375,tensor(0.2182, grad_fn=<SqueezeBackward0>),tensor(-0.5060, grad_fn=<NegBackward0>),1456,32.75812292098999,4,0.5,,20
double_cake,random,random_lr0_1_lr0_01_lr0_01_optgd_epochs100_epochs0_001_epochs0_001_clusters6__rep1,21,0.75,tensor(0.1458, grad_fn=<SqueezeBackward0>),tensor(-0.4566, grad_fn=<NegBackward0>),792,35.42898893356323,6,0.5,,20
double_cake,random,random_lr0_1_lr0_01_lr0_01_optgd_epochs100_epochs0_001_epochs0_001_clusters4__rep1,91,0.9375,tensor(0.2191, grad_fn=<SqueezeBackward0>),tensor(-0.5407, grad_fn=<NegBackward0>),1472,34.845786809921265,4,0.5,,20
double_cake,random,random_lr0_1_lr0_01_lr0_01_optgd_epochs100_epochs0_001_epochs0_001_clusters6__rep1,22,0.75,tensor(0.1476, grad_fn=<SqueezeBackward0>),tensor(-0.4271, grad_fn=<NegBackward0>),828,31.92469310760498,6,0.5,,20
double_cake,random,random_lr0_1_lr0_01_lr0_01_optgd_epochs100_epochs0_001_epochs0_001_clusters4__rep1,92,0.9375,tensor(0.2187, grad_fn=<SqueezeBackward0>),tensor(-0.5071, grad_fn=<NegBackward0>),1488,32.18227291107178,4,0.5,,20
double_cake,random,random_lr0_1_lr0_01_lr0_01_optgd_epochs100_epochs0_001_epochs0_001_clusters6__rep1,23,0.8125,tensor(0.1490, grad_fn=<SqueezeBackward0>),tensor(-0.4623, grad_fn=<NegBackward0>),864,33.06407117843628,6,0.5,,20
double_cake,random,random_lr0_1_lr0_01_lr0_01_optgd_epochs100_epochs0_001_epochs0_001_clusters4__rep1,93,0.9375,tensor(0.2192, grad_fn=<SqueezeBackward0>),tensor(-0.6010, grad_fn=<NegBackward0>),1504,33.22076177597046,4,0.5,,20
double_cake,random,random_lr0_1_lr0_01_lr0_01_optgd_epochs100_epochs0_001_epochs0_001_clusters6__rep1,24,0.75,tensor(0.1495, grad_fn=<SqueezeBackward0>),tensor(-0.4475, grad_fn=<NegBackward0>),900,34.253676891326904,6,0.5,,20
double_cake,random,random_lr0_1_lr0_01_lr0_01_optgd_epochs100_epochs0_001_epochs0_001_clusters4__rep1,94,0.9375,tensor(0.2207, grad_fn=<SqueezeBackward0>),tensor(-0.5998, grad_fn=<NegBackward0>),1520,33.348621129989624,4,0.5,,20
double_cake,random,random_lr0_1_lr0_01_lr0_01_optgd_epochs100_epochs0_001_epochs0_001_clusters6__rep1,25,0.75,tensor(0.1494, grad_fn=<SqueezeBackward0>),tensor(-0.4235, grad_fn=<NegBackward0>),936,33.5158257484436,6,0.5,,20
double_cake,random,random_lr0_1_lr0_01_lr0_01_optgd_epochs100_epochs0_001_epochs0_001_clusters4__rep1,95,0.9375,tensor(0.2214, grad_fn=<SqueezeBackward0>),tensor(-0.4952, grad_fn=<NegBackward0>),1536,33.42672801017761,4,0.5,,20
double_cake,random,random_lr0_1_lr0_01_lr0_01_optgd_epochs100_epochs0_001_epochs0_001_clusters6__rep1,26,0.8125,tensor(0.1538, grad_fn=<SqueezeBackward0>),tensor(-0.2628, grad_fn=<NegBackward0>),972,31.891905069351196,6,0.5,,20
double_cake,random,random_lr0_1_lr0_01_lr0_01_optgd_epochs100_epochs0_001_epochs0_001_clusters4__rep1,96,0.9375,tensor(0.2236, grad_fn=<SqueezeBackward0>),tensor(-0.5281, grad_fn=<NegBackward0>),1552,32.76778697967529,4,0.5,,20
double_cake,random,random_lr0_1_lr0_01_lr0_01_optgd_epochs100_epochs0_001_epochs0_001_clusters6__rep1,27,0.8125,tensor(0.1548, grad_fn=<SqueezeBackward0>),tensor(-0.3283, grad_fn=<NegBackward0>),1008,34.204302072525024,6,0.5,,20
double_cake,random,random_lr0_1_lr0_01_lr0_01_optgd_epochs100_epochs0_001_epochs0_001_clusters4__rep1,97,0.9375,tensor(0.2234, grad_fn=<SqueezeBackward0>),tensor(-0.5139, grad_fn=<NegBackward0>),1568,34.88646602630615,4,0.5,,20
double_cake,random,random_lr0_1_lr0_01_lr0_01_optgd_epochs100_epochs0_001_epochs0_001_clusters6__rep1,28,0.8125,tensor(0.1543, grad_fn=<SqueezeBackward0>),tensor(-0.4499, grad_fn=<NegBackward0>),1044,33.36350393295288,6,0.5,,20
double_cake,random,random_lr0_1_lr0_01_lr0_01_optgd_epochs100_epochs0_001_epochs0_001_clusters4__rep1,98,0.9375,tensor(0.2246, grad_fn=<SqueezeBackward0>),tensor(-0.5026, grad_fn=<NegBackward0>),1584,32.193445920944214,4,0.5,,20
double_cake,random,random_lr0_1_lr0_01_lr0_01_optgd_epochs100_epochs0_001_epochs0_001_clusters6__rep1,29,0.8125,tensor(0.1548, grad_fn=<SqueezeBackward0>),tensor(-0.3892, grad_fn=<NegBackward0>),1080,32.15939688682556,6,0.5,,20
double_cake,random,random_lr0_1_lr0_01_lr0_01_optgd_epochs100_epochs0_001_epochs0_001_clusters4__rep1,99,0.9375,tensor(0.2242, grad_fn=<SqueezeBackward0>),tensor(-0.4250, grad_fn=<NegBackward0>),1600,33.199010133743286,4,0.5,,20
double_cake,random,random_lr0_1_lr0_01_lr0_01_optgd_epochs100_epochs0_001_epochs0_001_clusters6__rep1,30,0.875,tensor(0.1580, grad_fn=<SqueezeBackward0>),tensor(-0.2443, grad_fn=<NegBackward0>),1116,32.96783685684204,6,0.5,,20
double_cake,random,random_lr0_1_lr0_01_lr0_01_optgd_epochs100_epochs0_001_epochs0_001_clusters6__rep1,31,0.875,tensor(0.1609, grad_fn=<SqueezeBackward0>),tensor(-0.4389, grad_fn=<NegBackward0>),1152,34.157034158706665,6,0.5,,20
double_cake,random,random_lr0_1_lr0_01_lr0_01_optgd_epochs100_epochs0_001_epochs0_001_clusters6__rep1,32,0.875,tensor(0.1628, grad_fn=<SqueezeBackward0>),tensor(-0.4397, grad_fn=<NegBackward0>),1188,33.600797176361084,6,0.5,,20
double_cake,random,random_lr0_1_lr0_01_lr0_01_optgd_epochs100_epochs0_001_epochs0_001_clusters8__rep1,0,0.6875,tensor(0.1244, grad_fn=<SqueezeBackward0>),tensor(-0.4367, grad_fn=<NegBackward0>),64,33.056087017059326,8,0.5,,20
double_cake,random,random_lr0_1_lr0_01_lr0_01_optgd_epochs100_epochs0_001_epochs0_001_clusters6__rep1,33,0.875,tensor(0.1660, grad_fn=<SqueezeBackward0>),tensor(-0.5341, grad_fn=<NegBackward0>),1224,31.794082164764404,6,0.5,,20
double_cake,random,random_lr0_1_lr0_01_lr0_01_optgd_epochs100_epochs0_001_epochs0_001_clusters8__rep1,1,0.6875,tensor(0.1254, grad_fn=<SqueezeBackward0>),tensor(-0.3501, grad_fn=<NegBackward0>),128,33.17968678474426,8,0.5,,20
double_cake,random,random_lr0_1_lr0_01_lr0_01_optgd_epochs100_epochs0_001_epochs0_001_clusters6__rep1,34,0.875,tensor(0.1677, grad_fn=<SqueezeBackward0>),tensor(-0.4292, grad_fn=<NegBackward0>),1260,32.76916790008545,6,0.5,,20
double_cake,random,random_lr0_1_lr0_01_lr0_01_optgd_epochs100_epochs0_001_epochs0_001_clusters8__rep1,2,0.6875,tensor(0.1291, grad_fn=<SqueezeBackward0>),tensor(-0.3101, grad_fn=<NegBackward0>),192,33.40599822998047,8,0.5,,20
double_cake,random,random_lr0_1_lr0_01_lr0_01_optgd_epochs100_epochs0_001_epochs0_001_clusters6__rep1,35,0.875,tensor(0.1705, grad_fn=<SqueezeBackward0>),tensor(-0.3905, grad_fn=<NegBackward0>),1296,32.99610185623169,6,0.5,,20
double_cake,random,random_lr0_1_lr0_01_lr0_01_optgd_epochs100_epochs0_001_epochs0_001_clusters8__rep1,3,0.6875,tensor(0.1295, grad_fn=<SqueezeBackward0>),tensor(-0.4248, grad_fn=<NegBackward0>),256,33.528645038604736,8,0.5,,20
double_cake,random,random_lr0_1_lr0_01_lr0_01_optgd_epochs100_epochs0_001_epochs0_001_clusters6__rep1,36,0.875,tensor(0.1702, grad_fn=<SqueezeBackward0>),tensor(-0.6357, grad_fn=<NegBackward0>),1332,34.050415992736816,6,0.5,,20
double_cake,random,random_lr0_1_lr0_01_lr0_01_optgd_epochs100_epochs0_001_epochs0_001_clusters8__rep1,4,0.6875,tensor(0.1299, grad_fn=<SqueezeBackward0>),tensor(-0.3837, grad_fn=<NegBackward0>),320,32.479774951934814,8,0.5,,20
double_cake,random,random_lr0_1_lr0_01_lr0_01_optgd_epochs100_epochs0_001_epochs0_001_clusters6__rep1,37,0.875,tensor(0.1726, grad_fn=<SqueezeBackward0>),tensor(-0.4235, grad_fn=<NegBackward0>),1368,31.95186996459961,6,0.5,,20
double_cake,random,random_lr0_1_lr0_01_lr0_01_optgd_epochs100_epochs0_001_epochs0_001_clusters8__rep1,5,0.6875,tensor(0.1316, grad_fn=<SqueezeBackward0>),tensor(-0.3287, grad_fn=<NegBackward0>),384,33.2900869846344,8,0.5,,20
double_cake,random,random_lr0_1_lr0_01_lr0_01_optgd_epochs100_epochs0_001_epochs0_001_clusters6__rep1,38,0.875,tensor(0.1763, grad_fn=<SqueezeBackward0>),tensor(-0.3775, grad_fn=<NegBackward0>),1404,33.555071115493774,6,0.5,,20
double_cake,random,random_lr0_1_lr0_01_lr0_01_optgd_epochs100_epochs0_001_epochs0_001_clusters8__rep1,6,0.6875,tensor(0.1301, grad_fn=<SqueezeBackward0>),tensor(-0.2957, grad_fn=<NegBackward0>),448,33.44281601905823,8,0.5,,20
double_cake,random,random_lr0_1_lr0_01_lr0_01_optgd_epochs100_epochs0_001_epochs0_001_clusters6__rep1,39,0.875,tensor(0.1798, grad_fn=<SqueezeBackward0>),tensor(-0.4215, grad_fn=<NegBackward0>),1440,34.054282426834106,6,0.5,,20
double_cake,random,random_lr0_1_lr0_01_lr0_01_optgd_epochs100_epochs0_001_epochs0_001_clusters8__rep1,7,0.6875,tensor(0.1304, grad_fn=<SqueezeBackward0>),tensor(-0.3112, grad_fn=<NegBackward0>),512,33.67089819908142,8,0.5,,20
double_cake,random,random_lr0_1_lr0_01_lr0_01_optgd_epochs100_epochs0_001_epochs0_001_clusters6__rep1,40,0.875,tensor(0.1810, grad_fn=<SqueezeBackward0>),tensor(-0.3546, grad_fn=<NegBackward0>),1476,33.40360617637634,6,0.5,,20
double_cake,random,random_lr0_1_lr0_01_lr0_01_optgd_epochs100_epochs0_001_epochs0_001_clusters8__rep1,8,0.6875,tensor(0.1322, grad_fn=<SqueezeBackward0>),tensor(-0.3495, grad_fn=<NegBackward0>),576,33.74513602256775,8,0.5,,20
double_cake,random,random_lr0_1_lr0_01_lr0_01_optgd_epochs100_epochs0_001_epochs0_001_clusters6__rep1,41,0.875,tensor(0.1818, grad_fn=<SqueezeBackward0>),tensor(-0.3801, grad_fn=<NegBackward0>),1512,32.63084411621094,6,0.5,,20
double_cake,random,random_lr0_1_lr0_01_lr0_01_optgd_epochs100_epochs0_001_epochs0_001_clusters8__rep1,9,0.6875,tensor(0.1344, grad_fn=<SqueezeBackward0>),tensor(-0.4648, grad_fn=<NegBackward0>),640,34.3381826877594,8,0.5,,20
double_cake,random,random_lr0_1_lr0_01_lr0_01_optgd_epochs100_epochs0_001_epochs0_001_clusters6__rep1,42,0.875,tensor(0.1846, grad_fn=<SqueezeBackward0>),tensor(-0.4297, grad_fn=<NegBackward0>),1548,34.0009560585022,6,0.5,,20
double_cake,random,random_lr0_1_lr0_01_lr0_01_optgd_epochs100_epochs0_001_epochs0_001_clusters8__rep1,10,0.6875,tensor(0.1355, grad_fn=<SqueezeBackward0>),tensor(-0.4753, grad_fn=<NegBackward0>),704,33.59925889968872,8,0.5,,20
double_cake,random,random_lr0_1_lr0_01_lr0_01_optgd_epochs100_epochs0_001_epochs0_001_clusters6__rep1,43,0.875,tensor(0.1863, grad_fn=<SqueezeBackward0>),tensor(-0.4064, grad_fn=<NegBackward0>),1584,33.42007398605347,6,0.5,,20
double_cake,random,random_lr0_1_lr0_01_lr0_01_optgd_epochs100_epochs0_001_epochs0_001_clusters8__rep1,11,0.6875,tensor(0.1378, grad_fn=<SqueezeBackward0>),tensor(-0.3582, grad_fn=<NegBackward0>),768,32.3775839805603,8,0.5,,20
double_cake,random,random_lr0_1_lr0_01_lr0_01_optgd_epochs100_epochs0_001_epochs0_001_clusters6__rep1,44,0.875,tensor(0.1880, grad_fn=<SqueezeBackward0>),tensor(-0.4899, grad_fn=<NegBackward0>),1620,32.568363189697266,6,0.5,,20
double_cake,random,random_lr0_1_lr0_01_lr0_01_optgd_epochs100_epochs0_001_epochs0_001_clusters8__rep1,12,0.6875,tensor(0.1386, grad_fn=<SqueezeBackward0>),tensor(-0.3315, grad_fn=<NegBackward0>),832,34.28776502609253,8,0.5,,20
double_cake,random,random_lr0_1_lr0_01_lr0_01_optgd_epochs100_epochs0_001_epochs0_001_clusters6__rep1,45,0.875,tensor(0.1869, grad_fn=<SqueezeBackward0>),tensor(-0.4308, grad_fn=<NegBackward0>),1656,34.01829409599304,6,0.5,,20
double_cake,random,random_lr0_1_lr0_01_lr0_01_optgd_epochs100_epochs0_001_epochs0_001_clusters8__rep1,13,0.75,tensor(0.1404, grad_fn=<SqueezeBackward0>),tensor(-0.4075, grad_fn=<NegBackward0>),896,34.63805603981018,8,0.5,,20
double_cake,random,random_lr0_1_lr0_01_lr0_01_optgd_epochs100_epochs0_001_epochs0_001_clusters6__rep1,46,0.875,tensor(0.1889, grad_fn=<SqueezeBackward0>),tensor(-0.4002, grad_fn=<NegBackward0>),1692,33.37626910209656,6,0.5,,20
double_cake,random,random_lr0_1_lr0_01_lr0_01_optgd_epochs100_epochs0_001_epochs0_001_clusters8__rep1,14,0.75,tensor(0.1411, grad_fn=<SqueezeBackward0>),tensor(-0.2590, grad_fn=<NegBackward0>),960,33.45615267753601,8,0.5,,20
double_cake,random,random_lr0_1_lr0_01_lr0_01_optgd_epochs100_epochs0_001_epochs0_001_clusters6__rep1,47,0.875,tensor(0.1895, grad_fn=<SqueezeBackward0>),tensor(-0.4447, grad_fn=<NegBackward0>),1728,32.619423151016235,6,0.5,,20
double_cake,random,random_lr0_1_lr0_01_lr0_01_optgd_epochs100_epochs0_001_epochs0_001_clusters8__rep1,15,0.75,tensor(0.1436, grad_fn=<SqueezeBackward0>),tensor(-0.2690, grad_fn=<NegBackward0>),1024,34.64286804199219,8,0.5,,20
double_cake,random,random_lr0_1_lr0_01_lr0_01_optgd_epochs100_epochs0_001_epochs0_001_clusters6__rep1,48,0.875,tensor(0.1913, grad_fn=<SqueezeBackward0>),tensor(-0.3902, grad_fn=<NegBackward0>),1764,34.093859910964966,6,0.5,,20
double_cake,random,random_lr0_1_lr0_01_lr0_01_optgd_epochs100_epochs0_001_epochs0_001_clusters8__rep1,16,0.75,tensor(0.1452, grad_fn=<SqueezeBackward0>),tensor(-0.3507, grad_fn=<NegBackward0>),1088,33.37868809700012,8,0.5,,20
double_cake,random,random_lr0_1_lr0_01_lr0_01_optgd_epochs100_epochs0_001_epochs0_001_clusters6__rep1,49,0.875,tensor(0.1919, grad_fn=<SqueezeBackward0>),tensor(-0.4229, grad_fn=<NegBackward0>),1800,33.42599010467529,6,0.5,,20
double_cake,random,random_lr0_1_lr0_01_lr0_01_optgd_epochs100_epochs0_001_epochs0_001_clusters8__rep1,17,0.75,tensor(0.1493, grad_fn=<SqueezeBackward0>),tensor(-0.2918, grad_fn=<NegBackward0>),1152,34.567694902420044,8,0.5,,20
double_cake,random,random_lr0_1_lr0_01_lr0_01_optgd_epochs100_epochs0_001_epochs0_001_clusters6__rep1,50,0.875,tensor(0.1948, grad_fn=<SqueezeBackward0>),tensor(-0.4291, grad_fn=<NegBackward0>),1836,32.6380090713501,6,0.5,,20
double_cake,random,random_lr0_1_lr0_01_lr0_01_optgd_epochs100_epochs0_001_epochs0_001_clusters8__rep1,18,0.75,tensor(0.1506, grad_fn=<SqueezeBackward0>),tensor(-0.2374, grad_fn=<NegBackward0>),1216,32.59014391899109,8,0.5,,20
double_cake,random,random_lr0_1_lr0_01_lr0_01_optgd_epochs100_epochs0_001_epochs0_001_clusters6__rep1,51,0.875,tensor(0.1953, grad_fn=<SqueezeBackward0>),tensor(-0.5192, grad_fn=<NegBackward0>),1872,34.065346002578735,6,0.5,,20
double_cake,random,random_lr0_1_lr0_01_lr0_01_optgd_epochs100_epochs0_001_epochs0_001_clusters8__rep1,19,0.75,tensor(0.1532, grad_fn=<SqueezeBackward0>),tensor(-0.2906, grad_fn=<NegBackward0>),1280,33.54293394088745,8,0.5,,20
double_cake,random,random_lr0_1_lr0_01_lr0_01_optgd_epochs100_epochs0_001_epochs0_001_clusters6__rep1,52,0.875,tensor(0.1963, grad_fn=<SqueezeBackward0>),tensor(-0.4228, grad_fn=<NegBackward0>),1908,33.41795206069946,6,0.5,,20
double_cake,random,random_lr0_1_lr0_01_lr0_01_optgd_epochs100_epochs0_001_epochs0_001_clusters8__rep1,20,0.75,tensor(0.1526, grad_fn=<SqueezeBackward0>),tensor(-0.4009, grad_fn=<NegBackward0>),1344,32.144222021102905,8,0.5,,20
double_cake,random,random_lr0_1_lr0_01_lr0_01_optgd_epochs100_epochs0_001_epochs0_001_clusters6__rep1,53,0.875,tensor(0.1975, grad_fn=<SqueezeBackward0>),tensor(-0.4262, grad_fn=<NegBackward0>),1944,32.63546538352966,6,0.5,,20
double_cake,random,random_lr0_1_lr0_01_lr0_01_optgd_epochs100_epochs0_001_epochs0_001_clusters8__rep1,21,0.75,tensor(0.1560, grad_fn=<SqueezeBackward0>),tensor(-0.3481, grad_fn=<NegBackward0>),1408,34.510602951049805,8,0.5,,20
double_cake,random,random_lr0_1_lr0_01_lr0_01_optgd_epochs100_epochs0_001_epochs0_001_clusters6__rep1,54,1.0,tensor(0.1994, grad_fn=<SqueezeBackward0>),tensor(-0.3717, grad_fn=<NegBackward0>),1980,34.089142084121704,6,0.5,,20
double_cake,random,random_lr0_1_lr0_01_lr0_01_optgd_epochs100_epochs0_001_epochs0_001_clusters8__rep1,22,0.75,tensor(0.1579, grad_fn=<SqueezeBackward0>),tensor(-0.4027, grad_fn=<NegBackward0>),1472,32.145018100738525,8,0.5,,20
double_cake,random,random_lr0_1_lr0_01_lr0_01_optgd_epochs100_epochs0_001_epochs0_001_clusters6__rep1,55,1.0,tensor(0.1991, grad_fn=<SqueezeBackward0>),tensor(-0.4448, grad_fn=<NegBackward0>),2016,33.55600309371948,6,0.5,,20
double_cake,random,random_lr0_1_lr0_01_lr0_01_optgd_epochs100_epochs0_001_epochs0_001_clusters8__rep1,23,0.75,tensor(0.1589, grad_fn=<SqueezeBackward0>),tensor(-0.3519, grad_fn=<NegBackward0>),1536,34.61327791213989,8,0.5,,20
double_cake,random,random_lr0_1_lr0_01_lr0_01_optgd_epochs100_epochs0_001_epochs0_001_clusters6__rep1,56,1.0,tensor(0.1989, grad_fn=<SqueezeBackward0>),tensor(-0.2938, grad_fn=<NegBackward0>),2052,32.684520959854126,6,0.5,,20
double_cake,random,random_lr0_1_lr0_01_lr0_01_optgd_epochs100_epochs0_001_epochs0_001_clusters8__rep1,24,0.75,tensor(0.1589, grad_fn=<SqueezeBackward0>),tensor(-0.4292, grad_fn=<NegBackward0>),1600,32.22650218009949,8,0.5,,20
double_cake,random,random_lr0_1_lr0_01_lr0_01_optgd_epochs100_epochs0_001_epochs0_001_clusters6__rep1,57,1.0,tensor(0.1991, grad_fn=<SqueezeBackward0>),tensor(-0.4563, grad_fn=<NegBackward0>),2088,34.122830867767334,6,0.5,,20
double_cake,random,random_lr0_1_lr0_01_lr0_01_optgd_epochs100_epochs0_001_epochs0_001_clusters8__rep1,25,0.75,tensor(0.1588, grad_fn=<SqueezeBackward0>),tensor(-0.4263, grad_fn=<NegBackward0>),1664,33.30108022689819,8,0.5,,20
double_cake,random,random_lr0_1_lr0_01_lr0_01_optgd_epochs100_epochs0_001_epochs0_001_clusters6__rep1,58,1.0,tensor(0.2020, grad_fn=<SqueezeBackward0>),tensor(-0.4098, grad_fn=<NegBackward0>),2124,33.4066321849823,6,0.5,,20
double_cake,random,random_lr0_1_lr0_01_lr0_01_optgd_epochs100_epochs0_001_epochs0_001_clusters8__rep1,26,0.75,tensor(0.1631, grad_fn=<SqueezeBackward0>),tensor(-0.3241, grad_fn=<NegBackward0>),1728,33.27438998222351,8,0.5,,20
double_cake,random,random_lr0_1_lr0_01_lr0_01_optgd_epochs100_epochs0_001_epochs0_001_clusters6__rep1,59,1.0,tensor(0.2015, grad_fn=<SqueezeBackward0>),tensor(-0.3883, grad_fn=<NegBackward0>),2160,32.6701238155365,6,0.5,,20
double_cake,random,random_lr0_1_lr0_01_lr0_01_optgd_epochs100_epochs0_001_epochs0_001_clusters8__rep1,27,0.8125,tensor(0.1645, grad_fn=<SqueezeBackward0>),tensor(-0.3112, grad_fn=<NegBackward0>),1792,34.27354693412781,8,0.5,,20
double_cake,random,random_lr0_1_lr0_01_lr0_01_optgd_epochs100_epochs0_001_epochs0_001_clusters6__rep1,60,1.0,tensor(0.2024, grad_fn=<SqueezeBackward0>),tensor(-0.4932, grad_fn=<NegBackward0>),2196,34.03823900222778,6,0.5,,20
double_cake,random,random_lr0_1_lr0_01_lr0_01_optgd_epochs100_epochs0_001_epochs0_001_clusters8__rep1,28,0.8125,tensor(0.1647, grad_fn=<SqueezeBackward0>),tensor(-0.3038, grad_fn=<NegBackward0>),1856,34.49329710006714,8,0.5,,20
double_cake,random,random_lr0_1_lr0_01_lr0_01_optgd_epochs100_epochs0_001_epochs0_001_clusters6__rep1,61,1.0,tensor(0.2009, grad_fn=<SqueezeBackward0>),tensor(-0.4487, grad_fn=<NegBackward0>),2232,33.37326216697693,6,0.5,,20
double_cake,random,random_lr0_1_lr0_01_lr0_01_optgd_epochs100_epochs0_001_epochs0_001_clusters8__rep1,29,0.8125,tensor(0.1655, grad_fn=<SqueezeBackward0>),tensor(-0.3346, grad_fn=<NegBackward0>),1920,32.381308794021606,8,0.5,,20
double_cake,random,random_lr0_1_lr0_01_lr0_01_optgd_epochs100_epochs0_001_epochs0_001_clusters6__rep1,62,1.0,tensor(0.2034, grad_fn=<SqueezeBackward0>),tensor(-0.4087, grad_fn=<NegBackward0>),2268,32.66659092903137,6,0.5,,20
double_cake,random,random_lr0_1_lr0_01_lr0_01_optgd_epochs100_epochs0_001_epochs0_001_clusters8__rep1,30,0.8125,tensor(0.1684, grad_fn=<SqueezeBackward0>),tensor(-0.3006, grad_fn=<NegBackward0>),1984,34.6134889125824,8,0.5,,20
double_cake,random,random_lr0_1_lr0_01_lr0_01_optgd_epochs100_epochs0_001_epochs0_001_clusters6__rep1,63,1.0,tensor(0.2039, grad_fn=<SqueezeBackward0>),tensor(-0.5230, grad_fn=<NegBackward0>),2304,34.08210802078247,6,0.5,,20
double_cake,random,random_lr0_1_lr0_01_lr0_01_optgd_epochs100_epochs0_001_epochs0_001_clusters8__rep1,31,0.875,tensor(0.1700, grad_fn=<SqueezeBackward0>),tensor(-0.3803, grad_fn=<NegBackward0>),2048,33.49340891838074,8,0.5,,20
double_cake,random,random_lr0_1_lr0_01_lr0_01_optgd_epochs100_epochs0_001_epochs0_001_clusters6__rep1,64,1.0,tensor(0.2049, grad_fn=<SqueezeBackward0>),tensor(-0.4283, grad_fn=<NegBackward0>),2340,33.47579789161682,6,0.5,,20
double_cake,random,random_lr0_1_lr0_01_lr0_01_optgd_epochs100_epochs0_001_epochs0_001_clusters8__rep1,32,0.875,tensor(0.1717, grad_fn=<SqueezeBackward0>),tensor(-0.3343, grad_fn=<NegBackward0>),2112,35.04708003997803,8,0.5,,20
double_cake,random,random_lr0_1_lr0_01_lr0_01_optgd_epochs100_epochs0_001_epochs0_001_clusters6__rep1,65,1.0,tensor(0.2053, grad_fn=<SqueezeBackward0>),tensor(-0.3765, grad_fn=<NegBackward0>),2376,34.46769881248474,6,0.5,,20
double_cake,random,random_lr0_1_lr0_01_lr0_01_optgd_epochs100_epochs0_001_epochs0_001_clusters8__rep1,33,0.875,tensor(0.1752, grad_fn=<SqueezeBackward0>),tensor(-0.3442, grad_fn=<NegBackward0>),2176,33.276203870773315,8,0.5,,20
double_cake,random,random_lr0_1_lr0_01_lr0_01_optgd_epochs100_epochs0_001_epochs0_001_clusters6__rep1,66,1.0,tensor(0.2062, grad_fn=<SqueezeBackward0>),tensor(-0.3889, grad_fn=<NegBackward0>),2412,34.68622303009033,6,0.5,,20
double_cake,random,random_lr0_1_lr0_01_lr0_01_optgd_epochs100_epochs0_001_epochs0_001_clusters8__rep1,34,0.875,tensor(0.1771, grad_fn=<SqueezeBackward0>),tensor(-0.4133, grad_fn=<NegBackward0>),2240,33.46827697753906,8,0.5,,20
double_cake,random,random_lr0_1_lr0_01_lr0_01_optgd_epochs100_epochs0_001_epochs0_001_clusters6__rep1,67,1.0,tensor(0.2060, grad_fn=<SqueezeBackward0>),tensor(-0.4359, grad_fn=<NegBackward0>),2448,34.30573320388794,6,0.5,,20
double_cake,random,random_lr0_1_lr0_01_lr0_01_optgd_epochs100_epochs0_001_epochs0_001_clusters8__rep1,35,0.875,tensor(0.1794, grad_fn=<SqueezeBackward0>),tensor(-0.2853, grad_fn=<NegBackward0>),2304,35.60737204551697,8,0.5,,20
double_cake,random,random_lr0_1_lr0_01_lr0_01_optgd_epochs100_epochs0_001_epochs0_001_clusters6__rep1,68,0.9375,tensor(0.2085, grad_fn=<SqueezeBackward0>),tensor(-0.3436, grad_fn=<NegBackward0>),2484,33.3965950012207,6,0.5,,20
double_cake,random,random_lr0_1_lr0_01_lr0_01_optgd_epochs100_epochs0_001_epochs0_001_clusters8__rep1,36,0.875,tensor(0.1796, grad_fn=<SqueezeBackward0>),tensor(-0.5244, grad_fn=<NegBackward0>),2368,32.897372245788574,8,0.5,,20
double_cake,random,random_lr0_1_lr0_01_lr0_01_optgd_epochs100_epochs0_001_epochs0_001_clusters6__rep1,69,0.9375,tensor(0.2086, grad_fn=<SqueezeBackward0>),tensor(-0.4259, grad_fn=<NegBackward0>),2520,34.66448378562927,6,0.5,,20
double_cake,random,random_lr0_1_lr0_01_lr0_01_optgd_epochs100_epochs0_001_epochs0_001_clusters8__rep1,37,0.875,tensor(0.1822, grad_fn=<SqueezeBackward0>),tensor(-0.3629, grad_fn=<NegBackward0>),2432,33.935768127441406,8,0.5,,20
double_cake,random,random_lr0_1_lr0_01_lr0_01_optgd_epochs100_epochs0_001_epochs0_001_clusters6__rep1,70,0.9375,tensor(0.2117, grad_fn=<SqueezeBackward0>),tensor(-0.4206, grad_fn=<NegBackward0>),2556,34.106210231781006,6,0.5,,20
double_cake,random,random_lr0_1_lr0_01_lr0_01_optgd_epochs100_epochs0_001_epochs0_001_clusters8__rep1,38,0.8125,tensor(0.1843, grad_fn=<SqueezeBackward0>),tensor(-0.3681, grad_fn=<NegBackward0>),2496,34.2231969833374,8,0.5,,20
double_cake,random,random_lr0_1_lr0_01_lr0_01_optgd_epochs100_epochs0_001_epochs0_001_clusters6__rep1,71,0.9375,tensor(0.2126, grad_fn=<SqueezeBackward0>),tensor(-0.4794, grad_fn=<NegBackward0>),2592,33.35597801208496,6,0.5,,20
double_cake,random,random_lr0_1_lr0_01_lr0_01_optgd_epochs100_epochs0_001_epochs0_001_clusters8__rep1,39,0.875,tensor(0.1862, grad_fn=<SqueezeBackward0>),tensor(-0.4012, grad_fn=<NegBackward0>),2560,33.7844500541687,8,0.5,,20
double_cake,random,random_lr0_1_lr0_01_lr0_01_optgd_epochs100_epochs0_001_epochs0_001_clusters6__rep1,72,0.9375,tensor(0.2142, grad_fn=<SqueezeBackward0>),tensor(-0.3825, grad_fn=<NegBackward0>),2628,35.350056886672974,6,0.5,,20
double_cake,random,random_lr0_1_lr0_01_lr0_01_optgd_epochs100_epochs0_001_epochs0_001_clusters8__rep1,40,0.875,tensor(0.1873, grad_fn=<SqueezeBackward0>),tensor(-0.3200, grad_fn=<NegBackward0>),2624,35.56241202354431,8,0.5,,20
double_cake,random,random_lr0_1_lr0_01_lr0_01_optgd_epochs100_epochs0_001_epochs0_001_clusters6__rep1,73,0.9375,tensor(0.2145, grad_fn=<SqueezeBackward0>),tensor(-0.4180, grad_fn=<NegBackward0>),2664,33.89495229721069,6,0.5,,20
double_cake,random,random_lr0_1_lr0_01_lr0_01_optgd_epochs100_epochs0_001_epochs0_001_clusters8__rep1,41,0.875,tensor(0.1882, grad_fn=<SqueezeBackward0>),tensor(-0.4226, grad_fn=<NegBackward0>),2688,34.136191844940186,8,0.5,,20
double_cake,random,random_lr0_1_lr0_01_lr0_01_optgd_epochs100_epochs0_001_epochs0_001_clusters6__rep1,74,0.9375,tensor(0.2152, grad_fn=<SqueezeBackward0>),tensor(-0.4248, grad_fn=<NegBackward0>),2700,32.89412713050842,6,0.5,,20
double_cake,random,random_lr0_1_lr0_01_lr0_01_optgd_epochs100_epochs0_001_epochs0_001_clusters8__rep1,42,0.875,tensor(0.1895, grad_fn=<SqueezeBackward0>),tensor(-0.4394, grad_fn=<NegBackward0>),2752,33.64804005622864,8,0.5,,20
double_cake,random,random_lr0_1_lr0_01_lr0_01_optgd_epochs100_epochs0_001_epochs0_001_clusters6__rep1,75,0.9375,tensor(0.2156, grad_fn=<SqueezeBackward0>),tensor(-0.4508, grad_fn=<NegBackward0>),2736,34.09160089492798,6,0.5,,20
double_cake,random,random_lr0_1_lr0_01_lr0_01_optgd_epochs100_epochs0_001_epochs0_001_clusters8__rep1,43,0.8125,tensor(0.1905, grad_fn=<SqueezeBackward0>),tensor(-0.3279, grad_fn=<NegBackward0>),2816,33.76948022842407,8,0.5,,20
double_cake,random,random_lr0_1_lr0_01_lr0_01_optgd_epochs100_epochs0_001_epochs0_001_clusters6__rep1,76,0.9375,tensor(0.2165, grad_fn=<SqueezeBackward0>),tensor(-0.4451, grad_fn=<NegBackward0>),2772,33.379823207855225,6,0.5,,20
double_cake,random,random_lr0_1_lr0_01_lr0_01_optgd_epochs100_epochs0_001_epochs0_001_clusters8__rep1,44,0.875,tensor(0.1917, grad_fn=<SqueezeBackward0>),tensor(-0.4197, grad_fn=<NegBackward0>),2880,32.572184801101685,8,0.5,,20
double_cake,random,random_lr0_1_lr0_01_lr0_01_optgd_epochs100_epochs0_001_epochs0_001_clusters6__rep1,77,0.9375,tensor(0.2166, grad_fn=<SqueezeBackward0>),tensor(-0.5280, grad_fn=<NegBackward0>),2808,32.624521017074585,6,0.5,,20
double_cake,random,random_lr0_1_lr0_01_lr0_01_optgd_epochs100_epochs0_001_epochs0_001_clusters8__rep1,45,0.875,tensor(0.1903, grad_fn=<SqueezeBackward0>),tensor(-0.4374, grad_fn=<NegBackward0>),2944,33.430464029312134,8,0.5,,20
double_cake,random,random_lr0_1_lr0_01_lr0_01_optgd_epochs100_epochs0_001_epochs0_001_clusters6__rep1,78,0.9375,tensor(0.2164, grad_fn=<SqueezeBackward0>),tensor(-0.4808, grad_fn=<NegBackward0>),2844,34.08137798309326,6,0.5,,20
double_cake,random,random_lr0_1_lr0_01_lr0_01_optgd_epochs100_epochs0_001_epochs0_001_clusters8__rep1,46,0.9375,tensor(0.1929, grad_fn=<SqueezeBackward0>),tensor(-0.3269, grad_fn=<NegBackward0>),3008,33.652864933013916,8,0.5,,20
double_cake,random,random_lr0_1_lr0_01_lr0_01_optgd_epochs100_epochs0_001_epochs0_001_clusters6__rep1,79,0.9375,tensor(0.2167, grad_fn=<SqueezeBackward0>),tensor(-0.4264, grad_fn=<NegBackward0>),2880,33.38763904571533,6,0.5,,20
double_cake,random,random_lr0_1_lr0_01_lr0_01_optgd_epochs100_epochs0_001_epochs0_001_clusters8__rep1,47,0.9375,tensor(0.1929, grad_fn=<SqueezeBackward0>),tensor(-0.3894, grad_fn=<NegBackward0>),3072,32.28718900680542,8,0.5,,20
double_cake,random,random_lr0_1_lr0_01_lr0_01_optgd_epochs100_epochs0_001_epochs0_001_clusters6__rep1,80,0.9375,tensor(0.2177, grad_fn=<SqueezeBackward0>),tensor(-0.4349, grad_fn=<NegBackward0>),2916,32.64027786254883,6,0.5,,20
double_cake,random,random_lr0_1_lr0_01_lr0_01_optgd_epochs100_epochs0_001_epochs0_001_clusters8__rep1,48,0.9375,tensor(0.1940, grad_fn=<SqueezeBackward0>),tensor(-0.3306, grad_fn=<NegBackward0>),3136,33.43179488182068,8,0.5,,20
double_cake,random,random_lr0_1_lr0_01_lr0_01_optgd_epochs100_epochs0_001_epochs0_001_clusters6__rep1,81,0.9375,tensor(0.2173, grad_fn=<SqueezeBackward0>),tensor(-0.3798, grad_fn=<NegBackward0>),2952,34.15170502662659,6,0.5,,20
double_cake,random,random_lr0_1_lr0_01_lr0_01_optgd_epochs100_epochs0_001_epochs0_001_clusters8__rep1,49,0.9375,tensor(0.1950, grad_fn=<SqueezeBackward0>),tensor(-0.3587, grad_fn=<NegBackward0>),3200,34.78158092498779,8,0.5,,20
double_cake,random,random_lr0_1_lr0_01_lr0_01_optgd_epochs100_epochs0_001_epochs0_001_clusters6__rep1,82,0.9375,tensor(0.2183, grad_fn=<SqueezeBackward0>),tensor(-0.6067, grad_fn=<NegBackward0>),2988,33.76308584213257,6,0.5,,20
double_cake,random,random_lr0_1_lr0_01_lr0_01_optgd_epochs100_epochs0_001_epochs0_001_clusters8__rep1,50,0.875,tensor(0.1976, grad_fn=<SqueezeBackward0>),tensor(-0.3920, grad_fn=<NegBackward0>),3264,32.422378063201904,8,0.5,,20
double_cake,random,random_lr0_1_lr0_01_lr0_01_optgd_epochs100_epochs0_001_epochs0_001_clusters6__rep1,83,0.9375,tensor(0.2189, grad_fn=<SqueezeBackward0>),tensor(-0.3673, grad_fn=<NegBackward0>),3024,32.85023379325867,6,0.5,,20
double_cake,random,random_lr0_1_lr0_01_lr0_01_optgd_epochs100_epochs0_001_epochs0_001_clusters8__rep1,51,0.875,tensor(0.1991, grad_fn=<SqueezeBackward0>),tensor(-0.4468, grad_fn=<NegBackward0>),3328,34.79599380493164,8,0.5,,20
double_cake,random,random_lr0_1_lr0_01_lr0_01_optgd_epochs100_epochs0_001_epochs0_001_clusters6__rep1,84,0.9375,tensor(0.2214, grad_fn=<SqueezeBackward0>),tensor(-0.4497, grad_fn=<NegBackward0>),3060,34.1336669921875,6,0.5,,20
double_cake,random,random_lr0_1_lr0_01_lr0_01_optgd_epochs100_epochs0_001_epochs0_001_clusters8__rep1,52,0.9375,tensor(0.1998, grad_fn=<SqueezeBackward0>),tensor(-0.3681, grad_fn=<NegBackward0>),3392,32.562196016311646,8,0.5,,20
double_cake,random,random_lr0_1_lr0_01_lr0_01_optgd_epochs100_epochs0_001_epochs0_001_clusters6__rep1,85,0.9375,tensor(0.2228, grad_fn=<SqueezeBackward0>),tensor(-0.3675, grad_fn=<NegBackward0>),3096,33.43228888511658,6,0.5,,20
double_cake,random,random_lr0_1_lr0_01_lr0_01_optgd_epochs100_epochs0_001_epochs0_001_clusters8__rep1,53,0.9375,tensor(0.2009, grad_fn=<SqueezeBackward0>),tensor(-0.4489, grad_fn=<NegBackward0>),3456,33.42142701148987,8,0.5,,20
double_cake,random,random_lr0_1_lr0_01_lr0_01_optgd_epochs100_epochs0_001_epochs0_001_clusters6__rep1,86,0.9375,tensor(0.2233, grad_fn=<SqueezeBackward0>),tensor(-0.3001, grad_fn=<NegBackward0>),3132,32.697015047073364,6,0.5,,20
double_cake,random,random_lr0_1_lr0_01_lr0_01_optgd_epochs100_epochs0_001_epochs0_001_clusters8__rep1,54,1.0,tensor(0.2025, grad_fn=<SqueezeBackward0>),tensor(-0.3390, grad_fn=<NegBackward0>),3520,33.506491899490356,8,0.5,,20
double_cake,random,random_lr0_1_lr0_01_lr0_01_optgd_epochs100_epochs0_001_epochs0_001_clusters6__rep1,87,0.9375,tensor(0.2242, grad_fn=<SqueezeBackward0>),tensor(-0.4247, grad_fn=<NegBackward0>),3168,34.06290578842163,6,0.5,,20
double_cake,random,random_lr0_1_lr0_01_lr0_01_optgd_epochs100_epochs0_001_epochs0_001_clusters8__rep1,55,1.0,tensor(0.2038, grad_fn=<SqueezeBackward0>),tensor(-0.3827, grad_fn=<NegBackward0>),3584,33.74426078796387,8,0.5,,20
double_cake,random,random_lr0_1_lr0_01_lr0_01_optgd_epochs100_epochs0_001_epochs0_001_clusters6__rep1,88,0.9375,tensor(0.2250, grad_fn=<SqueezeBackward0>),tensor(-0.4261, grad_fn=<NegBackward0>),3204,33.38168001174927,6,0.5,,20
double_cake,random,random_lr0_1_lr0_01_lr0_01_optgd_epochs100_epochs0_001_epochs0_001_clusters8__rep1,56,1.0,tensor(0.2037, grad_fn=<SqueezeBackward0>),tensor(-0.3077, grad_fn=<NegBackward0>),3648,32.56015706062317,8,0.5,,20
double_cake,random,random_lr0_1_lr0_01_lr0_01_optgd_epochs100_epochs0_001_epochs0_001_clusters6__rep1,89,0.9375,tensor(0.2252, grad_fn=<SqueezeBackward0>),tensor(-0.4407, grad_fn=<NegBackward0>),3240,32.69005537033081,6,0.5,,20
double_cake,random,random_lr0_1_lr0_01_lr0_01_optgd_epochs100_epochs0_001_epochs0_001_clusters8__rep1,57,1.0,tensor(0.2046, grad_fn=<SqueezeBackward0>),tensor(-0.4538, grad_fn=<NegBackward0>),3712,33.40634894371033,8,0.5,,20
double_cake,random,random_lr0_1_lr0_01_lr0_01_optgd_epochs100_epochs0_001_epochs0_001_clusters6__rep1,90,0.9375,tensor(0.2250, grad_fn=<SqueezeBackward0>),tensor(-0.4143, grad_fn=<NegBackward0>),3276,34.04655194282532,6,0.5,,20
double_cake,random,random_lr0_1_lr0_01_lr0_01_optgd_epochs100_epochs0_001_epochs0_001_clusters8__rep1,58,1.0,tensor(0.2062, grad_fn=<SqueezeBackward0>),tensor(-0.4061, grad_fn=<NegBackward0>),3776,33.41658806800842,8,0.5,,20
double_cake,random,random_lr0_1_lr0_01_lr0_01_optgd_epochs100_epochs0_001_epochs0_001_clusters6__rep1,91,0.9375,tensor(0.2254, grad_fn=<SqueezeBackward0>),tensor(-0.4734, grad_fn=<NegBackward0>),3312,33.42986488342285,6,0.5,,20
double_cake,random,random_lr0_1_lr0_01_lr0_01_optgd_epochs100_epochs0_001_epochs0_001_clusters8__rep1,59,1.0,tensor(0.2054, grad_fn=<SqueezeBackward0>),tensor(-0.3323, grad_fn=<NegBackward0>),3840,33.4802360534668,8,0.5,,20
double_cake,random,random_lr0_1_lr0_01_lr0_01_optgd_epochs100_epochs0_001_epochs0_001_clusters6__rep1,92,0.9375,tensor(0.2256, grad_fn=<SqueezeBackward0>),tensor(-0.4009, grad_fn=<NegBackward0>),3348,32.62737989425659,6,0.5,,20
double_cake,random,random_lr0_1_lr0_01_lr0_01_optgd_epochs100_epochs0_001_epochs0_001_clusters8__rep1,60,1.0,tensor(0.2066, grad_fn=<SqueezeBackward0>),tensor(-0.4332, grad_fn=<NegBackward0>),3904,33.886733055114746,8,0.5,,20
double_cake,random,random_lr0_1_lr0_01_lr0_01_optgd_epochs100_epochs0_001_epochs0_001_clusters6__rep1,93,0.9375,tensor(0.2266, grad_fn=<SqueezeBackward0>),tensor(-0.4342, grad_fn=<NegBackward0>),3384,34.06144309043884,6,0.5,,20
double_cake,random,random_lr0_1_lr0_01_lr0_01_optgd_epochs100_epochs0_001_epochs0_001_clusters8__rep1,61,1.0,tensor(0.2060, grad_fn=<SqueezeBackward0>),tensor(-0.2996, grad_fn=<NegBackward0>),3968,32.97166585922241,8,0.5,,20
double_cake,random,random_lr0_1_lr0_01_lr0_01_optgd_epochs100_epochs0_001_epochs0_001_clusters6__rep1,94,0.9375,tensor(0.2270, grad_fn=<SqueezeBackward0>),tensor(-0.5464, grad_fn=<NegBackward0>),3420,33.425721883773804,6,0.5,,20
double_cake,random,random_lr0_1_lr0_01_lr0_01_optgd_epochs100_epochs0_001_epochs0_001_clusters8__rep1,62,1.0,tensor(0.2092, grad_fn=<SqueezeBackward0>),tensor(-0.3763, grad_fn=<NegBackward0>),4032,34.35325884819031,8,0.5,,20
double_cake,random,random_lr0_1_lr0_01_lr0_01_optgd_epochs100_epochs0_001_epochs0_001_clusters6__rep1,95,0.9375,tensor(0.2277, grad_fn=<SqueezeBackward0>),tensor(-0.4981, grad_fn=<NegBackward0>),3456,32.633174896240234,6,0.5,,20
double_cake,random,random_lr0_1_lr0_01_lr0_01_optgd_epochs100_epochs0_001_epochs0_001_clusters8__rep1,63,1.0,tensor(0.2098, grad_fn=<SqueezeBackward0>),tensor(-0.5414, grad_fn=<NegBackward0>),4096,33.70769000053406,8,0.5,,20
double_cake,random,random_lr0_1_lr0_01_lr0_01_optgd_epochs100_epochs0_001_epochs0_001_clusters6__rep1,96,0.9375,tensor(0.2296, grad_fn=<SqueezeBackward0>),tensor(-0.4817, grad_fn=<NegBackward0>),3492,34.05812978744507,6,0.5,,20
double_cake,random,random_lr0_1_lr0_01_lr0_01_optgd_epochs100_epochs0_001_epochs0_001_clusters8__rep1,64,1.0,tensor(0.2105, grad_fn=<SqueezeBackward0>),tensor(-0.4308, grad_fn=<NegBackward0>),4160,32.488768100738525,8,0.5,,20
double_cake,random,random_lr0_1_lr0_01_lr0_01_optgd_epochs100_epochs0_001_epochs0_001_clusters6__rep1,97,0.9375,tensor(0.2312, grad_fn=<SqueezeBackward0>),tensor(-0.4019, grad_fn=<NegBackward0>),3528,33.41559290885925,6,0.5,,20
double_cake,random,random_lr0_1_lr0_01_lr0_01_optgd_epochs100_epochs0_001_epochs0_001_clusters8__rep1,65,1.0,tensor(0.2103, grad_fn=<SqueezeBackward0>),tensor(-0.4004, grad_fn=<NegBackward0>),4224,34.33988094329834,8,0.5,,20
double_cake,random,random_lr0_1_lr0_01_lr0_01_optgd_epochs100_epochs0_001_epochs0_001_clusters6__rep1,98,0.9375,tensor(0.2324, grad_fn=<SqueezeBackward0>),tensor(-0.4566, grad_fn=<NegBackward0>),3564,32.64769101142883,6,0.5,,20
double_cake,random,random_lr0_1_lr0_01_lr0_01_optgd_epochs100_epochs0_001_epochs0_001_clusters8__rep1,66,0.875,tensor(0.2116, grad_fn=<SqueezeBackward0>),tensor(-0.3196, grad_fn=<NegBackward0>),4288,34.65013575553894,8,0.5,,20
double_cake,random,random_lr0_1_lr0_01_lr0_01_optgd_epochs100_epochs0_001_epochs0_001_clusters6__rep1,99,0.9375,tensor(0.2313, grad_fn=<SqueezeBackward0>),tensor(-0.4657, grad_fn=<NegBackward0>),3600,34.12014389038086,6,0.5,,20
double_cake,random,random_lr0_1_lr0_01_lr0_01_optgd_epochs100_epochs0_001_epochs0_001_clusters8__rep1,67,0.875,tensor(0.2106, grad_fn=<SqueezeBackward0>),tensor(-0.3755, grad_fn=<NegBackward0>),4352,33.52206373214722,8,0.5,,20
double_cake,random,random_lr0_1_lr0_01_lr0_01_optgd_epochs100_epochs0_001_epochs0_001_clusters8__rep1,68,0.875,tensor(0.2125, grad_fn=<SqueezeBackward0>),tensor(-0.3423, grad_fn=<NegBackward0>),4416,34.71532487869263,8,0.5,,20
double_cake,random,random_lr0_1_lr0_01_lr0_01_optgd_epochs100_epochs0_001_epochs0_001_clusters8__rep1,69,0.875,tensor(0.2139, grad_fn=<SqueezeBackward0>),tensor(-0.3602, grad_fn=<NegBackward0>),4480,32.63451600074768,8,0.5,,20
double_cake,random,random_lr0_1_lr0_01_lr0_01_optgd_epochs100_epochs0_001_epochs0_001_clusters10__rep1,0,0.6875,tensor(0.1243, grad_fn=<SqueezeBackward0>),tensor(-0.3809, grad_fn=<NegBackward0>),100,32.53112006187439,10,0.5,,20
double_cake,random,random_lr0_1_lr0_01_lr0_01_optgd_epochs100_epochs0_001_epochs0_001_clusters8__rep1,70,0.875,tensor(0.2152, grad_fn=<SqueezeBackward0>),tensor(-0.2546, grad_fn=<NegBackward0>),4544,33.5946569442749,8,0.5,,20
double_cake,random,random_lr0_1_lr0_01_lr0_01_optgd_epochs100_epochs0_001_epochs0_001_clusters10__rep1,1,0.6875,tensor(0.1260, grad_fn=<SqueezeBackward0>),tensor(-0.3012, grad_fn=<NegBackward0>),200,33.971067905426025,10,0.5,,20
double_cake,random,random_lr0_1_lr0_01_lr0_01_optgd_epochs100_epochs0_001_epochs0_001_clusters8__rep1,71,0.875,tensor(0.2156, grad_fn=<SqueezeBackward0>),tensor(-0.4067, grad_fn=<NegBackward0>),4608,33.703142166137695,8,0.5,,20
double_cake,random,random_lr0_1_lr0_01_lr0_01_optgd_epochs100_epochs0_001_epochs0_001_clusters10__rep1,2,0.6875,tensor(0.1289, grad_fn=<SqueezeBackward0>),tensor(-0.3226, grad_fn=<NegBackward0>),300,34.12156891822815,10,0.5,,20
double_cake,random,random_lr0_1_lr0_01_lr0_01_optgd_epochs100_epochs0_001_epochs0_001_clusters8__rep1,72,0.875,tensor(0.2170, grad_fn=<SqueezeBackward0>),tensor(-0.3288, grad_fn=<NegBackward0>),4672,33.551193952560425,8,0.5,,20
double_cake,random,random_lr0_1_lr0_01_lr0_01_optgd_epochs100_epochs0_001_epochs0_001_clusters10__rep1,3,0.6875,tensor(0.1291, grad_fn=<SqueezeBackward0>),tensor(-0.3078, grad_fn=<NegBackward0>),400,35.76061010360718,10,0.5,,20
double_cake,random,random_lr0_1_lr0_01_lr0_01_optgd_epochs100_epochs0_001_epochs0_001_clusters8__rep1,73,0.875,tensor(0.2175, grad_fn=<SqueezeBackward0>),tensor(-0.4419, grad_fn=<NegBackward0>),4736,34.398277759552,8,0.5,,20
double_cake,random,random_lr0_1_lr0_01_lr0_01_optgd_epochs100_epochs0_001_epochs0_001_clusters10__rep1,4,0.6875,tensor(0.1294, grad_fn=<SqueezeBackward0>),tensor(-0.2916, grad_fn=<NegBackward0>),500,32.598583936691284,10,0.5,,20
double_cake,random,random_lr0_1_lr0_01_lr0_01_optgd_epochs100_epochs0_001_epochs0_001_clusters8__rep1,74,0.875,tensor(0.2189, grad_fn=<SqueezeBackward0>),tensor(-0.3754, grad_fn=<NegBackward0>),4800,33.873250007629395,8,0.5,,20
double_cake,random,random_lr0_1_lr0_01_lr0_01_optgd_epochs100_epochs0_001_epochs0_001_clusters10__rep1,5,0.6875,tensor(0.1311, grad_fn=<SqueezeBackward0>),tensor(-0.2926, grad_fn=<NegBackward0>),600,33.3822660446167,10,0.5,,20
double_cake,random,random_lr0_1_lr0_01_lr0_01_optgd_epochs100_epochs0_001_epochs0_001_clusters8__rep1,75,0.875,tensor(0.2192, grad_fn=<SqueezeBackward0>),tensor(-0.3610, grad_fn=<NegBackward0>),4864,33.047049045562744,8,0.5,,20
double_cake,random,random_lr0_1_lr0_01_lr0_01_optgd_epochs100_epochs0_001_epochs0_001_clusters10__rep1,6,0.6875,tensor(0.1300, grad_fn=<SqueezeBackward0>),tensor(-0.3087, grad_fn=<NegBackward0>),700,34.11791110038757,10,0.5,,20
double_cake,random,random_lr0_1_lr0_01_lr0_01_optgd_epochs100_epochs0_001_epochs0_001_clusters8__rep1,76,0.875,tensor(0.2200, grad_fn=<SqueezeBackward0>),tensor(-0.4657, grad_fn=<NegBackward0>),4928,33.75383925437927,8,0.5,,20
double_cake,random,random_lr0_1_lr0_01_lr0_01_optgd_epochs100_epochs0_001_epochs0_001_clusters10__rep1,7,0.6875,tensor(0.1323, grad_fn=<SqueezeBackward0>),tensor(-0.2017, grad_fn=<NegBackward0>),800,32.18926000595093,10,0.5,,20
double_cake,random,random_lr0_1_lr0_01_lr0_01_optgd_epochs100_epochs0_001_epochs0_001_clusters8__rep1,77,0.875,tensor(0.2208, grad_fn=<SqueezeBackward0>),tensor(-0.3868, grad_fn=<NegBackward0>),4992,32.3564338684082,8,0.5,,20
double_cake,random,random_lr0_1_lr0_01_lr0_01_optgd_epochs100_epochs0_001_epochs0_001_clusters10__rep1,8,0.6875,tensor(0.1345, grad_fn=<SqueezeBackward0>),tensor(-0.3165, grad_fn=<NegBackward0>),900,33.924073934555054,10,0.5,,20
double_cake,random,random_lr0_1_lr0_01_lr0_01_optgd_epochs100_epochs0_001_epochs0_001_clusters8__rep1,78,0.875,tensor(0.2207, grad_fn=<SqueezeBackward0>),tensor(-0.3478, grad_fn=<NegBackward0>),5056,33.60769486427307,8,0.5,,20
double_cake,random,random_lr0_1_lr0_01_lr0_01_optgd_epochs100_epochs0_001_epochs0_001_clusters10__rep1,9,0.6875,tensor(0.1362, grad_fn=<SqueezeBackward0>),tensor(-0.4024, grad_fn=<NegBackward0>),1000,34.22114419937134,10,0.5,,20
double_cake,random,random_lr0_1_lr0_01_lr0_01_optgd_epochs100_epochs0_001_epochs0_001_clusters8__rep1,79,0.875,tensor(0.2210, grad_fn=<SqueezeBackward0>),tensor(-0.3373, grad_fn=<NegBackward0>),5120,33.643572092056274,8,0.5,,20
double_cake,random,random_lr0_1_lr0_01_lr0_01_optgd_epochs100_epochs0_001_epochs0_001_clusters10__rep1,10,0.6875,tensor(0.1361, grad_fn=<SqueezeBackward0>),tensor(-0.3732, grad_fn=<NegBackward0>),1100,35.90280294418335,10,0.5,,20
double_cake,random,random_lr0_1_lr0_01_lr0_01_optgd_epochs100_epochs0_001_epochs0_001_clusters8__rep1,80,0.875,tensor(0.2215, grad_fn=<SqueezeBackward0>),tensor(-0.4106, grad_fn=<NegBackward0>),5184,32.15910291671753,8,0.5,,20
double_cake,random,random_lr0_1_lr0_01_lr0_01_optgd_epochs100_epochs0_001_epochs0_001_clusters10__rep1,11,0.6875,tensor(0.1391, grad_fn=<SqueezeBackward0>),tensor(-0.3643, grad_fn=<NegBackward0>),1200,33.658546924591064,10,0.5,,20
double_cake,random,random_lr0_1_lr0_01_lr0_01_optgd_epochs100_epochs0_001_epochs0_001_clusters8__rep1,81,0.875,tensor(0.2215, grad_fn=<SqueezeBackward0>),tensor(-0.3971, grad_fn=<NegBackward0>),5248,34.49123477935791,8,0.5,,20
double_cake,random,random_lr0_1_lr0_01_lr0_01_optgd_epochs100_epochs0_001_epochs0_001_clusters10__rep1,12,0.6875,tensor(0.1400, grad_fn=<SqueezeBackward0>),tensor(-0.3241, grad_fn=<NegBackward0>),1300,32.24119305610657,10,0.5,,20
double_cake,random,random_lr0_1_lr0_01_lr0_01_optgd_epochs100_epochs0_001_epochs0_001_clusters8__rep1,82,0.875,tensor(0.2226, grad_fn=<SqueezeBackward0>),tensor(-0.4523, grad_fn=<NegBackward0>),5312,33.753647804260254,8,0.5,,20
double_cake,random,random_lr0_1_lr0_01_lr0_01_optgd_epochs100_epochs0_001_epochs0_001_clusters10__rep1,13,0.6875,tensor(0.1442, grad_fn=<SqueezeBackward0>),tensor(-0.2732, grad_fn=<NegBackward0>),1400,34.683632135391235,10,0.5,,20
double_cake,random,random_lr0_1_lr0_01_lr0_01_optgd_epochs100_epochs0_001_epochs0_001_clusters8__rep1,83,0.875,tensor(0.2236, grad_fn=<SqueezeBackward0>),tensor(-0.4204, grad_fn=<NegBackward0>),5376,32.56476593017578,8,0.5,,20
double_cake,random,random_lr0_1_lr0_01_lr0_01_optgd_epochs100_epochs0_001_epochs0_001_clusters10__rep1,14,0.6875,tensor(0.1450, grad_fn=<SqueezeBackward0>),tensor(-0.2667, grad_fn=<NegBackward0>),1500,32.446537256240845,10,0.5,,20
double_cake,random,random_lr0_1_lr0_01_lr0_01_optgd_epochs100_epochs0_001_epochs0_001_clusters8__rep1,84,0.875,tensor(0.2254, grad_fn=<SqueezeBackward0>),tensor(-0.4180, grad_fn=<NegBackward0>),5440,34.897438049316406,8,0.5,,20
double_cake,random,random_lr0_1_lr0_01_lr0_01_optgd_epochs100_epochs0_001_epochs0_001_clusters10__rep1,15,0.6875,tensor(0.1472, grad_fn=<SqueezeBackward0>),tensor(-0.2338, grad_fn=<NegBackward0>),1600,34.88460111618042,10,0.5,,20
double_cake,random,random_lr0_1_lr0_01_lr0_01_optgd_epochs100_epochs0_001_epochs0_001_clusters8__rep1,85,0.9375,tensor(0.2270, grad_fn=<SqueezeBackward0>),tensor(-0.3208, grad_fn=<NegBackward0>),5504,32.31031513214111,8,0.5,,20
double_cake,random,random_lr0_1_lr0_01_lr0_01_optgd_epochs100_epochs0_001_epochs0_001_clusters10__rep1,16,0.75,tensor(0.1492, grad_fn=<SqueezeBackward0>),tensor(-0.3030, grad_fn=<NegBackward0>),1700,32.62412905693054,10,0.5,,20
double_cake,random,random_lr0_1_lr0_01_lr0_01_optgd_epochs100_epochs0_001_epochs0_001_clusters8__rep1,86,0.9375,tensor(0.2279, grad_fn=<SqueezeBackward0>),tensor(-0.3060, grad_fn=<NegBackward0>),5568,33.356683015823364,8,0.5,,20
double_cake,random,random_lr0_1_lr0_01_lr0_01_optgd_epochs100_epochs0_001_epochs0_001_clusters10__rep1,17,0.75,tensor(0.1527, grad_fn=<SqueezeBackward0>),tensor(-0.2488, grad_fn=<NegBackward0>),1800,33.592519998550415,10,0.5,,20
double_cake,random,random_lr0_1_lr0_01_lr0_01_optgd_epochs100_epochs0_001_epochs0_001_clusters8__rep1,87,0.9375,tensor(0.2289, grad_fn=<SqueezeBackward0>),tensor(-0.4573, grad_fn=<NegBackward0>),5632,33.88376188278198,8,0.5,,20
double_cake,random,random_lr0_1_lr0_01_lr0_01_optgd_epochs100_epochs0_001_epochs0_001_clusters10__rep1,18,0.75,tensor(0.1548, grad_fn=<SqueezeBackward0>),tensor(-0.2164, grad_fn=<NegBackward0>),1900,33.563745975494385,10,0.5,,20
double_cake,random,random_lr0_1_lr0_01_lr0_01_optgd_epochs100_epochs0_001_epochs0_001_clusters8__rep1,88,0.9375,tensor(0.2295, grad_fn=<SqueezeBackward0>),tensor(-0.3695, grad_fn=<NegBackward0>),5696,34.45405125617981,8,0.5,,20
double_cake,random,random_lr0_1_lr0_01_lr0_01_optgd_epochs100_epochs0_001_epochs0_001_clusters10__rep1,19,0.75,tensor(0.1577, grad_fn=<SqueezeBackward0>),tensor(-0.2874, grad_fn=<NegBackward0>),2000,33.69450807571411,10,0.5,,20
double_cake,random,random_lr0_1_lr0_01_lr0_01_optgd_epochs100_epochs0_001_epochs0_001_clusters8__rep1,89,0.9375,tensor(0.2302, grad_fn=<SqueezeBackward0>),tensor(-0.4079, grad_fn=<NegBackward0>),5760,33.74789381027222,8,0.5,,20
double_cake,random,random_lr0_1_lr0_01_lr0_01_optgd_epochs100_epochs0_001_epochs0_001_clusters10__rep1,20,0.75,tensor(0.1603, grad_fn=<SqueezeBackward0>),tensor(-0.3215, grad_fn=<NegBackward0>),2100,34.824958086013794,10,0.5,,20
double_cake,random,random_lr0_1_lr0_01_lr0_01_optgd_epochs100_epochs0_001_epochs0_001_clusters8__rep1,90,0.9375,tensor(0.2311, grad_fn=<SqueezeBackward0>),tensor(-0.3303, grad_fn=<NegBackward0>),5824,32.55178189277649,8,0.5,,20
double_cake,random,random_lr0_1_lr0_01_lr0_01_optgd_epochs100_epochs0_001_epochs0_001_clusters10__rep1,21,0.75,tensor(0.1636, grad_fn=<SqueezeBackward0>),tensor(-0.3194, grad_fn=<NegBackward0>),2200,32.71063280105591,10,0.5,,20
double_cake,random,random_lr0_1_lr0_01_lr0_01_optgd_epochs100_epochs0_001_epochs0_001_clusters8__rep1,91,0.9375,tensor(0.2320, grad_fn=<SqueezeBackward0>),tensor(-0.3849, grad_fn=<NegBackward0>),5888,34.67544102668762,8,0.5,,20
double_cake,random,random_lr0_1_lr0_01_lr0_01_optgd_epochs100_epochs0_001_epochs0_001_clusters10__rep1,22,0.75,tensor(0.1662, grad_fn=<SqueezeBackward0>),tensor(-0.3030, grad_fn=<NegBackward0>),2300,33.63784384727478,10,0.5,,20
double_cake,random,random_lr0_1_lr0_01_lr0_01_optgd_epochs100_epochs0_001_epochs0_001_clusters8__rep1,92,0.9375,tensor(0.2331, grad_fn=<SqueezeBackward0>),tensor(-0.3701, grad_fn=<NegBackward0>),5952,33.86778903007507,8,0.5,,20
double_cake,random,random_lr0_1_lr0_01_lr0_01_optgd_epochs100_epochs0_001_epochs0_001_clusters10__rep1,23,0.8125,tensor(0.1674, grad_fn=<SqueezeBackward0>),tensor(-0.3088, grad_fn=<NegBackward0>),2400,34.829280853271484,10,0.5,,20
double_cake,random,random_lr0_1_lr0_01_lr0_01_optgd_epochs100_epochs0_001_epochs0_001_clusters8__rep1,93,0.9375,tensor(0.2339, grad_fn=<SqueezeBackward0>),tensor(-0.4183, grad_fn=<NegBackward0>),6016,32.31215691566467,8,0.5,,20
double_cake,random,random_lr0_1_lr0_01_lr0_01_optgd_epochs100_epochs0_001_epochs0_001_clusters10__rep1,24,0.8125,tensor(0.1677, grad_fn=<SqueezeBackward0>),tensor(-0.3927, grad_fn=<NegBackward0>),2500,32.68866515159607,10,0.5,,20
double_cake,random,random_lr0_1_lr0_01_lr0_01_optgd_epochs100_epochs0_001_epochs0_001_clusters8__rep1,94,0.9375,tensor(0.2343, grad_fn=<SqueezeBackward0>),tensor(-0.4494, grad_fn=<NegBackward0>),6080,33.38357210159302,8,0.5,,20
double_cake,random,random_lr0_1_lr0_01_lr0_01_optgd_epochs100_epochs0_001_epochs0_001_clusters10__rep1,25,0.8125,tensor(0.1681, grad_fn=<SqueezeBackward0>),tensor(-0.3798, grad_fn=<NegBackward0>),2600,33.80584502220154,10,0.5,,20
double_cake,random,random_lr0_1_lr0_01_lr0_01_optgd_epochs100_epochs0_001_epochs0_001_clusters8__rep1,95,0.9375,tensor(0.2353, grad_fn=<SqueezeBackward0>),tensor(-0.4538, grad_fn=<NegBackward0>),6144,34.411622047424316,8,0.5,,20
double_cake,random,random_lr0_1_lr0_01_lr0_01_optgd_epochs100_epochs0_001_epochs0_001_clusters10__rep1,26,0.8125,tensor(0.1718, grad_fn=<SqueezeBackward0>),tensor(-0.3232, grad_fn=<NegBackward0>),2700,33.89327597618103,10,0.5,,20
double_cake,random,random_lr0_1_lr0_01_lr0_01_optgd_epochs100_epochs0_001_epochs0_001_clusters8__rep1,96,0.9375,tensor(0.2368, grad_fn=<SqueezeBackward0>),tensor(-0.5211, grad_fn=<NegBackward0>),6208,32.217939138412476,8,0.5,,20
double_cake,random,random_lr0_1_lr0_01_lr0_01_optgd_epochs100_epochs0_001_epochs0_001_clusters10__rep1,27,0.8125,tensor(0.1733, grad_fn=<SqueezeBackward0>),tensor(-0.2957, grad_fn=<NegBackward0>),2800,306.4982531070709,10,0.5,,20
double_cake,random,random_lr0_1_lr0_01_lr0_01_optgd_epochs100_epochs0_001_epochs0_001_clusters8__rep1,97,0.9375,tensor(0.2383, grad_fn=<SqueezeBackward0>),tensor(-0.4389, grad_fn=<NegBackward0>),6272,308.3907861709595,8,0.5,,20
double_cake,random,random_lr0_1_lr0_01_lr0_01_optgd_epochs100_epochs0_001_epochs0_001_clusters10__rep1,28,0.875,tensor(0.1742, grad_fn=<SqueezeBackward0>),tensor(-0.2937, grad_fn=<NegBackward0>),2900,67.10503077507019,10,0.5,,20
double_cake,random,random_lr0_1_lr0_01_lr0_01_optgd_epochs100_epochs0_001_epochs0_001_clusters8__rep1,98,0.9375,tensor(0.2400, grad_fn=<SqueezeBackward0>),tensor(-0.3732, grad_fn=<NegBackward0>),6336,70.0432939529419,8,0.5,,20
double_cake,random,random_lr0_1_lr0_01_lr0_01_optgd_epochs100_epochs0_001_epochs0_001_clusters10__rep1,29,0.875,tensor(0.1760, grad_fn=<SqueezeBackward0>),tensor(-0.3201, grad_fn=<NegBackward0>),3000,1570.2057299613953,10,0.5,,20
double_cake,random,random_lr0_1_lr0_01_lr0_01_optgd_epochs100_epochs0_001_epochs0_001_clusters8__rep1,99,0.9375,tensor(0.2392, grad_fn=<SqueezeBackward0>),tensor(-0.4491, grad_fn=<NegBackward0>),6400,1601.5750360488892,8,0.5,,20
double_cake,random,random_lr0_1_lr0_01_lr0_01_optgd_epochs100_epochs0_001_epochs0_001_clusters10__rep1,30,0.9375,tensor(0.1778, grad_fn=<SqueezeBackward0>),tensor(-0.2373, grad_fn=<NegBackward0>),3100,1089.4633431434631,10,0.5,,20
double_cake,random,random_lr0_1_lr0_01_lr0_01_optgd_epochs100_epochs0_001_epochs0_001_clusters10__rep1,31,1.0,tensor(0.1795, grad_fn=<SqueezeBackward0>),tensor(-0.3414, grad_fn=<NegBackward0>),3200,2180.399116039276,10,0.5,,20
double_cake,random,random_lr0_1_lr0_01_lr0_01_optgd_epochs100_epochs0_001_epochs0_001_clusters10__rep1,32,1.0,tensor(0.1811, grad_fn=<SqueezeBackward0>),tensor(-0.3280, grad_fn=<NegBackward0>),3300,2058.363800048828,10,0.5,,20
double_cake,random,random_lr0_1_lr0_01_lr0_01_optgd_epochs100_epochs0_001_epochs0_001_clusters10__rep1,33,1.0,tensor(0.1832, grad_fn=<SqueezeBackward0>),tensor(-0.3674, grad_fn=<NegBackward0>),3400,2916.6978521347046,10,0.5,,20
double_cake,random,random_lr0_1_lr0_01_lr0_01_optgd_epochs100_epochs0_001_epochs0_001_clusters2__rep1,0,0.85,tensor(0.1875, grad_fn=<SqueezeBackward0>),tensor(-0.6575, grad_fn=<NegBackward0>),4,4045.215484857559,2,0.5,,20
double_cake,random,random_lr0_1_lr0_01_lr0_01_optgd_epochs100_epochs0_001_epochs0_001_clusters10__rep1,34,1.0,tensor(0.1852, grad_fn=<SqueezeBackward0>),tensor(-0.3885, grad_fn=<NegBackward0>),3500,727.7496492862701,10,0.5,,20
double_cake,random,random_lr0_1_lr0_01_lr0_01_optgd_epochs100_epochs0_001_epochs0_001_clusters2__rep1,1,0.85,tensor(0.1874, grad_fn=<SqueezeBackward0>),tensor(-0.7702, grad_fn=<NegBackward0>),8,51.76166081428528,2,0.5,,20
double_cake,random,random_lr0_1_lr0_01_lr0_01_optgd_epochs100_epochs0_001_epochs0_001_clusters10__rep1,35,1.0,tensor(0.1866, grad_fn=<SqueezeBackward0>),tensor(-0.2558, grad_fn=<NegBackward0>),3600,33.449246883392334,10,0.5,,20
double_cake,random,random_lr0_1_lr0_01_lr0_01_optgd_epochs100_epochs0_001_epochs0_001_clusters10__rep1,36,1.0,tensor(0.1880, grad_fn=<SqueezeBackward0>),tensor(-0.4046, grad_fn=<NegBackward0>),3700,34.18870401382446,10,0.5,,20
double_cake,random,random_lr0_1_lr0_01_lr0_01_optgd_epochs100_epochs0_001_epochs0_001_clusters2__rep1,2,0.85,tensor(0.1880, grad_fn=<SqueezeBackward0>),tensor(-0.6852, grad_fn=<NegBackward0>),12,51.68735384941101,2,0.5,,20
double_cake,random,random_lr0_1_lr0_01_lr0_01_optgd_epochs100_epochs0_001_epochs0_001_clusters10__rep1,37,1.0,tensor(0.1895, grad_fn=<SqueezeBackward0>),tensor(-0.2960, grad_fn=<NegBackward0>),3800,33.72136902809143,10,0.5,,20
double_cake,random,random_lr0_1_lr0_01_lr0_01_optgd_epochs100_epochs0_001_epochs0_001_clusters10__rep1,38,1.0,tensor(0.1912, grad_fn=<SqueezeBackward0>),tensor(-0.3112, grad_fn=<NegBackward0>),3900,36.700173139572144,10,0.5,,20
double_cake,random,random_lr0_1_lr0_01_lr0_01_optgd_epochs100_epochs0_001_epochs0_001_clusters2__rep1,3,0.85,tensor(0.1874, grad_fn=<SqueezeBackward0>),tensor(-0.9378, grad_fn=<NegBackward0>),16,55.89325714111328,2,0.5,,20
double_cake,random,random_lr0_1_lr0_01_lr0_01_optgd_epochs100_epochs0_001_epochs0_001_clusters10__rep1,39,1.0,tensor(0.1959, grad_fn=<SqueezeBackward0>),tensor(-0.3124, grad_fn=<NegBackward0>),4000,33.236754179000854,10,0.5,,20
double_cake,random,random_lr0_1_lr0_01_lr0_01_optgd_epochs100_epochs0_001_epochs0_001_clusters2__rep1,4,0.85,tensor(0.1863, grad_fn=<SqueezeBackward0>),tensor(-0.7463, grad_fn=<NegBackward0>),20,50.37641501426697,2,0.5,,20
double_cake,random,random_lr0_1_lr0_01_lr0_01_optgd_epochs100_epochs0_001_epochs0_001_clusters10__rep1,40,1.0,tensor(0.1982, grad_fn=<SqueezeBackward0>),tensor(-0.2909, grad_fn=<NegBackward0>),4100,33.888469219207764,10,0.5,,20
double_cake,random,random_lr0_1_lr0_01_lr0_01_optgd_epochs100_epochs0_001_epochs0_001_clusters10__rep1,41,1.0,tensor(0.1986, grad_fn=<SqueezeBackward0>),tensor(-0.3662, grad_fn=<NegBackward0>),4200,34.206791162490845,10,0.5,,20
double_cake,random,random_lr0_1_lr0_01_lr0_01_optgd_epochs100_epochs0_001_epochs0_001_clusters2__rep1,5,0.85,tensor(0.1870, grad_fn=<SqueezeBackward0>),tensor(-0.7365, grad_fn=<NegBackward0>),24,55.926714181900024,2,0.5,,20
double_cake,random,random_lr0_1_lr0_01_lr0_01_optgd_epochs100_epochs0_001_epochs0_001_clusters10__rep1,42,1.0,tensor(0.2001, grad_fn=<SqueezeBackward0>),tensor(-0.4015, grad_fn=<NegBackward0>),4300,33.76834487915039,10,0.5,,20
double_cake,random,random_lr0_1_lr0_01_lr0_01_optgd_epochs100_epochs0_001_epochs0_001_clusters2__rep1,6,0.85,tensor(0.1867, grad_fn=<SqueezeBackward0>),tensor(-0.6384, grad_fn=<NegBackward0>),28,50.16396999359131,2,0.5,,20
double_cake,random,random_lr0_1_lr0_01_lr0_01_optgd_epochs100_epochs0_001_epochs0_001_clusters10__rep1,43,1.0,tensor(0.2004, grad_fn=<SqueezeBackward0>),tensor(-0.3465, grad_fn=<NegBackward0>),4400,34.80288600921631,10,0.5,,20
double_cake,random,random_lr0_1_lr0_01_lr0_01_optgd_epochs100_epochs0_001_epochs0_001_clusters10__rep1,44,1.0,tensor(0.2015, grad_fn=<SqueezeBackward0>),tensor(-0.3396, grad_fn=<NegBackward0>),4500,35.35164999961853,10,0.5,,20
double_cake,random,random_lr0_1_lr0_01_lr0_01_optgd_epochs100_epochs0_001_epochs0_001_clusters2__rep1,7,0.85,tensor(0.1853, grad_fn=<SqueezeBackward0>),tensor(-0.8492, grad_fn=<NegBackward0>),32,51.97277522087097,2,0.5,,20
double_cake,random,random_lr0_1_lr0_01_lr0_01_optgd_epochs100_epochs0_001_epochs0_001_clusters10__rep1,45,1.0,tensor(0.2016, grad_fn=<SqueezeBackward0>),tensor(-0.3875, grad_fn=<NegBackward0>),4600,32.35775685310364,10,0.5,,20
double_cake,random,random_lr0_1_lr0_01_lr0_01_optgd_epochs100_epochs0_001_epochs0_001_clusters2__rep1,8,0.85,tensor(0.1853, grad_fn=<SqueezeBackward0>),tensor(-0.9940, grad_fn=<NegBackward0>),36,53.56533694267273,2,0.5,,20
double_cake,random,random_lr0_1_lr0_01_lr0_01_optgd_epochs100_epochs0_001_epochs0_001_clusters10__rep1,46,1.0,tensor(0.2037, grad_fn=<SqueezeBackward0>),tensor(-0.3505, grad_fn=<NegBackward0>),4700,34.54828596115112,10,0.5,,20
double_cake,random,random_lr0_1_lr0_01_lr0_01_optgd_epochs100_epochs0_001_epochs0_001_clusters10__rep1,47,1.0,tensor(0.2048, grad_fn=<SqueezeBackward0>),tensor(-0.3426, grad_fn=<NegBackward0>),4800,35.29751706123352,10,0.5,,20
double_cake,random,random_lr0_1_lr0_01_lr0_01_optgd_epochs100_epochs0_001_epochs0_001_clusters2__rep1,9,0.85,tensor(0.1850, grad_fn=<SqueezeBackward0>),tensor(-0.6665, grad_fn=<NegBackward0>),40,52.441246032714844,2,0.5,,20
double_cake,random,random_lr0_1_lr0_01_lr0_01_optgd_epochs100_epochs0_001_epochs0_001_clusters10__rep1,48,1.0,tensor(0.2061, grad_fn=<SqueezeBackward0>),tensor(-0.3058, grad_fn=<NegBackward0>),4900,32.88035464286804,10,0.5,,20
double_cake,random,random_lr0_1_lr0_01_lr0_01_optgd_epochs100_epochs0_001_epochs0_001_clusters2__rep1,10,0.9,tensor(0.1877, grad_fn=<SqueezeBackward0>),tensor(-0.6880, grad_fn=<NegBackward0>),44,50.80213284492493,2,0.5,,20
double_cake,random,random_lr0_1_lr0_01_lr0_01_optgd_epochs100_epochs0_001_epochs0_001_clusters10__rep1,49,1.0,tensor(0.2078, grad_fn=<SqueezeBackward0>),tensor(-0.3426, grad_fn=<NegBackward0>),5000,33.78770208358765,10,0.5,,20
double_cake,random,random_lr0_1_lr0_01_lr0_01_optgd_epochs100_epochs0_001_epochs0_001_clusters10__rep1,50,1.0,tensor(0.2090, grad_fn=<SqueezeBackward0>),tensor(-0.3603, grad_fn=<NegBackward0>),5100,35.02847695350647,10,0.5,,20
double_cake,random,random_lr0_1_lr0_01_lr0_01_optgd_epochs100_epochs0_001_epochs0_001_clusters2__rep1,11,0.95,tensor(0.1861, grad_fn=<SqueezeBackward0>),tensor(-0.8184, grad_fn=<NegBackward0>),48,54.76310181617737,2,0.5,,20
double_cake,random,random_lr0_1_lr0_01_lr0_01_optgd_epochs100_epochs0_001_epochs0_001_clusters10__rep1,51,1.0,tensor(0.2097, grad_fn=<SqueezeBackward0>),tensor(-0.3517, grad_fn=<NegBackward0>),5200,32.79685974121094,10,0.5,,20
double_cake,random,random_lr0_1_lr0_01_lr0_01_optgd_epochs100_epochs0_001_epochs0_001_clusters2__rep1,12,0.95,tensor(0.1884, grad_fn=<SqueezeBackward0>),tensor(-0.6831, grad_fn=<NegBackward0>),52,52.261122941970825,2,0.5,,20
double_cake,random,random_lr0_1_lr0_01_lr0_01_optgd_epochs100_epochs0_001_epochs0_001_clusters10__rep1,52,1.0,tensor(0.2111, grad_fn=<SqueezeBackward0>),tensor(-0.3330, grad_fn=<NegBackward0>),5300,33.83495593070984,10,0.5,,20
double_cake,random,random_lr0_1_lr0_01_lr0_01_optgd_epochs100_epochs0_001_epochs0_001_clusters10__rep1,53,0.9375,tensor(0.2140, grad_fn=<SqueezeBackward0>),tensor(-0.3750, grad_fn=<NegBackward0>),5400,34.987396001815796,10,0.5,,20
double_cake,random,random_lr0_1_lr0_01_lr0_01_optgd_epochs100_epochs0_001_epochs0_001_clusters2__rep1,13,0.9,tensor(0.1911, grad_fn=<SqueezeBackward0>),tensor(-0.6361, grad_fn=<NegBackward0>),56,54.25697183609009,2,0.5,,20
double_cake,random,random_lr0_1_lr0_01_lr0_01_optgd_epochs100_epochs0_001_epochs0_001_clusters10__rep1,54,0.9375,tensor(0.2156, grad_fn=<SqueezeBackward0>),tensor(-0.3308, grad_fn=<NegBackward0>),5500,34.51505208015442,10,0.5,,20
double_cake,random,random_lr0_1_lr0_01_lr0_01_optgd_epochs100_epochs0_001_epochs0_001_clusters10__rep1,55,0.9375,tensor(0.2184, grad_fn=<SqueezeBackward0>),tensor(-0.3674, grad_fn=<NegBackward0>),5600,35.19799995422363,10,0.5,,20
double_cake,random,random_lr0_1_lr0_01_lr0_01_optgd_epochs100_epochs0_001_epochs0_001_clusters2__rep1,14,0.95,tensor(0.1909, grad_fn=<SqueezeBackward0>),tensor(-0.6790, grad_fn=<NegBackward0>),60,53.10672879219055,2,0.5,,20
double_cake,random,random_lr0_1_lr0_01_lr0_01_optgd_epochs100_epochs0_001_epochs0_001_clusters10__rep1,56,0.9375,tensor(0.2192, grad_fn=<SqueezeBackward0>),tensor(-0.2685, grad_fn=<NegBackward0>),5700,32.993807792663574,10,0.5,,20
double_cake,random,random_lr0_1_lr0_01_lr0_01_optgd_epochs100_epochs0_001_epochs0_001_clusters2__rep1,15,0.9,tensor(0.1886, grad_fn=<SqueezeBackward0>),tensor(-0.6605, grad_fn=<NegBackward0>),64,53.088890075683594,2,0.5,,20
double_cake,random,random_lr0_1_lr0_01_lr0_01_optgd_epochs100_epochs0_001_epochs0_001_clusters10__rep1,57,0.9375,tensor(0.2212, grad_fn=<SqueezeBackward0>),tensor(-0.4120, grad_fn=<NegBackward0>),5800,35.3752818107605,10,0.5,,20
double_cake,random,random_lr0_1_lr0_01_lr0_01_optgd_epochs100_epochs0_001_epochs0_001_clusters10__rep1,58,0.9375,tensor(0.2227, grad_fn=<SqueezeBackward0>),tensor(-0.4107, grad_fn=<NegBackward0>),5900,35.09895610809326,10,0.5,,20
double_cake,random,random_lr0_1_lr0_01_lr0_01_optgd_epochs100_epochs0_001_epochs0_001_clusters2__rep1,16,0.9,tensor(0.1888, grad_fn=<SqueezeBackward0>),tensor(-0.7038, grad_fn=<NegBackward0>),68,53.82728910446167,2,0.5,,20
double_cake,random,random_lr0_1_lr0_01_lr0_01_optgd_epochs100_epochs0_001_epochs0_001_clusters10__rep1,59,0.9375,tensor(0.2232, grad_fn=<SqueezeBackward0>),tensor(-0.3501, grad_fn=<NegBackward0>),6000,36.83815598487854,10,0.5,,20
double_cake,random,random_lr0_1_lr0_01_lr0_01_optgd_epochs100_epochs0_001_epochs0_001_clusters2__rep1,17,0.9,tensor(0.1893, grad_fn=<SqueezeBackward0>),tensor(-0.7295, grad_fn=<NegBackward0>),72,53.46377682685852,2,0.5,,20
double_cake,random,random_lr0_1_lr0_01_lr0_01_optgd_epochs100_epochs0_001_epochs0_001_clusters10__rep1,60,0.9375,tensor(0.2252, grad_fn=<SqueezeBackward0>),tensor(-0.4121, grad_fn=<NegBackward0>),6100,33.53786659240723,10,0.5,,20
double_cake,random,random_lr0_1_lr0_01_lr0_01_optgd_epochs100_epochs0_001_epochs0_001_clusters10__rep1,61,0.9375,tensor(0.2255, grad_fn=<SqueezeBackward0>),tensor(-0.3142, grad_fn=<NegBackward0>),6200,34.85404324531555,10,0.5,,20
double_cake,random,random_lr0_1_lr0_01_lr0_01_optgd_epochs100_epochs0_001_epochs0_001_clusters2__rep1,18,0.9,tensor(0.1909, grad_fn=<SqueezeBackward0>),tensor(-0.6042, grad_fn=<NegBackward0>),76,54.04128384590149,2,0.5,,20
double_cake,random,random_lr0_1_lr0_01_lr0_01_optgd_epochs100_epochs0_001_epochs0_001_clusters10__rep1,62,0.9375,tensor(0.2304, grad_fn=<SqueezeBackward0>),tensor(-0.3553, grad_fn=<NegBackward0>),6300,34.48621368408203,10,0.5,,20
double_cake,random,random_lr0_1_lr0_01_lr0_01_optgd_epochs100_epochs0_001_epochs0_001_clusters2__rep1,19,0.9,tensor(0.1909, grad_fn=<SqueezeBackward0>),tensor(-0.6775, grad_fn=<NegBackward0>),80,52.28649282455444,2,0.5,,20
double_cake,random,random_lr0_1_lr0_01_lr0_01_optgd_epochs100_epochs0_001_epochs0_001_clusters10__rep1,63,0.9375,tensor(0.2301, grad_fn=<SqueezeBackward0>),tensor(-0.4932, grad_fn=<NegBackward0>),6400,33.79387068748474,10,0.5,,20
double_cake,random,random_lr0_1_lr0_01_lr0_01_optgd_epochs100_epochs0_001_epochs0_001_clusters10__rep1,64,0.9375,tensor(0.2310, grad_fn=<SqueezeBackward0>),tensor(-0.3756, grad_fn=<NegBackward0>),6500,33.66790986061096,10,0.5,,20
double_cake,random,random_lr0_1_lr0_01_lr0_01_optgd_epochs100_epochs0_001_epochs0_001_clusters2__rep1,20,0.9,tensor(0.1916, grad_fn=<SqueezeBackward0>),tensor(-0.6872, grad_fn=<NegBackward0>),84,53.70773792266846,2,0.5,,20
double_cake,random,random_lr0_1_lr0_01_lr0_01_optgd_epochs100_epochs0_001_epochs0_001_clusters10__rep1,65,0.9375,tensor(0.2311, grad_fn=<SqueezeBackward0>),tensor(-0.3241, grad_fn=<NegBackward0>),6600,35.65479588508606,10,0.5,,20
double_cake,random,random_lr0_1_lr0_01_lr0_01_optgd_epochs100_epochs0_001_epochs0_001_clusters2__rep1,21,0.9,tensor(0.1913, grad_fn=<SqueezeBackward0>),tensor(-0.7549, grad_fn=<NegBackward0>),88,51.56776809692383,2,0.5,,20
double_cake,random,random_lr0_1_lr0_01_lr0_01_optgd_epochs100_epochs0_001_epochs0_001_clusters10__rep1,66,0.9375,tensor(0.2323, grad_fn=<SqueezeBackward0>),tensor(-0.2863, grad_fn=<NegBackward0>),6700,34.68068218231201,10,0.5,,20
double_cake,random,random_lr0_1_lr0_01_lr0_01_optgd_epochs100_epochs0_001_epochs0_001_clusters10__rep1,67,0.9375,tensor(0.2336, grad_fn=<SqueezeBackward0>),tensor(-0.3525, grad_fn=<NegBackward0>),6800,35.60419702529907,10,0.5,,20
double_cake,random,random_lr0_1_lr0_01_lr0_01_optgd_epochs100_epochs0_001_epochs0_001_clusters2__rep1,22,0.9,tensor(0.1914, grad_fn=<SqueezeBackward0>),tensor(-0.3822, grad_fn=<NegBackward0>),92,55.94739818572998,2,0.5,,20
double_cake,random,random_lr0_1_lr0_01_lr0_01_optgd_epochs100_epochs0_001_epochs0_001_clusters10__rep1,68,0.9375,tensor(0.2350, grad_fn=<SqueezeBackward0>),tensor(-0.3758, grad_fn=<NegBackward0>),6900,33.424885988235474,10,0.5,,20
double_cake,random,random_lr0_1_lr0_01_lr0_01_optgd_epochs100_epochs0_001_epochs0_001_clusters2__rep1,23,0.9,tensor(0.1913, grad_fn=<SqueezeBackward0>),tensor(-0.6897, grad_fn=<NegBackward0>),96,53.53156304359436,2,0.5,,20
double_cake,random,random_lr0_1_lr0_01_lr0_01_optgd_epochs100_epochs0_001_epochs0_001_clusters10__rep1,69,0.9375,tensor(0.2363, grad_fn=<SqueezeBackward0>),tensor(-0.3628, grad_fn=<NegBackward0>),7000,35.084089040756226,10,0.5,,20
double_cake,random,random_lr0_1_lr0_01_lr0_01_optgd_epochs100_epochs0_001_epochs0_001_clusters10__rep1,70,0.9375,tensor(0.2369, grad_fn=<SqueezeBackward0>),tensor(-0.2238, grad_fn=<NegBackward0>),7100,34.40768218040466,10,0.5,,20
double_cake,random,random_lr0_1_lr0_01_lr0_01_optgd_epochs100_epochs0_001_epochs0_001_clusters2__rep1,24,0.9,tensor(0.1920, grad_fn=<SqueezeBackward0>),tensor(-0.6844, grad_fn=<NegBackward0>),100,53.9094181060791,2,0.5,,20
double_cake,random,random_lr0_1_lr0_01_lr0_01_optgd_epochs100_epochs0_001_epochs0_001_clusters10__rep1,71,0.9375,tensor(0.2383, grad_fn=<SqueezeBackward0>),tensor(-0.4155, grad_fn=<NegBackward0>),7200,36.049371004104614,10,0.5,,20
double_cake,random,random_lr0_1_lr0_01_lr0_01_optgd_epochs100_epochs0_001_epochs0_001_clusters10__rep1,72,0.9375,tensor(0.2402, grad_fn=<SqueezeBackward0>),tensor(-0.3528, grad_fn=<NegBackward0>),7300,34.036110162734985,10,0.5,,20
double_cake,random,random_lr0_1_lr0_01_lr0_01_optgd_epochs100_epochs0_001_epochs0_001_clusters2__rep1,25,0.9,tensor(0.1917, grad_fn=<SqueezeBackward0>),tensor(-0.7024, grad_fn=<NegBackward0>),104,52.72851586341858,2,0.5,,20
double_cake,random,random_lr0_1_lr0_01_lr0_01_optgd_epochs100_epochs0_001_epochs0_001_clusters10__rep1,73,0.9375,tensor(0.2420, grad_fn=<SqueezeBackward0>),tensor(-0.5018, grad_fn=<NegBackward0>),7400,33.192543029785156,10,0.5,,20
double_cake,random,random_lr0_1_lr0_01_lr0_01_optgd_epochs100_epochs0_001_epochs0_001_clusters2__rep1,26,0.9,tensor(0.1922, grad_fn=<SqueezeBackward0>),tensor(-0.7142, grad_fn=<NegBackward0>),108,53.213252782821655,2,0.5,,20
double_cake,random,random_lr0_1_lr0_01_lr0_01_optgd_epochs100_epochs0_001_epochs0_001_clusters10__rep1,74,0.9375,tensor(0.2439, grad_fn=<SqueezeBackward0>),tensor(-0.3304, grad_fn=<NegBackward0>),7500,35.45095992088318,10,0.5,,20
double_cake,random,random_lr0_1_lr0_01_lr0_01_optgd_epochs100_epochs0_001_epochs0_001_clusters10__rep1,75,0.9375,tensor(0.2452, grad_fn=<SqueezeBackward0>),tensor(-0.3720, grad_fn=<NegBackward0>),7600,33.13053297996521,10,0.5,,20
double_cake,random,random_lr0_1_lr0_01_lr0_01_optgd_epochs100_epochs0_001_epochs0_001_clusters2__rep1,27,0.9,tensor(0.1929, grad_fn=<SqueezeBackward0>),tensor(-0.6707, grad_fn=<NegBackward0>),112,54.41660499572754,2,0.5,,20
double_cake,random,random_lr0_1_lr0_01_lr0_01_optgd_epochs100_epochs0_001_epochs0_001_clusters10__rep1,76,0.9375,tensor(0.2465, grad_fn=<SqueezeBackward0>),tensor(-0.4180, grad_fn=<NegBackward0>),7700,34.03410792350769,10,0.5,,20
double_cake,random,random_lr0_1_lr0_01_lr0_01_optgd_epochs100_epochs0_001_epochs0_001_clusters2__rep1,28,0.9,tensor(0.1940, grad_fn=<SqueezeBackward0>),tensor(-0.6814, grad_fn=<NegBackward0>),116,50.62315917015076,2,0.5,,20
double_cake,random,random_lr0_1_lr0_01_lr0_01_optgd_epochs100_epochs0_001_epochs0_001_clusters10__rep1,77,0.9375,tensor(0.2467, grad_fn=<SqueezeBackward0>),tensor(-0.3781, grad_fn=<NegBackward0>),7800,34.21049404144287,10,0.5,,20
double_cake,random,random_lr0_1_lr0_01_lr0_01_optgd_epochs100_epochs0_001_epochs0_001_clusters10__rep1,78,0.9375,tensor(0.2479, grad_fn=<SqueezeBackward0>),tensor(-0.3596, grad_fn=<NegBackward0>),7900,36.36510491371155,10,0.5,,20
double_cake,random,random_lr0_1_lr0_01_lr0_01_optgd_epochs100_epochs0_001_epochs0_001_clusters2__rep1,29,0.9,tensor(0.1954, grad_fn=<SqueezeBackward0>),tensor(-0.6655, grad_fn=<NegBackward0>),120,55.7154598236084,2,0.5,,20
double_cake,random,random_lr0_1_lr0_01_lr0_01_optgd_epochs100_epochs0_001_epochs0_001_clusters10__rep1,79,0.9375,tensor(0.2488, grad_fn=<SqueezeBackward0>),tensor(-0.3638, grad_fn=<NegBackward0>),8000,33.69335913658142,10,0.5,,20
double_cake,random,random_lr0_1_lr0_01_lr0_01_optgd_epochs100_epochs0_001_epochs0_001_clusters2__rep1,30,0.9,tensor(0.1961, grad_fn=<SqueezeBackward0>),tensor(-0.6870, grad_fn=<NegBackward0>),124,52.75425910949707,2,0.5,,20
double_cake,random,random_lr0_1_lr0_01_lr0_01_optgd_epochs100_epochs0_001_epochs0_001_clusters10__rep1,80,0.9375,tensor(0.2495, grad_fn=<SqueezeBackward0>),tensor(-0.3908, grad_fn=<NegBackward0>),8100,35.706226110458374,10,0.5,,20
double_cake,random,random_lr0_1_lr0_01_lr0_01_optgd_epochs100_epochs0_001_epochs0_001_clusters10__rep1,81,0.9375,tensor(0.2499, grad_fn=<SqueezeBackward0>),tensor(-0.3369, grad_fn=<NegBackward0>),8200,34.056010007858276,10,0.5,,20
double_cake,random,random_lr0_1_lr0_01_lr0_01_optgd_epochs100_epochs0_001_epochs0_001_clusters2__rep1,31,0.9,tensor(0.1962, grad_fn=<SqueezeBackward0>),tensor(-0.7026, grad_fn=<NegBackward0>),128,52.33373808860779,2,0.5,,20
double_cake,random,random_lr0_1_lr0_01_lr0_01_optgd_epochs100_epochs0_001_epochs0_001_clusters10__rep1,82,0.9375,tensor(0.2510, grad_fn=<SqueezeBackward0>),tensor(-0.4941, grad_fn=<NegBackward0>),8300,33.25999903678894,10,0.5,,20
double_cake,random,random_lr0_1_lr0_01_lr0_01_optgd_epochs100_epochs0_001_epochs0_001_clusters2__rep1,32,0.9,tensor(0.1967, grad_fn=<SqueezeBackward0>),tensor(-0.6877, grad_fn=<NegBackward0>),132,56.1647469997406,2,0.5,,20
double_cake,random,random_lr0_1_lr0_01_lr0_01_optgd_epochs100_epochs0_001_epochs0_001_clusters10__rep1,83,0.9375,tensor(0.2521, grad_fn=<SqueezeBackward0>),tensor(-0.3936, grad_fn=<NegBackward0>),8400,34.90695881843567,10,0.5,,20
double_cake,random,random_lr0_1_lr0_01_lr0_01_optgd_epochs100_epochs0_001_epochs0_001_clusters10__rep1,84,0.9375,tensor(0.2535, grad_fn=<SqueezeBackward0>),tensor(-0.3897, grad_fn=<NegBackward0>),8500,34.956194162368774,10,0.5,,20
double_cake,random,random_lr0_1_lr0_01_lr0_01_optgd_epochs100_epochs0_001_epochs0_001_clusters2__rep1,33,0.9,tensor(0.1973, grad_fn=<SqueezeBackward0>),tensor(-0.7924, grad_fn=<NegBackward0>),136,53.627740144729614,2,0.5,,20
double_cake,random,random_lr0_1_lr0_01_lr0_01_optgd_epochs100_epochs0_001_epochs0_001_clusters10__rep1,85,0.9375,tensor(0.2547, grad_fn=<SqueezeBackward0>),tensor(-0.3638, grad_fn=<NegBackward0>),8600,37.03936719894409,10,0.5,,20
double_cake,random,random_lr0_1_lr0_01_lr0_01_optgd_epochs100_epochs0_001_epochs0_001_clusters2__rep1,34,0.85,tensor(0.1983, grad_fn=<SqueezeBackward0>),tensor(-0.7882, grad_fn=<NegBackward0>),140,51.37689185142517,2,0.5,,20
double_cake,random,random_lr0_1_lr0_01_lr0_01_optgd_epochs100_epochs0_001_epochs0_001_clusters10__rep1,86,0.9375,tensor(0.2557, grad_fn=<SqueezeBackward0>),tensor(-0.3190, grad_fn=<NegBackward0>),8700,34.74609708786011,10,0.5,,20
double_cake,random,random_lr0_1_lr0_01_lr0_01_optgd_epochs100_epochs0_001_epochs0_001_clusters10__rep1,87,0.9375,tensor(0.2575, grad_fn=<SqueezeBackward0>),tensor(-0.3567, grad_fn=<NegBackward0>),8800,32.93771409988403,10,0.5,,20
double_cake,random,random_lr0_1_lr0_01_lr0_01_optgd_epochs100_epochs0_001_epochs0_001_clusters2__rep1,35,0.85,tensor(0.1981, grad_fn=<SqueezeBackward0>),tensor(-0.7068, grad_fn=<NegBackward0>),144,52.25255990028381,2,0.5,,20
double_cake,random,random_lr0_1_lr0_01_lr0_01_optgd_epochs100_epochs0_001_epochs0_001_clusters10__rep1,88,0.9375,tensor(0.2581, grad_fn=<SqueezeBackward0>),tensor(-0.3692, grad_fn=<NegBackward0>),8900,35.169780015945435,10,0.5,,20
double_cake,random,random_lr0_1_lr0_01_lr0_01_optgd_epochs100_epochs0_001_epochs0_001_clusters2__rep1,36,0.9,tensor(0.1957, grad_fn=<SqueezeBackward0>),tensor(-0.8510, grad_fn=<NegBackward0>),148,52.16414523124695,2,0.5,,20
double_cake,random,random_lr0_1_lr0_01_lr0_01_optgd_epochs100_epochs0_001_epochs0_001_clusters10__rep1,89,0.9375,tensor(0.2576, grad_fn=<SqueezeBackward0>),tensor(-0.3750, grad_fn=<NegBackward0>),9000,33.106070041656494,10,0.5,,20
double_cake,random,random_lr0_1_lr0_01_lr0_01_optgd_epochs100_epochs0_001_epochs0_001_clusters10__rep1,90,0.9375,tensor(0.2585, grad_fn=<SqueezeBackward0>),tensor(-0.3796, grad_fn=<NegBackward0>),9100,36.1718111038208,10,0.5,,20
double_cake,random,random_lr0_1_lr0_01_lr0_01_optgd_epochs100_epochs0_001_epochs0_001_clusters2__rep1,37,0.9,tensor(0.1930, grad_fn=<SqueezeBackward0>),tensor(-0.6288, grad_fn=<NegBackward0>),152,54.233994007110596,2,0.5,,20
double_cake,random,random_lr0_1_lr0_01_lr0_01_optgd_epochs100_epochs0_001_epochs0_001_clusters10__rep1,91,0.9375,tensor(0.2592, grad_fn=<SqueezeBackward0>),tensor(-0.3473, grad_fn=<NegBackward0>),9200,33.750981092453,10,0.5,,20
double_cake,random,random_lr0_1_lr0_01_lr0_01_optgd_epochs100_epochs0_001_epochs0_001_clusters10__rep1,92,0.9375,tensor(0.2605, grad_fn=<SqueezeBackward0>),tensor(-0.3735, grad_fn=<NegBackward0>),9300,35.17940402030945,10,0.5,,20
double_cake,random,random_lr0_1_lr0_01_lr0_01_optgd_epochs100_epochs0_001_epochs0_001_clusters2__rep1,38,0.9,tensor(0.1929, grad_fn=<SqueezeBackward0>),tensor(-0.7015, grad_fn=<NegBackward0>),156,55.628318309783936,2,0.5,,20
double_cake,random,random_lr0_1_lr0_01_lr0_01_optgd_epochs100_epochs0_001_epochs0_001_clusters10__rep1,93,0.9375,tensor(0.2599, grad_fn=<SqueezeBackward0>),tensor(-0.3796, grad_fn=<NegBackward0>),9400,34.03107714653015,10,0.5,,20
double_cake,random,random_lr0_1_lr0_01_lr0_01_optgd_epochs100_epochs0_001_epochs0_001_clusters2__rep1,39,0.95,tensor(0.1920, grad_fn=<SqueezeBackward0>),tensor(-0.7770, grad_fn=<NegBackward0>),160,50.516868114471436,2,0.5,,20
double_cake,random,random_lr0_1_lr0_01_lr0_01_optgd_epochs100_epochs0_001_epochs0_001_clusters10__rep1,94,0.9375,tensor(0.2598, grad_fn=<SqueezeBackward0>),tensor(-0.4611, grad_fn=<NegBackward0>),9500,33.37037205696106,10,0.5,,20
double_cake,random,random_lr0_1_lr0_01_lr0_01_optgd_epochs100_epochs0_001_epochs0_001_clusters10__rep1,95,0.9375,tensor(0.2608, grad_fn=<SqueezeBackward0>),tensor(-0.4637, grad_fn=<NegBackward0>),9600,35.42223787307739,10,0.5,,20
double_cake,random,random_lr0_1_lr0_01_lr0_01_optgd_epochs100_epochs0_001_epochs0_001_clusters2__rep1,40,0.95,tensor(0.1918, grad_fn=<SqueezeBackward0>),tensor(-0.7714, grad_fn=<NegBackward0>),164,56.04093909263611,2,0.5,,20
double_cake,random,random_lr0_1_lr0_01_lr0_01_optgd_epochs100_epochs0_001_epochs0_001_clusters10__rep1,96,0.9375,tensor(0.2619, grad_fn=<SqueezeBackward0>),tensor(-0.4564, grad_fn=<NegBackward0>),9700,34.42840003967285,10,0.5,,20
double_cake,random,random_lr0_1_lr0_01_lr0_01_optgd_epochs100_epochs0_001_epochs0_001_clusters2__rep1,41,0.95,tensor(0.1907, grad_fn=<SqueezeBackward0>),tensor(-0.6965, grad_fn=<NegBackward0>),168,50.38986873626709,2,0.5,,20
double_cake,random,random_lr0_1_lr0_01_lr0_01_optgd_epochs100_epochs0_001_epochs0_001_clusters10__rep1,97,0.9375,tensor(0.2630, grad_fn=<SqueezeBackward0>),tensor(-0.4228, grad_fn=<NegBackward0>),9800,32.863359212875366,10,0.5,,20
double_cake,random,random_lr0_1_lr0_01_lr0_01_optgd_epochs100_epochs0_001_epochs0_001_clusters10__rep1,98,0.9375,tensor(0.2639, grad_fn=<SqueezeBackward0>),tensor(-0.3641, grad_fn=<NegBackward0>),9900,36.244624853134155,10,0.5,,20
double_cake,random,random_lr0_1_lr0_01_lr0_01_optgd_epochs100_epochs0_001_epochs0_001_clusters2__rep1,42,0.95,tensor(0.1892, grad_fn=<SqueezeBackward0>),tensor(-0.6438, grad_fn=<NegBackward0>),172,51.60310411453247,2,0.5,,20
double_cake,random,random_lr0_1_lr0_01_lr0_01_optgd_epochs100_epochs0_001_epochs0_001_clusters10__rep1,99,0.9375,tensor(0.2641, grad_fn=<SqueezeBackward0>),tensor(-0.3832, grad_fn=<NegBackward0>),10000,33.13604974746704,10,0.5,,20
double_cake,random,random_lr0_1_lr0_01_lr0_01_optgd_epochs100_epochs0_001_epochs0_001_clusters2__rep1,43,0.85,tensor(0.1915, grad_fn=<SqueezeBackward0>),tensor(-0.6481, grad_fn=<NegBackward0>),176,54.1269257068634,2,0.5,,20
double_cake,random,random_lr0_1_lr0_01_lr0_01_optgd_epochs100_epochs0_001_epochs0_001_clusters2__rep1,44,0.85,tensor(0.1897, grad_fn=<SqueezeBackward0>),tensor(-0.7985, grad_fn=<NegBackward0>),180,52.230124950408936,2,0.5,,20
double_cake,random,random_lr0_1_lr0_01_lr0_01_optgd_epochs100_epochs0_001_epochs0_001_clusters2__rep1,45,0.85,tensor(0.1909, grad_fn=<SqueezeBackward0>),tensor(-0.6671, grad_fn=<NegBackward0>),184,51.39474415779114,2,0.5,,20
double_cake,random,random_lr0_1_lr0_01_lr0_01_optgd_epochs100_epochs0_001_epochs0_001_clusters4__rep1,0,0.85,tensor(0.1873, grad_fn=<SqueezeBackward0>),tensor(-0.6088, grad_fn=<NegBackward0>),16,51.08967614173889,4,0.5,,20
double_cake,random,random_lr0_1_lr0_01_lr0_01_optgd_epochs100_epochs0_001_epochs0_001_clusters2__rep1,46,0.85,tensor(0.1890, grad_fn=<SqueezeBackward0>),tensor(-0.6582, grad_fn=<NegBackward0>),188,55.23031806945801,2,0.5,,20
double_cake,random,random_lr0_1_lr0_01_lr0_01_optgd_epochs100_epochs0_001_epochs0_001_clusters4__rep1,1,0.85,tensor(0.1874, grad_fn=<SqueezeBackward0>),tensor(-0.6742, grad_fn=<NegBackward0>),32,53.619235038757324,4,0.5,,20
double_cake,random,random_lr0_1_lr0_01_lr0_01_optgd_epochs100_epochs0_001_epochs0_001_clusters2__rep1,47,0.85,tensor(0.1893, grad_fn=<SqueezeBackward0>),tensor(-0.7417, grad_fn=<NegBackward0>),192,52.593201875686646,2,0.5,,20
double_cake,random,random_lr0_1_lr0_01_lr0_01_optgd_epochs100_epochs0_001_epochs0_001_clusters4__rep1,2,0.9,tensor(0.1895, grad_fn=<SqueezeBackward0>),tensor(-0.5138, grad_fn=<NegBackward0>),48,51.8697190284729,4,0.5,,20
double_cake,random,random_lr0_1_lr0_01_lr0_01_optgd_epochs100_epochs0_001_epochs0_001_clusters2__rep1,48,0.85,tensor(0.1911, grad_fn=<SqueezeBackward0>),tensor(-0.6791, grad_fn=<NegBackward0>),196,53.670520067214966,2,0.5,,20
double_cake,random,random_lr0_1_lr0_01_lr0_01_optgd_epochs100_epochs0_001_epochs0_001_clusters4__rep1,3,0.85,tensor(0.1890, grad_fn=<SqueezeBackward0>),tensor(-0.4788, grad_fn=<NegBackward0>),64,54.57642579078674,4,0.5,,20
double_cake,random,random_lr0_1_lr0_01_lr0_01_optgd_epochs100_epochs0_001_epochs0_001_clusters2__rep1,49,0.85,tensor(0.1906, grad_fn=<SqueezeBackward0>),tensor(-0.9913, grad_fn=<NegBackward0>),200,53.879146099090576,2,0.5,,20
double_cake,random,random_lr0_1_lr0_01_lr0_01_optgd_epochs100_epochs0_001_epochs0_001_clusters4__rep1,4,0.85,tensor(0.1906, grad_fn=<SqueezeBackward0>),tensor(-0.6428, grad_fn=<NegBackward0>),80,53.46615409851074,4,0.5,,20
double_cake,random,random_lr0_1_lr0_01_lr0_01_optgd_epochs100_epochs0_001_epochs0_001_clusters2__rep1,50,0.85,tensor(0.1907, grad_fn=<SqueezeBackward0>),tensor(-0.6973, grad_fn=<NegBackward0>),204,52.978744983673096,2,0.5,,20
double_cake,random,random_lr0_1_lr0_01_lr0_01_optgd_epochs100_epochs0_001_epochs0_001_clusters4__rep1,5,0.85,tensor(0.1904, grad_fn=<SqueezeBackward0>),tensor(-0.6166, grad_fn=<NegBackward0>),96,51.13163685798645,4,0.5,,20
double_cake,random,random_lr0_1_lr0_01_lr0_01_optgd_epochs100_epochs0_001_epochs0_001_clusters2__rep1,51,0.85,tensor(0.1927, grad_fn=<SqueezeBackward0>),tensor(-0.7702, grad_fn=<NegBackward0>),208,54.18007826805115,2,0.5,,20
double_cake,random,random_lr0_1_lr0_01_lr0_01_optgd_epochs100_epochs0_001_epochs0_001_clusters4__rep1,6,0.85,tensor(0.1898, grad_fn=<SqueezeBackward0>),tensor(-0.5138, grad_fn=<NegBackward0>),112,53.36028075218201,4,0.5,,20
double_cake,random,random_lr0_1_lr0_01_lr0_01_optgd_epochs100_epochs0_001_epochs0_001_clusters2__rep1,52,0.85,tensor(0.1925, grad_fn=<SqueezeBackward0>),tensor(-0.9813, grad_fn=<NegBackward0>),212,53.841761112213135,2,0.5,,20
double_cake,random,random_lr0_1_lr0_01_lr0_01_optgd_epochs100_epochs0_001_epochs0_001_clusters4__rep1,7,0.85,tensor(0.1910, grad_fn=<SqueezeBackward0>),tensor(-0.4523, grad_fn=<NegBackward0>),128,55.54856300354004,4,0.5,,20
double_cake,random,random_lr0_1_lr0_01_lr0_01_optgd_epochs100_epochs0_001_epochs0_001_clusters2__rep1,53,0.85,tensor(0.1922, grad_fn=<SqueezeBackward0>),tensor(-0.7390, grad_fn=<NegBackward0>),216,53.609858989715576,2,0.5,,20
double_cake,random,random_lr0_1_lr0_01_lr0_01_optgd_epochs100_epochs0_001_epochs0_001_clusters4__rep1,8,0.85,tensor(0.1899, grad_fn=<SqueezeBackward0>),tensor(-0.5662, grad_fn=<NegBackward0>),144,53.311676025390625,4,0.5,,20
double_cake,random,random_lr0_1_lr0_01_lr0_01_optgd_epochs100_epochs0_001_epochs0_001_clusters2__rep1,54,0.85,tensor(0.1917, grad_fn=<SqueezeBackward0>),tensor(-0.7035, grad_fn=<NegBackward0>),220,52.59615111351013,2,0.5,,20
double_cake,random,random_lr0_1_lr0_01_lr0_01_optgd_epochs100_epochs0_001_epochs0_001_clusters4__rep1,9,0.85,tensor(0.1903, grad_fn=<SqueezeBackward0>),tensor(-0.4148, grad_fn=<NegBackward0>),160,50.19194483757019,4,0.5,,20
double_cake,random,random_lr0_1_lr0_01_lr0_01_optgd_epochs100_epochs0_001_epochs0_001_clusters2__rep1,55,0.85,tensor(0.1916, grad_fn=<SqueezeBackward0>),tensor(-0.9071, grad_fn=<NegBackward0>),224,53.902475118637085,2,0.5,,20
double_cake,random,random_lr0_1_lr0_01_lr0_01_optgd_epochs100_epochs0_001_epochs0_001_clusters4__rep1,10,0.85,tensor(0.1918, grad_fn=<SqueezeBackward0>),tensor(-0.5142, grad_fn=<NegBackward0>),176,55.107256174087524,4,0.5,,20
double_cake,random,random_lr0_1_lr0_01_lr0_01_optgd_epochs100_epochs0_001_epochs0_001_clusters2__rep1,56,0.85,tensor(0.1920, grad_fn=<SqueezeBackward0>),tensor(-0.7200, grad_fn=<NegBackward0>),228,50.10686278343201,2,0.5,,20
double_cake,random,random_lr0_1_lr0_01_lr0_01_optgd_epochs100_epochs0_001_epochs0_001_clusters4__rep1,11,0.85,tensor(0.1921, grad_fn=<SqueezeBackward0>),tensor(-0.4776, grad_fn=<NegBackward0>),192,49.95976805686951,4,0.5,,20
double_cake,random,random_lr0_1_lr0_01_lr0_01_optgd_epochs100_epochs0_001_epochs0_001_clusters2__rep1,57,0.85,tensor(0.1947, grad_fn=<SqueezeBackward0>),tensor(-0.4919, grad_fn=<NegBackward0>),232,54.82104516029358,2,0.5,,20
double_cake,random,random_lr0_1_lr0_01_lr0_01_optgd_epochs100_epochs0_001_epochs0_001_clusters4__rep1,12,0.85,tensor(0.1932, grad_fn=<SqueezeBackward0>),tensor(-0.5134, grad_fn=<NegBackward0>),208,53.75125694274902,4,0.5,,20
double_cake,random,random_lr0_1_lr0_01_lr0_01_optgd_epochs100_epochs0_001_epochs0_001_clusters2__rep1,58,0.85,tensor(0.1940, grad_fn=<SqueezeBackward0>),tensor(-0.7335, grad_fn=<NegBackward0>),236,52.50753307342529,2,0.5,,20
double_cake,random,random_lr0_1_lr0_01_lr0_01_optgd_epochs100_epochs0_001_epochs0_001_clusters4__rep1,13,0.85,tensor(0.1961, grad_fn=<SqueezeBackward0>),tensor(-0.4977, grad_fn=<NegBackward0>),224,52.285250186920166,4,0.5,,20
double_cake,random,random_lr0_1_lr0_01_lr0_01_optgd_epochs100_epochs0_001_epochs0_001_clusters2__rep1,59,0.85,tensor(0.1933, grad_fn=<SqueezeBackward0>),tensor(-0.6943, grad_fn=<NegBackward0>),240,52.57334899902344,2,0.5,,20
double_cake,random,random_lr0_1_lr0_01_lr0_01_optgd_epochs100_epochs0_001_epochs0_001_clusters4__rep1,14,0.8,tensor(0.1960, grad_fn=<SqueezeBackward0>),tensor(-0.4925, grad_fn=<NegBackward0>),240,53.250694036483765,4,0.5,,20
double_cake,random,random_lr0_1_lr0_01_lr0_01_optgd_epochs100_epochs0_001_epochs0_001_clusters2__rep1,60,0.85,tensor(0.1922, grad_fn=<SqueezeBackward0>),tensor(-0.7285, grad_fn=<NegBackward0>),244,52.11305212974548,2,0.5,,20
double_cake,random,random_lr0_1_lr0_01_lr0_01_optgd_epochs100_epochs0_001_epochs0_001_clusters4__rep1,15,0.8,tensor(0.1953, grad_fn=<SqueezeBackward0>),tensor(-0.4797, grad_fn=<NegBackward0>),256,51.85832977294922,4,0.5,,20
double_cake,random,random_lr0_1_lr0_01_lr0_01_optgd_epochs100_epochs0_001_epochs0_001_clusters2__rep1,61,0.9,tensor(0.1924, grad_fn=<SqueezeBackward0>),tensor(-0.8011, grad_fn=<NegBackward0>),248,53.20680499076843,2,0.5,,20
double_cake,random,random_lr0_1_lr0_01_lr0_01_optgd_epochs100_epochs0_001_epochs0_001_clusters4__rep1,16,0.8,tensor(0.1949, grad_fn=<SqueezeBackward0>),tensor(-0.5624, grad_fn=<NegBackward0>),272,53.495553731918335,4,0.5,,20
double_cake,random,random_lr0_1_lr0_01_lr0_01_optgd_epochs100_epochs0_001_epochs0_001_clusters2__rep1,62,0.85,tensor(0.1913, grad_fn=<SqueezeBackward0>),tensor(-0.6816, grad_fn=<NegBackward0>),252,54.15411305427551,2,0.5,,20
double_cake,random,random_lr0_1_lr0_01_lr0_01_optgd_epochs100_epochs0_001_epochs0_001_clusters4__rep1,17,0.8,tensor(0.1958, grad_fn=<SqueezeBackward0>),tensor(-0.5118, grad_fn=<NegBackward0>),288,53.714648962020874,4,0.5,,20
double_cake,random,random_lr0_1_lr0_01_lr0_01_optgd_epochs100_epochs0_001_epochs0_001_clusters2__rep1,63,0.85,tensor(0.1910, grad_fn=<SqueezeBackward0>),tensor(-0.6917, grad_fn=<NegBackward0>),256,50.10257601737976,2,0.5,,20
double_cake,random,random_lr0_1_lr0_01_lr0_01_optgd_epochs100_epochs0_001_epochs0_001_clusters4__rep1,18,0.8,tensor(0.1959, grad_fn=<SqueezeBackward0>),tensor(-0.4581, grad_fn=<NegBackward0>),304,50.193037033081055,4,0.5,,20
double_cake,random,random_lr0_1_lr0_01_lr0_01_optgd_epochs100_epochs0_001_epochs0_001_clusters2__rep1,64,0.85,tensor(0.1907, grad_fn=<SqueezeBackward0>),tensor(-0.6450, grad_fn=<NegBackward0>),260,55.39094877243042,2,0.5,,20
double_cake,random,random_lr0_1_lr0_01_lr0_01_optgd_epochs100_epochs0_001_epochs0_001_clusters4__rep1,19,0.8,tensor(0.1968, grad_fn=<SqueezeBackward0>),tensor(-0.5118, grad_fn=<NegBackward0>),320,54.720552921295166,4,0.5,,20
double_cake,random,random_lr0_1_lr0_01_lr0_01_optgd_epochs100_epochs0_001_epochs0_001_clusters2__rep1,65,0.85,tensor(0.1925, grad_fn=<SqueezeBackward0>),tensor(-0.5644, grad_fn=<NegBackward0>),264,56.28624725341797,2,0.5,,20
double_cake,random,random_lr0_1_lr0_01_lr0_01_optgd_epochs100_epochs0_001_epochs0_001_clusters4__rep1,20,0.85,tensor(0.1961, grad_fn=<SqueezeBackward0>),tensor(-0.5511, grad_fn=<NegBackward0>),336,54.3458366394043,4,0.5,,20
double_cake,random,random_lr0_1_lr0_01_lr0_01_optgd_epochs100_epochs0_001_epochs0_001_clusters2__rep1,66,0.85,tensor(0.1925, grad_fn=<SqueezeBackward0>),tensor(-0.7049, grad_fn=<NegBackward0>),268,54.43886637687683,2,0.5,,20
double_cake,random,random_lr0_1_lr0_01_lr0_01_optgd_epochs100_epochs0_001_epochs0_001_clusters4__rep1,21,0.85,tensor(0.1953, grad_fn=<SqueezeBackward0>),tensor(-0.5337, grad_fn=<NegBackward0>),352,55.89647388458252,4,0.5,,20
double_cake,random,random_lr0_1_lr0_01_lr0_01_optgd_epochs100_epochs0_001_epochs0_001_clusters2__rep1,67,0.85,tensor(0.1929, grad_fn=<SqueezeBackward0>),tensor(-0.6784, grad_fn=<NegBackward0>),272,56.97573661804199,2,0.5,,20
double_cake,random,random_lr0_1_lr0_01_lr0_01_optgd_epochs100_epochs0_001_epochs0_001_clusters4__rep1,22,0.85,tensor(0.1970, grad_fn=<SqueezeBackward0>),tensor(-0.3224, grad_fn=<NegBackward0>),368,54.52024698257446,4,0.5,,20
double_cake,random,random_lr0_1_lr0_01_lr0_01_optgd_epochs100_epochs0_001_epochs0_001_clusters2__rep1,68,0.85,tensor(0.1929, grad_fn=<SqueezeBackward0>),tensor(-0.8503, grad_fn=<NegBackward0>),276,52.39356303215027,2,0.5,,20
double_cake,random,random_lr0_1_lr0_01_lr0_01_optgd_epochs100_epochs0_001_epochs0_001_clusters4__rep1,23,0.8,tensor(0.1981, grad_fn=<SqueezeBackward0>),tensor(-0.5250, grad_fn=<NegBackward0>),384,55.11448407173157,4,0.5,,20
double_cake,random,random_lr0_1_lr0_01_lr0_01_optgd_epochs100_epochs0_001_epochs0_001_clusters2__rep1,69,0.85,tensor(0.1931, grad_fn=<SqueezeBackward0>),tensor(-0.6740, grad_fn=<NegBackward0>),280,57.497934103012085,2,0.5,,20
double_cake,random,random_lr0_1_lr0_01_lr0_01_optgd_epochs100_epochs0_001_epochs0_001_clusters4__rep1,24,0.85,tensor(0.1988, grad_fn=<SqueezeBackward0>),tensor(-0.4906, grad_fn=<NegBackward0>),400,57.776933908462524,4,0.5,,20
double_cake,random,random_lr0_1_lr0_01_lr0_01_optgd_epochs100_epochs0_001_epochs0_001_clusters4__rep1,25,0.85,tensor(0.1992, grad_fn=<SqueezeBackward0>),tensor(-0.5235, grad_fn=<NegBackward0>),416,52.964844942092896,4,0.5,,20
double_cake,random,random_lr0_1_lr0_01_lr0_01_optgd_epochs100_epochs0_001_epochs0_001_clusters2__rep1,70,0.85,tensor(0.1933, grad_fn=<SqueezeBackward0>),tensor(-0.6786, grad_fn=<NegBackward0>),284,56.84257936477661,2,0.5,,20
double_cake,random,random_lr0_1_lr0_01_lr0_01_optgd_epochs100_epochs0_001_epochs0_001_clusters2__rep1,71,0.85,tensor(0.1923, grad_fn=<SqueezeBackward0>),tensor(-0.7291, grad_fn=<NegBackward0>),288,52.43824791908264,2,0.5,,20
double_cake,random,random_lr0_1_lr0_01_lr0_01_optgd_epochs100_epochs0_001_epochs0_001_clusters4__rep1,26,0.85,tensor(0.1989, grad_fn=<SqueezeBackward0>),tensor(-0.5375, grad_fn=<NegBackward0>),432,54.19844889640808,4,0.5,,20
double_cake,random,random_lr0_1_lr0_01_lr0_01_optgd_epochs100_epochs0_001_epochs0_001_clusters2__rep1,72,0.85,tensor(0.1937, grad_fn=<SqueezeBackward0>),tensor(-0.6829, grad_fn=<NegBackward0>),292,51.391554832458496,2,0.5,,20
double_cake,random,random_lr0_1_lr0_01_lr0_01_optgd_epochs100_epochs0_001_epochs0_001_clusters4__rep1,27,0.85,tensor(0.2001, grad_fn=<SqueezeBackward0>),tensor(-0.4197, grad_fn=<NegBackward0>),448,54.16790175437927,4,0.5,,20
double_cake,random,random_lr0_1_lr0_01_lr0_01_optgd_epochs100_epochs0_001_epochs0_001_clusters2__rep1,73,0.85,tensor(0.1945, grad_fn=<SqueezeBackward0>),tensor(-0.6950, grad_fn=<NegBackward0>),296,56.07264685630798,2,0.5,,20
double_cake,random,random_lr0_1_lr0_01_lr0_01_optgd_epochs100_epochs0_001_epochs0_001_clusters4__rep1,28,0.85,tensor(0.2007, grad_fn=<SqueezeBackward0>),tensor(-0.6066, grad_fn=<NegBackward0>),464,53.32268476486206,4,0.5,,20
double_cake,random,random_lr0_1_lr0_01_lr0_01_optgd_epochs100_epochs0_001_epochs0_001_clusters4__rep1,29,0.85,tensor(0.2002, grad_fn=<SqueezeBackward0>),tensor(-0.6253, grad_fn=<NegBackward0>),480,50.24537181854248,4,0.5,,20
double_cake,random,random_lr0_1_lr0_01_lr0_01_optgd_epochs100_epochs0_001_epochs0_001_clusters2__rep1,74,0.85,tensor(0.1941, grad_fn=<SqueezeBackward0>),tensor(-0.7061, grad_fn=<NegBackward0>),300,52.88549208641052,2,0.5,,20
double_cake,random,random_lr0_1_lr0_01_lr0_01_optgd_epochs100_epochs0_001_epochs0_001_clusters2__rep1,75,0.85,tensor(0.1977, grad_fn=<SqueezeBackward0>),tensor(-0.6454, grad_fn=<NegBackward0>),304,53.062331199645996,2,0.5,,20
double_cake,random,random_lr0_1_lr0_01_lr0_01_optgd_epochs100_epochs0_001_epochs0_001_clusters4__rep1,30,0.85,tensor(0.2015, grad_fn=<SqueezeBackward0>),tensor(-0.5686, grad_fn=<NegBackward0>),496,55.658626079559326,4,0.5,,20
double_cake,random,random_lr0_1_lr0_01_lr0_01_optgd_epochs100_epochs0_001_epochs0_001_clusters2__rep1,76,0.85,tensor(0.1976, grad_fn=<SqueezeBackward0>),tensor(-0.6657, grad_fn=<NegBackward0>),308,50.650519609451294,2,0.5,,20
double_cake,random,random_lr0_1_lr0_01_lr0_01_optgd_epochs100_epochs0_001_epochs0_001_clusters4__rep1,31,0.85,tensor(0.2016, grad_fn=<SqueezeBackward0>),tensor(-0.5448, grad_fn=<NegBackward0>),512,53.03329920768738,4,0.5,,20
double_cake,random,random_lr0_1_lr0_01_lr0_01_optgd_epochs100_epochs0_001_epochs0_001_clusters2__rep1,77,0.85,tensor(0.1977, grad_fn=<SqueezeBackward0>),tensor(-0.7070, grad_fn=<NegBackward0>),312,52.14319682121277,2,0.5,,20
double_cake,random,random_lr0_1_lr0_01_lr0_01_optgd_epochs100_epochs0_001_epochs0_001_clusters4__rep1,32,0.85,tensor(0.2012, grad_fn=<SqueezeBackward0>),tensor(-0.4900, grad_fn=<NegBackward0>),528,52.719013929367065,4,0.5,,20
double_cake,random,random_lr0_1_lr0_01_lr0_01_optgd_epochs100_epochs0_001_epochs0_001_clusters2__rep1,78,0.85,tensor(0.1985, grad_fn=<SqueezeBackward0>),tensor(-0.6933, grad_fn=<NegBackward0>),316,52.706002950668335,2,0.5,,20
double_cake,random,random_lr0_1_lr0_01_lr0_01_optgd_epochs100_epochs0_001_epochs0_001_clusters4__rep1,33,0.85,tensor(0.2018, grad_fn=<SqueezeBackward0>),tensor(-0.4543, grad_fn=<NegBackward0>),544,52.49596095085144,4,0.5,,20
double_cake,random,random_lr0_1_lr0_01_lr0_01_optgd_epochs100_epochs0_001_epochs0_001_clusters2__rep1,79,0.85,tensor(0.1994, grad_fn=<SqueezeBackward0>),tensor(-0.7712, grad_fn=<NegBackward0>),320,53.65883708000183,2,0.5,,20
double_cake,random,random_lr0_1_lr0_01_lr0_01_optgd_epochs100_epochs0_001_epochs0_001_clusters4__rep1,34,0.85,tensor(0.2037, grad_fn=<SqueezeBackward0>),tensor(-0.5102, grad_fn=<NegBackward0>),560,52.51004219055176,4,0.5,,20
double_cake,random,random_lr0_1_lr0_01_lr0_01_optgd_epochs100_epochs0_001_epochs0_001_clusters2__rep1,80,0.85,tensor(0.1995, grad_fn=<SqueezeBackward0>),tensor(-0.7105, grad_fn=<NegBackward0>),324,52.59896111488342,2,0.5,,20
double_cake,random,random_lr0_1_lr0_01_lr0_01_optgd_epochs100_epochs0_001_epochs0_001_clusters4__rep1,35,0.85,tensor(0.2035, grad_fn=<SqueezeBackward0>),tensor(-0.5181, grad_fn=<NegBackward0>),576,54.07599687576294,4,0.5,,20
double_cake,random,random_lr0_1_lr0_01_lr0_01_optgd_epochs100_epochs0_001_epochs0_001_clusters2__rep1,81,0.85,tensor(0.2003, grad_fn=<SqueezeBackward0>),tensor(-0.6820, grad_fn=<NegBackward0>),328,54.09455108642578,2,0.5,,20
double_cake,random,random_lr0_1_lr0_01_lr0_01_optgd_epochs100_epochs0_001_epochs0_001_clusters4__rep1,36,0.85,tensor(0.2019, grad_fn=<SqueezeBackward0>),tensor(-0.5742, grad_fn=<NegBackward0>),592,50.488601207733154,4,0.5,,20
double_cake,random,random_lr0_1_lr0_01_lr0_01_optgd_epochs100_epochs0_001_epochs0_001_clusters4__rep1,37,0.85,tensor(0.2032, grad_fn=<SqueezeBackward0>),tensor(-0.4827, grad_fn=<NegBackward0>),608,52.38885688781738,4,0.5,,20
double_cake,random,random_lr0_1_lr0_01_lr0_01_optgd_epochs100_epochs0_001_epochs0_001_clusters2__rep1,82,0.85,tensor(0.2001, grad_fn=<SqueezeBackward0>),tensor(-0.7812, grad_fn=<NegBackward0>),332,53.90286326408386,2,0.5,,20
double_cake,random,random_lr0_1_lr0_01_lr0_01_optgd_epochs100_epochs0_001_epochs0_001_clusters4__rep1,38,0.85,tensor(0.2036, grad_fn=<SqueezeBackward0>),tensor(-0.4285, grad_fn=<NegBackward0>),624,52.82198405265808,4,0.5,,20
double_cake,random,random_lr0_1_lr0_01_lr0_01_optgd_epochs100_epochs0_001_epochs0_001_clusters2__rep1,83,0.85,tensor(0.2001, grad_fn=<SqueezeBackward0>),tensor(-0.9995, grad_fn=<NegBackward0>),336,52.550036907196045,2,0.5,,20
double_cake,random,random_lr0_1_lr0_01_lr0_01_optgd_epochs100_epochs0_001_epochs0_001_clusters2__rep1,84,0.85,tensor(0.2009, grad_fn=<SqueezeBackward0>),tensor(-0.6591, grad_fn=<NegBackward0>),340,53.552857875823975,2,0.5,,20
double_cake,random,random_lr0_1_lr0_01_lr0_01_optgd_epochs100_epochs0_001_epochs0_001_clusters4__rep1,39,0.85,tensor(0.2024, grad_fn=<SqueezeBackward0>),tensor(-0.4259, grad_fn=<NegBackward0>),640,56.51632499694824,4,0.5,,20
double_cake,random,random_lr0_1_lr0_01_lr0_01_optgd_epochs100_epochs0_001_epochs0_001_clusters2__rep1,85,0.85,tensor(0.2018, grad_fn=<SqueezeBackward0>),tensor(-0.6013, grad_fn=<NegBackward0>),344,52.434003829956055,2,0.5,,20
double_cake,random,random_lr0_1_lr0_01_lr0_01_optgd_epochs100_epochs0_001_epochs0_001_clusters4__rep1,40,0.85,tensor(0.2033, grad_fn=<SqueezeBackward0>),tensor(-0.4722, grad_fn=<NegBackward0>),656,52.59577703475952,4,0.5,,20
double_cake,random,random_lr0_1_lr0_01_lr0_01_optgd_epochs100_epochs0_001_epochs0_001_clusters2__rep1,86,0.85,tensor(0.2015, grad_fn=<SqueezeBackward0>),tensor(-0.6278, grad_fn=<NegBackward0>),348,52.5214478969574,2,0.5,,20
double_cake,random,random_lr0_1_lr0_01_lr0_01_optgd_epochs100_epochs0_001_epochs0_001_clusters4__rep1,41,0.85,tensor(0.2026, grad_fn=<SqueezeBackward0>),tensor(-0.5241, grad_fn=<NegBackward0>),672,53.76378583908081,4,0.5,,20
double_cake,random,random_lr0_1_lr0_01_lr0_01_optgd_epochs100_epochs0_001_epochs0_001_clusters2__rep1,87,0.85,tensor(0.2016, grad_fn=<SqueezeBackward0>),tensor(-0.7109, grad_fn=<NegBackward0>),352,53.65509080886841,2,0.5,,20
double_cake,random,random_lr0_1_lr0_01_lr0_01_optgd_epochs100_epochs0_001_epochs0_001_clusters4__rep1,42,0.85,tensor(0.2032, grad_fn=<SqueezeBackward0>),tensor(-0.4926, grad_fn=<NegBackward0>),688,51.618077993392944,4,0.5,,20
double_cake,random,random_lr0_1_lr0_01_lr0_01_optgd_epochs100_epochs0_001_epochs0_001_clusters2__rep1,88,0.85,tensor(0.2028, grad_fn=<SqueezeBackward0>),tensor(-0.4679, grad_fn=<NegBackward0>),356,52.5494270324707,2,0.5,,20
double_cake,random,random_lr0_1_lr0_01_lr0_01_optgd_epochs100_epochs0_001_epochs0_001_clusters4__rep1,43,0.85,tensor(0.2052, grad_fn=<SqueezeBackward0>),tensor(-0.5960, grad_fn=<NegBackward0>),704,54.201154947280884,4,0.5,,20
double_cake,random,random_lr0_1_lr0_01_lr0_01_optgd_epochs100_epochs0_001_epochs0_001_clusters2__rep1,89,0.85,tensor(0.2028, grad_fn=<SqueezeBackward0>),tensor(-0.7926, grad_fn=<NegBackward0>),360,54.21922206878662,2,0.5,,20
double_cake,random,random_lr0_1_lr0_01_lr0_01_optgd_epochs100_epochs0_001_epochs0_001_clusters4__rep1,44,0.85,tensor(0.2054, grad_fn=<SqueezeBackward0>),tensor(-0.4703, grad_fn=<NegBackward0>),720,51.336036920547485,4,0.5,,20
double_cake,random,random_lr0_1_lr0_01_lr0_01_optgd_epochs100_epochs0_001_epochs0_001_clusters2__rep1,90,0.85,tensor(0.2013, grad_fn=<SqueezeBackward0>),tensor(-0.7433, grad_fn=<NegBackward0>),364,50.42477607727051,2,0.5,,20
double_cake,random,random_lr0_1_lr0_01_lr0_01_optgd_epochs100_epochs0_001_epochs0_001_clusters4__rep1,45,0.85,tensor(0.2061, grad_fn=<SqueezeBackward0>),tensor(-0.2513, grad_fn=<NegBackward0>),736,55.47722125053406,4,0.5,,20
double_cake,random,random_lr0_1_lr0_01_lr0_01_optgd_epochs100_epochs0_001_epochs0_001_clusters2__rep1,91,0.85,tensor(0.2035, grad_fn=<SqueezeBackward0>),tensor(-0.3657, grad_fn=<NegBackward0>),368,52.04082202911377,2,0.5,,20
double_cake,random,random_lr0_1_lr0_01_lr0_01_optgd_epochs100_epochs0_001_epochs0_001_clusters4__rep1,46,0.85,tensor(0.2059, grad_fn=<SqueezeBackward0>),tensor(-0.4919, grad_fn=<NegBackward0>),752,51.368748903274536,4,0.5,,20
double_cake,random,random_lr0_1_lr0_01_lr0_01_optgd_epochs100_epochs0_001_epochs0_001_clusters2__rep1,92,0.85,tensor(0.2036, grad_fn=<SqueezeBackward0>),tensor(-0.6881, grad_fn=<NegBackward0>),372,52.66558384895325,2,0.5,,20
double_cake,random,random_lr0_1_lr0_01_lr0_01_optgd_epochs100_epochs0_001_epochs0_001_clusters4__rep1,47,0.85,tensor(0.2067, grad_fn=<SqueezeBackward0>),tensor(-0.6392, grad_fn=<NegBackward0>),768,55.67584013938904,4,0.5,,20
double_cake,random,random_lr0_1_lr0_01_lr0_01_optgd_epochs100_epochs0_001_epochs0_001_clusters2__rep1,93,0.85,tensor(0.2035, grad_fn=<SqueezeBackward0>),tensor(-0.7062, grad_fn=<NegBackward0>),376,53.985055923461914,2,0.5,,20
double_cake,random,random_lr0_1_lr0_01_lr0_01_optgd_epochs100_epochs0_001_epochs0_001_clusters4__rep1,48,0.85,tensor(0.2071, grad_fn=<SqueezeBackward0>),tensor(-0.5401, grad_fn=<NegBackward0>),784,50.06491208076477,4,0.5,,20
double_cake,random,random_lr0_1_lr0_01_lr0_01_optgd_epochs100_epochs0_001_epochs0_001_clusters2__rep1,94,0.85,tensor(0.2037, grad_fn=<SqueezeBackward0>),tensor(-0.7339, grad_fn=<NegBackward0>),380,52.38371992111206,2,0.5,,20
double_cake,random,random_lr0_1_lr0_01_lr0_01_optgd_epochs100_epochs0_001_epochs0_001_clusters4__rep1,49,0.85,tensor(0.2073, grad_fn=<SqueezeBackward0>),tensor(-0.5984, grad_fn=<NegBackward0>),800,55.62951397895813,4,0.5,,20
double_cake,random,random_lr0_1_lr0_01_lr0_01_optgd_epochs100_epochs0_001_epochs0_001_clusters2__rep1,95,0.85,tensor(0.2048, grad_fn=<SqueezeBackward0>),tensor(-0.6749, grad_fn=<NegBackward0>),384,51.802891969680786,2,0.5,,20
double_cake,random,random_lr0_1_lr0_01_lr0_01_optgd_epochs100_epochs0_001_epochs0_001_clusters4__rep1,50,0.85,tensor(0.2078, grad_fn=<SqueezeBackward0>),tensor(-0.5147, grad_fn=<NegBackward0>),816,52.96027684211731,4,0.5,,20
double_cake,random,random_lr0_1_lr0_01_lr0_01_optgd_epochs100_epochs0_001_epochs0_001_clusters2__rep1,96,0.85,tensor(0.2054, grad_fn=<SqueezeBackward0>),tensor(-0.7922, grad_fn=<NegBackward0>),388,55.443222999572754,2,0.5,,20
double_cake,random,random_lr0_1_lr0_01_lr0_01_optgd_epochs100_epochs0_001_epochs0_001_clusters4__rep1,51,0.85,tensor(0.2069, grad_fn=<SqueezeBackward0>),tensor(-0.4736, grad_fn=<NegBackward0>),832,54.187520027160645,4,0.5,,20
double_cake,random,random_lr0_1_lr0_01_lr0_01_optgd_epochs100_epochs0_001_epochs0_001_clusters2__rep1,97,0.85,tensor(0.2060, grad_fn=<SqueezeBackward0>),tensor(-0.7024, grad_fn=<NegBackward0>),392,52.94999098777771,2,0.5,,20
double_cake,random,random_lr0_1_lr0_01_lr0_01_optgd_epochs100_epochs0_001_epochs0_001_clusters4__rep1,52,0.85,tensor(0.2072, grad_fn=<SqueezeBackward0>),tensor(-0.6326, grad_fn=<NegBackward0>),848,52.5205659866333,4,0.5,,20
double_cake,random,random_lr0_1_lr0_01_lr0_01_optgd_epochs100_epochs0_001_epochs0_001_clusters2__rep1,98,0.85,tensor(0.2069, grad_fn=<SqueezeBackward0>),tensor(-0.6724, grad_fn=<NegBackward0>),396,50.47080993652344,2,0.5,,20
double_cake,random,random_lr0_1_lr0_01_lr0_01_optgd_epochs100_epochs0_001_epochs0_001_clusters4__rep1,53,0.85,tensor(0.2070, grad_fn=<SqueezeBackward0>),tensor(-0.5809, grad_fn=<NegBackward0>),864,52.77731800079346,4,0.5,,20
double_cake,random,random_lr0_1_lr0_01_lr0_01_optgd_epochs100_epochs0_001_epochs0_001_clusters2__rep1,99,0.85,tensor(0.2060, grad_fn=<SqueezeBackward0>),tensor(-0.7747, grad_fn=<NegBackward0>),400,52.565918922424316,2,0.5,,20
double_cake,random,random_lr0_1_lr0_01_lr0_01_optgd_epochs100_epochs0_001_epochs0_001_clusters4__rep1,54,0.85,tensor(0.2066, grad_fn=<SqueezeBackward0>),tensor(-0.5407, grad_fn=<NegBackward0>),880,52.84695601463318,4,0.5,,20
double_cake,random,random_lr0_1_lr0_01_lr0_01_optgd_epochs100_epochs0_001_epochs0_001_clusters4__rep1,55,0.85,tensor(0.2074, grad_fn=<SqueezeBackward0>),tensor(-0.6377, grad_fn=<NegBackward0>),896,52.223907232284546,4,0.5,,20
double_cake,random,random_lr0_1_lr0_01_lr0_01_optgd_epochs100_epochs0_001_epochs0_001_clusters4__rep1,56,0.85,tensor(0.2080, grad_fn=<SqueezeBackward0>),tensor(-0.4543, grad_fn=<NegBackward0>),912,52.17890214920044,4,0.5,,20
double_cake,random,random_lr0_1_lr0_01_lr0_01_optgd_epochs100_epochs0_001_epochs0_001_clusters6__rep1,0,0.85,tensor(0.1882, grad_fn=<SqueezeBackward0>),tensor(-0.4517, grad_fn=<NegBackward0>),36,49.93713688850403,6,0.5,,20
double_cake,random,random_lr0_1_lr0_01_lr0_01_optgd_epochs100_epochs0_001_epochs0_001_clusters4__rep1,57,0.85,tensor(0.2088, grad_fn=<SqueezeBackward0>),tensor(-0.4164, grad_fn=<NegBackward0>),928,49.89922904968262,4,0.5,,20
double_cake,random,random_lr0_1_lr0_01_lr0_01_optgd_epochs100_epochs0_001_epochs0_001_clusters6__rep1,1,0.85,tensor(0.1887, grad_fn=<SqueezeBackward0>),tensor(-0.6083, grad_fn=<NegBackward0>),72,53.29354810714722,6,0.5,,20
double_cake,random,random_lr0_1_lr0_01_lr0_01_optgd_epochs100_epochs0_001_epochs0_001_clusters4__rep1,58,0.85,tensor(0.2083, grad_fn=<SqueezeBackward0>),tensor(-0.5002, grad_fn=<NegBackward0>),944,55.34053611755371,4,0.5,,20
double_cake,random,random_lr0_1_lr0_01_lr0_01_optgd_epochs100_epochs0_001_epochs0_001_clusters6__rep1,2,0.85,tensor(0.1899, grad_fn=<SqueezeBackward0>),tensor(-0.4267, grad_fn=<NegBackward0>),108,52.23178291320801,6,0.5,,20
double_cake,random,random_lr0_1_lr0_01_lr0_01_optgd_epochs100_epochs0_001_epochs0_001_clusters4__rep1,59,0.85,tensor(0.2079, grad_fn=<SqueezeBackward0>),tensor(-0.6364, grad_fn=<NegBackward0>),960,50.25136995315552,4,0.5,,20
double_cake,random,random_lr0_1_lr0_01_lr0_01_optgd_epochs100_epochs0_001_epochs0_001_clusters6__rep1,3,0.85,tensor(0.1903, grad_fn=<SqueezeBackward0>),tensor(-0.4350, grad_fn=<NegBackward0>),144,50.34856605529785,6,0.5,,20
double_cake,random,random_lr0_1_lr0_01_lr0_01_optgd_epochs100_epochs0_001_epochs0_001_clusters4__rep1,60,0.85,tensor(0.2069, grad_fn=<SqueezeBackward0>),tensor(-0.5144, grad_fn=<NegBackward0>),976,52.85354280471802,4,0.5,,20
double_cake,random,random_lr0_1_lr0_01_lr0_01_optgd_epochs100_epochs0_001_epochs0_001_clusters6__rep1,4,0.85,tensor(0.1923, grad_fn=<SqueezeBackward0>),tensor(-0.6343, grad_fn=<NegBackward0>),180,55.701647996902466,6,0.5,,20
double_cake,random,random_lr0_1_lr0_01_lr0_01_optgd_epochs100_epochs0_001_epochs0_001_clusters4__rep1,61,0.85,tensor(0.2076, grad_fn=<SqueezeBackward0>),tensor(-0.5750, grad_fn=<NegBackward0>),992,55.61814093589783,4,0.5,,20
double_cake,random,random_lr0_1_lr0_01_lr0_01_optgd_epochs100_epochs0_001_epochs0_001_clusters6__rep1,5,0.85,tensor(0.1918, grad_fn=<SqueezeBackward0>),tensor(-0.5117, grad_fn=<NegBackward0>),216,50.40997385978699,6,0.5,,20
double_cake,random,random_lr0_1_lr0_01_lr0_01_optgd_epochs100_epochs0_001_epochs0_001_clusters4__rep1,62,0.85,tensor(0.2074, grad_fn=<SqueezeBackward0>),tensor(-0.5406, grad_fn=<NegBackward0>),1008,52.25180435180664,4,0.5,,20
double_cake,random,random_lr0_1_lr0_01_lr0_01_optgd_epochs100_epochs0_001_epochs0_001_clusters6__rep1,6,0.85,tensor(0.1915, grad_fn=<SqueezeBackward0>),tensor(-0.5251, grad_fn=<NegBackward0>),252,51.189635276794434,6,0.5,,20
double_cake,random,random_lr0_1_lr0_01_lr0_01_optgd_epochs100_epochs0_001_epochs0_001_clusters4__rep1,63,0.85,tensor(0.2067, grad_fn=<SqueezeBackward0>),tensor(-0.4861, grad_fn=<NegBackward0>),1024,52.02160310745239,4,0.5,,20
double_cake,random,random_lr0_1_lr0_01_lr0_01_optgd_epochs100_epochs0_001_epochs0_001_clusters6__rep1,7,0.85,tensor(0.1924, grad_fn=<SqueezeBackward0>),tensor(-0.3840, grad_fn=<NegBackward0>),288,55.055482149124146,6,0.5,,20
double_cake,random,random_lr0_1_lr0_01_lr0_01_optgd_epochs100_epochs0_001_epochs0_001_clusters4__rep1,64,0.85,tensor(0.2067, grad_fn=<SqueezeBackward0>),tensor(-0.3586, grad_fn=<NegBackward0>),1040,52.50102710723877,4,0.5,,20
double_cake,random,random_lr0_1_lr0_01_lr0_01_optgd_epochs100_epochs0_001_epochs0_001_clusters6__rep1,8,0.85,tensor(0.1921, grad_fn=<SqueezeBackward0>),tensor(-0.4975, grad_fn=<NegBackward0>),324,49.992133140563965,6,0.5,,20
double_cake,random,random_lr0_1_lr0_01_lr0_01_optgd_epochs100_epochs0_001_epochs0_001_clusters4__rep1,65,0.9,tensor(0.2041, grad_fn=<SqueezeBackward0>),tensor(-0.5962, grad_fn=<NegBackward0>),1056,52.45611095428467,4,0.5,,20
double_cake,random,random_lr0_1_lr0_01_lr0_01_optgd_epochs100_epochs0_001_epochs0_001_clusters6__rep1,9,0.85,tensor(0.1928, grad_fn=<SqueezeBackward0>),tensor(-0.3954, grad_fn=<NegBackward0>),360,54.76194500923157,6,0.5,,20
double_cake,random,random_lr0_1_lr0_01_lr0_01_optgd_epochs100_epochs0_001_epochs0_001_clusters4__rep1,66,0.9,tensor(0.2047, grad_fn=<SqueezeBackward0>),tensor(-0.4963, grad_fn=<NegBackward0>),1072,52.42535328865051,4,0.5,,20
double_cake,random,random_lr0_1_lr0_01_lr0_01_optgd_epochs100_epochs0_001_epochs0_001_clusters6__rep1,10,0.85,tensor(0.1931, grad_fn=<SqueezeBackward0>),tensor(-0.4772, grad_fn=<NegBackward0>),396,52.14282011985779,6,0.5,,20
double_cake,random,random_lr0_1_lr0_01_lr0_01_optgd_epochs100_epochs0_001_epochs0_001_clusters4__rep1,67,0.9,tensor(0.2044, grad_fn=<SqueezeBackward0>),tensor(-0.5732, grad_fn=<NegBackward0>),1088,49.86014795303345,4,0.5,,20
double_cake,random,random_lr0_1_lr0_01_lr0_01_optgd_epochs100_epochs0_001_epochs0_001_clusters6__rep1,11,0.85,tensor(0.1941, grad_fn=<SqueezeBackward0>),tensor(-0.4107, grad_fn=<NegBackward0>),432,52.17656135559082,6,0.5,,20
double_cake,random,random_lr0_1_lr0_01_lr0_01_optgd_epochs100_epochs0_001_epochs0_001_clusters4__rep1,68,0.9,tensor(0.2055, grad_fn=<SqueezeBackward0>),tensor(-0.6092, grad_fn=<NegBackward0>),1104,55.31593179702759,4,0.5,,20
double_cake,random,random_lr0_1_lr0_01_lr0_01_optgd_epochs100_epochs0_001_epochs0_001_clusters6__rep1,12,0.85,tensor(0.1945, grad_fn=<SqueezeBackward0>),tensor(-0.4716, grad_fn=<NegBackward0>),468,52.10509705543518,6,0.5,,20
double_cake,random,random_lr0_1_lr0_01_lr0_01_optgd_epochs100_epochs0_001_epochs0_001_clusters4__rep1,69,0.9,tensor(0.2099, grad_fn=<SqueezeBackward0>),tensor(-0.3892, grad_fn=<NegBackward0>),1120,52.68073391914368,4,0.5,,20
double_cake,random,random_lr0_1_lr0_01_lr0_01_optgd_epochs100_epochs0_001_epochs0_001_clusters6__rep1,13,0.85,tensor(0.1963, grad_fn=<SqueezeBackward0>),tensor(-0.4691, grad_fn=<NegBackward0>),504,53.569015979766846,6,0.5,,20
double_cake,random,random_lr0_1_lr0_01_lr0_01_optgd_epochs100_epochs0_001_epochs0_001_clusters4__rep1,70,0.9,tensor(0.2088, grad_fn=<SqueezeBackward0>),tensor(-0.4935, grad_fn=<NegBackward0>),1136,52.230653285980225,4,0.5,,20
double_cake,random,random_lr0_1_lr0_01_lr0_01_optgd_epochs100_epochs0_001_epochs0_001_clusters6__rep1,14,0.85,tensor(0.1956, grad_fn=<SqueezeBackward0>),tensor(-0.4432, grad_fn=<NegBackward0>),540,49.79536318778992,6,0.5,,20
double_cake,random,random_lr0_1_lr0_01_lr0_01_optgd_epochs100_epochs0_001_epochs0_001_clusters4__rep1,71,0.9,tensor(0.2079, grad_fn=<SqueezeBackward0>),tensor(-0.7166, grad_fn=<NegBackward0>),1152,52.07910394668579,4,0.5,,20
double_cake,random,random_lr0_1_lr0_01_lr0_01_optgd_epochs100_epochs0_001_epochs0_001_clusters6__rep1,15,0.85,tensor(0.1957, grad_fn=<SqueezeBackward0>),tensor(-0.4899, grad_fn=<NegBackward0>),576,53.053388595581055,6,0.5,,20
double_cake,random,random_lr0_1_lr0_01_lr0_01_optgd_epochs100_epochs0_001_epochs0_001_clusters4__rep1,72,0.9,tensor(0.2093, grad_fn=<SqueezeBackward0>),tensor(-0.4860, grad_fn=<NegBackward0>),1168,52.26047468185425,4,0.5,,20
double_cake,random,random_lr0_1_lr0_01_lr0_01_optgd_epochs100_epochs0_001_epochs0_001_clusters6__rep1,16,0.85,tensor(0.1962, grad_fn=<SqueezeBackward0>),tensor(-0.5065, grad_fn=<NegBackward0>),612,52.48655915260315,6,0.5,,20
double_cake,random,random_lr0_1_lr0_01_lr0_01_optgd_epochs100_epochs0_001_epochs0_001_clusters4__rep1,73,0.9,tensor(0.2118, grad_fn=<SqueezeBackward0>),tensor(-0.5732, grad_fn=<NegBackward0>),1184,53.911601066589355,4,0.5,,20
double_cake,random,random_lr0_1_lr0_01_lr0_01_optgd_epochs100_epochs0_001_epochs0_001_clusters6__rep1,17,0.85,tensor(0.1965, grad_fn=<SqueezeBackward0>),tensor(-0.4042, grad_fn=<NegBackward0>),648,51.13739490509033,6,0.5,,20
double_cake,random,random_lr0_1_lr0_01_lr0_01_optgd_epochs100_epochs0_001_epochs0_001_clusters4__rep1,74,0.9,tensor(0.2134, grad_fn=<SqueezeBackward0>),tensor(-0.4360, grad_fn=<NegBackward0>),1200,50.134981870651245,4,0.5,,20
double_cake,random,random_lr0_1_lr0_01_lr0_01_optgd_epochs100_epochs0_001_epochs0_001_clusters6__rep1,18,0.85,tensor(0.1974, grad_fn=<SqueezeBackward0>),tensor(-0.3293, grad_fn=<NegBackward0>),684,54.86989974975586,6,0.5,,20
double_cake,random,random_lr0_1_lr0_01_lr0_01_optgd_epochs100_epochs0_001_epochs0_001_clusters4__rep1,75,0.9,tensor(0.2150, grad_fn=<SqueezeBackward0>),tensor(-0.4178, grad_fn=<NegBackward0>),1216,51.797301054000854,4,0.5,,20
double_cake,random,random_lr0_1_lr0_01_lr0_01_optgd_epochs100_epochs0_001_epochs0_001_clusters6__rep1,19,0.85,tensor(0.1972, grad_fn=<SqueezeBackward0>),tensor(-0.4388, grad_fn=<NegBackward0>),720,52.29094195365906,6,0.5,,20
double_cake,random,random_lr0_1_lr0_01_lr0_01_optgd_epochs100_epochs0_001_epochs0_001_clusters4__rep1,76,0.9,tensor(0.2152, grad_fn=<SqueezeBackward0>),tensor(-0.4991, grad_fn=<NegBackward0>),1232,52.679232120513916,4,0.5,,20
double_cake,random,random_lr0_1_lr0_01_lr0_01_optgd_epochs100_epochs0_001_epochs0_001_clusters6__rep1,20,0.85,tensor(0.1964, grad_fn=<SqueezeBackward0>),tensor(-0.3225, grad_fn=<NegBackward0>),756,52.607301235198975,6,0.5,,20
double_cake,random,random_lr0_1_lr0_01_lr0_01_optgd_epochs100_epochs0_001_epochs0_001_clusters4__rep1,77,0.9,tensor(0.2156, grad_fn=<SqueezeBackward0>),tensor(-0.4901, grad_fn=<NegBackward0>),1248,55.09261202812195,4,0.5,,20
double_cake,random,random_lr0_1_lr0_01_lr0_01_optgd_epochs100_epochs0_001_epochs0_001_clusters6__rep1,21,0.85,tensor(0.1961, grad_fn=<SqueezeBackward0>),tensor(-0.4568, grad_fn=<NegBackward0>),792,50.13025689125061,6,0.5,,20
double_cake,random,random_lr0_1_lr0_01_lr0_01_optgd_epochs100_epochs0_001_epochs0_001_clusters4__rep1,78,0.9,tensor(0.2164, grad_fn=<SqueezeBackward0>),tensor(-0.5007, grad_fn=<NegBackward0>),1264,52.016146183013916,4,0.5,,20
double_cake,random,random_lr0_1_lr0_01_lr0_01_optgd_epochs100_epochs0_001_epochs0_001_clusters6__rep1,22,0.85,tensor(0.1963, grad_fn=<SqueezeBackward0>),tensor(-0.2383, grad_fn=<NegBackward0>),828,53.6185359954834,6,0.5,,20
double_cake,random,random_lr0_1_lr0_01_lr0_01_optgd_epochs100_epochs0_001_epochs0_001_clusters4__rep1,79,0.9,tensor(0.2169, grad_fn=<SqueezeBackward0>),tensor(-0.6244, grad_fn=<NegBackward0>),1280,52.19599485397339,4,0.5,,20
double_cake,random,random_lr0_1_lr0_01_lr0_01_optgd_epochs100_epochs0_001_epochs0_001_clusters6__rep1,23,0.85,tensor(0.1985, grad_fn=<SqueezeBackward0>),tensor(-0.4404, grad_fn=<NegBackward0>),864,51.84978413581848,6,0.5,,20
double_cake,random,random_lr0_1_lr0_01_lr0_01_optgd_epochs100_epochs0_001_epochs0_001_clusters4__rep1,80,0.9,tensor(0.2156, grad_fn=<SqueezeBackward0>),tensor(-0.4883, grad_fn=<NegBackward0>),1296,53.554121255874634,4,0.5,,20
double_cake,random,random_lr0_1_lr0_01_lr0_01_optgd_epochs100_epochs0_001_epochs0_001_clusters6__rep1,24,0.85,tensor(0.1999, grad_fn=<SqueezeBackward0>),tensor(-0.4047, grad_fn=<NegBackward0>),900,53.44309401512146,6,0.5,,20
double_cake,random,random_lr0_1_lr0_01_lr0_01_optgd_epochs100_epochs0_001_epochs0_001_clusters4__rep1,81,0.9,tensor(0.2141, grad_fn=<SqueezeBackward0>),tensor(-0.5596, grad_fn=<NegBackward0>),1312,50.15977501869202,4,0.5,,20
double_cake,random,random_lr0_1_lr0_01_lr0_01_optgd_epochs100_epochs0_001_epochs0_001_clusters6__rep1,25,0.85,tensor(0.2007, grad_fn=<SqueezeBackward0>),tensor(-0.3780, grad_fn=<NegBackward0>),936,52.329652070999146,6,0.5,,20
double_cake,random,random_lr0_1_lr0_01_lr0_01_optgd_epochs100_epochs0_001_epochs0_001_clusters4__rep1,82,0.9,tensor(0.2140, grad_fn=<SqueezeBackward0>),tensor(-0.5129, grad_fn=<NegBackward0>),1328,51.736069202423096,4,0.5,,20
double_cake,random,random_lr0_1_lr0_01_lr0_01_optgd_epochs100_epochs0_001_epochs0_001_clusters6__rep1,26,0.85,tensor(0.2009, grad_fn=<SqueezeBackward0>),tensor(-0.4020, grad_fn=<NegBackward0>),972,51.987114906311035,6,0.5,,20
double_cake,random,random_lr0_1_lr0_01_lr0_01_optgd_epochs100_epochs0_001_epochs0_001_clusters4__rep1,83,0.9,tensor(0.2132, grad_fn=<SqueezeBackward0>),tensor(-0.8231, grad_fn=<NegBackward0>),1344,52.671103954315186,4,0.5,,20
double_cake,random,random_lr0_1_lr0_01_lr0_01_optgd_epochs100_epochs0_001_epochs0_001_clusters6__rep1,27,0.85,tensor(0.2023, grad_fn=<SqueezeBackward0>),tensor(-0.3914, grad_fn=<NegBackward0>),1008,52.637343883514404,6,0.5,,20
double_cake,random,random_lr0_1_lr0_01_lr0_01_optgd_epochs100_epochs0_001_epochs0_001_clusters4__rep1,84,0.9,tensor(0.2137, grad_fn=<SqueezeBackward0>),tensor(-0.4791, grad_fn=<NegBackward0>),1360,55.45781707763672,4,0.5,,20
double_cake,random,random_lr0_1_lr0_01_lr0_01_optgd_epochs100_epochs0_001_epochs0_001_clusters6__rep1,28,0.85,tensor(0.2032, grad_fn=<SqueezeBackward0>),tensor(-0.4886, grad_fn=<NegBackward0>),1044,52.386114835739136,6,0.5,,20
double_cake,random,random_lr0_1_lr0_01_lr0_01_optgd_epochs100_epochs0_001_epochs0_001_clusters4__rep1,85,0.9,tensor(0.2148, grad_fn=<SqueezeBackward0>),tensor(-0.5631, grad_fn=<NegBackward0>),1376,52.39290499687195,4,0.5,,20
double_cake,random,random_lr0_1_lr0_01_lr0_01_optgd_epochs100_epochs0_001_epochs0_001_clusters6__rep1,29,0.85,tensor(0.2026, grad_fn=<SqueezeBackward0>),tensor(-0.5360, grad_fn=<NegBackward0>),1080,52.06609487533569,6,0.5,,20
double_cake,random,random_lr0_1_lr0_01_lr0_01_optgd_epochs100_epochs0_001_epochs0_001_clusters4__rep1,86,0.9,tensor(0.2153, grad_fn=<SqueezeBackward0>),tensor(-0.4432, grad_fn=<NegBackward0>),1392,53.65770077705383,4,0.5,,20
double_cake,random,random_lr0_1_lr0_01_lr0_01_optgd_epochs100_epochs0_001_epochs0_001_clusters6__rep1,30,0.85,tensor(0.2033, grad_fn=<SqueezeBackward0>),tensor(-0.4719, grad_fn=<NegBackward0>),1116,51.19238805770874,6,0.5,,20
double_cake,random,random_lr0_1_lr0_01_lr0_01_optgd_epochs100_epochs0_001_epochs0_001_clusters4__rep1,87,0.9,tensor(0.2156, grad_fn=<SqueezeBackward0>),tensor(-0.6817, grad_fn=<NegBackward0>),1408,51.27356028556824,4,0.5,,20
double_cake,random,random_lr0_1_lr0_01_lr0_01_optgd_epochs100_epochs0_001_epochs0_001_clusters6__rep1,31,0.85,tensor(0.2044, grad_fn=<SqueezeBackward0>),tensor(-0.3426, grad_fn=<NegBackward0>),1152,55.33762311935425,6,0.5,,20
double_cake,random,random_lr0_1_lr0_01_lr0_01_optgd_epochs100_epochs0_001_epochs0_001_clusters4__rep1,88,0.9,tensor(0.2152, grad_fn=<SqueezeBackward0>),tensor(-0.3603, grad_fn=<NegBackward0>),1424,53.83692526817322,4,0.5,,20
double_cake,random,random_lr0_1_lr0_01_lr0_01_optgd_epochs100_epochs0_001_epochs0_001_clusters6__rep1,32,0.85,tensor(0.2046, grad_fn=<SqueezeBackward0>),tensor(-0.4737, grad_fn=<NegBackward0>),1188,50.18589901924133,6,0.5,,20
double_cake,random,random_lr0_1_lr0_01_lr0_01_optgd_epochs100_epochs0_001_epochs0_001_clusters4__rep1,89,0.9,tensor(0.2172, grad_fn=<SqueezeBackward0>),tensor(-0.4697, grad_fn=<NegBackward0>),1440,51.2454047203064,4,0.5,,20
double_cake,random,random_lr0_1_lr0_01_lr0_01_optgd_epochs100_epochs0_001_epochs0_001_clusters6__rep1,33,0.85,tensor(0.2051, grad_fn=<SqueezeBackward0>),tensor(-0.3167, grad_fn=<NegBackward0>),1224,51.65465974807739,6,0.5,,20
double_cake,random,random_lr0_1_lr0_01_lr0_01_optgd_epochs100_epochs0_001_epochs0_001_clusters4__rep1,90,0.9,tensor(0.2175, grad_fn=<SqueezeBackward0>),tensor(-0.5173, grad_fn=<NegBackward0>),1456,55.17783188819885,4,0.5,,20
double_cake,random,random_lr0_1_lr0_01_lr0_01_optgd_epochs100_epochs0_001_epochs0_001_clusters6__rep1,34,0.85,tensor(0.2061, grad_fn=<SqueezeBackward0>),tensor(-0.4768, grad_fn=<NegBackward0>),1260,51.77886390686035,6,0.5,,20
double_cake,random,random_lr0_1_lr0_01_lr0_01_optgd_epochs100_epochs0_001_epochs0_001_clusters4__rep1,91,0.9,tensor(0.2178, grad_fn=<SqueezeBackward0>),tensor(-0.3423, grad_fn=<NegBackward0>),1472,51.65081310272217,4,0.5,,20
double_cake,random,random_lr0_1_lr0_01_lr0_01_optgd_epochs100_epochs0_001_epochs0_001_clusters6__rep1,35,0.85,tensor(0.2065, grad_fn=<SqueezeBackward0>),tensor(-0.4031, grad_fn=<NegBackward0>),1296,54.14340806007385,6,0.5,,20
double_cake,random,random_lr0_1_lr0_01_lr0_01_optgd_epochs100_epochs0_001_epochs0_001_clusters4__rep1,92,0.9,tensor(0.2170, grad_fn=<SqueezeBackward0>),tensor(-0.5304, grad_fn=<NegBackward0>),1488,55.71628022193909,4,0.5,,20
double_cake,random,random_lr0_1_lr0_01_lr0_01_optgd_epochs100_epochs0_001_epochs0_001_clusters6__rep1,36,0.85,tensor(0.2064, grad_fn=<SqueezeBackward0>),tensor(-0.5016, grad_fn=<NegBackward0>),1332,50.552258014678955,6,0.5,,20
double_cake,random,random_lr0_1_lr0_01_lr0_01_optgd_epochs100_epochs0_001_epochs0_001_clusters4__rep1,93,0.9,tensor(0.2178, grad_fn=<SqueezeBackward0>),tensor(-0.4887, grad_fn=<NegBackward0>),1504,50.828782081604004,4,0.5,,20
double_cake,random,random_lr0_1_lr0_01_lr0_01_optgd_epochs100_epochs0_001_epochs0_001_clusters6__rep1,37,0.85,tensor(0.2074, grad_fn=<SqueezeBackward0>),tensor(-0.4188, grad_fn=<NegBackward0>),1368,940.440954208374,6,0.5,,20
double_cake,random,random_lr0_1_lr0_01_lr0_01_optgd_epochs100_epochs0_001_epochs0_001_clusters4__rep1,94,0.9,tensor(0.2170, grad_fn=<SqueezeBackward0>),tensor(-0.6246, grad_fn=<NegBackward0>),1520,939.7452101707458,4,0.5,,20
double_cake,random,random_lr0_1_lr0_01_lr0_01_optgd_epochs100_epochs0_001_epochs0_001_clusters6__rep1,38,0.85,tensor(0.2073, grad_fn=<SqueezeBackward0>),tensor(-0.3991, grad_fn=<NegBackward0>),1404,49.47131395339966,6,0.5,,20
double_cake,random,random_lr0_1_lr0_01_lr0_01_optgd_epochs100_epochs0_001_epochs0_001_clusters4__rep1,95,0.9,tensor(0.2170, grad_fn=<SqueezeBackward0>),tensor(-0.5221, grad_fn=<NegBackward0>),1536,51.96243715286255,4,0.5,,20
double_cake,random,random_lr0_1_lr0_01_lr0_01_optgd_epochs100_epochs0_001_epochs0_001_clusters6__rep1,39,0.85,tensor(0.2054, grad_fn=<SqueezeBackward0>),tensor(-0.4170, grad_fn=<NegBackward0>),1440,55.52351999282837,6,0.5,,20
double_cake,random,random_lr0_1_lr0_01_lr0_01_optgd_epochs100_epochs0_001_epochs0_001_clusters4__rep1,96,0.9,tensor(0.2191, grad_fn=<SqueezeBackward0>),tensor(-0.5274, grad_fn=<NegBackward0>),1552,54.604928970336914,4,0.5,,20
double_cake,random,random_lr0_1_lr0_01_lr0_01_optgd_epochs100_epochs0_001_epochs0_001_clusters6__rep1,40,0.85,tensor(0.2061, grad_fn=<SqueezeBackward0>),tensor(-0.3905, grad_fn=<NegBackward0>),1476,52.27342391014099,6,0.5,,20
double_cake,random,random_lr0_1_lr0_01_lr0_01_optgd_epochs100_epochs0_001_epochs0_001_clusters4__rep1,97,0.9,tensor(0.2193, grad_fn=<SqueezeBackward0>),tensor(-0.5002, grad_fn=<NegBackward0>),1568,52.72283315658569,4,0.5,,20
double_cake,random,random_lr0_1_lr0_01_lr0_01_optgd_epochs100_epochs0_001_epochs0_001_clusters6__rep1,41,0.85,tensor(0.2066, grad_fn=<SqueezeBackward0>),tensor(-0.5186, grad_fn=<NegBackward0>),1512,52.56326103210449,6,0.5,,20
double_cake,random,random_lr0_1_lr0_01_lr0_01_optgd_epochs100_epochs0_001_epochs0_001_clusters4__rep1,98,0.9,tensor(0.2198, grad_fn=<SqueezeBackward0>),tensor(-0.6070, grad_fn=<NegBackward0>),1584,52.71121907234192,4,0.5,,20
double_cake,random,random_lr0_1_lr0_01_lr0_01_optgd_epochs100_epochs0_001_epochs0_001_clusters6__rep1,42,0.85,tensor(0.2068, grad_fn=<SqueezeBackward0>),tensor(-0.3957, grad_fn=<NegBackward0>),1548,52.37679481506348,6,0.5,,20
double_cake,random,random_lr0_1_lr0_01_lr0_01_optgd_epochs100_epochs0_001_epochs0_001_clusters4__rep1,99,0.9,tensor(0.2197, grad_fn=<SqueezeBackward0>),tensor(-0.5981, grad_fn=<NegBackward0>),1600,52.884624004364014,4,0.5,,20
double_cake,random,random_lr0_1_lr0_01_lr0_01_optgd_epochs100_epochs0_001_epochs0_001_clusters6__rep1,43,0.85,tensor(0.2082, grad_fn=<SqueezeBackward0>),tensor(-0.4532, grad_fn=<NegBackward0>),1584,52.32071304321289,6,0.5,,20
double_cake,random,random_lr0_1_lr0_01_lr0_01_optgd_epochs100_epochs0_001_epochs0_001_clusters6__rep1,44,0.85,tensor(0.2091, grad_fn=<SqueezeBackward0>),tensor(-0.3825, grad_fn=<NegBackward0>),1620,52.4338219165802,6,0.5,,20
double_cake,random,random_lr0_1_lr0_01_lr0_01_optgd_epochs100_epochs0_001_epochs0_001_clusters6__rep1,45,0.85,tensor(0.2093, grad_fn=<SqueezeBackward0>),tensor(-0.3128, grad_fn=<NegBackward0>),1656,51.13861703872681,6,0.5,,20
double_cake,random,random_lr0_1_lr0_01_lr0_01_optgd_epochs100_epochs0_001_epochs0_001_clusters8__rep1,0,0.85,tensor(0.1883, grad_fn=<SqueezeBackward0>),tensor(-0.4277, grad_fn=<NegBackward0>),64,50.284788846969604,8,0.5,,20
double_cake,random,random_lr0_1_lr0_01_lr0_01_optgd_epochs100_epochs0_001_epochs0_001_clusters6__rep1,46,0.85,tensor(0.2095, grad_fn=<SqueezeBackward0>),tensor(-0.2754, grad_fn=<NegBackward0>),1692,55.385169982910156,6,0.5,,20
double_cake,random,random_lr0_1_lr0_01_lr0_01_optgd_epochs100_epochs0_001_epochs0_001_clusters8__rep1,1,0.85,tensor(0.1894, grad_fn=<SqueezeBackward0>),tensor(-0.4349, grad_fn=<NegBackward0>),128,53.16800284385681,8,0.5,,20
double_cake,random,random_lr0_1_lr0_01_lr0_01_optgd_epochs100_epochs0_001_epochs0_001_clusters6__rep1,47,0.85,tensor(0.2102, grad_fn=<SqueezeBackward0>),tensor(-0.4084, grad_fn=<NegBackward0>),1728,50.50002312660217,6,0.5,,20
double_cake,random,random_lr0_1_lr0_01_lr0_01_optgd_epochs100_epochs0_001_epochs0_001_clusters8__rep1,2,0.85,tensor(0.1905, grad_fn=<SqueezeBackward0>),tensor(-0.3982, grad_fn=<NegBackward0>),192,58.101097106933594,8,0.5,,20
double_cake,random,random_lr0_1_lr0_01_lr0_01_optgd_epochs100_epochs0_001_epochs0_001_clusters6__rep1,48,0.85,tensor(0.2102, grad_fn=<SqueezeBackward0>),tensor(-0.5391, grad_fn=<NegBackward0>),1764,53.490119218826294,6,0.5,,20
double_cake,random,random_lr0_1_lr0_01_lr0_01_optgd_epochs100_epochs0_001_epochs0_001_clusters8__rep1,3,0.85,tensor(0.1915, grad_fn=<SqueezeBackward0>),tensor(-0.4351, grad_fn=<NegBackward0>),256,52.77340793609619,8,0.5,,20
double_cake,random,random_lr0_1_lr0_01_lr0_01_optgd_epochs100_epochs0_001_epochs0_001_clusters6__rep1,49,0.85,tensor(0.2105, grad_fn=<SqueezeBackward0>),tensor(-0.3901, grad_fn=<NegBackward0>),1800,54.151139974594116,6,0.5,,20
double_cake,random,random_lr0_1_lr0_01_lr0_01_optgd_epochs100_epochs0_001_epochs0_001_clusters8__rep1,4,0.85,tensor(0.1929, grad_fn=<SqueezeBackward0>),tensor(-0.4828, grad_fn=<NegBackward0>),320,52.17562794685364,8,0.5,,20
double_cake,random,random_lr0_1_lr0_01_lr0_01_optgd_epochs100_epochs0_001_epochs0_001_clusters6__rep1,50,0.85,tensor(0.2108, grad_fn=<SqueezeBackward0>),tensor(-0.4995, grad_fn=<NegBackward0>),1836,51.60765814781189,6,0.5,,20
double_cake,random,random_lr0_1_lr0_01_lr0_01_optgd_epochs100_epochs0_001_epochs0_001_clusters8__rep1,5,0.85,tensor(0.1931, grad_fn=<SqueezeBackward0>),tensor(-0.4675, grad_fn=<NegBackward0>),384,53.8188910484314,8,0.5,,20
double_cake,random,random_lr0_1_lr0_01_lr0_01_optgd_epochs100_epochs0_001_epochs0_001_clusters6__rep1,51,0.85,tensor(0.2106, grad_fn=<SqueezeBackward0>),tensor(-0.5063, grad_fn=<NegBackward0>),1872,53.96055197715759,6,0.5,,20
double_cake,random,random_lr0_1_lr0_01_lr0_01_optgd_epochs100_epochs0_001_epochs0_001_clusters8__rep1,6,0.85,tensor(0.1931, grad_fn=<SqueezeBackward0>),tensor(-0.3713, grad_fn=<NegBackward0>),448,52.04867100715637,8,0.5,,20
double_cake,random,random_lr0_1_lr0_01_lr0_01_optgd_epochs100_epochs0_001_epochs0_001_clusters6__rep1,52,0.85,tensor(0.2116, grad_fn=<SqueezeBackward0>),tensor(-0.5390, grad_fn=<NegBackward0>),1908,52.3520131111145,6,0.5,,20
double_cake,random,random_lr0_1_lr0_01_lr0_01_optgd_epochs100_epochs0_001_epochs0_001_clusters8__rep1,7,0.85,tensor(0.1942, grad_fn=<SqueezeBackward0>),tensor(-0.3867, grad_fn=<NegBackward0>),512,53.91396713256836,8,0.5,,20
double_cake,random,random_lr0_1_lr0_01_lr0_01_optgd_epochs100_epochs0_001_epochs0_001_clusters6__rep1,53,0.85,tensor(0.2126, grad_fn=<SqueezeBackward0>),tensor(-0.3990, grad_fn=<NegBackward0>),1944,53.1487500667572,6,0.5,,20
double_cake,random,random_lr0_1_lr0_01_lr0_01_optgd_epochs100_epochs0_001_epochs0_001_clusters8__rep1,8,0.85,tensor(0.1936, grad_fn=<SqueezeBackward0>),tensor(-0.4686, grad_fn=<NegBackward0>),576,54.68509602546692,8,0.5,,20
double_cake,random,random_lr0_1_lr0_01_lr0_01_optgd_epochs100_epochs0_001_epochs0_001_clusters6__rep1,54,0.85,tensor(0.2130, grad_fn=<SqueezeBackward0>),tensor(-0.4187, grad_fn=<NegBackward0>),1980,55.093961238861084,6,0.5,,20
double_cake,random,random_lr0_1_lr0_01_lr0_01_optgd_epochs100_epochs0_001_epochs0_001_clusters8__rep1,9,0.85,tensor(0.1948, grad_fn=<SqueezeBackward0>),tensor(-0.3261, grad_fn=<NegBackward0>),640,53.35907983779907,8,0.5,,20
double_cake,random,random_lr0_1_lr0_01_lr0_01_optgd_epochs100_epochs0_001_epochs0_001_clusters6__rep1,55,0.85,tensor(0.2140, grad_fn=<SqueezeBackward0>),tensor(-0.5018, grad_fn=<NegBackward0>),2016,53.99524188041687,6,0.5,,20
double_cake,random,random_lr0_1_lr0_01_lr0_01_optgd_epochs100_epochs0_001_epochs0_001_clusters8__rep1,10,0.85,tensor(0.1953, grad_fn=<SqueezeBackward0>),tensor(-0.4532, grad_fn=<NegBackward0>),704,57.56291317939758,8,0.5,,20
double_cake,random,random_lr0_1_lr0_01_lr0_01_optgd_epochs100_epochs0_001_epochs0_001_clusters6__rep1,56,0.85,tensor(0.2141, grad_fn=<SqueezeBackward0>),tensor(-0.2686, grad_fn=<NegBackward0>),2052,51.77476978302002,6,0.5,,20
double_cake,random,random_lr0_1_lr0_01_lr0_01_optgd_epochs100_epochs0_001_epochs0_001_clusters8__rep1,11,0.85,tensor(0.1972, grad_fn=<SqueezeBackward0>),tensor(-0.3401, grad_fn=<NegBackward0>),768,54.174314975738525,8,0.5,,20
double_cake,random,random_lr0_1_lr0_01_lr0_01_optgd_epochs100_epochs0_001_epochs0_001_clusters6__rep1,57,0.85,tensor(0.2146, grad_fn=<SqueezeBackward0>),tensor(-0.3514, grad_fn=<NegBackward0>),2088,57.007468938827515,6,0.5,,20
double_cake,random,random_lr0_1_lr0_01_lr0_01_optgd_epochs100_epochs0_001_epochs0_001_clusters8__rep1,12,0.85,tensor(0.1975, grad_fn=<SqueezeBackward0>),tensor(-0.4522, grad_fn=<NegBackward0>),832,51.42361807823181,8,0.5,,20
double_cake,random,random_lr0_1_lr0_01_lr0_01_optgd_epochs100_epochs0_001_epochs0_001_clusters6__rep1,58,0.85,tensor(0.2139, grad_fn=<SqueezeBackward0>),tensor(-0.3623, grad_fn=<NegBackward0>),2124,52.943153858184814,6,0.5,,20
double_cake,random,random_lr0_1_lr0_01_lr0_01_optgd_epochs100_epochs0_001_epochs0_001_clusters8__rep1,13,0.85,tensor(0.1987, grad_fn=<SqueezeBackward0>),tensor(-0.4109, grad_fn=<NegBackward0>),896,52.080421686172485,8,0.5,,20
double_cake,random,random_lr0_1_lr0_01_lr0_01_optgd_epochs100_epochs0_001_epochs0_001_clusters6__rep1,59,0.85,tensor(0.2143, grad_fn=<SqueezeBackward0>),tensor(-0.3516, grad_fn=<NegBackward0>),2160,53.1343948841095,6,0.5,,20
double_cake,random,random_lr0_1_lr0_01_lr0_01_optgd_epochs100_epochs0_001_epochs0_001_clusters8__rep1,14,0.85,tensor(0.1981, grad_fn=<SqueezeBackward0>),tensor(-0.4204, grad_fn=<NegBackward0>),960,55.80053210258484,8,0.5,,20
double_cake,random,random_lr0_1_lr0_01_lr0_01_optgd_epochs100_epochs0_001_epochs0_001_clusters6__rep1,60,0.85,tensor(0.2145, grad_fn=<SqueezeBackward0>),tensor(-0.4243, grad_fn=<NegBackward0>),2196,51.22989010810852,6,0.5,,20
double_cake,random,random_lr0_1_lr0_01_lr0_01_optgd_epochs100_epochs0_001_epochs0_001_clusters8__rep1,15,0.85,tensor(0.1985, grad_fn=<SqueezeBackward0>),tensor(-0.3947, grad_fn=<NegBackward0>),1024,53.30454921722412,8,0.5,,20
double_cake,random,random_lr0_1_lr0_01_lr0_01_optgd_epochs100_epochs0_001_epochs0_001_clusters6__rep1,61,0.85,tensor(0.2148, grad_fn=<SqueezeBackward0>),tensor(-0.4533, grad_fn=<NegBackward0>),2232,55.63337516784668,6,0.5,,20
double_cake,random,random_lr0_1_lr0_01_lr0_01_optgd_epochs100_epochs0_001_epochs0_001_clusters8__rep1,16,0.85,tensor(0.1985, grad_fn=<SqueezeBackward0>),tensor(-0.4737, grad_fn=<NegBackward0>),1088,50.9705810546875,8,0.5,,20
double_cake,random,random_lr0_1_lr0_01_lr0_01_optgd_epochs100_epochs0_001_epochs0_001_clusters6__rep1,62,0.85,tensor(0.2141, grad_fn=<SqueezeBackward0>),tensor(-0.3896, grad_fn=<NegBackward0>),2268,53.29717183113098,6,0.5,,20
double_cake,random,random_lr0_1_lr0_01_lr0_01_optgd_epochs100_epochs0_001_epochs0_001_clusters8__rep1,17,0.85,tensor(0.1988, grad_fn=<SqueezeBackward0>),tensor(-0.4212, grad_fn=<NegBackward0>),1152,52.67465806007385,8,0.5,,20
double_cake,random,random_lr0_1_lr0_01_lr0_01_optgd_epochs100_epochs0_001_epochs0_001_clusters6__rep1,63,0.85,tensor(0.2128, grad_fn=<SqueezeBackward0>),tensor(-0.4205, grad_fn=<NegBackward0>),2304,52.95656609535217,6,0.5,,20
double_cake,random,random_lr0_1_lr0_01_lr0_01_optgd_epochs100_epochs0_001_epochs0_001_clusters8__rep1,18,0.85,tensor(0.1997, grad_fn=<SqueezeBackward0>),tensor(-0.3123, grad_fn=<NegBackward0>),1216,55.275010108947754,8,0.5,,20
double_cake,random,random_lr0_1_lr0_01_lr0_01_optgd_epochs100_epochs0_001_epochs0_001_clusters6__rep1,64,0.85,tensor(0.2132, grad_fn=<SqueezeBackward0>),tensor(-0.4262, grad_fn=<NegBackward0>),2340,50.76786804199219,6,0.5,,20
double_cake,random,random_lr0_1_lr0_01_lr0_01_optgd_epochs100_epochs0_001_epochs0_001_clusters8__rep1,19,0.85,tensor(0.2000, grad_fn=<SqueezeBackward0>),tensor(-0.3115, grad_fn=<NegBackward0>),1280,52.001678228378296,8,0.5,,20
double_cake,random,random_lr0_1_lr0_01_lr0_01_optgd_epochs100_epochs0_001_epochs0_001_clusters6__rep1,65,0.85,tensor(0.2130, grad_fn=<SqueezeBackward0>),tensor(-0.4200, grad_fn=<NegBackward0>),2376,55.65935301780701,6,0.5,,20
double_cake,random,random_lr0_1_lr0_01_lr0_01_optgd_epochs100_epochs0_001_epochs0_001_clusters8__rep1,20,0.85,tensor(0.1999, grad_fn=<SqueezeBackward0>),tensor(-0.3795, grad_fn=<NegBackward0>),1344,55.408571004867554,8,0.5,,20
double_cake,random,random_lr0_1_lr0_01_lr0_01_optgd_epochs100_epochs0_001_epochs0_001_clusters6__rep1,66,0.85,tensor(0.2141, grad_fn=<SqueezeBackward0>),tensor(-0.4072, grad_fn=<NegBackward0>),2412,52.86863899230957,6,0.5,,20
double_cake,random,random_lr0_1_lr0_01_lr0_01_optgd_epochs100_epochs0_001_epochs0_001_clusters8__rep1,21,0.85,tensor(0.2000, grad_fn=<SqueezeBackward0>),tensor(-0.3690, grad_fn=<NegBackward0>),1408,53.90295195579529,8,0.5,,20
double_cake,random,random_lr0_1_lr0_01_lr0_01_optgd_epochs100_epochs0_001_epochs0_001_clusters6__rep1,67,0.85,tensor(0.2141, grad_fn=<SqueezeBackward0>),tensor(-0.4792, grad_fn=<NegBackward0>),2448,52.92323303222656,6,0.5,,20
double_cake,random,random_lr0_1_lr0_01_lr0_01_optgd_epochs100_epochs0_001_epochs0_001_clusters8__rep1,22,0.85,tensor(0.2007, grad_fn=<SqueezeBackward0>),tensor(-0.2416, grad_fn=<NegBackward0>),1472,52.187129735946655,8,0.5,,20
double_cake,random,random_lr0_1_lr0_01_lr0_01_optgd_epochs100_epochs0_001_epochs0_001_clusters6__rep1,68,0.85,tensor(0.2154, grad_fn=<SqueezeBackward0>),tensor(-0.5093, grad_fn=<NegBackward0>),2484,50.47010087966919,6,0.5,,20
double_cake,random,random_lr0_1_lr0_01_lr0_01_optgd_epochs100_epochs0_001_epochs0_001_clusters8__rep1,23,0.85,tensor(0.2022, grad_fn=<SqueezeBackward0>),tensor(-0.4714, grad_fn=<NegBackward0>),1536,52.28694200515747,8,0.5,,20
double_cake,random,random_lr0_1_lr0_01_lr0_01_optgd_epochs100_epochs0_001_epochs0_001_clusters6__rep1,69,0.85,tensor(0.2167, grad_fn=<SqueezeBackward0>),tensor(-0.3785, grad_fn=<NegBackward0>),2520,55.25197219848633,6,0.5,,20
double_cake,random,random_lr0_1_lr0_01_lr0_01_optgd_epochs100_epochs0_001_epochs0_001_clusters8__rep1,24,0.85,tensor(0.2024, grad_fn=<SqueezeBackward0>),tensor(-0.3953, grad_fn=<NegBackward0>),1600,53.52503514289856,8,0.5,,20
double_cake,random,random_lr0_1_lr0_01_lr0_01_optgd_epochs100_epochs0_001_epochs0_001_clusters6__rep1,70,0.85,tensor(0.2173, grad_fn=<SqueezeBackward0>),tensor(-0.3925, grad_fn=<NegBackward0>),2556,52.49120497703552,6,0.5,,20
double_cake,random,random_lr0_1_lr0_01_lr0_01_optgd_epochs100_epochs0_001_epochs0_001_clusters8__rep1,25,0.85,tensor(0.2039, grad_fn=<SqueezeBackward0>),tensor(-0.3349, grad_fn=<NegBackward0>),1664,52.413881063461304,8,0.5,,20
double_cake,random,random_lr0_1_lr0_01_lr0_01_optgd_epochs100_epochs0_001_epochs0_001_clusters6__rep1,71,0.85,tensor(0.2180, grad_fn=<SqueezeBackward0>),tensor(-0.5058, grad_fn=<NegBackward0>),2592,55.18392300605774,6,0.5,,20
double_cake,random,random_lr0_1_lr0_01_lr0_01_optgd_epochs100_epochs0_001_epochs0_001_clusters8__rep1,26,0.85,tensor(0.2040, grad_fn=<SqueezeBackward0>),tensor(-0.3811, grad_fn=<NegBackward0>),1728,58.96783113479614,8,0.5,,20
double_cake,random,random_lr0_1_lr0_01_lr0_01_optgd_epochs100_epochs0_001_epochs0_001_clusters6__rep1,72,0.85,tensor(0.2190, grad_fn=<SqueezeBackward0>),tensor(-0.4736, grad_fn=<NegBackward0>),2628,52.804203033447266,6,0.5,,20
double_cake,random,random_lr0_1_lr0_01_lr0_01_optgd_epochs100_epochs0_001_epochs0_001_clusters8__rep1,27,0.85,tensor(0.2050, grad_fn=<SqueezeBackward0>),tensor(-0.3685, grad_fn=<NegBackward0>),1792,55.00261569023132,8,0.5,,20
double_cake,random,random_lr0_1_lr0_01_lr0_01_optgd_epochs100_epochs0_001_epochs0_001_clusters6__rep1,73,0.85,tensor(0.2198, grad_fn=<SqueezeBackward0>),tensor(-0.4593, grad_fn=<NegBackward0>),2664,57.85448622703552,6,0.5,,20
double_cake,random,random_lr0_1_lr0_01_lr0_01_optgd_epochs100_epochs0_001_epochs0_001_clusters8__rep1,28,0.85,tensor(0.2054, grad_fn=<SqueezeBackward0>),tensor(-0.4071, grad_fn=<NegBackward0>),1856,55.0262508392334,8,0.5,,20
double_cake,random,random_lr0_1_lr0_01_lr0_01_optgd_epochs100_epochs0_001_epochs0_001_clusters6__rep1,74,0.85,tensor(0.2204, grad_fn=<SqueezeBackward0>),tensor(-0.3724, grad_fn=<NegBackward0>),2700,54.49360489845276,6,0.5,,20
double_cake,random,random_lr0_1_lr0_01_lr0_01_optgd_epochs100_epochs0_001_epochs0_001_clusters8__rep1,29,0.85,tensor(0.2050, grad_fn=<SqueezeBackward0>),tensor(-0.5248, grad_fn=<NegBackward0>),1920,51.98668575286865,8,0.5,,20
double_cake,random,random_lr0_1_lr0_01_lr0_01_optgd_epochs100_epochs0_001_epochs0_001_clusters6__rep1,75,0.85,tensor(0.2209, grad_fn=<SqueezeBackward0>),tensor(-0.3555, grad_fn=<NegBackward0>),2736,53.822468996047974,6,0.5,,20
double_cake,random,random_lr0_1_lr0_01_lr0_01_optgd_epochs100_epochs0_001_epochs0_001_clusters8__rep1,30,0.85,tensor(0.2064, grad_fn=<SqueezeBackward0>),tensor(-0.4165, grad_fn=<NegBackward0>),1984,55.866472005844116,8,0.5,,20
double_cake,random,random_lr0_1_lr0_01_lr0_01_optgd_epochs100_epochs0_001_epochs0_001_clusters6__rep1,76,0.85,tensor(0.2212, grad_fn=<SqueezeBackward0>),tensor(-0.4384, grad_fn=<NegBackward0>),2772,52.65043091773987,6,0.5,,20
double_cake,random,random_lr0_1_lr0_01_lr0_01_optgd_epochs100_epochs0_001_epochs0_001_clusters8__rep1,31,0.85,tensor(0.2072, grad_fn=<SqueezeBackward0>),tensor(-0.3354, grad_fn=<NegBackward0>),2048,54.582512855529785,8,0.5,,20
double_cake,random,random_lr0_1_lr0_01_lr0_01_optgd_epochs100_epochs0_001_epochs0_001_clusters6__rep1,77,0.85,tensor(0.2213, grad_fn=<SqueezeBackward0>),tensor(-0.4745, grad_fn=<NegBackward0>),2808,57.03636312484741,6,0.5,,20
double_cake,random,random_lr0_1_lr0_01_lr0_01_optgd_epochs100_epochs0_001_epochs0_001_clusters8__rep1,32,0.85,tensor(0.2071, grad_fn=<SqueezeBackward0>),tensor(-0.4683, grad_fn=<NegBackward0>),2112,54.85932779312134,8,0.5,,20
double_cake,random,random_lr0_1_lr0_01_lr0_01_optgd_epochs100_epochs0_001_epochs0_001_clusters6__rep1,78,0.85,tensor(0.2214, grad_fn=<SqueezeBackward0>),tensor(-0.3785, grad_fn=<NegBackward0>),2844,53.13011717796326,6,0.5,,20
double_cake,random,random_lr0_1_lr0_01_lr0_01_optgd_epochs100_epochs0_001_epochs0_001_clusters8__rep1,33,0.85,tensor(0.2074, grad_fn=<SqueezeBackward0>),tensor(-0.3113, grad_fn=<NegBackward0>),2176,51.4174268245697,8,0.5,,20
double_cake,random,random_lr0_1_lr0_01_lr0_01_optgd_epochs100_epochs0_001_epochs0_001_clusters6__rep1,79,0.85,tensor(0.2225, grad_fn=<SqueezeBackward0>),tensor(-0.5806, grad_fn=<NegBackward0>),2880,54.249439001083374,6,0.5,,20
double_cake,random,random_lr0_1_lr0_01_lr0_01_optgd_epochs100_epochs0_001_epochs0_001_clusters8__rep1,34,0.85,tensor(0.2078, grad_fn=<SqueezeBackward0>),tensor(-0.3950, grad_fn=<NegBackward0>),2240,56.723142862319946,8,0.5,,20
double_cake,random,random_lr0_1_lr0_01_lr0_01_optgd_epochs100_epochs0_001_epochs0_001_clusters6__rep1,80,0.85,tensor(0.2219, grad_fn=<SqueezeBackward0>),tensor(-0.4305, grad_fn=<NegBackward0>),2916,50.94118809700012,6,0.5,,20
double_cake,random,random_lr0_1_lr0_01_lr0_01_optgd_epochs100_epochs0_001_epochs0_001_clusters8__rep1,35,0.85,tensor(0.2079, grad_fn=<SqueezeBackward0>),tensor(-0.3064, grad_fn=<NegBackward0>),2304,53.970722913742065,8,0.5,,20
double_cake,random,random_lr0_1_lr0_01_lr0_01_optgd_epochs100_epochs0_001_epochs0_001_clusters6__rep1,81,0.85,tensor(0.2235, grad_fn=<SqueezeBackward0>),tensor(-0.5044, grad_fn=<NegBackward0>),2952,55.63730502128601,6,0.5,,20
double_cake,random,random_lr0_1_lr0_01_lr0_01_optgd_epochs100_epochs0_001_epochs0_001_clusters8__rep1,36,0.85,tensor(0.2085, grad_fn=<SqueezeBackward0>),tensor(-0.3758, grad_fn=<NegBackward0>),2368,53.8367600440979,8,0.5,,20
double_cake,random,random_lr0_1_lr0_01_lr0_01_optgd_epochs100_epochs0_001_epochs0_001_clusters6__rep1,82,0.85,tensor(0.2239, grad_fn=<SqueezeBackward0>),tensor(-0.4086, grad_fn=<NegBackward0>),2988,53.82882785797119,6,0.5,,20
double_cake,random,random_lr0_1_lr0_01_lr0_01_optgd_epochs100_epochs0_001_epochs0_001_clusters8__rep1,37,0.85,tensor(0.2094, grad_fn=<SqueezeBackward0>),tensor(-0.4069, grad_fn=<NegBackward0>),2432,53.24534487724304,8,0.5,,20
double_cake,random,random_lr0_1_lr0_01_lr0_01_optgd_epochs100_epochs0_001_epochs0_001_clusters6__rep1,83,0.85,tensor(0.2243, grad_fn=<SqueezeBackward0>),tensor(-0.6022, grad_fn=<NegBackward0>),3024,52.67787504196167,6,0.5,,20
double_cake,random,random_lr0_1_lr0_01_lr0_01_optgd_epochs100_epochs0_001_epochs0_001_clusters8__rep1,38,0.85,tensor(0.2099, grad_fn=<SqueezeBackward0>),tensor(-0.2763, grad_fn=<NegBackward0>),2496,54.174628019332886,8,0.5,,20
double_cake,random,random_lr0_1_lr0_01_lr0_01_optgd_epochs100_epochs0_001_epochs0_001_clusters6__rep1,84,0.85,tensor(0.2245, grad_fn=<SqueezeBackward0>),tensor(-0.4179, grad_fn=<NegBackward0>),3060,50.784388303756714,6,0.5,,20
double_cake,random,random_lr0_1_lr0_01_lr0_01_optgd_epochs100_epochs0_001_epochs0_001_clusters8__rep1,39,0.85,tensor(0.2083, grad_fn=<SqueezeBackward0>),tensor(-0.3797, grad_fn=<NegBackward0>),2560,52.57910990715027,8,0.5,,20
double_cake,random,random_lr0_1_lr0_01_lr0_01_optgd_epochs100_epochs0_001_epochs0_001_clusters6__rep1,85,0.85,tensor(0.2251, grad_fn=<SqueezeBackward0>),tensor(-0.5205, grad_fn=<NegBackward0>),3096,55.0912549495697,6,0.5,,20
double_cake,random,random_lr0_1_lr0_01_lr0_01_optgd_epochs100_epochs0_001_epochs0_001_clusters8__rep1,40,0.85,tensor(0.2082, grad_fn=<SqueezeBackward0>),tensor(-0.3443, grad_fn=<NegBackward0>),2624,52.676897048950195,8,0.5,,20
double_cake,random,random_lr0_1_lr0_01_lr0_01_optgd_epochs100_epochs0_001_epochs0_001_clusters6__rep1,86,0.85,tensor(0.2261, grad_fn=<SqueezeBackward0>),tensor(-0.4515, grad_fn=<NegBackward0>),3132,52.505213022232056,6,0.5,,20
double_cake,random,random_lr0_1_lr0_01_lr0_01_optgd_epochs100_epochs0_001_epochs0_001_clusters8__rep1,41,0.85,tensor(0.2083, grad_fn=<SqueezeBackward0>),tensor(-0.3911, grad_fn=<NegBackward0>),2688,52.48340916633606,8,0.5,,20
double_cake,random,random_lr0_1_lr0_01_lr0_01_optgd_epochs100_epochs0_001_epochs0_001_clusters6__rep1,87,0.85,tensor(0.2259, grad_fn=<SqueezeBackward0>),tensor(-0.5932, grad_fn=<NegBackward0>),3168,52.3265860080719,6,0.5,,20
double_cake,random,random_lr0_1_lr0_01_lr0_01_optgd_epochs100_epochs0_001_epochs0_001_clusters8__rep1,42,0.85,tensor(0.2091, grad_fn=<SqueezeBackward0>),tensor(-0.3241, grad_fn=<NegBackward0>),2752,50.56195521354675,8,0.5,,20
double_cake,random,random_lr0_1_lr0_01_lr0_01_optgd_epochs100_epochs0_001_epochs0_001_clusters6__rep1,88,0.85,tensor(0.2260, grad_fn=<SqueezeBackward0>),tensor(-0.3239, grad_fn=<NegBackward0>),3204,50.136460065841675,6,0.5,,20
double_cake,random,random_lr0_1_lr0_01_lr0_01_optgd_epochs100_epochs0_001_epochs0_001_clusters8__rep1,43,0.85,tensor(0.2099, grad_fn=<SqueezeBackward0>),tensor(-0.3968, grad_fn=<NegBackward0>),2816,52.20265197753906,8,0.5,,20
double_cake,random,random_lr0_1_lr0_01_lr0_01_optgd_epochs100_epochs0_001_epochs0_001_clusters6__rep1,89,0.85,tensor(0.2261, grad_fn=<SqueezeBackward0>),tensor(-0.4987, grad_fn=<NegBackward0>),3240,55.02746319770813,6,0.5,,20
double_cake,random,random_lr0_1_lr0_01_lr0_01_optgd_epochs100_epochs0_001_epochs0_001_clusters8__rep1,44,0.85,tensor(0.2115, grad_fn=<SqueezeBackward0>),tensor(-0.3323, grad_fn=<NegBackward0>),2880,52.78923177719116,8,0.5,,20
double_cake,random,random_lr0_1_lr0_01_lr0_01_optgd_epochs100_epochs0_001_epochs0_001_clusters6__rep1,90,0.85,tensor(0.2261, grad_fn=<SqueezeBackward0>),tensor(-0.4338, grad_fn=<NegBackward0>),3276,52.646652936935425,6,0.5,,20
double_cake,random,random_lr0_1_lr0_01_lr0_01_optgd_epochs100_epochs0_001_epochs0_001_clusters8__rep1,45,0.85,tensor(0.2114, grad_fn=<SqueezeBackward0>),tensor(-0.3690, grad_fn=<NegBackward0>),2944,54.95713210105896,8,0.5,,20
double_cake,random,random_lr0_1_lr0_01_lr0_01_optgd_epochs100_epochs0_001_epochs0_001_clusters6__rep1,91,0.85,tensor(0.2264, grad_fn=<SqueezeBackward0>),tensor(-0.4104, grad_fn=<NegBackward0>),3312,52.18339729309082,6,0.5,,20
double_cake,random,random_lr0_1_lr0_01_lr0_01_optgd_epochs100_epochs0_001_epochs0_001_clusters8__rep1,46,0.85,tensor(0.2112, grad_fn=<SqueezeBackward0>),tensor(-0.3281, grad_fn=<NegBackward0>),3008,52.38627767562866,8,0.5,,20
double_cake,random,random_lr0_1_lr0_01_lr0_01_optgd_epochs100_epochs0_001_epochs0_001_clusters6__rep1,92,0.85,tensor(0.2267, grad_fn=<SqueezeBackward0>),tensor(-0.4239, grad_fn=<NegBackward0>),3348,50.045037031173706,6,0.5,,20
double_cake,random,random_lr0_1_lr0_01_lr0_01_optgd_epochs100_epochs0_001_epochs0_001_clusters8__rep1,47,0.85,tensor(0.2124, grad_fn=<SqueezeBackward0>),tensor(-0.3566, grad_fn=<NegBackward0>),3072,53.766030073165894,8,0.5,,20
double_cake,random,random_lr0_1_lr0_01_lr0_01_optgd_epochs100_epochs0_001_epochs0_001_clusters6__rep1,93,0.85,tensor(0.2267, grad_fn=<SqueezeBackward0>),tensor(-0.3315, grad_fn=<NegBackward0>),3384,54.99925088882446,6,0.5,,20
double_cake,random,random_lr0_1_lr0_01_lr0_01_optgd_epochs100_epochs0_001_epochs0_001_clusters8__rep1,48,0.85,tensor(0.2129, grad_fn=<SqueezeBackward0>),tensor(-0.3904, grad_fn=<NegBackward0>),3136,52.513437032699585,8,0.5,,20
double_cake,random,random_lr0_1_lr0_01_lr0_01_optgd_epochs100_epochs0_001_epochs0_001_clusters6__rep1,94,0.85,tensor(0.2262, grad_fn=<SqueezeBackward0>),tensor(-0.4767, grad_fn=<NegBackward0>),3420,52.52389597892761,6,0.5,,20
double_cake,random,random_lr0_1_lr0_01_lr0_01_optgd_epochs100_epochs0_001_epochs0_001_clusters8__rep1,49,0.85,tensor(0.2131, grad_fn=<SqueezeBackward0>),tensor(-0.3445, grad_fn=<NegBackward0>),3200,52.05973410606384,8,0.5,,20
double_cake,random,random_lr0_1_lr0_01_lr0_01_optgd_epochs100_epochs0_001_epochs0_001_clusters6__rep1,95,0.9,tensor(0.2268, grad_fn=<SqueezeBackward0>),tensor(-0.4049, grad_fn=<NegBackward0>),3456,52.42616081237793,6,0.5,,20
double_cake,random,random_lr0_1_lr0_01_lr0_01_optgd_epochs100_epochs0_001_epochs0_001_clusters8__rep1,50,0.85,tensor(0.2134, grad_fn=<SqueezeBackward0>),tensor(-0.4388, grad_fn=<NegBackward0>),3264,54.27860879898071,8,0.5,,20
double_cake,random,random_lr0_1_lr0_01_lr0_01_optgd_epochs100_epochs0_001_epochs0_001_clusters6__rep1,96,0.85,tensor(0.2270, grad_fn=<SqueezeBackward0>),tensor(-0.4425, grad_fn=<NegBackward0>),3492,50.14900493621826,6,0.5,,20
double_cake,random,random_lr0_1_lr0_01_lr0_01_optgd_epochs100_epochs0_001_epochs0_001_clusters8__rep1,51,0.85,tensor(0.2134, grad_fn=<SqueezeBackward0>),tensor(-0.4628, grad_fn=<NegBackward0>),3328,50.553492069244385,8,0.5,,20
double_cake,random,random_lr0_1_lr0_01_lr0_01_optgd_epochs100_epochs0_001_epochs0_001_clusters6__rep1,97,0.85,tensor(0.2268, grad_fn=<SqueezeBackward0>),tensor(-0.4456, grad_fn=<NegBackward0>),3528,55.2445650100708,6,0.5,,20
double_cake,random,random_lr0_1_lr0_01_lr0_01_optgd_epochs100_epochs0_001_epochs0_001_clusters8__rep1,52,0.85,tensor(0.2140, grad_fn=<SqueezeBackward0>),tensor(-0.3879, grad_fn=<NegBackward0>),3392,52.851130962371826,8,0.5,,20
double_cake,random,random_lr0_1_lr0_01_lr0_01_optgd_epochs100_epochs0_001_epochs0_001_clusters6__rep1,98,0.85,tensor(0.2266, grad_fn=<SqueezeBackward0>),tensor(-0.5873, grad_fn=<NegBackward0>),3564,52.5458128452301,6,0.5,,20
double_cake,random,random_lr0_1_lr0_01_lr0_01_optgd_epochs100_epochs0_001_epochs0_001_clusters8__rep1,53,0.85,tensor(0.2144, grad_fn=<SqueezeBackward0>),tensor(-0.3935, grad_fn=<NegBackward0>),3456,55.41333293914795,8,0.5,,20
double_cake,random,random_lr0_1_lr0_01_lr0_01_optgd_epochs100_epochs0_001_epochs0_001_clusters6__rep1,99,0.85,tensor(0.2267, grad_fn=<SqueezeBackward0>),tensor(-0.5357, grad_fn=<NegBackward0>),3600,52.62053203582764,6,0.5,,20
double_cake,random,random_lr0_1_lr0_01_lr0_01_optgd_epochs100_epochs0_001_epochs0_001_clusters8__rep1,54,0.85,tensor(0.2147, grad_fn=<SqueezeBackward0>),tensor(-0.4131, grad_fn=<NegBackward0>),3520,51.223031997680664,8,0.5,,20
double_cake,random,random_lr0_1_lr0_01_lr0_01_optgd_epochs100_epochs0_001_epochs0_001_clusters8__rep1,55,0.85,tensor(0.2149, grad_fn=<SqueezeBackward0>),tensor(-0.4540, grad_fn=<NegBackward0>),3584,55.051316261291504,8,0.5,,20
double_cake,random,random_lr0_1_lr0_01_lr0_01_optgd_epochs100_epochs0_001_epochs0_001_clusters8__rep1,56,0.85,tensor(0.2150, grad_fn=<SqueezeBackward0>),tensor(-0.3045, grad_fn=<NegBackward0>),3648,51.686623096466064,8,0.5,,20
double_cake,random,random_lr0_1_lr0_01_lr0_01_optgd_epochs100_epochs0_001_epochs0_001_clusters10__rep1,0,0.85,tensor(0.1883, grad_fn=<SqueezeBackward0>),tensor(-0.4321, grad_fn=<NegBackward0>),100,51.98246097564697,10,0.5,,20
double_cake,random,random_lr0_1_lr0_01_lr0_01_optgd_epochs100_epochs0_001_epochs0_001_clusters8__rep1,57,0.85,tensor(0.2154, grad_fn=<SqueezeBackward0>),tensor(-0.3139, grad_fn=<NegBackward0>),3712,56.50996398925781,8,0.5,,20
double_cake,random,random_lr0_1_lr0_01_lr0_01_optgd_epochs100_epochs0_001_epochs0_001_clusters10__rep1,1,0.85,tensor(0.1891, grad_fn=<SqueezeBackward0>),tensor(-0.3558, grad_fn=<NegBackward0>),200,53.17397713661194,10,0.5,,20
double_cake,random,random_lr0_1_lr0_01_lr0_01_optgd_epochs100_epochs0_001_epochs0_001_clusters8__rep1,58,0.85,tensor(0.2156, grad_fn=<SqueezeBackward0>),tensor(-0.3559, grad_fn=<NegBackward0>),3776,51.99105620384216,8,0.5,,20
double_cake,random,random_lr0_1_lr0_01_lr0_01_optgd_epochs100_epochs0_001_epochs0_001_clusters10__rep1,2,0.85,tensor(0.1900, grad_fn=<SqueezeBackward0>),tensor(-0.2977, grad_fn=<NegBackward0>),300,54.54245185852051,10,0.5,,20
double_cake,random,random_lr0_1_lr0_01_lr0_01_optgd_epochs100_epochs0_001_epochs0_001_clusters8__rep1,59,0.85,tensor(0.2161, grad_fn=<SqueezeBackward0>),tensor(-0.2612, grad_fn=<NegBackward0>),3840,57.122771978378296,8,0.5,,20
double_cake,random,random_lr0_1_lr0_01_lr0_01_optgd_epochs100_epochs0_001_epochs0_001_clusters10__rep1,3,0.85,tensor(0.1908, grad_fn=<SqueezeBackward0>),tensor(-0.3853, grad_fn=<NegBackward0>),400,56.53201198577881,10,0.5,,20
double_cake,random,random_lr0_1_lr0_01_lr0_01_optgd_epochs100_epochs0_001_epochs0_001_clusters8__rep1,60,0.85,tensor(0.2158, grad_fn=<SqueezeBackward0>),tensor(-0.4024, grad_fn=<NegBackward0>),3904,52.18021297454834,8,0.5,,20
double_cake,random,random_lr0_1_lr0_01_lr0_01_optgd_epochs100_epochs0_001_epochs0_001_clusters10__rep1,4,0.85,tensor(0.1919, grad_fn=<SqueezeBackward0>),tensor(-0.4172, grad_fn=<NegBackward0>),500,53.43298602104187,10,0.5,,20
double_cake,random,random_lr0_1_lr0_01_lr0_01_optgd_epochs100_epochs0_001_epochs0_001_clusters8__rep1,61,0.85,tensor(0.2165, grad_fn=<SqueezeBackward0>),tensor(-0.4355, grad_fn=<NegBackward0>),3968,56.2531521320343,8,0.5,,20
double_cake,random,random_lr0_1_lr0_01_lr0_01_optgd_epochs100_epochs0_001_epochs0_001_clusters10__rep1,5,0.85,tensor(0.1931, grad_fn=<SqueezeBackward0>),tensor(-0.2685, grad_fn=<NegBackward0>),600,53.279131174087524,10,0.5,,20
double_cake,random,random_lr0_1_lr0_01_lr0_01_optgd_epochs100_epochs0_001_epochs0_001_clusters8__rep1,62,0.85,tensor(0.2165, grad_fn=<SqueezeBackward0>),tensor(-0.3898, grad_fn=<NegBackward0>),4032,52.270220041275024,8,0.5,,20
double_cake,random,random_lr0_1_lr0_01_lr0_01_optgd_epochs100_epochs0_001_epochs0_001_clusters10__rep1,6,0.85,tensor(0.1938, grad_fn=<SqueezeBackward0>),tensor(-0.2672, grad_fn=<NegBackward0>),700,53.33766984939575,10,0.5,,20
double_cake,random,random_lr0_1_lr0_01_lr0_01_optgd_epochs100_epochs0_001_epochs0_001_clusters8__rep1,63,0.85,tensor(0.2158, grad_fn=<SqueezeBackward0>),tensor(-0.3798, grad_fn=<NegBackward0>),4096,56.34447193145752,8,0.5,,20
double_cake,random,random_lr0_1_lr0_01_lr0_01_optgd_epochs100_epochs0_001_epochs0_001_clusters10__rep1,7,0.85,tensor(0.1954, grad_fn=<SqueezeBackward0>),tensor(-0.3391, grad_fn=<NegBackward0>),800,54.83098101615906,10,0.5,,20
double_cake,random,random_lr0_1_lr0_01_lr0_01_optgd_epochs100_epochs0_001_epochs0_001_clusters8__rep1,64,0.85,tensor(0.2159, grad_fn=<SqueezeBackward0>),tensor(-0.3601, grad_fn=<NegBackward0>),4160,52.29026508331299,8,0.5,,20
double_cake,random,random_lr0_1_lr0_01_lr0_01_optgd_epochs100_epochs0_001_epochs0_001_clusters10__rep1,8,0.85,tensor(0.1958, grad_fn=<SqueezeBackward0>),tensor(-0.3652, grad_fn=<NegBackward0>),900,53.92071890830994,10,0.5,,20
double_cake,random,random_lr0_1_lr0_01_lr0_01_optgd_epochs100_epochs0_001_epochs0_001_clusters8__rep1,65,0.85,tensor(0.2171, grad_fn=<SqueezeBackward0>),tensor(-0.4010, grad_fn=<NegBackward0>),4224,56.629175901412964,8,0.5,,20
double_cake,random,random_lr0_1_lr0_01_lr0_01_optgd_epochs100_epochs0_001_epochs0_001_clusters10__rep1,9,0.85,tensor(0.1968, grad_fn=<SqueezeBackward0>),tensor(-0.2974, grad_fn=<NegBackward0>),1000,55.41022801399231,10,0.5,,20
double_cake,random,random_lr0_1_lr0_01_lr0_01_optgd_epochs100_epochs0_001_epochs0_001_clusters8__rep1,66,0.85,tensor(0.2178, grad_fn=<SqueezeBackward0>),tensor(-0.3649, grad_fn=<NegBackward0>),4288,52.38271617889404,8,0.5,,20
double_cake,random,random_lr0_1_lr0_01_lr0_01_optgd_epochs100_epochs0_001_epochs0_001_clusters10__rep1,10,0.85,tensor(0.1972, grad_fn=<SqueezeBackward0>),tensor(-0.3873, grad_fn=<NegBackward0>),1100,51.28071689605713,10,0.5,,20
double_cake,random,random_lr0_1_lr0_01_lr0_01_optgd_epochs100_epochs0_001_epochs0_001_clusters8__rep1,67,0.85,tensor(0.2177, grad_fn=<SqueezeBackward0>),tensor(-0.4360, grad_fn=<NegBackward0>),4352,56.17315602302551,8,0.5,,20
double_cake,random,random_lr0_1_lr0_01_lr0_01_optgd_epochs100_epochs0_001_epochs0_001_clusters10__rep1,11,0.85,tensor(0.1990, grad_fn=<SqueezeBackward0>),tensor(-0.3434, grad_fn=<NegBackward0>),1200,52.9584379196167,10,0.5,,20
double_cake,random,random_lr0_1_lr0_01_lr0_01_optgd_epochs100_epochs0_001_epochs0_001_clusters8__rep1,68,0.85,tensor(0.2182, grad_fn=<SqueezeBackward0>),tensor(-0.4154, grad_fn=<NegBackward0>),4416,52.28292894363403,8,0.5,,20
double_cake,random,random_lr0_1_lr0_01_lr0_01_optgd_epochs100_epochs0_001_epochs0_001_clusters10__rep1,12,0.85,tensor(0.2001, grad_fn=<SqueezeBackward0>),tensor(-0.3713, grad_fn=<NegBackward0>),1300,53.03600788116455,10,0.5,,20
double_cake,random,random_lr0_1_lr0_01_lr0_01_optgd_epochs100_epochs0_001_epochs0_001_clusters8__rep1,69,0.85,tensor(0.2190, grad_fn=<SqueezeBackward0>),tensor(-0.3902, grad_fn=<NegBackward0>),4480,56.206140995025635,8,0.5,,20
double_cake,random,random_lr0_1_lr0_01_lr0_01_optgd_epochs100_epochs0_001_epochs0_001_clusters10__rep1,13,0.85,tensor(0.2012, grad_fn=<SqueezeBackward0>),tensor(-0.3638, grad_fn=<NegBackward0>),1400,52.81176495552063,10,0.5,,20
double_cake,random,random_lr0_1_lr0_01_lr0_01_optgd_epochs100_epochs0_001_epochs0_001_clusters8__rep1,70,0.85,tensor(0.2195, grad_fn=<SqueezeBackward0>),tensor(-0.3541, grad_fn=<NegBackward0>),4544,52.310468673706055,8,0.5,,20
double_cake,random,random_lr0_1_lr0_01_lr0_01_optgd_epochs100_epochs0_001_epochs0_001_clusters10__rep1,14,0.85,tensor(0.2002, grad_fn=<SqueezeBackward0>),tensor(-0.4129, grad_fn=<NegBackward0>),1500,52.880796909332275,10,0.5,,20
double_cake,random,random_lr0_1_lr0_01_lr0_01_optgd_epochs100_epochs0_001_epochs0_001_clusters8__rep1,71,0.85,tensor(0.2203, grad_fn=<SqueezeBackward0>),tensor(-0.4061, grad_fn=<NegBackward0>),4608,56.32563018798828,8,0.5,,20
double_cake,random,random_lr0_1_lr0_01_lr0_01_optgd_epochs100_epochs0_001_epochs0_001_clusters10__rep1,15,0.85,tensor(0.2010, grad_fn=<SqueezeBackward0>),tensor(-0.3713, grad_fn=<NegBackward0>),1600,55.076667070388794,10,0.5,,20
double_cake,random,random_lr0_1_lr0_01_lr0_01_optgd_epochs100_epochs0_001_epochs0_001_clusters8__rep1,72,0.85,tensor(0.2207, grad_fn=<SqueezeBackward0>),tensor(-0.4126, grad_fn=<NegBackward0>),4672,52.3784339427948,8,0.5,,20
double_cake,random,random_lr0_1_lr0_01_lr0_01_optgd_epochs100_epochs0_001_epochs0_001_clusters10__rep1,16,0.85,tensor(0.2014, grad_fn=<SqueezeBackward0>),tensor(-0.4094, grad_fn=<NegBackward0>),1700,54.293293952941895,10,0.5,,20
double_cake,random,random_lr0_1_lr0_01_lr0_01_optgd_epochs100_epochs0_001_epochs0_001_clusters8__rep1,73,0.85,tensor(0.2209, grad_fn=<SqueezeBackward0>),tensor(-0.3634, grad_fn=<NegBackward0>),4736,59.95597004890442,8,0.5,,20
double_cake,random,random_lr0_1_lr0_01_lr0_01_optgd_epochs100_epochs0_001_epochs0_001_clusters10__rep1,17,0.85,tensor(0.2020, grad_fn=<SqueezeBackward0>),tensor(-0.3701, grad_fn=<NegBackward0>),1800,55.39981293678284,10,0.5,,20
double_cake,random,random_lr0_1_lr0_01_lr0_01_optgd_epochs100_epochs0_001_epochs0_001_clusters8__rep1,74,0.85,tensor(0.2212, grad_fn=<SqueezeBackward0>),tensor(-0.2872, grad_fn=<NegBackward0>),4800,56.47606897354126,8,0.5,,20
double_cake,random,random_lr0_1_lr0_01_lr0_01_optgd_epochs100_epochs0_001_epochs0_001_clusters10__rep1,18,0.85,tensor(0.2027, grad_fn=<SqueezeBackward0>),tensor(-0.3147, grad_fn=<NegBackward0>),1900,57.10876798629761,10,0.5,,20
double_cake,random,random_lr0_1_lr0_01_lr0_01_optgd_epochs100_epochs0_001_epochs0_001_clusters10__rep1,19,0.85,tensor(0.2025, grad_fn=<SqueezeBackward0>),tensor(-0.2983, grad_fn=<NegBackward0>),2000,56.121192932128906,10,0.5,,20
double_cake,random,random_lr0_1_lr0_01_lr0_01_optgd_epochs100_epochs0_001_epochs0_001_clusters8__rep1,75,0.85,tensor(0.2215, grad_fn=<SqueezeBackward0>),tensor(-0.3666, grad_fn=<NegBackward0>),4864,60.255425214767456,8,0.5,,20
double_cake,random,random_lr0_1_lr0_01_lr0_01_optgd_epochs100_epochs0_001_epochs0_001_clusters10__rep1,20,0.85,tensor(0.2023, grad_fn=<SqueezeBackward0>),tensor(-0.3665, grad_fn=<NegBackward0>),2100,58.10759711265564,10,0.5,,20
double_cake,random,random_lr0_1_lr0_01_lr0_01_optgd_epochs100_epochs0_001_epochs0_001_clusters8__rep1,76,0.85,tensor(0.2215, grad_fn=<SqueezeBackward0>),tensor(-0.4154, grad_fn=<NegBackward0>),4928,57.75816822052002,8,0.5,,20
double_cake,random,random_lr0_1_lr0_01_lr0_01_optgd_epochs100_epochs0_001_epochs0_001_clusters8__rep1,77,0.85,tensor(0.2215, grad_fn=<SqueezeBackward0>),tensor(-0.4094, grad_fn=<NegBackward0>),4992,1969.3858177661896,8,0.5,,20
double_cake,random,random_lr0_1_lr0_01_lr0_01_optgd_epochs100_epochs0_001_epochs0_001_clusters10__rep1,21,0.85,tensor(0.2034, grad_fn=<SqueezeBackward0>),tensor(-0.3130, grad_fn=<NegBackward0>),2200,1972.6631410121918,10,0.5,,20
double_cake,random,random_lr0_1_lr0_01_lr0_01_optgd_epochs100_epochs0_001_epochs0_001_clusters10__rep1,22,0.85,tensor(0.2040, grad_fn=<SqueezeBackward0>),tensor(-0.2244, grad_fn=<NegBackward0>),2300,52.41723895072937,10,0.5,,20
double_cake,random,random_lr0_1_lr0_01_lr0_01_optgd_epochs100_epochs0_001_epochs0_001_clusters8__rep1,78,0.85,tensor(0.2218, grad_fn=<SqueezeBackward0>),tensor(-0.3562, grad_fn=<NegBackward0>),5056,56.004392862319946,8,0.5,,20
double_cake,random,random_lr0_1_lr0_01_lr0_01_optgd_epochs100_epochs0_001_epochs0_001_clusters8__rep1,79,0.85,tensor(0.2225, grad_fn=<SqueezeBackward0>),tensor(-0.4464, grad_fn=<NegBackward0>),5120,54.471237897872925,8,0.5,,20
double_cake,random,random_lr0_1_lr0_01_lr0_01_optgd_epochs100_epochs0_001_epochs0_001_clusters10__rep1,23,0.85,tensor(0.2048, grad_fn=<SqueezeBackward0>),tensor(-0.4561, grad_fn=<NegBackward0>),2400,57.5184850692749,10,0.5,,20
double_cake,random,random_lr0_1_lr0_01_lr0_01_optgd_epochs100_epochs0_001_epochs0_001_clusters8__rep1,80,0.85,tensor(0.2225, grad_fn=<SqueezeBackward0>),tensor(-0.3801, grad_fn=<NegBackward0>),5184,52.19151711463928,8,0.5,,20
double_cake,random,random_lr0_1_lr0_01_lr0_01_optgd_epochs100_epochs0_001_epochs0_001_clusters10__rep1,24,0.85,tensor(0.2051, grad_fn=<SqueezeBackward0>),tensor(-0.4177, grad_fn=<NegBackward0>),2500,53.650623083114624,10,0.5,,20
double_cake,random,random_lr0_1_lr0_01_lr0_01_optgd_epochs100_epochs0_001_epochs0_001_clusters10__rep1,25,0.85,tensor(0.2067, grad_fn=<SqueezeBackward0>),tensor(-0.2872, grad_fn=<NegBackward0>),2600,52.851303815841675,10,0.5,,20
double_cake,random,random_lr0_1_lr0_01_lr0_01_optgd_epochs100_epochs0_001_epochs0_001_clusters8__rep1,81,0.85,tensor(0.2239, grad_fn=<SqueezeBackward0>),tensor(-0.4272, grad_fn=<NegBackward0>),5248,56.144028186798096,8,0.5,,20
double_cake,random,random_lr0_1_lr0_01_lr0_01_optgd_epochs100_epochs0_001_epochs0_001_clusters8__rep1,82,0.85,tensor(0.2244, grad_fn=<SqueezeBackward0>),tensor(-0.3535, grad_fn=<NegBackward0>),5312,52.97263312339783,8,0.5,,20
double_cake,random,random_lr0_1_lr0_01_lr0_01_optgd_epochs100_epochs0_001_epochs0_001_clusters10__rep1,26,0.85,tensor(0.2073, grad_fn=<SqueezeBackward0>),tensor(-0.3371, grad_fn=<NegBackward0>),2700,56.952434062957764,10,0.5,,20
double_cake,random,random_lr0_1_lr0_01_lr0_01_optgd_epochs100_epochs0_001_epochs0_001_clusters8__rep1,83,0.85,tensor(0.2245, grad_fn=<SqueezeBackward0>),tensor(-0.5970, grad_fn=<NegBackward0>),5376,52.70007514953613,8,0.5,,20
double_cake,random,random_lr0_1_lr0_01_lr0_01_optgd_epochs100_epochs0_001_epochs0_001_clusters10__rep1,27,0.85,tensor(0.2083, grad_fn=<SqueezeBackward0>),tensor(-0.3653, grad_fn=<NegBackward0>),2800,52.78023099899292,10,0.5,,20
double_cake,random,random_lr0_1_lr0_01_lr0_01_optgd_epochs100_epochs0_001_epochs0_001_clusters8__rep1,84,0.85,tensor(0.2243, grad_fn=<SqueezeBackward0>),tensor(-0.3981, grad_fn=<NegBackward0>),5440,52.16888904571533,8,0.5,,20
double_cake,random,random_lr0_1_lr0_01_lr0_01_optgd_epochs100_epochs0_001_epochs0_001_clusters10__rep1,28,0.85,tensor(0.2094, grad_fn=<SqueezeBackward0>),tensor(-0.3380, grad_fn=<NegBackward0>),2900,54.467772006988525,10,0.5,,20
double_cake,random,random_lr0_1_lr0_01_lr0_01_optgd_epochs100_epochs0_001_epochs0_001_clusters8__rep1,85,0.85,tensor(0.2247, grad_fn=<SqueezeBackward0>),tensor(-0.4428, grad_fn=<NegBackward0>),5504,52.648776054382324,8,0.5,,20
double_cake,random,random_lr0_1_lr0_01_lr0_01_optgd_epochs100_epochs0_001_epochs0_001_clusters10__rep1,29,0.85,tensor(0.2095, grad_fn=<SqueezeBackward0>),tensor(-0.4603, grad_fn=<NegBackward0>),3000,51.2103590965271,10,0.5,,20
double_cake,random,random_lr0_1_lr0_01_lr0_01_optgd_epochs100_epochs0_001_epochs0_001_clusters8__rep1,86,0.85,tensor(0.2254, grad_fn=<SqueezeBackward0>),tensor(-0.4441, grad_fn=<NegBackward0>),5568,52.81476712226868,8,0.5,,20
double_cake,random,random_lr0_1_lr0_01_lr0_01_optgd_epochs100_epochs0_001_epochs0_001_clusters10__rep1,30,0.85,tensor(0.2103, grad_fn=<SqueezeBackward0>),tensor(-0.4337, grad_fn=<NegBackward0>),3100,52.282294034957886,10,0.5,,20
double_cake,random,random_lr0_1_lr0_01_lr0_01_optgd_epochs100_epochs0_001_epochs0_001_clusters8__rep1,87,0.85,tensor(0.2256, grad_fn=<SqueezeBackward0>),tensor(-0.3434, grad_fn=<NegBackward0>),5632,52.3769588470459,8,0.5,,20
double_cake,random,random_lr0_1_lr0_01_lr0_01_optgd_epochs100_epochs0_001_epochs0_001_clusters10__rep1,31,0.85,tensor(0.2110, grad_fn=<SqueezeBackward0>),tensor(-0.2527, grad_fn=<NegBackward0>),3200,52.22566199302673,10,0.5,,20
double_cake,random,random_lr0_1_lr0_01_lr0_01_optgd_epochs100_epochs0_001_epochs0_001_clusters8__rep1,88,0.85,tensor(0.2260, grad_fn=<SqueezeBackward0>),tensor(-0.3114, grad_fn=<NegBackward0>),5696,50.468019008636475,8,0.5,,20
double_cake,random,random_lr0_1_lr0_01_lr0_01_optgd_epochs100_epochs0_001_epochs0_001_clusters10__rep1,32,0.85,tensor(0.2108, grad_fn=<SqueezeBackward0>),tensor(-0.4318, grad_fn=<NegBackward0>),3300,52.101032972335815,10,0.5,,20
double_cake,random,random_lr0_1_lr0_01_lr0_01_optgd_epochs100_epochs0_001_epochs0_001_clusters8__rep1,89,0.85,tensor(0.2262, grad_fn=<SqueezeBackward0>),tensor(-0.4419, grad_fn=<NegBackward0>),5760,52.16548991203308,8,0.5,,20
double_cake,random,random_lr0_1_lr0_01_lr0_01_optgd_epochs100_epochs0_001_epochs0_001_clusters10__rep1,33,0.85,tensor(0.2114, grad_fn=<SqueezeBackward0>),tensor(-0.3463, grad_fn=<NegBackward0>),3400,51.76923584938049,10,0.5,,20
double_cake,random,random_lr0_1_lr0_01_lr0_01_optgd_epochs100_epochs0_001_epochs0_001_clusters8__rep1,90,0.85,tensor(0.2265, grad_fn=<SqueezeBackward0>),tensor(-0.4023, grad_fn=<NegBackward0>),5824,52.639528036117554,8,0.5,,20
double_cake,random,random_lr0_1_lr0_01_lr0_01_optgd_epochs100_epochs0_001_epochs0_001_clusters10__rep1,34,0.85,tensor(0.2118, grad_fn=<SqueezeBackward0>),tensor(-0.3436, grad_fn=<NegBackward0>),3500,54.22956705093384,10,0.5,,20
double_cake,random,random_lr0_1_lr0_01_lr0_01_optgd_epochs100_epochs0_001_epochs0_001_clusters8__rep1,91,0.85,tensor(0.2269, grad_fn=<SqueezeBackward0>),tensor(-0.3566, grad_fn=<NegBackward0>),5888,55.261571645736694,8,0.5,,20
double_cake,random,random_lr0_1_lr0_01_lr0_01_optgd_epochs100_epochs0_001_epochs0_001_clusters10__rep1,35,0.85,tensor(0.2119, grad_fn=<SqueezeBackward0>),tensor(-0.3207, grad_fn=<NegBackward0>),3600,53.474085092544556,10,0.5,,20
double_cake,random,random_lr0_1_lr0_01_lr0_01_optgd_epochs100_epochs0_001_epochs0_001_clusters8__rep1,92,0.85,tensor(0.2273, grad_fn=<SqueezeBackward0>),tensor(-0.3670, grad_fn=<NegBackward0>),5952,52.69987201690674,8,0.5,,20
double_cake,random,random_lr0_1_lr0_01_lr0_01_optgd_epochs100_epochs0_001_epochs0_001_clusters10__rep1,36,0.85,tensor(0.2123, grad_fn=<SqueezeBackward0>),tensor(-0.3218, grad_fn=<NegBackward0>),3700,51.278939723968506,10,0.5,,20
double_cake,random,random_lr0_1_lr0_01_lr0_01_optgd_epochs100_epochs0_001_epochs0_001_clusters8__rep1,93,0.85,tensor(0.2274, grad_fn=<SqueezeBackward0>),tensor(-0.3479, grad_fn=<NegBackward0>),6016,54.68553805351257,8,0.5,,20
double_cake,random,random_lr0_1_lr0_01_lr0_01_optgd_epochs100_epochs0_001_epochs0_001_clusters10__rep1,37,0.85,tensor(0.2130, grad_fn=<SqueezeBackward0>),tensor(-0.3615, grad_fn=<NegBackward0>),3800,52.79684782028198,10,0.5,,20
double_cake,random,random_lr0_1_lr0_01_lr0_01_optgd_epochs100_epochs0_001_epochs0_001_clusters8__rep1,94,0.85,tensor(0.2270, grad_fn=<SqueezeBackward0>),tensor(-0.4911, grad_fn=<NegBackward0>),6080,53.154942989349365,8,0.5,,20
double_cake,random,random_lr0_1_lr0_01_lr0_01_optgd_epochs100_epochs0_001_epochs0_001_clusters10__rep1,38,0.85,tensor(0.2137, grad_fn=<SqueezeBackward0>),tensor(-0.2642, grad_fn=<NegBackward0>),3900,52.63223338127136,10,0.5,,20
double_cake,random,random_lr0_1_lr0_01_lr0_01_optgd_epochs100_epochs0_001_epochs0_001_clusters10__rep1,39,0.85,tensor(0.2129, grad_fn=<SqueezeBackward0>),tensor(-0.3260, grad_fn=<NegBackward0>),4000,52.14044904708862,10,0.5,,20
double_cake,random,random_lr0_1_lr0_01_lr0_01_optgd_epochs100_epochs0_001_epochs0_001_clusters8__rep1,95,0.85,tensor(0.2276, grad_fn=<SqueezeBackward0>),tensor(-0.3401, grad_fn=<NegBackward0>),6144,52.97161102294922,8,0.5,,20
double_cake,random,random_lr0_1_lr0_01_lr0_01_optgd_epochs100_epochs0_001_epochs0_001_clusters8__rep1,96,0.85,tensor(0.2277, grad_fn=<SqueezeBackward0>),tensor(-0.3994, grad_fn=<NegBackward0>),6208,52.76998782157898,8,0.5,,20
double_cake,random,random_lr0_1_lr0_01_lr0_01_optgd_epochs100_epochs0_001_epochs0_001_clusters10__rep1,40,0.85,tensor(0.2126, grad_fn=<SqueezeBackward0>),tensor(-0.3116, grad_fn=<NegBackward0>),4100,56.04538297653198,10,0.5,,20
double_cake,random,random_lr0_1_lr0_01_lr0_01_optgd_epochs100_epochs0_001_epochs0_001_clusters8__rep1,97,0.85,tensor(0.2272, grad_fn=<SqueezeBackward0>),tensor(-0.4382, grad_fn=<NegBackward0>),6272,50.80455303192139,8,0.5,,20
double_cake,random,random_lr0_1_lr0_01_lr0_01_optgd_epochs100_epochs0_001_epochs0_001_clusters10__rep1,41,0.85,tensor(0.2127, grad_fn=<SqueezeBackward0>),tensor(-0.3752, grad_fn=<NegBackward0>),4200,50.69590878486633,10,0.5,,20
double_cake,random,random_lr0_1_lr0_01_lr0_01_optgd_epochs100_epochs0_001_epochs0_001_clusters8__rep1,98,0.85,tensor(0.2272, grad_fn=<SqueezeBackward0>),tensor(-0.5468, grad_fn=<NegBackward0>),6336,52.586519956588745,8,0.5,,20
double_cake,random,random_lr0_1_lr0_01_lr0_01_optgd_epochs100_epochs0_001_epochs0_001_clusters10__rep1,42,0.85,tensor(0.2139, grad_fn=<SqueezeBackward0>),tensor(-0.3293, grad_fn=<NegBackward0>),4300,55.6256799697876,10,0.5,,20
double_cake,random,random_lr0_1_lr0_01_lr0_01_optgd_epochs100_epochs0_001_epochs0_001_clusters8__rep1,99,0.85,tensor(0.2272, grad_fn=<SqueezeBackward0>),tensor(-0.5206, grad_fn=<NegBackward0>),6400,52.81532120704651,8,0.5,,20
double_cake,random,random_lr0_1_lr0_01_lr0_01_optgd_epochs100_epochs0_001_epochs0_001_clusters10__rep1,43,0.85,tensor(0.2147, grad_fn=<SqueezeBackward0>),tensor(-0.3487, grad_fn=<NegBackward0>),4400,52.60080122947693,10,0.5,,20
double_cake,random,random_lr0_1_lr0_01_lr0_01_optgd_epochs100_epochs0_001_epochs0_001_clusters10__rep1,44,0.85,tensor(0.2159, grad_fn=<SqueezeBackward0>),tensor(-0.3317, grad_fn=<NegBackward0>),4500,52.08911323547363,10,0.5,,20
double_cake,random,random_lr0_1_lr0_01_lr0_01_optgd_epochs100_epochs0_001_epochs0_001_clusters10__rep1,45,0.85,tensor(0.2157, grad_fn=<SqueezeBackward0>),tensor(-0.3388, grad_fn=<NegBackward0>),4600,55.609535932540894,10,0.5,,20
double_cake,random,random_lr0_1_lr0_01_lr0_01_optgd_epochs100_epochs0_001_epochs0_001_clusters10__rep1,46,0.85,tensor(0.2161, grad_fn=<SqueezeBackward0>),tensor(-0.2860, grad_fn=<NegBackward0>),4700,53.49337577819824,10,0.5,,20
double_cake,random,random_lr0_1_lr0_01_lr0_01_optgd_epochs100_epochs0_001_epochs0_001_clusters2__rep1,0,0.75,tensor(0.1347, grad_fn=<SqueezeBackward0>),tensor(-0.7263, grad_fn=<NegBackward0>),4,75.8126871585846,2,0.5,,20
double_cake,random,random_lr0_1_lr0_01_lr0_01_optgd_epochs100_epochs0_001_epochs0_001_clusters10__rep1,47,0.85,tensor(0.2167, grad_fn=<SqueezeBackward0>),tensor(-0.3357, grad_fn=<NegBackward0>),4800,55.350306034088135,10,0.5,,20
double_cake,random,random_lr0_1_lr0_01_lr0_01_optgd_epochs100_epochs0_001_epochs0_001_clusters10__rep1,48,0.85,tensor(0.2168, grad_fn=<SqueezeBackward0>),tensor(-0.3576, grad_fn=<NegBackward0>),4900,51.78246331214905,10,0.5,,20
double_cake,random,random_lr0_1_lr0_01_lr0_01_optgd_epochs100_epochs0_001_epochs0_001_clusters2__rep1,1,0.7083333333333334,tensor(0.1346, grad_fn=<SqueezeBackward0>),tensor(-0.5583, grad_fn=<NegBackward0>),8,80.68329906463623,2,0.5,,20
double_cake,random,random_lr0_1_lr0_01_lr0_01_optgd_epochs100_epochs0_001_epochs0_001_clusters10__rep1,49,0.85,tensor(0.2171, grad_fn=<SqueezeBackward0>),tensor(-0.3080, grad_fn=<NegBackward0>),5000,52.339457988739014,10,0.5,,20
double_cake,random,random_lr0_1_lr0_01_lr0_01_optgd_epochs100_epochs0_001_epochs0_001_clusters2__rep1,2,0.7083333333333334,tensor(0.1345, grad_fn=<SqueezeBackward0>),tensor(-0.5476, grad_fn=<NegBackward0>),12,75.83611702919006,2,0.5,,20
double_cake,random,random_lr0_1_lr0_01_lr0_01_optgd_epochs100_epochs0_001_epochs0_001_clusters10__rep1,50,0.85,tensor(0.2171, grad_fn=<SqueezeBackward0>),tensor(-0.4218, grad_fn=<NegBackward0>),5100,52.58086681365967,10,0.5,,20
double_cake,random,random_lr0_1_lr0_01_lr0_01_optgd_epochs100_epochs0_001_epochs0_001_clusters10__rep1,51,0.85,tensor(0.2171, grad_fn=<SqueezeBackward0>),tensor(-0.4330, grad_fn=<NegBackward0>),5200,52.0109748840332,10,0.5,,20
double_cake,random,random_lr0_1_lr0_01_lr0_01_optgd_epochs100_epochs0_001_epochs0_001_clusters2__rep1,3,0.7083333333333334,tensor(0.1342, grad_fn=<SqueezeBackward0>),tensor(-0.7043, grad_fn=<NegBackward0>),16,74.4965488910675,2,0.5,,20
double_cake,random,random_lr0_1_lr0_01_lr0_01_optgd_epochs100_epochs0_001_epochs0_001_clusters10__rep1,52,0.85,tensor(0.2177, grad_fn=<SqueezeBackward0>),tensor(-0.3441, grad_fn=<NegBackward0>),5300,52.048906087875366,10,0.5,,20
double_cake,random,random_lr0_1_lr0_01_lr0_01_optgd_epochs100_epochs0_001_epochs0_001_clusters2__rep1,4,0.7083333333333334,tensor(0.1355, grad_fn=<SqueezeBackward0>),tensor(-0.6366, grad_fn=<NegBackward0>),20,77.49050998687744,2,0.5,,20
double_cake,random,random_lr0_1_lr0_01_lr0_01_optgd_epochs100_epochs0_001_epochs0_001_clusters10__rep1,53,0.85,tensor(0.2179, grad_fn=<SqueezeBackward0>),tensor(-0.3996, grad_fn=<NegBackward0>),5400,54.66901111602783,10,0.5,,20
double_cake,random,random_lr0_1_lr0_01_lr0_01_optgd_epochs100_epochs0_001_epochs0_001_clusters10__rep1,54,0.85,tensor(0.2181, grad_fn=<SqueezeBackward0>),tensor(-0.4054, grad_fn=<NegBackward0>),5500,53.286415100097656,10,0.5,,20
double_cake,random,random_lr0_1_lr0_01_lr0_01_optgd_epochs100_epochs0_001_epochs0_001_clusters2__rep1,5,0.7083333333333334,tensor(0.1358, grad_fn=<SqueezeBackward0>),tensor(-0.7281, grad_fn=<NegBackward0>),24,75.34824705123901,2,0.5,,20
double_cake,random,random_lr0_1_lr0_01_lr0_01_optgd_epochs100_epochs0_001_epochs0_001_clusters10__rep1,55,0.85,tensor(0.2183, grad_fn=<SqueezeBackward0>),tensor(-0.3793, grad_fn=<NegBackward0>),5600,50.5439670085907,10,0.5,,20
double_cake,random,random_lr0_1_lr0_01_lr0_01_optgd_epochs100_epochs0_001_epochs0_001_clusters2__rep1,6,0.75,tensor(0.1359, grad_fn=<SqueezeBackward0>),tensor(-0.7197, grad_fn=<NegBackward0>),28,76.84990692138672,2,0.5,,20
double_cake,random,random_lr0_1_lr0_01_lr0_01_optgd_epochs100_epochs0_001_epochs0_001_clusters10__rep1,56,0.85,tensor(0.2182, grad_fn=<SqueezeBackward0>),tensor(-0.3090, grad_fn=<NegBackward0>),5700,52.096503019332886,10,0.5,,20
double_cake,random,random_lr0_1_lr0_01_lr0_01_optgd_epochs100_epochs0_001_epochs0_001_clusters2__rep1,7,0.7083333333333334,tensor(0.1359, grad_fn=<SqueezeBackward0>),tensor(-0.6934, grad_fn=<NegBackward0>),32,74.01146101951599,2,0.5,,20
double_cake,random,random_lr0_1_lr0_01_lr0_01_optgd_epochs100_epochs0_001_epochs0_001_clusters10__rep1,57,0.85,tensor(0.2189, grad_fn=<SqueezeBackward0>),tensor(-0.3402, grad_fn=<NegBackward0>),5800,51.83560824394226,10,0.5,,20
double_cake,random,random_lr0_1_lr0_01_lr0_01_optgd_epochs100_epochs0_001_epochs0_001_clusters10__rep1,58,0.85,tensor(0.2192, grad_fn=<SqueezeBackward0>),tensor(-0.3423, grad_fn=<NegBackward0>),5900,51.87586784362793,10,0.5,,20
double_cake,random,random_lr0_1_lr0_01_lr0_01_optgd_epochs100_epochs0_001_epochs0_001_clusters2__rep1,8,0.75,tensor(0.1363, grad_fn=<SqueezeBackward0>),tensor(-0.7337, grad_fn=<NegBackward0>),36,77.64171290397644,2,0.5,,20
double_cake,random,random_lr0_1_lr0_01_lr0_01_optgd_epochs100_epochs0_001_epochs0_001_clusters10__rep1,59,0.85,tensor(0.2200, grad_fn=<SqueezeBackward0>),tensor(-0.2532, grad_fn=<NegBackward0>),6000,55.725614070892334,10,0.5,,20
double_cake,random,random_lr0_1_lr0_01_lr0_01_optgd_epochs100_epochs0_001_epochs0_001_clusters2__rep1,9,0.7083333333333334,tensor(0.1367, grad_fn=<SqueezeBackward0>),tensor(-0.6683, grad_fn=<NegBackward0>),40,75.16737985610962,2,0.5,,20
double_cake,random,random_lr0_1_lr0_01_lr0_01_optgd_epochs100_epochs0_001_epochs0_001_clusters10__rep1,60,0.85,tensor(0.2201, grad_fn=<SqueezeBackward0>),tensor(-0.3868, grad_fn=<NegBackward0>),6100,50.43950319290161,10,0.5,,20
double_cake,random,random_lr0_1_lr0_01_lr0_01_optgd_epochs100_epochs0_001_epochs0_001_clusters10__rep1,61,0.85,tensor(0.2210, grad_fn=<SqueezeBackward0>),tensor(-0.3923, grad_fn=<NegBackward0>),6200,55.404700756073,10,0.5,,20
double_cake,random,random_lr0_1_lr0_01_lr0_01_optgd_epochs100_epochs0_001_epochs0_001_clusters2__rep1,10,0.7083333333333334,tensor(0.1363, grad_fn=<SqueezeBackward0>),tensor(-0.7953, grad_fn=<NegBackward0>),44,73.96117925643921,2,0.5,,20
double_cake,random,random_lr0_1_lr0_01_lr0_01_optgd_epochs100_epochs0_001_epochs0_001_clusters10__rep1,62,0.85,tensor(0.2217, grad_fn=<SqueezeBackward0>),tensor(-0.3359, grad_fn=<NegBackward0>),6300,52.647449016571045,10,0.5,,20
double_cake,random,random_lr0_1_lr0_01_lr0_01_optgd_epochs100_epochs0_001_epochs0_001_clusters2__rep1,11,0.7083333333333334,tensor(0.1359, grad_fn=<SqueezeBackward0>),tensor(-0.9290, grad_fn=<NegBackward0>),48,79.77934312820435,2,0.5,,20
double_cake,random,random_lr0_1_lr0_01_lr0_01_optgd_epochs100_epochs0_001_epochs0_001_clusters10__rep1,63,0.85,tensor(0.2215, grad_fn=<SqueezeBackward0>),tensor(-0.3894, grad_fn=<NegBackward0>),6400,52.74738621711731,10,0.5,,20
double_cake,random,random_lr0_1_lr0_01_lr0_01_optgd_epochs100_epochs0_001_epochs0_001_clusters10__rep1,64,0.85,tensor(0.2215, grad_fn=<SqueezeBackward0>),tensor(-0.3415, grad_fn=<NegBackward0>),6500,55.443546772003174,10,0.5,,20
double_cake,random,random_lr0_1_lr0_01_lr0_01_optgd_epochs100_epochs0_001_epochs0_001_clusters2__rep1,12,0.7083333333333334,tensor(0.1363, grad_fn=<SqueezeBackward0>),tensor(-0.6779, grad_fn=<NegBackward0>),52,77.48618602752686,2,0.5,,20
double_cake,random,random_lr0_1_lr0_01_lr0_01_optgd_epochs100_epochs0_001_epochs0_001_clusters10__rep1,65,0.85,tensor(0.2225, grad_fn=<SqueezeBackward0>),tensor(-0.3842, grad_fn=<NegBackward0>),6600,52.7197539806366,10,0.5,,20
double_cake,random,random_lr0_1_lr0_01_lr0_01_optgd_epochs100_epochs0_001_epochs0_001_clusters2__rep1,13,0.7083333333333334,tensor(0.1363, grad_fn=<SqueezeBackward0>),tensor(-0.7291, grad_fn=<NegBackward0>),56,72.1416220664978,2,0.5,,20
double_cake,random,random_lr0_1_lr0_01_lr0_01_optgd_epochs100_epochs0_001_epochs0_001_clusters10__rep1,66,0.85,tensor(0.2228, grad_fn=<SqueezeBackward0>),tensor(-0.2723, grad_fn=<NegBackward0>),6700,54.181957960128784,10,0.5,,20
double_cake,random,random_lr0_1_lr0_01_lr0_01_optgd_epochs100_epochs0_001_epochs0_001_clusters2__rep1,14,0.7083333333333334,tensor(0.1368, grad_fn=<SqueezeBackward0>),tensor(-0.5924, grad_fn=<NegBackward0>),60,76.60484004020691,2,0.5,,20
double_cake,random,random_lr0_1_lr0_01_lr0_01_optgd_epochs100_epochs0_001_epochs0_001_clusters10__rep1,67,0.85,tensor(0.2229, grad_fn=<SqueezeBackward0>),tensor(-0.3972, grad_fn=<NegBackward0>),6800,50.537572145462036,10,0.5,,20
double_cake,random,random_lr0_1_lr0_01_lr0_01_optgd_epochs100_epochs0_001_epochs0_001_clusters10__rep1,68,0.85,tensor(0.2232, grad_fn=<SqueezeBackward0>),tensor(-0.3717, grad_fn=<NegBackward0>),6900,52.264461040496826,10,0.5,,20
double_cake,random,random_lr0_1_lr0_01_lr0_01_optgd_epochs100_epochs0_001_epochs0_001_clusters2__rep1,15,0.7083333333333334,tensor(0.1374, grad_fn=<SqueezeBackward0>),tensor(-0.7003, grad_fn=<NegBackward0>),64,77.80244612693787,2,0.5,,20
double_cake,random,random_lr0_1_lr0_01_lr0_01_optgd_epochs100_epochs0_001_epochs0_001_clusters10__rep1,69,0.85,tensor(0.2241, grad_fn=<SqueezeBackward0>),tensor(-0.3764, grad_fn=<NegBackward0>),7000,52.24076700210571,10,0.5,,20
double_cake,random,random_lr0_1_lr0_01_lr0_01_optgd_epochs100_epochs0_001_epochs0_001_clusters2__rep1,16,0.7083333333333334,tensor(0.1370, grad_fn=<SqueezeBackward0>),tensor(-0.6942, grad_fn=<NegBackward0>),68,74.00980925559998,2,0.5,,20
double_cake,random,random_lr0_1_lr0_01_lr0_01_optgd_epochs100_epochs0_001_epochs0_001_clusters10__rep1,70,0.85,tensor(0.2244, grad_fn=<SqueezeBackward0>),tensor(-0.2863, grad_fn=<NegBackward0>),7100,51.88746619224548,10,0.5,,20
double_cake,random,random_lr0_1_lr0_01_lr0_01_optgd_epochs100_epochs0_001_epochs0_001_clusters10__rep1,71,0.85,tensor(0.2251, grad_fn=<SqueezeBackward0>),tensor(-0.3171, grad_fn=<NegBackward0>),7200,52.243613958358765,10,0.5,,20
double_cake,random,random_lr0_1_lr0_01_lr0_01_optgd_epochs100_epochs0_001_epochs0_001_clusters2__rep1,17,0.7083333333333334,tensor(0.1369, grad_fn=<SqueezeBackward0>),tensor(-0.7776, grad_fn=<NegBackward0>),72,78.28271007537842,2,0.5,,20
double_cake,random,random_lr0_1_lr0_01_lr0_01_optgd_epochs100_epochs0_001_epochs0_001_clusters10__rep1,72,0.85,tensor(0.2253, grad_fn=<SqueezeBackward0>),tensor(-0.4035, grad_fn=<NegBackward0>),7300,54.48475694656372,10,0.5,,20
double_cake,random,random_lr0_1_lr0_01_lr0_01_optgd_epochs100_epochs0_001_epochs0_001_clusters2__rep1,18,0.7083333333333334,tensor(0.1368, grad_fn=<SqueezeBackward0>),tensor(-0.6858, grad_fn=<NegBackward0>),76,75.18568015098572,2,0.5,,20
double_cake,random,random_lr0_1_lr0_01_lr0_01_optgd_epochs100_epochs0_001_epochs0_001_clusters10__rep1,73,0.85,tensor(0.2259, grad_fn=<SqueezeBackward0>),tensor(-0.3871, grad_fn=<NegBackward0>),7400,53.081454277038574,10,0.5,,20
double_cake,random,random_lr0_1_lr0_01_lr0_01_optgd_epochs100_epochs0_001_epochs0_001_clusters10__rep1,74,0.85,tensor(0.2263, grad_fn=<SqueezeBackward0>),tensor(-0.2802, grad_fn=<NegBackward0>),7500,50.78549027442932,10,0.5,,20
double_cake,random,random_lr0_1_lr0_01_lr0_01_optgd_epochs100_epochs0_001_epochs0_001_clusters2__rep1,19,0.7083333333333334,tensor(0.1369, grad_fn=<SqueezeBackward0>),tensor(-0.7106, grad_fn=<NegBackward0>),80,76.95897912979126,2,0.5,,20
double_cake,random,random_lr0_1_lr0_01_lr0_01_optgd_epochs100_epochs0_001_epochs0_001_clusters10__rep1,75,0.85,tensor(0.2269, grad_fn=<SqueezeBackward0>),tensor(-0.3483, grad_fn=<NegBackward0>),7600,52.092525243759155,10,0.5,,20
double_cake,random,random_lr0_1_lr0_01_lr0_01_optgd_epochs100_epochs0_001_epochs0_001_clusters2__rep1,20,0.7083333333333334,tensor(0.1370, grad_fn=<SqueezeBackward0>),tensor(-0.7833, grad_fn=<NegBackward0>),84,77.06155395507812,2,0.5,,20
double_cake,random,random_lr0_1_lr0_01_lr0_01_optgd_epochs100_epochs0_001_epochs0_001_clusters10__rep1,76,0.85,tensor(0.2273, grad_fn=<SqueezeBackward0>),tensor(-0.3450, grad_fn=<NegBackward0>),7700,51.867116928100586,10,0.5,,20
double_cake,random,random_lr0_1_lr0_01_lr0_01_optgd_epochs100_epochs0_001_epochs0_001_clusters10__rep1,77,0.85,tensor(0.2278, grad_fn=<SqueezeBackward0>),tensor(-0.2893, grad_fn=<NegBackward0>),7800,51.849019050598145,10,0.5,,20
double_cake,random,random_lr0_1_lr0_01_lr0_01_optgd_epochs100_epochs0_001_epochs0_001_clusters2__rep1,21,0.7083333333333334,tensor(0.1367, grad_fn=<SqueezeBackward0>),tensor(-0.6882, grad_fn=<NegBackward0>),88,77.24896812438965,2,0.5,,20
double_cake,random,random_lr0_1_lr0_01_lr0_01_optgd_epochs100_epochs0_001_epochs0_001_clusters10__rep1,78,0.85,tensor(0.2281, grad_fn=<SqueezeBackward0>),tensor(-0.3824, grad_fn=<NegBackward0>),7900,55.6500141620636,10,0.5,,20
double_cake,random,random_lr0_1_lr0_01_lr0_01_optgd_epochs100_epochs0_001_epochs0_001_clusters2__rep1,22,0.7083333333333334,tensor(0.1367, grad_fn=<SqueezeBackward0>),tensor(-0.7421, grad_fn=<NegBackward0>),92,75.2423050403595,2,0.5,,20
double_cake,random,random_lr0_1_lr0_01_lr0_01_optgd_epochs100_epochs0_001_epochs0_001_clusters10__rep1,79,0.85,tensor(0.2287, grad_fn=<SqueezeBackward0>),tensor(-0.3671, grad_fn=<NegBackward0>),8000,50.779536724090576,10,0.5,,20
double_cake,random,random_lr0_1_lr0_01_lr0_01_optgd_epochs100_epochs0_001_epochs0_001_clusters10__rep1,80,0.85,tensor(0.2289, grad_fn=<SqueezeBackward0>),tensor(-0.3602, grad_fn=<NegBackward0>),8100,55.26680898666382,10,0.5,,20
double_cake,random,random_lr0_1_lr0_01_lr0_01_optgd_epochs100_epochs0_001_epochs0_001_clusters2__rep1,23,0.7083333333333334,tensor(0.1366, grad_fn=<SqueezeBackward0>),tensor(-0.7159, grad_fn=<NegBackward0>),96,75.10932493209839,2,0.5,,20
double_cake,random,random_lr0_1_lr0_01_lr0_01_optgd_epochs100_epochs0_001_epochs0_001_clusters10__rep1,81,0.85,tensor(0.2299, grad_fn=<SqueezeBackward0>),tensor(-0.4093, grad_fn=<NegBackward0>),8200,52.4557900428772,10,0.5,,20
double_cake,random,random_lr0_1_lr0_01_lr0_01_optgd_epochs100_epochs0_001_epochs0_001_clusters2__rep1,24,0.7083333333333334,tensor(0.1369, grad_fn=<SqueezeBackward0>),tensor(-0.6943, grad_fn=<NegBackward0>),100,75.22778820991516,2,0.5,,20
double_cake,random,random_lr0_1_lr0_01_lr0_01_optgd_epochs100_epochs0_001_epochs0_001_clusters10__rep1,82,0.85,tensor(0.2304, grad_fn=<SqueezeBackward0>),tensor(-0.3015, grad_fn=<NegBackward0>),8300,52.002418994903564,10,0.5,,20
double_cake,random,random_lr0_1_lr0_01_lr0_01_optgd_epochs100_epochs0_001_epochs0_001_clusters2__rep1,25,0.7083333333333334,tensor(0.1367, grad_fn=<SqueezeBackward0>),tensor(-0.7081, grad_fn=<NegBackward0>),104,77.22582793235779,2,0.5,,20
double_cake,random,random_lr0_1_lr0_01_lr0_01_optgd_epochs100_epochs0_001_epochs0_001_clusters10__rep1,83,0.85,tensor(0.2308, grad_fn=<SqueezeBackward0>),tensor(-0.4478, grad_fn=<NegBackward0>),8400,55.38671684265137,10,0.5,,20
double_cake,random,random_lr0_1_lr0_01_lr0_01_optgd_epochs100_epochs0_001_epochs0_001_clusters10__rep1,84,0.85,tensor(0.2307, grad_fn=<SqueezeBackward0>),tensor(-0.3640, grad_fn=<NegBackward0>),8500,52.670406103134155,10,0.5,,20
double_cake,random,random_lr0_1_lr0_01_lr0_01_optgd_epochs100_epochs0_001_epochs0_001_clusters2__rep1,26,0.7083333333333334,tensor(0.1370, grad_fn=<SqueezeBackward0>),tensor(-0.5814, grad_fn=<NegBackward0>),108,75.34843420982361,2,0.5,,20
double_cake,random,random_lr0_1_lr0_01_lr0_01_optgd_epochs100_epochs0_001_epochs0_001_clusters10__rep1,85,0.85,tensor(0.2312, grad_fn=<SqueezeBackward0>),tensor(-0.4205, grad_fn=<NegBackward0>),8600,54.373887062072754,10,0.5,,20
double_cake,random,random_lr0_1_lr0_01_lr0_01_optgd_epochs100_epochs0_001_epochs0_001_clusters2__rep1,27,0.7083333333333334,tensor(0.1372, grad_fn=<SqueezeBackward0>),tensor(-0.7210, grad_fn=<NegBackward0>),112,77.16584491729736,2,0.5,,20
double_cake,random,random_lr0_1_lr0_01_lr0_01_optgd_epochs100_epochs0_001_epochs0_001_clusters10__rep1,86,0.85,tensor(0.2318, grad_fn=<SqueezeBackward0>),tensor(-0.3688, grad_fn=<NegBackward0>),8700,50.61320495605469,10,0.5,,20
double_cake,random,random_lr0_1_lr0_01_lr0_01_optgd_epochs100_epochs0_001_epochs0_001_clusters10__rep1,87,0.85,tensor(0.2320, grad_fn=<SqueezeBackward0>),tensor(-0.2725, grad_fn=<NegBackward0>),8800,52.1676070690155,10,0.5,,20
double_cake,random,random_lr0_1_lr0_01_lr0_01_optgd_epochs100_epochs0_001_epochs0_001_clusters2__rep1,28,0.7083333333333334,tensor(0.1372, grad_fn=<SqueezeBackward0>),tensor(-0.7210, grad_fn=<NegBackward0>),116,74.84330105781555,2,0.5,,20
double_cake,random,random_lr0_1_lr0_01_lr0_01_optgd_epochs100_epochs0_001_epochs0_001_clusters10__rep1,88,0.85,tensor(0.2322, grad_fn=<SqueezeBackward0>),tensor(-0.3477, grad_fn=<NegBackward0>),8900,52.33956217765808,10,0.5,,20
double_cake,random,random_lr0_1_lr0_01_lr0_01_optgd_epochs100_epochs0_001_epochs0_001_clusters2__rep1,29,0.7083333333333334,tensor(0.1376, grad_fn=<SqueezeBackward0>),tensor(-0.6841, grad_fn=<NegBackward0>),120,76.88477802276611,2,0.5,,20
double_cake,random,random_lr0_1_lr0_01_lr0_01_optgd_epochs100_epochs0_001_epochs0_001_clusters10__rep1,89,0.85,tensor(0.2324, grad_fn=<SqueezeBackward0>),tensor(-0.4083, grad_fn=<NegBackward0>),9000,52.07065010070801,10,0.5,,20
double_cake,random,random_lr0_1_lr0_01_lr0_01_optgd_epochs100_epochs0_001_epochs0_001_clusters10__rep1,90,0.85,tensor(0.2329, grad_fn=<SqueezeBackward0>),tensor(-0.3632, grad_fn=<NegBackward0>),9100,51.83507037162781,10,0.5,,20
double_cake,random,random_lr0_1_lr0_01_lr0_01_optgd_epochs100_epochs0_001_epochs0_001_clusters2__rep1,30,0.7083333333333334,tensor(0.1373, grad_fn=<SqueezeBackward0>),tensor(-0.6945, grad_fn=<NegBackward0>),124,74.19392204284668,2,0.5,,20
double_cake,random,random_lr0_1_lr0_01_lr0_01_optgd_epochs100_epochs0_001_epochs0_001_clusters10__rep1,91,0.85,tensor(0.2331, grad_fn=<SqueezeBackward0>),tensor(-0.3444, grad_fn=<NegBackward0>),9200,54.54022002220154,10,0.5,,20
double_cake,random,random_lr0_1_lr0_01_lr0_01_optgd_epochs100_epochs0_001_epochs0_001_clusters2__rep1,31,0.7083333333333334,tensor(0.1373, grad_fn=<SqueezeBackward0>),tensor(-0.7238, grad_fn=<NegBackward0>),128,80.19869685173035,2,0.5,,20
double_cake,random,random_lr0_1_lr0_01_lr0_01_optgd_epochs100_epochs0_001_epochs0_001_clusters10__rep1,92,0.85,tensor(0.2333, grad_fn=<SqueezeBackward0>),tensor(-0.4171, grad_fn=<NegBackward0>),9300,53.068639039993286,10,0.5,,20
double_cake,random,random_lr0_1_lr0_01_lr0_01_optgd_epochs100_epochs0_001_epochs0_001_clusters10__rep1,93,0.85,tensor(0.2335, grad_fn=<SqueezeBackward0>),tensor(-0.3645, grad_fn=<NegBackward0>),9400,50.8355393409729,10,0.5,,20
double_cake,random,random_lr0_1_lr0_01_lr0_01_optgd_epochs100_epochs0_001_epochs0_001_clusters2__rep1,32,0.7083333333333334,tensor(0.1371, grad_fn=<SqueezeBackward0>),tensor(-0.6740, grad_fn=<NegBackward0>),132,76.62574696540833,2,0.5,,20
double_cake,random,random_lr0_1_lr0_01_lr0_01_optgd_epochs100_epochs0_001_epochs0_001_clusters10__rep1,94,0.85,tensor(0.2334, grad_fn=<SqueezeBackward0>),tensor(-0.4350, grad_fn=<NegBackward0>),9500,52.201719760894775,10,0.5,,20
double_cake,random,random_lr0_1_lr0_01_lr0_01_optgd_epochs100_epochs0_001_epochs0_001_clusters2__rep1,33,0.7083333333333334,tensor(0.1374, grad_fn=<SqueezeBackward0>),tensor(-0.7134, grad_fn=<NegBackward0>),136,75.57063007354736,2,0.5,,20
double_cake,random,random_lr0_1_lr0_01_lr0_01_optgd_epochs100_epochs0_001_epochs0_001_clusters10__rep1,95,0.85,tensor(0.2337, grad_fn=<SqueezeBackward0>),tensor(-0.3541, grad_fn=<NegBackward0>),9600,51.98578190803528,10,0.5,,20
double_cake,random,random_lr0_1_lr0_01_lr0_01_optgd_epochs100_epochs0_001_epochs0_001_clusters2__rep1,34,0.7083333333333334,tensor(0.1385, grad_fn=<SqueezeBackward0>),tensor(-0.7392, grad_fn=<NegBackward0>),140,74.61207294464111,2,0.5,,20
double_cake,random,random_lr0_1_lr0_01_lr0_01_optgd_epochs100_epochs0_001_epochs0_001_clusters10__rep1,96,0.85,tensor(0.2342, grad_fn=<SqueezeBackward0>),tensor(-0.3478, grad_fn=<NegBackward0>),9700,51.96257424354553,10,0.5,,20
double_cake,random,random_lr0_1_lr0_01_lr0_01_optgd_epochs100_epochs0_001_epochs0_001_clusters10__rep1,97,0.85,tensor(0.2341, grad_fn=<SqueezeBackward0>),tensor(-0.3879, grad_fn=<NegBackward0>),9800,55.63351511955261,10,0.5,,20
double_cake,random,random_lr0_1_lr0_01_lr0_01_optgd_epochs100_epochs0_001_epochs0_001_clusters2__rep1,35,0.7083333333333334,tensor(0.1390, grad_fn=<SqueezeBackward0>),tensor(-0.7163, grad_fn=<NegBackward0>),144,77.41880297660828,2,0.5,,20
double_cake,random,random_lr0_1_lr0_01_lr0_01_optgd_epochs100_epochs0_001_epochs0_001_clusters10__rep1,98,0.85,tensor(0.2344, grad_fn=<SqueezeBackward0>),tensor(-0.4983, grad_fn=<NegBackward0>),9900,50.561684131622314,10,0.5,,20
double_cake,random,random_lr0_1_lr0_01_lr0_01_optgd_epochs100_epochs0_001_epochs0_001_clusters2__rep1,36,0.7083333333333334,tensor(0.1383, grad_fn=<SqueezeBackward0>),tensor(-0.7285, grad_fn=<NegBackward0>),148,73.60220098495483,2,0.5,,20
double_cake,random,random_lr0_1_lr0_01_lr0_01_optgd_epochs100_epochs0_001_epochs0_001_clusters10__rep1,99,0.85,tensor(0.2347, grad_fn=<SqueezeBackward0>),tensor(-0.3989, grad_fn=<NegBackward0>),10000,55.32315635681152,10,0.5,,20
double_cake,random,random_lr0_1_lr0_01_lr0_01_optgd_epochs100_epochs0_001_epochs0_001_clusters2__rep1,37,0.7083333333333334,tensor(0.1385, grad_fn=<SqueezeBackward0>),tensor(-0.6698, grad_fn=<NegBackward0>),152,79.2255220413208,2,0.5,,20
double_cake,random,random_lr0_1_lr0_01_lr0_01_optgd_epochs100_epochs0_001_epochs0_001_clusters2__rep1,38,0.7083333333333334,tensor(0.1397, grad_fn=<SqueezeBackward0>),tensor(-0.8846, grad_fn=<NegBackward0>),156,74.10350179672241,2,0.5,,20
double_cake,random,random_lr0_1_lr0_01_lr0_01_optgd_epochs100_epochs0_001_epochs0_001_clusters4__rep1,0,0.75,tensor(0.1348, grad_fn=<SqueezeBackward0>),tensor(-0.5758, grad_fn=<NegBackward0>),16,76.91548895835876,4,0.5,,20
double_cake,random,random_lr0_1_lr0_01_lr0_01_optgd_epochs100_epochs0_001_epochs0_001_clusters2__rep1,39,0.7083333333333334,tensor(0.1397, grad_fn=<SqueezeBackward0>),tensor(-0.6998, grad_fn=<NegBackward0>),160,79.27160501480103,2,0.5,,20
double_cake,random,random_lr0_1_lr0_01_lr0_01_optgd_epochs100_epochs0_001_epochs0_001_clusters4__rep1,1,0.75,tensor(0.1343, grad_fn=<SqueezeBackward0>),tensor(-0.4498, grad_fn=<NegBackward0>),32,76.94404983520508,4,0.5,,20
double_cake,random,random_lr0_1_lr0_01_lr0_01_optgd_epochs100_epochs0_001_epochs0_001_clusters2__rep1,40,0.7083333333333334,tensor(0.1397, grad_fn=<SqueezeBackward0>),tensor(-0.7297, grad_fn=<NegBackward0>),164,74.95838522911072,2,0.5,,20
double_cake,random,random_lr0_1_lr0_01_lr0_01_optgd_epochs100_epochs0_001_epochs0_001_clusters4__rep1,2,0.75,tensor(0.1344, grad_fn=<SqueezeBackward0>),tensor(-0.4593, grad_fn=<NegBackward0>),48,75.15290999412537,4,0.5,,20
double_cake,random,random_lr0_1_lr0_01_lr0_01_optgd_epochs100_epochs0_001_epochs0_001_clusters2__rep1,41,0.7083333333333334,tensor(0.1396, grad_fn=<SqueezeBackward0>),tensor(-0.6823, grad_fn=<NegBackward0>),168,78.42456698417664,2,0.5,,20
double_cake,random,random_lr0_1_lr0_01_lr0_01_optgd_epochs100_epochs0_001_epochs0_001_clusters4__rep1,3,0.7916666666666666,tensor(0.1343, grad_fn=<SqueezeBackward0>),tensor(-0.2574, grad_fn=<NegBackward0>),64,76.64917016029358,4,0.5,,20
double_cake,random,random_lr0_1_lr0_01_lr0_01_optgd_epochs100_epochs0_001_epochs0_001_clusters2__rep1,42,0.75,tensor(0.1394, grad_fn=<SqueezeBackward0>),tensor(-0.5741, grad_fn=<NegBackward0>),172,75.39746594429016,2,0.5,,20
double_cake,random,random_lr0_1_lr0_01_lr0_01_optgd_epochs100_epochs0_001_epochs0_001_clusters4__rep1,4,0.75,tensor(0.1348, grad_fn=<SqueezeBackward0>),tensor(-0.4046, grad_fn=<NegBackward0>),80,77.4169909954071,4,0.5,,20
double_cake,random,random_lr0_1_lr0_01_lr0_01_optgd_epochs100_epochs0_001_epochs0_001_clusters2__rep1,43,0.75,tensor(0.1396, grad_fn=<SqueezeBackward0>),tensor(-0.4941, grad_fn=<NegBackward0>),176,77.42188715934753,2,0.5,,20
double_cake,random,random_lr0_1_lr0_01_lr0_01_optgd_epochs100_epochs0_001_epochs0_001_clusters4__rep1,5,0.75,tensor(0.1349, grad_fn=<SqueezeBackward0>),tensor(-0.2244, grad_fn=<NegBackward0>),96,74.27711009979248,4,0.5,,20
double_cake,random,random_lr0_1_lr0_01_lr0_01_optgd_epochs100_epochs0_001_epochs0_001_clusters2__rep1,44,0.75,tensor(0.1395, grad_fn=<SqueezeBackward0>),tensor(-0.7879, grad_fn=<NegBackward0>),180,73.65652108192444,2,0.5,,20
double_cake,random,random_lr0_1_lr0_01_lr0_01_optgd_epochs100_epochs0_001_epochs0_001_clusters4__rep1,6,0.75,tensor(0.1356, grad_fn=<SqueezeBackward0>),tensor(-0.6308, grad_fn=<NegBackward0>),112,77.36236119270325,4,0.5,,20
double_cake,random,random_lr0_1_lr0_01_lr0_01_optgd_epochs100_epochs0_001_epochs0_001_clusters2__rep1,45,0.75,tensor(0.1394, grad_fn=<SqueezeBackward0>),tensor(-0.7200, grad_fn=<NegBackward0>),184,79.38824605941772,2,0.5,,20
double_cake,random,random_lr0_1_lr0_01_lr0_01_optgd_epochs100_epochs0_001_epochs0_001_clusters4__rep1,7,0.75,tensor(0.1351, grad_fn=<SqueezeBackward0>),tensor(-0.5145, grad_fn=<NegBackward0>),128,71.87413668632507,4,0.5,,20
double_cake,random,random_lr0_1_lr0_01_lr0_01_optgd_epochs100_epochs0_001_epochs0_001_clusters2__rep1,46,0.75,tensor(0.1411, grad_fn=<SqueezeBackward0>),tensor(-0.8360, grad_fn=<NegBackward0>),188,77.08212280273438,2,0.5,,20
double_cake,random,random_lr0_1_lr0_01_lr0_01_optgd_epochs100_epochs0_001_epochs0_001_clusters4__rep1,8,0.7083333333333334,tensor(0.1353, grad_fn=<SqueezeBackward0>),tensor(-0.4205, grad_fn=<NegBackward0>),144,76.77806687355042,4,0.5,,20
double_cake,random,random_lr0_1_lr0_01_lr0_01_optgd_epochs100_epochs0_001_epochs0_001_clusters2__rep1,47,0.75,tensor(0.1411, grad_fn=<SqueezeBackward0>),tensor(-0.7071, grad_fn=<NegBackward0>),192,77.13669681549072,2,0.5,,20
double_cake,random,random_lr0_1_lr0_01_lr0_01_optgd_epochs100_epochs0_001_epochs0_001_clusters4__rep1,9,0.7083333333333334,tensor(0.1353, grad_fn=<SqueezeBackward0>),tensor(-0.2036, grad_fn=<NegBackward0>),160,76.99618816375732,4,0.5,,20
double_cake,random,random_lr0_1_lr0_01_lr0_01_optgd_epochs100_epochs0_001_epochs0_001_clusters2__rep1,48,0.75,tensor(0.1408, grad_fn=<SqueezeBackward0>),tensor(-0.7472, grad_fn=<NegBackward0>),196,77.84784722328186,2,0.5,,20
double_cake,random,random_lr0_1_lr0_01_lr0_01_optgd_epochs100_epochs0_001_epochs0_001_clusters4__rep1,10,0.7083333333333334,tensor(0.1356, grad_fn=<SqueezeBackward0>),tensor(-0.5979, grad_fn=<NegBackward0>),176,73.66184401512146,4,0.5,,20
double_cake,random,random_lr0_1_lr0_01_lr0_01_optgd_epochs100_epochs0_001_epochs0_001_clusters2__rep1,49,0.75,tensor(0.1408, grad_fn=<SqueezeBackward0>),tensor(-0.9954, grad_fn=<NegBackward0>),200,75.79686999320984,2,0.5,,20
double_cake,random,random_lr0_1_lr0_01_lr0_01_optgd_epochs100_epochs0_001_epochs0_001_clusters4__rep1,11,0.7083333333333334,tensor(0.1354, grad_fn=<SqueezeBackward0>),tensor(-0.5552, grad_fn=<NegBackward0>),192,77.47372579574585,4,0.5,,20
double_cake,random,random_lr0_1_lr0_01_lr0_01_optgd_epochs100_epochs0_001_epochs0_001_clusters2__rep1,50,0.75,tensor(0.1396, grad_fn=<SqueezeBackward0>),tensor(-0.6504, grad_fn=<NegBackward0>),204,78.7052731513977,2,0.5,,20
double_cake,random,random_lr0_1_lr0_01_lr0_01_optgd_epochs100_epochs0_001_epochs0_001_clusters4__rep1,12,0.7083333333333334,tensor(0.1353, grad_fn=<SqueezeBackward0>),tensor(-0.5248, grad_fn=<NegBackward0>),208,77.24721312522888,4,0.5,,20
double_cake,random,random_lr0_1_lr0_01_lr0_01_optgd_epochs100_epochs0_001_epochs0_001_clusters2__rep1,51,0.75,tensor(0.1391, grad_fn=<SqueezeBackward0>),tensor(-0.6897, grad_fn=<NegBackward0>),208,77.7680733203888,2,0.5,,20
double_cake,random,random_lr0_1_lr0_01_lr0_01_optgd_epochs100_epochs0_001_epochs0_001_clusters4__rep1,13,0.7083333333333334,tensor(0.1349, grad_fn=<SqueezeBackward0>),tensor(-0.5321, grad_fn=<NegBackward0>),224,76.44284319877625,4,0.5,,20
double_cake,random,random_lr0_1_lr0_01_lr0_01_optgd_epochs100_epochs0_001_epochs0_001_clusters2__rep1,52,0.75,tensor(0.1402, grad_fn=<SqueezeBackward0>),tensor(-0.6492, grad_fn=<NegBackward0>),212,77.89103412628174,2,0.5,,20
double_cake,random,random_lr0_1_lr0_01_lr0_01_optgd_epochs100_epochs0_001_epochs0_001_clusters4__rep1,14,0.7083333333333334,tensor(0.1359, grad_fn=<SqueezeBackward0>),tensor(-0.4147, grad_fn=<NegBackward0>),240,77.9275279045105,4,0.5,,20
double_cake,random,random_lr0_1_lr0_01_lr0_01_optgd_epochs100_epochs0_001_epochs0_001_clusters2__rep1,53,0.75,tensor(0.1429, grad_fn=<SqueezeBackward0>),tensor(-0.8444, grad_fn=<NegBackward0>),216,75.23812818527222,2,0.5,,20
double_cake,random,random_lr0_1_lr0_01_lr0_01_optgd_epochs100_epochs0_001_epochs0_001_clusters4__rep1,15,0.7083333333333334,tensor(0.1365, grad_fn=<SqueezeBackward0>),tensor(-0.6289, grad_fn=<NegBackward0>),256,73.59050416946411,4,0.5,,20
double_cake,random,random_lr0_1_lr0_01_lr0_01_optgd_epochs100_epochs0_001_epochs0_001_clusters2__rep1,54,0.75,tensor(0.1435, grad_fn=<SqueezeBackward0>),tensor(-0.7283, grad_fn=<NegBackward0>),220,78.97311496734619,2,0.5,,20
double_cake,random,random_lr0_1_lr0_01_lr0_01_optgd_epochs100_epochs0_001_epochs0_001_clusters4__rep1,16,0.7083333333333334,tensor(0.1365, grad_fn=<SqueezeBackward0>),tensor(-0.5014, grad_fn=<NegBackward0>),272,78.5637321472168,4,0.5,,20
double_cake,random,random_lr0_1_lr0_01_lr0_01_optgd_epochs100_epochs0_001_epochs0_001_clusters2__rep1,55,0.7916666666666666,tensor(0.1443, grad_fn=<SqueezeBackward0>),tensor(-0.7767, grad_fn=<NegBackward0>),224,76.53303599357605,2,0.5,,20
double_cake,random,random_lr0_1_lr0_01_lr0_01_optgd_epochs100_epochs0_001_epochs0_001_clusters4__rep1,17,0.7083333333333334,tensor(0.1359, grad_fn=<SqueezeBackward0>),tensor(-0.3952, grad_fn=<NegBackward0>),288,76.86161684989929,4,0.5,,20
double_cake,random,random_lr0_1_lr0_01_lr0_01_optgd_epochs100_epochs0_001_epochs0_001_clusters2__rep1,56,0.75,tensor(0.1435, grad_fn=<SqueezeBackward0>),tensor(-0.7582, grad_fn=<NegBackward0>),228,75.58055591583252,2,0.5,,20
double_cake,random,random_lr0_1_lr0_01_lr0_01_optgd_epochs100_epochs0_001_epochs0_001_clusters4__rep1,18,0.7083333333333334,tensor(0.1365, grad_fn=<SqueezeBackward0>),tensor(-0.4465, grad_fn=<NegBackward0>),304,77.40594100952148,4,0.5,,20
double_cake,random,random_lr0_1_lr0_01_lr0_01_optgd_epochs100_epochs0_001_epochs0_001_clusters2__rep1,57,0.75,tensor(0.1435, grad_fn=<SqueezeBackward0>),tensor(-0.9986, grad_fn=<NegBackward0>),232,74.65916991233826,2,0.5,,20
double_cake,random,random_lr0_1_lr0_01_lr0_01_optgd_epochs100_epochs0_001_epochs0_001_clusters4__rep1,19,0.7083333333333334,tensor(0.1375, grad_fn=<SqueezeBackward0>),tensor(-0.3472, grad_fn=<NegBackward0>),320,74.40771818161011,4,0.5,,20
double_cake,random,random_lr0_1_lr0_01_lr0_01_optgd_epochs100_epochs0_001_epochs0_001_clusters2__rep1,58,0.75,tensor(0.1446, grad_fn=<SqueezeBackward0>),tensor(-0.6598, grad_fn=<NegBackward0>),236,77.54777336120605,2,0.5,,20
double_cake,random,random_lr0_1_lr0_01_lr0_01_optgd_epochs100_epochs0_001_epochs0_001_clusters4__rep1,20,0.7083333333333334,tensor(0.1375, grad_fn=<SqueezeBackward0>),tensor(-0.7198, grad_fn=<NegBackward0>),336,79.18196082115173,4,0.5,,20
double_cake,random,random_lr0_1_lr0_01_lr0_01_optgd_epochs100_epochs0_001_epochs0_001_clusters2__rep1,59,0.75,tensor(0.1445, grad_fn=<SqueezeBackward0>),tensor(-0.6680, grad_fn=<NegBackward0>),240,76.84307789802551,2,0.5,,20
double_cake,random,random_lr0_1_lr0_01_lr0_01_optgd_epochs100_epochs0_001_epochs0_001_clusters4__rep1,21,0.7083333333333334,tensor(0.1372, grad_fn=<SqueezeBackward0>),tensor(-0.5717, grad_fn=<NegBackward0>),352,72.93426012992859,4,0.5,,20
double_cake,random,random_lr0_1_lr0_01_lr0_01_optgd_epochs100_epochs0_001_epochs0_001_clusters2__rep1,60,0.75,tensor(0.1438, grad_fn=<SqueezeBackward0>),tensor(-0.7004, grad_fn=<NegBackward0>),244,78.44109010696411,2,0.5,,20
double_cake,random,random_lr0_1_lr0_01_lr0_01_optgd_epochs100_epochs0_001_epochs0_001_clusters4__rep1,22,0.7083333333333334,tensor(0.1366, grad_fn=<SqueezeBackward0>),tensor(-0.4242, grad_fn=<NegBackward0>),368,75.73248791694641,4,0.5,,20
double_cake,random,random_lr0_1_lr0_01_lr0_01_optgd_epochs100_epochs0_001_epochs0_001_clusters2__rep1,61,0.75,tensor(0.1443, grad_fn=<SqueezeBackward0>),tensor(-0.7216, grad_fn=<NegBackward0>),248,74.15330910682678,2,0.5,,20
double_cake,random,random_lr0_1_lr0_01_lr0_01_optgd_epochs100_epochs0_001_epochs0_001_clusters4__rep1,23,0.7083333333333334,tensor(0.1373, grad_fn=<SqueezeBackward0>),tensor(-0.4519, grad_fn=<NegBackward0>),384,77.75502586364746,4,0.5,,20
double_cake,random,random_lr0_1_lr0_01_lr0_01_optgd_epochs100_epochs0_001_epochs0_001_clusters2__rep1,62,0.7916666666666666,tensor(0.1445, grad_fn=<SqueezeBackward0>),tensor(-0.7366, grad_fn=<NegBackward0>),252,78.17291927337646,2,0.5,,20
double_cake,random,random_lr0_1_lr0_01_lr0_01_optgd_epochs100_epochs0_001_epochs0_001_clusters4__rep1,24,0.75,tensor(0.1375, grad_fn=<SqueezeBackward0>),tensor(-0.6151, grad_fn=<NegBackward0>),400,75.0778260231018,4,0.5,,20
double_cake,random,random_lr0_1_lr0_01_lr0_01_optgd_epochs100_epochs0_001_epochs0_001_clusters2__rep1,63,0.7916666666666666,tensor(0.1447, grad_fn=<SqueezeBackward0>),tensor(-0.7037, grad_fn=<NegBackward0>),256,75.42314004898071,2,0.5,,20
double_cake,random,random_lr0_1_lr0_01_lr0_01_optgd_epochs100_epochs0_001_epochs0_001_clusters4__rep1,25,0.75,tensor(0.1371, grad_fn=<SqueezeBackward0>),tensor(-0.4897, grad_fn=<NegBackward0>),416,75.0939290523529,4,0.5,,20
double_cake,random,random_lr0_1_lr0_01_lr0_01_optgd_epochs100_epochs0_001_epochs0_001_clusters2__rep1,64,0.7916666666666666,tensor(0.1449, grad_fn=<SqueezeBackward0>),tensor(-0.7384, grad_fn=<NegBackward0>),260,74.19232201576233,2,0.5,,20
double_cake,random,random_lr0_1_lr0_01_lr0_01_optgd_epochs100_epochs0_001_epochs0_001_clusters4__rep1,26,0.75,tensor(0.1376, grad_fn=<SqueezeBackward0>),tensor(-0.4652, grad_fn=<NegBackward0>),432,74.71010088920593,4,0.5,,20
double_cake,random,random_lr0_1_lr0_01_lr0_01_optgd_epochs100_epochs0_001_epochs0_001_clusters2__rep1,65,0.7916666666666666,tensor(0.1449, grad_fn=<SqueezeBackward0>),tensor(-0.0010, grad_fn=<NegBackward0>),264,79.58954119682312,2,0.5,,20
double_cake,random,random_lr0_1_lr0_01_lr0_01_optgd_epochs100_epochs0_001_epochs0_001_clusters4__rep1,27,0.75,tensor(0.1387, grad_fn=<SqueezeBackward0>),tensor(-0.4487, grad_fn=<NegBackward0>),448,77.48420596122742,4,0.5,,20
double_cake,random,random_lr0_1_lr0_01_lr0_01_optgd_epochs100_epochs0_001_epochs0_001_clusters2__rep1,66,0.7916666666666666,tensor(0.1459, grad_fn=<SqueezeBackward0>),tensor(-0.8843, grad_fn=<NegBackward0>),268,78.30467510223389,2,0.5,,20
double_cake,random,random_lr0_1_lr0_01_lr0_01_optgd_epochs100_epochs0_001_epochs0_001_clusters4__rep1,28,0.75,tensor(0.1391, grad_fn=<SqueezeBackward0>),tensor(-0.4373, grad_fn=<NegBackward0>),464,74.97218894958496,4,0.5,,20
double_cake,random,random_lr0_1_lr0_01_lr0_01_optgd_epochs100_epochs0_001_epochs0_001_clusters2__rep1,67,0.7916666666666666,tensor(0.1467, grad_fn=<SqueezeBackward0>),tensor(-0.8089, grad_fn=<NegBackward0>),272,72.3727810382843,2,0.5,,20
double_cake,random,random_lr0_1_lr0_01_lr0_01_optgd_epochs100_epochs0_001_epochs0_001_clusters4__rep1,29,0.75,tensor(0.1393, grad_fn=<SqueezeBackward0>),tensor(-0.5222, grad_fn=<NegBackward0>),480,77.46606683731079,4,0.5,,20
double_cake,random,random_lr0_1_lr0_01_lr0_01_optgd_epochs100_epochs0_001_epochs0_001_clusters2__rep1,68,0.7916666666666666,tensor(0.1466, grad_fn=<SqueezeBackward0>),tensor(-0.7239, grad_fn=<NegBackward0>),276,77.10726404190063,2,0.5,,20
double_cake,random,random_lr0_1_lr0_01_lr0_01_optgd_epochs100_epochs0_001_epochs0_001_clusters4__rep1,30,0.75,tensor(0.1392, grad_fn=<SqueezeBackward0>),tensor(-0.4863, grad_fn=<NegBackward0>),496,72.05368614196777,4,0.5,,20
double_cake,random,random_lr0_1_lr0_01_lr0_01_optgd_epochs100_epochs0_001_epochs0_001_clusters2__rep1,69,0.7916666666666666,tensor(0.1455, grad_fn=<SqueezeBackward0>),tensor(-0.7271, grad_fn=<NegBackward0>),280,77.69611096382141,2,0.5,,20
double_cake,random,random_lr0_1_lr0_01_lr0_01_optgd_epochs100_epochs0_001_epochs0_001_clusters4__rep1,31,0.75,tensor(0.1398, grad_fn=<SqueezeBackward0>),tensor(-0.5093, grad_fn=<NegBackward0>),512,75.85370302200317,4,0.5,,20
double_cake,random,random_lr0_1_lr0_01_lr0_01_optgd_epochs100_epochs0_001_epochs0_001_clusters2__rep1,70,0.7916666666666666,tensor(0.1451, grad_fn=<SqueezeBackward0>),tensor(-0.6282, grad_fn=<NegBackward0>),284,74.58516502380371,2,0.5,,20
double_cake,random,random_lr0_1_lr0_01_lr0_01_optgd_epochs100_epochs0_001_epochs0_001_clusters4__rep1,32,0.75,tensor(0.1396, grad_fn=<SqueezeBackward0>),tensor(-0.7530, grad_fn=<NegBackward0>),528,79.01800608634949,4,0.5,,20
double_cake,random,random_lr0_1_lr0_01_lr0_01_optgd_epochs100_epochs0_001_epochs0_001_clusters2__rep1,71,0.7916666666666666,tensor(0.1457, grad_fn=<SqueezeBackward0>),tensor(-0.7255, grad_fn=<NegBackward0>),288,77.70342183113098,2,0.5,,20
double_cake,random,random_lr0_1_lr0_01_lr0_01_optgd_epochs100_epochs0_001_epochs0_001_clusters4__rep1,33,0.75,tensor(0.1397, grad_fn=<SqueezeBackward0>),tensor(-0.5532, grad_fn=<NegBackward0>),544,76.83529019355774,4,0.5,,20
double_cake,random,random_lr0_1_lr0_01_lr0_01_optgd_epochs100_epochs0_001_epochs0_001_clusters2__rep1,72,0.75,tensor(0.1438, grad_fn=<SqueezeBackward0>),tensor(-0.7768, grad_fn=<NegBackward0>),292,75.55354189872742,2,0.5,,20
double_cake,random,random_lr0_1_lr0_01_lr0_01_optgd_epochs100_epochs0_001_epochs0_001_clusters4__rep1,34,0.75,tensor(0.1400, grad_fn=<SqueezeBackward0>),tensor(-0.5443, grad_fn=<NegBackward0>),560,74.45487308502197,4,0.5,,20
double_cake,random,random_lr0_1_lr0_01_lr0_01_optgd_epochs100_epochs0_001_epochs0_001_clusters2__rep1,73,0.75,tensor(0.1433, grad_fn=<SqueezeBackward0>),tensor(-0.7522, grad_fn=<NegBackward0>),296,78.8977370262146,2,0.5,,20
double_cake,random,random_lr0_1_lr0_01_lr0_01_optgd_epochs100_epochs0_001_epochs0_001_clusters4__rep1,35,0.75,tensor(0.1393, grad_fn=<SqueezeBackward0>),tensor(-0.5692, grad_fn=<NegBackward0>),576,76.1955509185791,4,0.5,,20
double_cake,random,random_lr0_1_lr0_01_lr0_01_optgd_epochs100_epochs0_001_epochs0_001_clusters2__rep1,74,0.75,tensor(0.1435, grad_fn=<SqueezeBackward0>),tensor(-0.6715, grad_fn=<NegBackward0>),300,77.91226696968079,2,0.5,,20
double_cake,random,random_lr0_1_lr0_01_lr0_01_optgd_epochs100_epochs0_001_epochs0_001_clusters4__rep1,36,0.75,tensor(0.1390, grad_fn=<SqueezeBackward0>),tensor(-0.4052, grad_fn=<NegBackward0>),592,78.59215688705444,4,0.5,,20
double_cake,random,random_lr0_1_lr0_01_lr0_01_optgd_epochs100_epochs0_001_epochs0_001_clusters2__rep1,75,0.75,tensor(0.1397, grad_fn=<SqueezeBackward0>),tensor(-0.6165, grad_fn=<NegBackward0>),304,79.30772829055786,2,0.5,,20
double_cake,random,random_lr0_1_lr0_01_lr0_01_optgd_epochs100_epochs0_001_epochs0_001_clusters4__rep1,37,0.75,tensor(0.1390, grad_fn=<SqueezeBackward0>),tensor(-0.5583, grad_fn=<NegBackward0>),608,76.35317873954773,4,0.5,,20
double_cake,random,random_lr0_1_lr0_01_lr0_01_optgd_epochs100_epochs0_001_epochs0_001_clusters2__rep1,76,0.75,tensor(0.1383, grad_fn=<SqueezeBackward0>),tensor(-0.8433, grad_fn=<NegBackward0>),308,76.90161991119385,2,0.5,,20
double_cake,random,random_lr0_1_lr0_01_lr0_01_optgd_epochs100_epochs0_001_epochs0_001_clusters4__rep1,38,0.75,tensor(0.1388, grad_fn=<SqueezeBackward0>),tensor(-0.6383, grad_fn=<NegBackward0>),624,73.4366090297699,4,0.5,,20
double_cake,random,random_lr0_1_lr0_01_lr0_01_optgd_epochs100_epochs0_001_epochs0_001_clusters2__rep1,77,0.75,tensor(0.1383, grad_fn=<SqueezeBackward0>),tensor(-0.6730, grad_fn=<NegBackward0>),312,75.79881286621094,2,0.5,,20
double_cake,random,random_lr0_1_lr0_01_lr0_01_optgd_epochs100_epochs0_001_epochs0_001_clusters4__rep1,39,0.7083333333333334,tensor(0.1380, grad_fn=<SqueezeBackward0>),tensor(-0.5281, grad_fn=<NegBackward0>),640,79.78829193115234,4,0.5,,20
double_cake,random,random_lr0_1_lr0_01_lr0_01_optgd_epochs100_epochs0_001_epochs0_001_clusters2__rep1,78,0.75,tensor(0.1384, grad_fn=<SqueezeBackward0>),tensor(-0.7094, grad_fn=<NegBackward0>),316,76.67188692092896,2,0.5,,20
double_cake,random,random_lr0_1_lr0_01_lr0_01_optgd_epochs100_epochs0_001_epochs0_001_clusters4__rep1,40,0.7083333333333334,tensor(0.1379, grad_fn=<SqueezeBackward0>),tensor(-0.5228, grad_fn=<NegBackward0>),656,78.72024917602539,4,0.5,,20
double_cake,random,random_lr0_1_lr0_01_lr0_01_optgd_epochs100_epochs0_001_epochs0_001_clusters2__rep1,79,0.75,tensor(0.1390, grad_fn=<SqueezeBackward0>),tensor(-0.6419, grad_fn=<NegBackward0>),320,78.16688275337219,2,0.5,,20
double_cake,random,random_lr0_1_lr0_01_lr0_01_optgd_epochs100_epochs0_001_epochs0_001_clusters4__rep1,41,0.75,tensor(0.1386, grad_fn=<SqueezeBackward0>),tensor(-0.6084, grad_fn=<NegBackward0>),672,72.32915210723877,4,0.5,,20
double_cake,random,random_lr0_1_lr0_01_lr0_01_optgd_epochs100_epochs0_001_epochs0_001_clusters2__rep1,80,0.7916666666666666,tensor(0.1412, grad_fn=<SqueezeBackward0>),tensor(-0.4864, grad_fn=<NegBackward0>),324,75.47215580940247,2,0.5,,20
double_cake,random,random_lr0_1_lr0_01_lr0_01_optgd_epochs100_epochs0_001_epochs0_001_clusters4__rep1,42,0.75,tensor(0.1394, grad_fn=<SqueezeBackward0>),tensor(-0.4679, grad_fn=<NegBackward0>),688,76.80385303497314,4,0.5,,20
double_cake,random,random_lr0_1_lr0_01_lr0_01_optgd_epochs100_epochs0_001_epochs0_001_clusters2__rep1,81,0.7916666666666666,tensor(0.1414, grad_fn=<SqueezeBackward0>),tensor(-0.7459, grad_fn=<NegBackward0>),328,77.84347796440125,2,0.5,,20
double_cake,random,random_lr0_1_lr0_01_lr0_01_optgd_epochs100_epochs0_001_epochs0_001_clusters4__rep1,43,0.75,tensor(0.1400, grad_fn=<SqueezeBackward0>),tensor(-0.4680, grad_fn=<NegBackward0>),704,74.11030507087708,4,0.5,,20
double_cake,random,random_lr0_1_lr0_01_lr0_01_optgd_epochs100_epochs0_001_epochs0_001_clusters2__rep1,82,0.7916666666666666,tensor(0.1403, grad_fn=<SqueezeBackward0>),tensor(-0.6846, grad_fn=<NegBackward0>),332,75.22146081924438,2,0.5,,20
double_cake,random,random_lr0_1_lr0_01_lr0_01_optgd_epochs100_epochs0_001_epochs0_001_clusters4__rep1,44,0.75,tensor(0.1398, grad_fn=<SqueezeBackward0>),tensor(-0.3975, grad_fn=<NegBackward0>),720,78.95257210731506,4,0.5,,20
double_cake,random,random_lr0_1_lr0_01_lr0_01_optgd_epochs100_epochs0_001_epochs0_001_clusters2__rep1,83,0.7916666666666666,tensor(0.1399, grad_fn=<SqueezeBackward0>),tensor(-0.4896, grad_fn=<NegBackward0>),336,76.88624095916748,2,0.5,,20
double_cake,random,random_lr0_1_lr0_01_lr0_01_optgd_epochs100_epochs0_001_epochs0_001_clusters4__rep1,45,0.7916666666666666,tensor(0.1399, grad_fn=<SqueezeBackward0>),tensor(-0.6688, grad_fn=<NegBackward0>),736,77.2862241268158,4,0.5,,20
double_cake,random,random_lr0_1_lr0_01_lr0_01_optgd_epochs100_epochs0_001_epochs0_001_clusters2__rep1,84,0.7916666666666666,tensor(0.1420, grad_fn=<SqueezeBackward0>),tensor(-0.6243, grad_fn=<NegBackward0>),340,75.15824580192566,2,0.5,,20
double_cake,random,random_lr0_1_lr0_01_lr0_01_optgd_epochs100_epochs0_001_epochs0_001_clusters4__rep1,46,0.7916666666666666,tensor(0.1408, grad_fn=<SqueezeBackward0>),tensor(-0.6985, grad_fn=<NegBackward0>),752,78.55135011672974,4,0.5,,20
double_cake,random,random_lr0_1_lr0_01_lr0_01_optgd_epochs100_epochs0_001_epochs0_001_clusters2__rep1,85,0.7916666666666666,tensor(0.1425, grad_fn=<SqueezeBackward0>),tensor(-0.6871, grad_fn=<NegBackward0>),344,80.79600524902344,2,0.5,,20
double_cake,random,random_lr0_1_lr0_01_lr0_01_optgd_epochs100_epochs0_001_epochs0_001_clusters4__rep1,47,0.7916666666666666,tensor(0.1413, grad_fn=<SqueezeBackward0>),tensor(-0.4700, grad_fn=<NegBackward0>),768,75.07154679298401,4,0.5,,20
double_cake,random,random_lr0_1_lr0_01_lr0_01_optgd_epochs100_epochs0_001_epochs0_001_clusters2__rep1,86,0.7916666666666666,tensor(0.1429, grad_fn=<SqueezeBackward0>),tensor(-0.6799, grad_fn=<NegBackward0>),348,77.50156712532043,2,0.5,,20
double_cake,random,random_lr0_1_lr0_01_lr0_01_optgd_epochs100_epochs0_001_epochs0_001_clusters4__rep1,48,0.7916666666666666,tensor(0.1413, grad_fn=<SqueezeBackward0>),tensor(-0.6474, grad_fn=<NegBackward0>),784,75.3787989616394,4,0.5,,20
double_cake,random,random_lr0_1_lr0_01_lr0_01_optgd_epochs100_epochs0_001_epochs0_001_clusters2__rep1,87,0.7916666666666666,tensor(0.1428, grad_fn=<SqueezeBackward0>),tensor(-0.7370, grad_fn=<NegBackward0>),352,76.2082827091217,2,0.5,,20
double_cake,random,random_lr0_1_lr0_01_lr0_01_optgd_epochs100_epochs0_001_epochs0_001_clusters4__rep1,49,0.7916666666666666,tensor(0.1412, grad_fn=<SqueezeBackward0>),tensor(-0.6358, grad_fn=<NegBackward0>),800,75.11590886116028,4,0.5,,20
double_cake,random,random_lr0_1_lr0_01_lr0_01_optgd_epochs100_epochs0_001_epochs0_001_clusters2__rep1,88,0.7916666666666666,tensor(0.1446, grad_fn=<SqueezeBackward0>),tensor(-0.7407, grad_fn=<NegBackward0>),356,75.0816969871521,2,0.5,,20
double_cake,random,random_lr0_1_lr0_01_lr0_01_optgd_epochs100_epochs0_001_epochs0_001_clusters4__rep1,50,0.7916666666666666,tensor(0.1416, grad_fn=<SqueezeBackward0>),tensor(-0.4097, grad_fn=<NegBackward0>),816,74.98150300979614,4,0.5,,20
double_cake,random,random_lr0_1_lr0_01_lr0_01_optgd_epochs100_epochs0_001_epochs0_001_clusters2__rep1,89,0.7916666666666666,tensor(0.1447, grad_fn=<SqueezeBackward0>),tensor(-0.7015, grad_fn=<NegBackward0>),360,78.17970705032349,2,0.5,,20
double_cake,random,random_lr0_1_lr0_01_lr0_01_optgd_epochs100_epochs0_001_epochs0_001_clusters4__rep1,51,0.7916666666666666,tensor(0.1415, grad_fn=<SqueezeBackward0>),tensor(-0.5369, grad_fn=<NegBackward0>),832,77.18654584884644,4,0.5,,20
double_cake,random,random_lr0_1_lr0_01_lr0_01_optgd_epochs100_epochs0_001_epochs0_001_clusters2__rep1,90,0.7916666666666666,tensor(0.1452, grad_fn=<SqueezeBackward0>),tensor(-0.6681, grad_fn=<NegBackward0>),364,74.21067214012146,2,0.5,,20
double_cake,random,random_lr0_1_lr0_01_lr0_01_optgd_epochs100_epochs0_001_epochs0_001_clusters4__rep1,52,0.75,tensor(0.1419, grad_fn=<SqueezeBackward0>),tensor(-0.4725, grad_fn=<NegBackward0>),848,73.98818898200989,4,0.5,,20
double_cake,random,random_lr0_1_lr0_01_lr0_01_optgd_epochs100_epochs0_001_epochs0_001_clusters2__rep1,91,0.7916666666666666,tensor(0.1446, grad_fn=<SqueezeBackward0>),tensor(-0.7902, grad_fn=<NegBackward0>),368,80.63134813308716,2,0.5,,20
double_cake,random,random_lr0_1_lr0_01_lr0_01_optgd_epochs100_epochs0_001_epochs0_001_clusters4__rep1,53,0.75,tensor(0.1425, grad_fn=<SqueezeBackward0>),tensor(-0.3564, grad_fn=<NegBackward0>),864,80.13690710067749,4,0.5,,20
double_cake,random,random_lr0_1_lr0_01_lr0_01_optgd_epochs100_epochs0_001_epochs0_001_clusters2__rep1,92,0.7916666666666666,tensor(0.1445, grad_fn=<SqueezeBackward0>),tensor(-0.7116, grad_fn=<NegBackward0>),372,74.52111101150513,2,0.5,,20
double_cake,random,random_lr0_1_lr0_01_lr0_01_optgd_epochs100_epochs0_001_epochs0_001_clusters4__rep1,54,0.75,tensor(0.1427, grad_fn=<SqueezeBackward0>),tensor(-0.4622, grad_fn=<NegBackward0>),880,77.80632281303406,4,0.5,,20
double_cake,random,random_lr0_1_lr0_01_lr0_01_optgd_epochs100_epochs0_001_epochs0_001_clusters2__rep1,93,0.7916666666666666,tensor(0.1439, grad_fn=<SqueezeBackward0>),tensor(-0.6869, grad_fn=<NegBackward0>),376,80.35731983184814,2,0.5,,20
double_cake,random,random_lr0_1_lr0_01_lr0_01_optgd_epochs100_epochs0_001_epochs0_001_clusters4__rep1,55,0.75,tensor(0.1432, grad_fn=<SqueezeBackward0>),tensor(-0.5680, grad_fn=<NegBackward0>),896,78.63137578964233,4,0.5,,20
double_cake,random,random_lr0_1_lr0_01_lr0_01_optgd_epochs100_epochs0_001_epochs0_001_clusters2__rep1,94,0.7916666666666666,tensor(0.1440, grad_fn=<SqueezeBackward0>),tensor(-0.6912, grad_fn=<NegBackward0>),380,74.65762186050415,2,0.5,,20
double_cake,random,random_lr0_1_lr0_01_lr0_01_optgd_epochs100_epochs0_001_epochs0_001_clusters4__rep1,56,0.7916666666666666,tensor(0.1441, grad_fn=<SqueezeBackward0>),tensor(-0.4580, grad_fn=<NegBackward0>),912,72.69979619979858,4,0.5,,20
double_cake,random,random_lr0_1_lr0_01_lr0_01_optgd_epochs100_epochs0_001_epochs0_001_clusters2__rep1,95,0.7916666666666666,tensor(0.1456, grad_fn=<SqueezeBackward0>),tensor(-0.6645, grad_fn=<NegBackward0>),384,78.33177900314331,2,0.5,,20
double_cake,random,random_lr0_1_lr0_01_lr0_01_optgd_epochs100_epochs0_001_epochs0_001_clusters4__rep1,57,0.7916666666666666,tensor(0.1441, grad_fn=<SqueezeBackward0>),tensor(-0.7908, grad_fn=<NegBackward0>),928,77.85321807861328,4,0.5,,20
double_cake,random,random_lr0_1_lr0_01_lr0_01_optgd_epochs100_epochs0_001_epochs0_001_clusters2__rep1,96,0.7916666666666666,tensor(0.1464, grad_fn=<SqueezeBackward0>),tensor(-0.7409, grad_fn=<NegBackward0>),388,76.17836904525757,2,0.5,,20
double_cake,random,random_lr0_1_lr0_01_lr0_01_optgd_epochs100_epochs0_001_epochs0_001_clusters4__rep1,58,0.7916666666666666,tensor(0.1439, grad_fn=<SqueezeBackward0>),tensor(-0.5336, grad_fn=<NegBackward0>),944,77.74200201034546,4,0.5,,20
double_cake,random,random_lr0_1_lr0_01_lr0_01_optgd_epochs100_epochs0_001_epochs0_001_clusters2__rep1,97,0.7916666666666666,tensor(0.1470, grad_fn=<SqueezeBackward0>),tensor(-0.5947, grad_fn=<NegBackward0>),392,77.89777398109436,2,0.5,,20
double_cake,random,random_lr0_1_lr0_01_lr0_01_optgd_epochs100_epochs0_001_epochs0_001_clusters4__rep1,59,0.7916666666666666,tensor(0.1450, grad_fn=<SqueezeBackward0>),tensor(-0.5011, grad_fn=<NegBackward0>),960,75.53569793701172,4,0.5,,20
double_cake,random,random_lr0_1_lr0_01_lr0_01_optgd_epochs100_epochs0_001_epochs0_001_clusters2__rep1,98,0.7916666666666666,tensor(0.1470, grad_fn=<SqueezeBackward0>),tensor(-0.9983, grad_fn=<NegBackward0>),396,74.65029001235962,2,0.5,,20
double_cake,random,random_lr0_1_lr0_01_lr0_01_optgd_epochs100_epochs0_001_epochs0_001_clusters4__rep1,60,0.7916666666666666,tensor(0.1450, grad_fn=<SqueezeBackward0>),tensor(-0.5138, grad_fn=<NegBackward0>),976,76.28902673721313,4,0.5,,20
double_cake,random,random_lr0_1_lr0_01_lr0_01_optgd_epochs100_epochs0_001_epochs0_001_clusters2__rep1,99,0.7916666666666666,tensor(0.1471, grad_fn=<SqueezeBackward0>),tensor(-0.7365, grad_fn=<NegBackward0>),400,80.62555313110352,2,0.5,,20
double_cake,random,random_lr0_1_lr0_01_lr0_01_optgd_epochs100_epochs0_001_epochs0_001_clusters4__rep1,61,0.7916666666666666,tensor(0.1449, grad_fn=<SqueezeBackward0>),tensor(-0.4557, grad_fn=<NegBackward0>),992,74.83264708518982,4,0.5,,20
double_cake,random,random_lr0_1_lr0_01_lr0_01_optgd_epochs100_epochs0_001_epochs0_001_clusters4__rep1,62,0.7916666666666666,tensor(0.1452, grad_fn=<SqueezeBackward0>),tensor(-0.4713, grad_fn=<NegBackward0>),1008,80.72308397293091,4,0.5,,20
double_cake,random,random_lr0_1_lr0_01_lr0_01_optgd_epochs100_epochs0_001_epochs0_001_clusters4__rep1,63,0.7916666666666666,tensor(0.1446, grad_fn=<SqueezeBackward0>),tensor(-0.5177, grad_fn=<NegBackward0>),1024,78.00763988494873,4,0.5,,20
double_cake,random,random_lr0_1_lr0_01_lr0_01_optgd_epochs100_epochs0_001_epochs0_001_clusters6__rep1,0,0.7083333333333334,tensor(0.1338, grad_fn=<SqueezeBackward0>),tensor(-0.4097, grad_fn=<NegBackward0>),36,75.52000522613525,6,0.5,,20
double_cake,random,random_lr0_1_lr0_01_lr0_01_optgd_epochs100_epochs0_001_epochs0_001_clusters4__rep1,64,0.7916666666666666,tensor(0.1447, grad_fn=<SqueezeBackward0>),tensor(-0.5414, grad_fn=<NegBackward0>),1040,73.61134719848633,4,0.5,,20
double_cake,random,random_lr0_1_lr0_01_lr0_01_optgd_epochs100_epochs0_001_epochs0_001_clusters6__rep1,1,0.75,tensor(0.1341, grad_fn=<SqueezeBackward0>),tensor(-0.3192, grad_fn=<NegBackward0>),72,80.15184903144836,6,0.5,,20
double_cake,random,random_lr0_1_lr0_01_lr0_01_optgd_epochs100_epochs0_001_epochs0_001_clusters4__rep1,65,0.7916666666666666,tensor(0.1448, grad_fn=<SqueezeBackward0>),tensor(-0.1990, grad_fn=<NegBackward0>),1056,79.9791431427002,4,0.5,,20
double_cake,random,random_lr0_1_lr0_01_lr0_01_optgd_epochs100_epochs0_001_epochs0_001_clusters6__rep1,2,0.7083333333333334,tensor(0.1341, grad_fn=<SqueezeBackward0>),tensor(-0.3807, grad_fn=<NegBackward0>),108,75.37735509872437,6,0.5,,20
double_cake,random,random_lr0_1_lr0_01_lr0_01_optgd_epochs100_epochs0_001_epochs0_001_clusters4__rep1,66,0.7916666666666666,tensor(0.1443, grad_fn=<SqueezeBackward0>),tensor(-0.6374, grad_fn=<NegBackward0>),1072,76.08650612831116,4,0.5,,20
double_cake,random,random_lr0_1_lr0_01_lr0_01_optgd_epochs100_epochs0_001_epochs0_001_clusters6__rep1,3,0.7916666666666666,tensor(0.1341, grad_fn=<SqueezeBackward0>),tensor(-0.2938, grad_fn=<NegBackward0>),144,75.77484703063965,6,0.5,,20
double_cake,random,random_lr0_1_lr0_01_lr0_01_optgd_epochs100_epochs0_001_epochs0_001_clusters4__rep1,67,0.75,tensor(0.1445, grad_fn=<SqueezeBackward0>),tensor(-0.4825, grad_fn=<NegBackward0>),1088,78.55744409561157,4,0.5,,20
double_cake,random,random_lr0_1_lr0_01_lr0_01_optgd_epochs100_epochs0_001_epochs0_001_clusters6__rep1,4,0.75,tensor(0.1347, grad_fn=<SqueezeBackward0>),tensor(-0.4243, grad_fn=<NegBackward0>),180,78.43103981018066,6,0.5,,20
double_cake,random,random_lr0_1_lr0_01_lr0_01_optgd_epochs100_epochs0_001_epochs0_001_clusters4__rep1,68,0.8333333333333334,tensor(0.1451, grad_fn=<SqueezeBackward0>),tensor(-0.4891, grad_fn=<NegBackward0>),1104,75.43552303314209,4,0.5,,20
double_cake,random,random_lr0_1_lr0_01_lr0_01_optgd_epochs100_epochs0_001_epochs0_001_clusters6__rep1,5,0.75,tensor(0.1351, grad_fn=<SqueezeBackward0>),tensor(-0.2659, grad_fn=<NegBackward0>),216,78.9153778553009,6,0.5,,20
double_cake,random,random_lr0_1_lr0_01_lr0_01_optgd_epochs100_epochs0_001_epochs0_001_clusters4__rep1,69,0.8333333333333334,tensor(0.1447, grad_fn=<SqueezeBackward0>),tensor(-0.4585, grad_fn=<NegBackward0>),1120,77.69975113868713,4,0.5,,20
double_cake,random,random_lr0_1_lr0_01_lr0_01_optgd_epochs100_epochs0_001_epochs0_001_clusters6__rep1,6,0.75,tensor(0.1357, grad_fn=<SqueezeBackward0>),tensor(-0.3596, grad_fn=<NegBackward0>),252,75.03320717811584,6,0.5,,20
double_cake,random,random_lr0_1_lr0_01_lr0_01_optgd_epochs100_epochs0_001_epochs0_001_clusters4__rep1,70,0.7916666666666666,tensor(0.1439, grad_fn=<SqueezeBackward0>),tensor(-0.5471, grad_fn=<NegBackward0>),1136,75.70020294189453,4,0.5,,20
double_cake,random,random_lr0_1_lr0_01_lr0_01_optgd_epochs100_epochs0_001_epochs0_001_clusters6__rep1,7,0.75,tensor(0.1357, grad_fn=<SqueezeBackward0>),tensor(-0.3634, grad_fn=<NegBackward0>),288,80.28228092193604,6,0.5,,20
double_cake,random,random_lr0_1_lr0_01_lr0_01_optgd_epochs100_epochs0_001_epochs0_001_clusters4__rep1,71,0.7916666666666666,tensor(0.1448, grad_fn=<SqueezeBackward0>),tensor(-0.6889, grad_fn=<NegBackward0>),1152,77.57420206069946,4,0.5,,20
double_cake,random,random_lr0_1_lr0_01_lr0_01_optgd_epochs100_epochs0_001_epochs0_001_clusters6__rep1,8,0.7083333333333334,tensor(0.1357, grad_fn=<SqueezeBackward0>),tensor(-0.3106, grad_fn=<NegBackward0>),324,77.25633716583252,6,0.5,,20
double_cake,random,random_lr0_1_lr0_01_lr0_01_optgd_epochs100_epochs0_001_epochs0_001_clusters4__rep1,72,0.8333333333333334,tensor(0.1448, grad_fn=<SqueezeBackward0>),tensor(-0.5523, grad_fn=<NegBackward0>),1168,76.52134871482849,4,0.5,,20
double_cake,random,random_lr0_1_lr0_01_lr0_01_optgd_epochs100_epochs0_001_epochs0_001_clusters6__rep1,9,0.75,tensor(0.1358, grad_fn=<SqueezeBackward0>),tensor(-0.2407, grad_fn=<NegBackward0>),360,79.2362470626831,6,0.5,,20
double_cake,random,random_lr0_1_lr0_01_lr0_01_optgd_epochs100_epochs0_001_epochs0_001_clusters4__rep1,73,0.8333333333333334,tensor(0.1449, grad_fn=<SqueezeBackward0>),tensor(-0.4292, grad_fn=<NegBackward0>),1184,78.63072490692139,4,0.5,,20
double_cake,random,random_lr0_1_lr0_01_lr0_01_optgd_epochs100_epochs0_001_epochs0_001_clusters6__rep1,10,0.7083333333333334,tensor(0.1362, grad_fn=<SqueezeBackward0>),tensor(-0.4091, grad_fn=<NegBackward0>),396,78.2949709892273,6,0.5,,20
double_cake,random,random_lr0_1_lr0_01_lr0_01_optgd_epochs100_epochs0_001_epochs0_001_clusters4__rep1,74,0.8333333333333334,tensor(0.1450, grad_fn=<SqueezeBackward0>),tensor(-0.5020, grad_fn=<NegBackward0>),1200,72.61466121673584,4,0.5,,20
double_cake,random,random_lr0_1_lr0_01_lr0_01_optgd_epochs100_epochs0_001_epochs0_001_clusters6__rep1,11,0.7916666666666666,tensor(0.1367, grad_fn=<SqueezeBackward0>),tensor(-0.4242, grad_fn=<NegBackward0>),432,78.50548911094666,6,0.5,,20
double_cake,random,random_lr0_1_lr0_01_lr0_01_optgd_epochs100_epochs0_001_epochs0_001_clusters4__rep1,75,0.8333333333333334,tensor(0.1456, grad_fn=<SqueezeBackward0>),tensor(-0.3628, grad_fn=<NegBackward0>),1216,77.79572200775146,4,0.5,,20
double_cake,random,random_lr0_1_lr0_01_lr0_01_optgd_epochs100_epochs0_001_epochs0_001_clusters6__rep1,12,0.7916666666666666,tensor(0.1369, grad_fn=<SqueezeBackward0>),tensor(-0.5267, grad_fn=<NegBackward0>),468,78.98223114013672,6,0.5,,20
double_cake,random,random_lr0_1_lr0_01_lr0_01_optgd_epochs100_epochs0_001_epochs0_001_clusters4__rep1,76,0.8333333333333334,tensor(0.1451, grad_fn=<SqueezeBackward0>),tensor(-0.5797, grad_fn=<NegBackward0>),1232,76.0699520111084,4,0.5,,20
double_cake,random,random_lr0_1_lr0_01_lr0_01_optgd_epochs100_epochs0_001_epochs0_001_clusters6__rep1,13,0.7916666666666666,tensor(0.1371, grad_fn=<SqueezeBackward0>),tensor(-0.4992, grad_fn=<NegBackward0>),504,74.09599590301514,6,0.5,,20
double_cake,random,random_lr0_1_lr0_01_lr0_01_optgd_epochs100_epochs0_001_epochs0_001_clusters4__rep1,77,0.8333333333333334,tensor(0.1455, grad_fn=<SqueezeBackward0>),tensor(-0.4462, grad_fn=<NegBackward0>),1248,75.2641351222992,4,0.5,,20
double_cake,random,random_lr0_1_lr0_01_lr0_01_optgd_epochs100_epochs0_001_epochs0_001_clusters6__rep1,14,0.7916666666666666,tensor(0.1373, grad_fn=<SqueezeBackward0>),tensor(-0.3434, grad_fn=<NegBackward0>),540,77.75534009933472,6,0.5,,20
double_cake,random,random_lr0_1_lr0_01_lr0_01_optgd_epochs100_epochs0_001_epochs0_001_clusters4__rep1,78,0.8333333333333334,tensor(0.1459, grad_fn=<SqueezeBackward0>),tensor(-0.5759, grad_fn=<NegBackward0>),1264,74.04166722297668,4,0.5,,20
double_cake,random,random_lr0_1_lr0_01_lr0_01_optgd_epochs100_epochs0_001_epochs0_001_clusters6__rep1,15,0.7916666666666666,tensor(0.1376, grad_fn=<SqueezeBackward0>),tensor(-0.4972, grad_fn=<NegBackward0>),576,77.51720881462097,6,0.5,,20
double_cake,random,random_lr0_1_lr0_01_lr0_01_optgd_epochs100_epochs0_001_epochs0_001_clusters4__rep1,79,0.8333333333333334,tensor(0.1461, grad_fn=<SqueezeBackward0>),tensor(-0.4719, grad_fn=<NegBackward0>),1280,79.02171587944031,4,0.5,,20
double_cake,random,random_lr0_1_lr0_01_lr0_01_optgd_epochs100_epochs0_001_epochs0_001_clusters6__rep1,16,0.7916666666666666,tensor(0.1373, grad_fn=<SqueezeBackward0>),tensor(-0.5100, grad_fn=<NegBackward0>),612,78.52917003631592,6,0.5,,20
double_cake,random,random_lr0_1_lr0_01_lr0_01_optgd_epochs100_epochs0_001_epochs0_001_clusters4__rep1,80,0.8333333333333334,tensor(0.1466, grad_fn=<SqueezeBackward0>),tensor(-0.4690, grad_fn=<NegBackward0>),1296,75.0800199508667,4,0.5,,20
double_cake,random,random_lr0_1_lr0_01_lr0_01_optgd_epochs100_epochs0_001_epochs0_001_clusters6__rep1,17,0.75,tensor(0.1373, grad_fn=<SqueezeBackward0>),tensor(-0.3390, grad_fn=<NegBackward0>),648,76.22555375099182,6,0.5,,20
double_cake,random,random_lr0_1_lr0_01_lr0_01_optgd_epochs100_epochs0_001_epochs0_001_clusters4__rep1,81,0.8333333333333334,tensor(0.1469, grad_fn=<SqueezeBackward0>),tensor(-0.4953, grad_fn=<NegBackward0>),1312,75.51413989067078,4,0.5,,20
double_cake,random,random_lr0_1_lr0_01_lr0_01_optgd_epochs100_epochs0_001_epochs0_001_clusters6__rep1,18,0.75,tensor(0.1388, grad_fn=<SqueezeBackward0>),tensor(-0.3680, grad_fn=<NegBackward0>),684,75.61848187446594,6,0.5,,20
double_cake,random,random_lr0_1_lr0_01_lr0_01_optgd_epochs100_epochs0_001_epochs0_001_clusters4__rep1,82,0.8333333333333334,tensor(0.1424, grad_fn=<SqueezeBackward0>),tensor(-0.4043, grad_fn=<NegBackward0>),1328,75.20475482940674,4,0.5,,20
double_cake,random,random_lr0_1_lr0_01_lr0_01_optgd_epochs100_epochs0_001_epochs0_001_clusters6__rep1,19,0.75,tensor(0.1393, grad_fn=<SqueezeBackward0>),tensor(-0.3214, grad_fn=<NegBackward0>),720,75.9405288696289,6,0.5,,20
double_cake,random,random_lr0_1_lr0_01_lr0_01_optgd_epochs100_epochs0_001_epochs0_001_clusters4__rep1,83,0.8333333333333334,tensor(0.1440, grad_fn=<SqueezeBackward0>),tensor(-0.4082, grad_fn=<NegBackward0>),1344,77.50632405281067,4,0.5,,20
double_cake,random,random_lr0_1_lr0_01_lr0_01_optgd_epochs100_epochs0_001_epochs0_001_clusters6__rep1,20,0.75,tensor(0.1395, grad_fn=<SqueezeBackward0>),tensor(-0.4845, grad_fn=<NegBackward0>),756,77.69072103500366,6,0.5,,20
double_cake,random,random_lr0_1_lr0_01_lr0_01_optgd_epochs100_epochs0_001_epochs0_001_clusters4__rep1,84,0.8333333333333334,tensor(0.1447, grad_fn=<SqueezeBackward0>),tensor(-0.5656, grad_fn=<NegBackward0>),1360,82.14819312095642,4,0.5,,20
double_cake,random,random_lr0_1_lr0_01_lr0_01_optgd_epochs100_epochs0_001_epochs0_001_clusters6__rep1,21,0.75,tensor(0.1393, grad_fn=<SqueezeBackward0>),tensor(-0.4829, grad_fn=<NegBackward0>),792,80.64302587509155,6,0.5,,20
double_cake,random,random_lr0_1_lr0_01_lr0_01_optgd_epochs100_epochs0_001_epochs0_001_clusters4__rep1,85,0.8333333333333334,tensor(0.1445, grad_fn=<SqueezeBackward0>),tensor(-0.5306, grad_fn=<NegBackward0>),1376,78.12978792190552,4,0.5,,20
double_cake,random,random_lr0_1_lr0_01_lr0_01_optgd_epochs100_epochs0_001_epochs0_001_clusters6__rep1,22,0.7916666666666666,tensor(0.1393, grad_fn=<SqueezeBackward0>),tensor(-0.3248, grad_fn=<NegBackward0>),828,79.6376531124115,6,0.5,,20
double_cake,random,random_lr0_1_lr0_01_lr0_01_optgd_epochs100_epochs0_001_epochs0_001_clusters4__rep1,86,0.8333333333333334,tensor(0.1448, grad_fn=<SqueezeBackward0>),tensor(-0.3548, grad_fn=<NegBackward0>),1392,79.15968894958496,4,0.5,,20
double_cake,random,random_lr0_1_lr0_01_lr0_01_optgd_epochs100_epochs0_001_epochs0_001_clusters6__rep1,23,0.7916666666666666,tensor(0.1398, grad_fn=<SqueezeBackward0>),tensor(-0.3247, grad_fn=<NegBackward0>),864,78.87904477119446,6,0.5,,20
double_cake,random,random_lr0_1_lr0_01_lr0_01_optgd_epochs100_epochs0_001_epochs0_001_clusters4__rep1,87,0.8333333333333334,tensor(0.1449, grad_fn=<SqueezeBackward0>),tensor(-0.4345, grad_fn=<NegBackward0>),1408,75.72099184989929,4,0.5,,20
double_cake,random,random_lr0_1_lr0_01_lr0_01_optgd_epochs100_epochs0_001_epochs0_001_clusters6__rep1,24,0.7916666666666666,tensor(0.1398, grad_fn=<SqueezeBackward0>),tensor(-0.4567, grad_fn=<NegBackward0>),900,77.75783133506775,6,0.5,,20
double_cake,random,random_lr0_1_lr0_01_lr0_01_optgd_epochs100_epochs0_001_epochs0_001_clusters4__rep1,88,0.8333333333333334,tensor(0.1460, grad_fn=<SqueezeBackward0>),tensor(-0.4840, grad_fn=<NegBackward0>),1424,79.47957181930542,4,0.5,,20
double_cake,random,random_lr0_1_lr0_01_lr0_01_optgd_epochs100_epochs0_001_epochs0_001_clusters6__rep1,25,0.7916666666666666,tensor(0.1390, grad_fn=<SqueezeBackward0>),tensor(-0.4424, grad_fn=<NegBackward0>),936,76.65046977996826,6,0.5,,20
double_cake,random,random_lr0_1_lr0_01_lr0_01_optgd_epochs100_epochs0_001_epochs0_001_clusters4__rep1,89,0.8333333333333334,tensor(0.1455, grad_fn=<SqueezeBackward0>),tensor(-0.5449, grad_fn=<NegBackward0>),1440,73.27009677886963,4,0.5,,20
double_cake,random,random_lr0_1_lr0_01_lr0_01_optgd_epochs100_epochs0_001_epochs0_001_clusters6__rep1,26,0.7916666666666666,tensor(0.1397, grad_fn=<SqueezeBackward0>),tensor(-0.4587, grad_fn=<NegBackward0>),972,76.39911580085754,6,0.5,,20
double_cake,random,random_lr0_1_lr0_01_lr0_01_optgd_epochs100_epochs0_001_epochs0_001_clusters4__rep1,90,0.8333333333333334,tensor(0.1456, grad_fn=<SqueezeBackward0>),tensor(-0.4993, grad_fn=<NegBackward0>),1456,76.59400677680969,4,0.5,,20
double_cake,random,random_lr0_1_lr0_01_lr0_01_optgd_epochs100_epochs0_001_epochs0_001_clusters6__rep1,27,0.7916666666666666,tensor(0.1408, grad_fn=<SqueezeBackward0>),tensor(-0.3940, grad_fn=<NegBackward0>),1008,78.72469925880432,6,0.5,,20
double_cake,random,random_lr0_1_lr0_01_lr0_01_optgd_epochs100_epochs0_001_epochs0_001_clusters4__rep1,91,0.8333333333333334,tensor(0.1457, grad_fn=<SqueezeBackward0>),tensor(-0.5845, grad_fn=<NegBackward0>),1472,81.42088508605957,4,0.5,,20
double_cake,random,random_lr0_1_lr0_01_lr0_01_optgd_epochs100_epochs0_001_epochs0_001_clusters6__rep1,28,0.7916666666666666,tensor(0.1414, grad_fn=<SqueezeBackward0>),tensor(-0.4268, grad_fn=<NegBackward0>),1044,84.40009593963623,6,0.5,,20
double_cake,random,random_lr0_1_lr0_01_lr0_01_optgd_epochs100_epochs0_001_epochs0_001_clusters4__rep1,92,0.8333333333333334,tensor(0.1456, grad_fn=<SqueezeBackward0>),tensor(-0.5236, grad_fn=<NegBackward0>),1488,79.97021889686584,4,0.5,,20
double_cake,random,random_lr0_1_lr0_01_lr0_01_optgd_epochs100_epochs0_001_epochs0_001_clusters6__rep1,29,0.7916666666666666,tensor(0.1415, grad_fn=<SqueezeBackward0>),tensor(-0.4026, grad_fn=<NegBackward0>),1080,78.06492209434509,6,0.5,,20
double_cake,random,random_lr0_1_lr0_01_lr0_01_optgd_epochs100_epochs0_001_epochs0_001_clusters4__rep1,93,0.8333333333333334,tensor(0.1469, grad_fn=<SqueezeBackward0>),tensor(-0.4449, grad_fn=<NegBackward0>),1504,76.75469207763672,4,0.5,,20
double_cake,random,random_lr0_1_lr0_01_lr0_01_optgd_epochs100_epochs0_001_epochs0_001_clusters6__rep1,30,0.7916666666666666,tensor(0.1419, grad_fn=<SqueezeBackward0>),tensor(-0.3786, grad_fn=<NegBackward0>),1116,72.85668110847473,6,0.5,,20
double_cake,random,random_lr0_1_lr0_01_lr0_01_optgd_epochs100_epochs0_001_epochs0_001_clusters4__rep1,94,0.8333333333333334,tensor(0.1475, grad_fn=<SqueezeBackward0>),tensor(-0.4515, grad_fn=<NegBackward0>),1520,77.28691983222961,4,0.5,,20
double_cake,random,random_lr0_1_lr0_01_lr0_01_optgd_epochs100_epochs0_001_epochs0_001_clusters6__rep1,31,0.7916666666666666,tensor(0.1420, grad_fn=<SqueezeBackward0>),tensor(-0.4527, grad_fn=<NegBackward0>),1152,80.31474494934082,6,0.5,,20
double_cake,random,random_lr0_1_lr0_01_lr0_01_optgd_epochs100_epochs0_001_epochs0_001_clusters4__rep1,95,0.8333333333333334,tensor(0.1471, grad_fn=<SqueezeBackward0>),tensor(-0.5484, grad_fn=<NegBackward0>),1536,75.85588312149048,4,0.5,,20
double_cake,random,random_lr0_1_lr0_01_lr0_01_optgd_epochs100_epochs0_001_epochs0_001_clusters6__rep1,32,0.7916666666666666,tensor(0.1421, grad_fn=<SqueezeBackward0>),tensor(-0.4055, grad_fn=<NegBackward0>),1188,75.64616990089417,6,0.5,,20
double_cake,random,random_lr0_1_lr0_01_lr0_01_optgd_epochs100_epochs0_001_epochs0_001_clusters4__rep1,96,0.8333333333333334,tensor(0.1471, grad_fn=<SqueezeBackward0>),tensor(-0.3827, grad_fn=<NegBackward0>),1552,77.80814814567566,4,0.5,,20
double_cake,random,random_lr0_1_lr0_01_lr0_01_optgd_epochs100_epochs0_001_epochs0_001_clusters6__rep1,33,0.7916666666666666,tensor(0.1425, grad_fn=<SqueezeBackward0>),tensor(-0.4441, grad_fn=<NegBackward0>),1224,78.4465880393982,6,0.5,,20
double_cake,random,random_lr0_1_lr0_01_lr0_01_optgd_epochs100_epochs0_001_epochs0_001_clusters4__rep1,97,0.8333333333333334,tensor(0.1482, grad_fn=<SqueezeBackward0>),tensor(-0.4699, grad_fn=<NegBackward0>),1568,75.8910801410675,4,0.5,,20
double_cake,random,random_lr0_1_lr0_01_lr0_01_optgd_epochs100_epochs0_001_epochs0_001_clusters6__rep1,34,0.7916666666666666,tensor(0.1429, grad_fn=<SqueezeBackward0>),tensor(-0.4589, grad_fn=<NegBackward0>),1260,76.3452627658844,6,0.5,,20
double_cake,random,random_lr0_1_lr0_01_lr0_01_optgd_epochs100_epochs0_001_epochs0_001_clusters4__rep1,98,0.8333333333333334,tensor(0.1478, grad_fn=<SqueezeBackward0>),tensor(-0.5908, grad_fn=<NegBackward0>),1584,78.1059398651123,4,0.5,,20
double_cake,random,random_lr0_1_lr0_01_lr0_01_optgd_epochs100_epochs0_001_epochs0_001_clusters4__rep1,99,0.8333333333333334,tensor(0.1481, grad_fn=<SqueezeBackward0>),tensor(-0.5751, grad_fn=<NegBackward0>),1600,72.84934115409851,4,0.5,,20
double_cake,random,random_lr0_1_lr0_01_lr0_01_optgd_epochs100_epochs0_001_epochs0_001_clusters6__rep1,35,0.7916666666666666,tensor(0.1426, grad_fn=<SqueezeBackward0>),tensor(-0.4949, grad_fn=<NegBackward0>),1296,75.96872901916504,6,0.5,,20
double_cake,random,random_lr0_1_lr0_01_lr0_01_optgd_epochs100_epochs0_001_epochs0_001_clusters6__rep1,36,0.7916666666666666,tensor(0.1423, grad_fn=<SqueezeBackward0>),tensor(-0.4383, grad_fn=<NegBackward0>),1332,78.24104809761047,6,0.5,,20
double_cake,random,random_lr0_1_lr0_01_lr0_01_optgd_epochs100_epochs0_001_epochs0_001_clusters6__rep1,37,0.7916666666666666,tensor(0.1425, grad_fn=<SqueezeBackward0>),tensor(-0.4398, grad_fn=<NegBackward0>),1368,78.03573083877563,6,0.5,,20
double_cake,random,random_lr0_1_lr0_01_lr0_01_optgd_epochs100_epochs0_001_epochs0_001_clusters8__rep1,0,0.7916666666666666,tensor(0.1345, grad_fn=<SqueezeBackward0>),tensor(-0.2610, grad_fn=<NegBackward0>),64,2837.7134408950806,8,0.5,,20
double_cake,random,random_lr0_1_lr0_01_lr0_01_optgd_epochs100_epochs0_001_epochs0_001_clusters6__rep1,38,0.7916666666666666,tensor(0.1428, grad_fn=<SqueezeBackward0>),tensor(-0.3612, grad_fn=<NegBackward0>),1404,3747.2412090301514,6,0.5,,20
double_cake,random,random_lr0_1_lr0_01_lr0_01_optgd_epochs100_epochs0_001_epochs0_001_clusters8__rep1,1,0.7916666666666666,tensor(0.1347, grad_fn=<SqueezeBackward0>),tensor(-0.3155, grad_fn=<NegBackward0>),128,6271.349457979202,8,0.5,,20
double_cake,random,random_lr0_1_lr0_01_lr0_01_optgd_epochs100_epochs0_001_epochs0_001_clusters6__rep1,39,0.7916666666666666,tensor(0.1423, grad_fn=<SqueezeBackward0>),tensor(-0.4259, grad_fn=<NegBackward0>),1440,6268.478778839111,6,0.5,,20
double_cake,random,random_lr0_1_lr0_01_lr0_01_optgd_epochs100_epochs0_001_epochs0_001_clusters8__rep1,2,0.7916666666666666,tensor(0.1346, grad_fn=<SqueezeBackward0>),tensor(-0.2522, grad_fn=<NegBackward0>),192,2036.6524112224579,8,0.5,,20
double_cake,random,random_lr0_1_lr0_01_lr0_01_optgd_epochs100_epochs0_001_epochs0_001_clusters6__rep1,40,0.7916666666666666,tensor(0.1423, grad_fn=<SqueezeBackward0>),tensor(-0.4158, grad_fn=<NegBackward0>),1476,1132.4835848808289,6,0.5,,20
double_cake,random,random_lr0_1_lr0_01_lr0_01_optgd_epochs100_epochs0_001_epochs0_001_clusters8__rep1,3,0.7916666666666666,tensor(0.1345, grad_fn=<SqueezeBackward0>),tensor(-0.2592, grad_fn=<NegBackward0>),256,72.80950117111206,8,0.5,,20
double_cake,random,random_lr0_1_lr0_01_lr0_01_optgd_epochs100_epochs0_001_epochs0_001_clusters6__rep1,41,0.7916666666666666,tensor(0.1426, grad_fn=<SqueezeBackward0>),tensor(-0.4985, grad_fn=<NegBackward0>),1512,79.67053580284119,6,0.5,,20
double_cake,random,random_lr0_1_lr0_01_lr0_01_optgd_epochs100_epochs0_001_epochs0_001_clusters8__rep1,4,0.75,tensor(0.1354, grad_fn=<SqueezeBackward0>),tensor(-0.3920, grad_fn=<NegBackward0>),320,78.22930097579956,8,0.5,,20
double_cake,random,random_lr0_1_lr0_01_lr0_01_optgd_epochs100_epochs0_001_epochs0_001_clusters6__rep1,42,0.7916666666666666,tensor(0.1435, grad_fn=<SqueezeBackward0>),tensor(-0.4195, grad_fn=<NegBackward0>),1548,77.07186222076416,6,0.5,,20
double_cake,random,random_lr0_1_lr0_01_lr0_01_optgd_epochs100_epochs0_001_epochs0_001_clusters8__rep1,5,0.75,tensor(0.1355, grad_fn=<SqueezeBackward0>),tensor(-0.2602, grad_fn=<NegBackward0>),384,74.5076961517334,8,0.5,,20
double_cake,random,random_lr0_1_lr0_01_lr0_01_optgd_epochs100_epochs0_001_epochs0_001_clusters6__rep1,43,0.7916666666666666,tensor(0.1435, grad_fn=<SqueezeBackward0>),tensor(-0.4044, grad_fn=<NegBackward0>),1584,75.58527183532715,6,0.5,,20
double_cake,random,random_lr0_1_lr0_01_lr0_01_optgd_epochs100_epochs0_001_epochs0_001_clusters8__rep1,6,0.7916666666666666,tensor(0.1367, grad_fn=<SqueezeBackward0>),tensor(-0.3804, grad_fn=<NegBackward0>),448,78.76420903205872,8,0.5,,20
double_cake,random,random_lr0_1_lr0_01_lr0_01_optgd_epochs100_epochs0_001_epochs0_001_clusters6__rep1,44,0.7916666666666666,tensor(0.1435, grad_fn=<SqueezeBackward0>),tensor(-0.3374, grad_fn=<NegBackward0>),1620,78.42649292945862,6,0.5,,20
double_cake,random,random_lr0_1_lr0_01_lr0_01_optgd_epochs100_epochs0_001_epochs0_001_clusters8__rep1,7,0.7916666666666666,tensor(0.1366, grad_fn=<SqueezeBackward0>),tensor(-0.3084, grad_fn=<NegBackward0>),512,76.00724816322327,8,0.5,,20
double_cake,random,random_lr0_1_lr0_01_lr0_01_optgd_epochs100_epochs0_001_epochs0_001_clusters6__rep1,45,0.7916666666666666,tensor(0.1442, grad_fn=<SqueezeBackward0>),tensor(-0.4951, grad_fn=<NegBackward0>),1656,78.83629274368286,6,0.5,,20
double_cake,random,random_lr0_1_lr0_01_lr0_01_optgd_epochs100_epochs0_001_epochs0_001_clusters8__rep1,8,0.7916666666666666,tensor(0.1370, grad_fn=<SqueezeBackward0>),tensor(-0.2746, grad_fn=<NegBackward0>),576,74.46303915977478,8,0.5,,20
double_cake,random,random_lr0_1_lr0_01_lr0_01_optgd_epochs100_epochs0_001_epochs0_001_clusters6__rep1,46,0.7916666666666666,tensor(0.1442, grad_fn=<SqueezeBackward0>),tensor(-0.4500, grad_fn=<NegBackward0>),1692,76.78846168518066,6,0.5,,20
double_cake,random,random_lr0_1_lr0_01_lr0_01_optgd_epochs100_epochs0_001_epochs0_001_clusters8__rep1,9,0.7916666666666666,tensor(0.1373, grad_fn=<SqueezeBackward0>),tensor(-0.2613, grad_fn=<NegBackward0>),640,79.8087968826294,8,0.5,,20
double_cake,random,random_lr0_1_lr0_01_lr0_01_optgd_epochs100_epochs0_001_epochs0_001_clusters6__rep1,47,0.7916666666666666,tensor(0.1445, grad_fn=<SqueezeBackward0>),tensor(-0.4144, grad_fn=<NegBackward0>),1728,75.9162859916687,6,0.5,,20
double_cake,random,random_lr0_1_lr0_01_lr0_01_optgd_epochs100_epochs0_001_epochs0_001_clusters8__rep1,10,0.7916666666666666,tensor(0.1384, grad_fn=<SqueezeBackward0>),tensor(-0.4047, grad_fn=<NegBackward0>),704,76.8473711013794,8,0.5,,20
double_cake,random,random_lr0_1_lr0_01_lr0_01_optgd_epochs100_epochs0_001_epochs0_001_clusters6__rep1,48,0.7916666666666666,tensor(0.1447, grad_fn=<SqueezeBackward0>),tensor(-0.5144, grad_fn=<NegBackward0>),1764,73.7558581829071,6,0.5,,20
double_cake,random,random_lr0_1_lr0_01_lr0_01_optgd_epochs100_epochs0_001_epochs0_001_clusters8__rep1,11,0.7916666666666666,tensor(0.1388, grad_fn=<SqueezeBackward0>),tensor(-0.3754, grad_fn=<NegBackward0>),768,77.22446894645691,8,0.5,,20
double_cake,random,random_lr0_1_lr0_01_lr0_01_optgd_epochs100_epochs0_001_epochs0_001_clusters6__rep1,49,0.7916666666666666,tensor(0.1444, grad_fn=<SqueezeBackward0>),tensor(-0.4725, grad_fn=<NegBackward0>),1800,79.31195902824402,6,0.5,,20
double_cake,random,random_lr0_1_lr0_01_lr0_01_optgd_epochs100_epochs0_001_epochs0_001_clusters8__rep1,12,0.7916666666666666,tensor(0.1387, grad_fn=<SqueezeBackward0>),tensor(-0.4291, grad_fn=<NegBackward0>),832,77.66624808311462,8,0.5,,20
double_cake,random,random_lr0_1_lr0_01_lr0_01_optgd_epochs100_epochs0_001_epochs0_001_clusters6__rep1,50,0.7916666666666666,tensor(0.1446, grad_fn=<SqueezeBackward0>),tensor(-0.3531, grad_fn=<NegBackward0>),1836,74.26337003707886,6,0.5,,20
double_cake,random,random_lr0_1_lr0_01_lr0_01_optgd_epochs100_epochs0_001_epochs0_001_clusters8__rep1,13,0.7916666666666666,tensor(0.1387, grad_fn=<SqueezeBackward0>),tensor(-0.3485, grad_fn=<NegBackward0>),896,72.30103993415833,8,0.5,,20
double_cake,random,random_lr0_1_lr0_01_lr0_01_optgd_epochs100_epochs0_001_epochs0_001_clusters6__rep1,51,0.7916666666666666,tensor(0.1447, grad_fn=<SqueezeBackward0>),tensor(-0.4198, grad_fn=<NegBackward0>),1872,79.21087598800659,6,0.5,,20
double_cake,random,random_lr0_1_lr0_01_lr0_01_optgd_epochs100_epochs0_001_epochs0_001_clusters8__rep1,14,0.7916666666666666,tensor(0.1388, grad_fn=<SqueezeBackward0>),tensor(-0.2961, grad_fn=<NegBackward0>),960,79.46532773971558,8,0.5,,20
double_cake,random,random_lr0_1_lr0_01_lr0_01_optgd_epochs100_epochs0_001_epochs0_001_clusters6__rep1,52,0.7916666666666666,tensor(0.1454, grad_fn=<SqueezeBackward0>),tensor(-0.3683, grad_fn=<NegBackward0>),1908,77.80795383453369,6,0.5,,20
double_cake,random,random_lr0_1_lr0_01_lr0_01_optgd_epochs100_epochs0_001_epochs0_001_clusters8__rep1,15,0.7916666666666666,tensor(0.1392, grad_fn=<SqueezeBackward0>),tensor(-0.3396, grad_fn=<NegBackward0>),1024,73.81374478340149,8,0.5,,20
double_cake,random,random_lr0_1_lr0_01_lr0_01_optgd_epochs100_epochs0_001_epochs0_001_clusters6__rep1,53,0.7916666666666666,tensor(0.1458, grad_fn=<SqueezeBackward0>),tensor(-0.3195, grad_fn=<NegBackward0>),1944,75.95384669303894,6,0.5,,20
double_cake,random,random_lr0_1_lr0_01_lr0_01_optgd_epochs100_epochs0_001_epochs0_001_clusters8__rep1,16,0.7916666666666666,tensor(0.1388, grad_fn=<SqueezeBackward0>),tensor(-0.4461, grad_fn=<NegBackward0>),1088,77.64330124855042,8,0.5,,20
double_cake,random,random_lr0_1_lr0_01_lr0_01_optgd_epochs100_epochs0_001_epochs0_001_clusters6__rep1,54,0.7916666666666666,tensor(0.1459, grad_fn=<SqueezeBackward0>),tensor(-0.4469, grad_fn=<NegBackward0>),1980,75.00765419006348,6,0.5,,20
double_cake,random,random_lr0_1_lr0_01_lr0_01_optgd_epochs100_epochs0_001_epochs0_001_clusters8__rep1,17,0.7916666666666666,tensor(0.1392, grad_fn=<SqueezeBackward0>),tensor(-0.3008, grad_fn=<NegBackward0>),1152,73.83870697021484,8,0.5,,20
double_cake,random,random_lr0_1_lr0_01_lr0_01_optgd_epochs100_epochs0_001_epochs0_001_clusters6__rep1,55,0.7916666666666666,tensor(0.1466, grad_fn=<SqueezeBackward0>),tensor(-0.4257, grad_fn=<NegBackward0>),2016,75.03336977958679,6,0.5,,20
double_cake,random,random_lr0_1_lr0_01_lr0_01_optgd_epochs100_epochs0_001_epochs0_001_clusters8__rep1,18,0.7916666666666666,tensor(0.1406, grad_fn=<SqueezeBackward0>),tensor(-0.3564, grad_fn=<NegBackward0>),1216,79.1200659275055,8,0.5,,20
double_cake,random,random_lr0_1_lr0_01_lr0_01_optgd_epochs100_epochs0_001_epochs0_001_clusters6__rep1,56,0.7916666666666666,tensor(0.1469, grad_fn=<SqueezeBackward0>),tensor(-0.3906, grad_fn=<NegBackward0>),2052,77.5567901134491,6,0.5,,20
double_cake,random,random_lr0_1_lr0_01_lr0_01_optgd_epochs100_epochs0_001_epochs0_001_clusters8__rep1,19,0.7916666666666666,tensor(0.1411, grad_fn=<SqueezeBackward0>),tensor(-0.3254, grad_fn=<NegBackward0>),1280,77.92301106452942,8,0.5,,20
double_cake,random,random_lr0_1_lr0_01_lr0_01_optgd_epochs100_epochs0_001_epochs0_001_clusters6__rep1,57,0.7916666666666666,tensor(0.1469, grad_fn=<SqueezeBackward0>),tensor(-0.6102, grad_fn=<NegBackward0>),2088,75.53898501396179,6,0.5,,20
double_cake,random,random_lr0_1_lr0_01_lr0_01_optgd_epochs100_epochs0_001_epochs0_001_clusters8__rep1,20,0.7916666666666666,tensor(0.1414, grad_fn=<SqueezeBackward0>),tensor(-0.3722, grad_fn=<NegBackward0>),1344,72.20118570327759,8,0.5,,20
double_cake,random,random_lr0_1_lr0_01_lr0_01_optgd_epochs100_epochs0_001_epochs0_001_clusters6__rep1,58,0.7916666666666666,tensor(0.1470, grad_fn=<SqueezeBackward0>),tensor(-0.2576, grad_fn=<NegBackward0>),2124,77.80779194831848,6,0.5,,20
double_cake,random,random_lr0_1_lr0_01_lr0_01_optgd_epochs100_epochs0_001_epochs0_001_clusters8__rep1,21,0.7916666666666666,tensor(0.1416, grad_fn=<SqueezeBackward0>),tensor(-0.3434, grad_fn=<NegBackward0>),1408,79.22974801063538,8,0.5,,20
double_cake,random,random_lr0_1_lr0_01_lr0_01_optgd_epochs100_epochs0_001_epochs0_001_clusters6__rep1,59,0.7916666666666666,tensor(0.1476, grad_fn=<SqueezeBackward0>),tensor(-0.4623, grad_fn=<NegBackward0>),2160,72.59113812446594,6,0.5,,20
double_cake,random,random_lr0_1_lr0_01_lr0_01_optgd_epochs100_epochs0_001_epochs0_001_clusters8__rep1,22,0.8333333333333334,tensor(0.1414, grad_fn=<SqueezeBackward0>),tensor(-0.3168, grad_fn=<NegBackward0>),1472,76.71246671676636,8,0.5,,20
double_cake,random,random_lr0_1_lr0_01_lr0_01_optgd_epochs100_epochs0_001_epochs0_001_clusters6__rep1,60,0.7916666666666666,tensor(0.1483, grad_fn=<SqueezeBackward0>),tensor(-0.3725, grad_fn=<NegBackward0>),2196,80.1073830127716,6,0.5,,20
double_cake,random,random_lr0_1_lr0_01_lr0_01_optgd_epochs100_epochs0_001_epochs0_001_clusters8__rep1,23,0.7916666666666666,tensor(0.1413, grad_fn=<SqueezeBackward0>),tensor(-0.2793, grad_fn=<NegBackward0>),1536,77.82763481140137,8,0.5,,20
double_cake,random,random_lr0_1_lr0_01_lr0_01_optgd_epochs100_epochs0_001_epochs0_001_clusters6__rep1,61,0.7916666666666666,tensor(0.1485, grad_fn=<SqueezeBackward0>),tensor(-0.3943, grad_fn=<NegBackward0>),2232,78.11534285545349,6,0.5,,20
double_cake,random,random_lr0_1_lr0_01_lr0_01_optgd_epochs100_epochs0_001_epochs0_001_clusters8__rep1,24,0.7916666666666666,tensor(0.1417, grad_fn=<SqueezeBackward0>),tensor(-0.3820, grad_fn=<NegBackward0>),1600,77.94364595413208,8,0.5,,20
double_cake,random,random_lr0_1_lr0_01_lr0_01_optgd_epochs100_epochs0_001_epochs0_001_clusters6__rep1,62,0.7916666666666666,tensor(0.1490, grad_fn=<SqueezeBackward0>),tensor(-0.4098, grad_fn=<NegBackward0>),2268,77.94766592979431,6,0.5,,20
double_cake,random,random_lr0_1_lr0_01_lr0_01_optgd_epochs100_epochs0_001_epochs0_001_clusters8__rep1,25,0.7916666666666666,tensor(0.1412, grad_fn=<SqueezeBackward0>),tensor(-0.3706, grad_fn=<NegBackward0>),1664,72.4225401878357,8,0.5,,20
double_cake,random,random_lr0_1_lr0_01_lr0_01_optgd_epochs100_epochs0_001_epochs0_001_clusters6__rep1,63,0.7916666666666666,tensor(0.1488, grad_fn=<SqueezeBackward0>),tensor(-0.4787, grad_fn=<NegBackward0>),2304,78.01216506958008,6,0.5,,20
double_cake,random,random_lr0_1_lr0_01_lr0_01_optgd_epochs100_epochs0_001_epochs0_001_clusters8__rep1,26,0.7916666666666666,tensor(0.1423, grad_fn=<SqueezeBackward0>),tensor(-0.4119, grad_fn=<NegBackward0>),1728,76.93090271949768,8,0.5,,20
double_cake,random,random_lr0_1_lr0_01_lr0_01_optgd_epochs100_epochs0_001_epochs0_001_clusters6__rep1,64,0.7916666666666666,tensor(0.1485, grad_fn=<SqueezeBackward0>),tensor(-0.3871, grad_fn=<NegBackward0>),2340,73.74640798568726,6,0.5,,20
double_cake,random,random_lr0_1_lr0_01_lr0_01_optgd_epochs100_epochs0_001_epochs0_001_clusters8__rep1,27,0.7916666666666666,tensor(0.1433, grad_fn=<SqueezeBackward0>),tensor(-0.3845, grad_fn=<NegBackward0>),1792,79.06118297576904,8,0.5,,20
double_cake,random,random_lr0_1_lr0_01_lr0_01_optgd_epochs100_epochs0_001_epochs0_001_clusters6__rep1,65,0.7916666666666666,tensor(0.1488, grad_fn=<SqueezeBackward0>),tensor(-0.1848, grad_fn=<NegBackward0>),2376,77.7342700958252,6,0.5,,20
double_cake,random,random_lr0_1_lr0_01_lr0_01_optgd_epochs100_epochs0_001_epochs0_001_clusters8__rep1,28,0.7916666666666666,tensor(0.1437, grad_fn=<SqueezeBackward0>),tensor(-0.2139, grad_fn=<NegBackward0>),1856,73.58851194381714,8,0.5,,20
double_cake,random,random_lr0_1_lr0_01_lr0_01_optgd_epochs100_epochs0_001_epochs0_001_clusters6__rep1,66,0.7916666666666666,tensor(0.1483, grad_fn=<SqueezeBackward0>),tensor(-0.4218, grad_fn=<NegBackward0>),2412,78.75566101074219,6,0.5,,20
double_cake,random,random_lr0_1_lr0_01_lr0_01_optgd_epochs100_epochs0_001_epochs0_001_clusters8__rep1,29,0.7916666666666666,tensor(0.1437, grad_fn=<SqueezeBackward0>),tensor(-0.3325, grad_fn=<NegBackward0>),1920,78.68872714042664,8,0.5,,20
double_cake,random,random_lr0_1_lr0_01_lr0_01_optgd_epochs100_epochs0_001_epochs0_001_clusters6__rep1,67,0.7916666666666666,tensor(0.1484, grad_fn=<SqueezeBackward0>),tensor(-0.4955, grad_fn=<NegBackward0>),2448,81.00510787963867,6,0.5,,20
double_cake,random,random_lr0_1_lr0_01_lr0_01_optgd_epochs100_epochs0_001_epochs0_001_clusters8__rep1,30,0.7916666666666666,tensor(0.1438, grad_fn=<SqueezeBackward0>),tensor(-0.3081, grad_fn=<NegBackward0>),1984,76.99801325798035,8,0.5,,20
double_cake,random,random_lr0_1_lr0_01_lr0_01_optgd_epochs100_epochs0_001_epochs0_001_clusters6__rep1,68,0.7916666666666666,tensor(0.1486, grad_fn=<SqueezeBackward0>),tensor(-0.4449, grad_fn=<NegBackward0>),2484,76.3648943901062,6,0.5,,20
double_cake,random,random_lr0_1_lr0_01_lr0_01_optgd_epochs100_epochs0_001_epochs0_001_clusters8__rep1,31,0.7916666666666666,tensor(0.1444, grad_fn=<SqueezeBackward0>),tensor(-0.3936, grad_fn=<NegBackward0>),2048,76.01013708114624,8,0.5,,20
double_cake,random,random_lr0_1_lr0_01_lr0_01_optgd_epochs100_epochs0_001_epochs0_001_clusters6__rep1,69,0.8333333333333334,tensor(0.1484, grad_fn=<SqueezeBackward0>),tensor(-0.3684, grad_fn=<NegBackward0>),2520,76.08081984519958,6,0.5,,20
double_cake,random,random_lr0_1_lr0_01_lr0_01_optgd_epochs100_epochs0_001_epochs0_001_clusters8__rep1,32,0.8333333333333334,tensor(0.1448, grad_fn=<SqueezeBackward0>),tensor(-0.3597, grad_fn=<NegBackward0>),2112,77.83237504959106,8,0.5,,20
double_cake,random,random_lr0_1_lr0_01_lr0_01_optgd_epochs100_epochs0_001_epochs0_001_clusters6__rep1,70,0.8333333333333334,tensor(0.1479, grad_fn=<SqueezeBackward0>),tensor(-0.4375, grad_fn=<NegBackward0>),2556,76.05128192901611,6,0.5,,20
double_cake,random,random_lr0_1_lr0_01_lr0_01_optgd_epochs100_epochs0_001_epochs0_001_clusters8__rep1,33,0.8333333333333334,tensor(0.1451, grad_fn=<SqueezeBackward0>),tensor(-0.4453, grad_fn=<NegBackward0>),2176,75.51383709907532,8,0.5,,20
double_cake,random,random_lr0_1_lr0_01_lr0_01_optgd_epochs100_epochs0_001_epochs0_001_clusters6__rep1,71,0.7916666666666666,tensor(0.1490, grad_fn=<SqueezeBackward0>),tensor(-0.5784, grad_fn=<NegBackward0>),2592,76.03904104232788,6,0.5,,20
double_cake,random,random_lr0_1_lr0_01_lr0_01_optgd_epochs100_epochs0_001_epochs0_001_clusters8__rep1,34,0.75,tensor(0.1455, grad_fn=<SqueezeBackward0>),tensor(-0.4199, grad_fn=<NegBackward0>),2240,78.48481011390686,8,0.5,,20
double_cake,random,random_lr0_1_lr0_01_lr0_01_optgd_epochs100_epochs0_001_epochs0_001_clusters6__rep1,72,0.8333333333333334,tensor(0.1491, grad_fn=<SqueezeBackward0>),tensor(-0.5580, grad_fn=<NegBackward0>),2628,76.19232511520386,6,0.5,,20
double_cake,random,random_lr0_1_lr0_01_lr0_01_optgd_epochs100_epochs0_001_epochs0_001_clusters8__rep1,35,0.75,tensor(0.1459, grad_fn=<SqueezeBackward0>),tensor(-0.3629, grad_fn=<NegBackward0>),2304,72.69330835342407,8,0.5,,20
double_cake,random,random_lr0_1_lr0_01_lr0_01_optgd_epochs100_epochs0_001_epochs0_001_clusters6__rep1,73,0.8333333333333334,tensor(0.1492, grad_fn=<SqueezeBackward0>),tensor(-0.3633, grad_fn=<NegBackward0>),2664,78.37970471382141,6,0.5,,20
double_cake,random,random_lr0_1_lr0_01_lr0_01_optgd_epochs100_epochs0_001_epochs0_001_clusters8__rep1,36,0.8333333333333334,tensor(0.1458, grad_fn=<SqueezeBackward0>),tensor(-0.4407, grad_fn=<NegBackward0>),2368,80.3656747341156,8,0.5,,20
double_cake,random,random_lr0_1_lr0_01_lr0_01_optgd_epochs100_epochs0_001_epochs0_001_clusters6__rep1,74,0.8333333333333334,tensor(0.1501, grad_fn=<SqueezeBackward0>),tensor(-0.4374, grad_fn=<NegBackward0>),2700,79.1304759979248,6,0.5,,20
double_cake,random,random_lr0_1_lr0_01_lr0_01_optgd_epochs100_epochs0_001_epochs0_001_clusters8__rep1,37,0.7916666666666666,tensor(0.1463, grad_fn=<SqueezeBackward0>),tensor(-0.4067, grad_fn=<NegBackward0>),2432,77.79205012321472,8,0.5,,20
double_cake,random,random_lr0_1_lr0_01_lr0_01_optgd_epochs100_epochs0_001_epochs0_001_clusters6__rep1,75,0.8333333333333334,tensor(0.1509, grad_fn=<SqueezeBackward0>),tensor(-0.3640, grad_fn=<NegBackward0>),2736,76.16364979743958,6,0.5,,20
double_cake,random,random_lr0_1_lr0_01_lr0_01_optgd_epochs100_epochs0_001_epochs0_001_clusters8__rep1,38,0.8333333333333334,tensor(0.1469, grad_fn=<SqueezeBackward0>),tensor(-0.2999, grad_fn=<NegBackward0>),2496,78.38347434997559,8,0.5,,20
double_cake,random,random_lr0_1_lr0_01_lr0_01_optgd_epochs100_epochs0_001_epochs0_001_clusters6__rep1,76,0.8333333333333334,tensor(0.1510, grad_fn=<SqueezeBackward0>),tensor(-0.5332, grad_fn=<NegBackward0>),2772,75.74289178848267,6,0.5,,20
double_cake,random,random_lr0_1_lr0_01_lr0_01_optgd_epochs100_epochs0_001_epochs0_001_clusters8__rep1,39,0.8333333333333334,tensor(0.1467, grad_fn=<SqueezeBackward0>),tensor(-0.3992, grad_fn=<NegBackward0>),2560,74.40214967727661,8,0.5,,20
double_cake,random,random_lr0_1_lr0_01_lr0_01_optgd_epochs100_epochs0_001_epochs0_001_clusters6__rep1,77,0.8333333333333334,tensor(0.1510, grad_fn=<SqueezeBackward0>),tensor(-0.3806, grad_fn=<NegBackward0>),2808,80.20827913284302,6,0.5,,20
double_cake,random,random_lr0_1_lr0_01_lr0_01_optgd_epochs100_epochs0_001_epochs0_001_clusters8__rep1,40,0.7916666666666666,tensor(0.1465, grad_fn=<SqueezeBackward0>),tensor(-0.3760, grad_fn=<NegBackward0>),2624,83.7688980102539,8,0.5,,20
double_cake,random,random_lr0_1_lr0_01_lr0_01_optgd_epochs100_epochs0_001_epochs0_001_clusters6__rep1,78,0.8333333333333334,tensor(0.1514, grad_fn=<SqueezeBackward0>),tensor(-0.4950, grad_fn=<NegBackward0>),2844,76.93788862228394,6,0.5,,20
double_cake,random,random_lr0_1_lr0_01_lr0_01_optgd_epochs100_epochs0_001_epochs0_001_clusters8__rep1,41,0.75,tensor(0.1466, grad_fn=<SqueezeBackward0>),tensor(-0.4284, grad_fn=<NegBackward0>),2688,76.14880108833313,8,0.5,,20
double_cake,random,random_lr0_1_lr0_01_lr0_01_optgd_epochs100_epochs0_001_epochs0_001_clusters6__rep1,79,0.8333333333333334,tensor(0.1522, grad_fn=<SqueezeBackward0>),tensor(-0.4037, grad_fn=<NegBackward0>),2880,81.32371997833252,6,0.5,,20
double_cake,random,random_lr0_1_lr0_01_lr0_01_optgd_epochs100_epochs0_001_epochs0_001_clusters8__rep1,42,0.75,tensor(0.1477, grad_fn=<SqueezeBackward0>),tensor(-0.4018, grad_fn=<NegBackward0>),2752,79.16569685935974,8,0.5,,20
double_cake,random,random_lr0_1_lr0_01_lr0_01_optgd_epochs100_epochs0_001_epochs0_001_clusters6__rep1,80,0.8333333333333334,tensor(0.1523, grad_fn=<SqueezeBackward0>),tensor(-0.4040, grad_fn=<NegBackward0>),2916,76.84236693382263,6,0.5,,20
double_cake,random,random_lr0_1_lr0_01_lr0_01_optgd_epochs100_epochs0_001_epochs0_001_clusters8__rep1,43,0.7916666666666666,tensor(0.1482, grad_fn=<SqueezeBackward0>),tensor(-0.3876, grad_fn=<NegBackward0>),2816,82.0338499546051,8,0.5,,20
double_cake,random,random_lr0_1_lr0_01_lr0_01_optgd_epochs100_epochs0_001_epochs0_001_clusters6__rep1,81,0.8333333333333334,tensor(0.1523, grad_fn=<SqueezeBackward0>),tensor(-0.3365, grad_fn=<NegBackward0>),2952,77.49891519546509,6,0.5,,20
double_cake,random,random_lr0_1_lr0_01_lr0_01_optgd_epochs100_epochs0_001_epochs0_001_clusters8__rep1,44,0.7916666666666666,tensor(0.1484, grad_fn=<SqueezeBackward0>),tensor(-0.3259, grad_fn=<NegBackward0>),2880,73.95091366767883,8,0.5,,20
double_cake,random,random_lr0_1_lr0_01_lr0_01_optgd_epochs100_epochs0_001_epochs0_001_clusters6__rep1,82,0.8333333333333334,tensor(0.1481, grad_fn=<SqueezeBackward0>),tensor(-0.3059, grad_fn=<NegBackward0>),2988,75.63905000686646,6,0.5,,20
double_cake,random,random_lr0_1_lr0_01_lr0_01_optgd_epochs100_epochs0_001_epochs0_001_clusters8__rep1,45,0.7916666666666666,tensor(0.1487, grad_fn=<SqueezeBackward0>),tensor(-0.4076, grad_fn=<NegBackward0>),2944,80.64144492149353,8,0.5,,20
double_cake,random,random_lr0_1_lr0_01_lr0_01_optgd_epochs100_epochs0_001_epochs0_001_clusters6__rep1,83,0.8333333333333334,tensor(0.1499, grad_fn=<SqueezeBackward0>),tensor(-0.4227, grad_fn=<NegBackward0>),3024,80.2569591999054,6,0.5,,20
double_cake,random,random_lr0_1_lr0_01_lr0_01_optgd_epochs100_epochs0_001_epochs0_001_clusters8__rep1,46,0.8333333333333334,tensor(0.1487, grad_fn=<SqueezeBackward0>),tensor(-0.3972, grad_fn=<NegBackward0>),3008,79.63314199447632,8,0.5,,20
double_cake,random,random_lr0_1_lr0_01_lr0_01_optgd_epochs100_epochs0_001_epochs0_001_clusters6__rep1,84,0.8333333333333334,tensor(0.1501, grad_fn=<SqueezeBackward0>),tensor(-0.4551, grad_fn=<NegBackward0>),3060,79.03123474121094,6,0.5,,20
double_cake,random,random_lr0_1_lr0_01_lr0_01_optgd_epochs100_epochs0_001_epochs0_001_clusters8__rep1,47,0.7916666666666666,tensor(0.1494, grad_fn=<SqueezeBackward0>),tensor(-0.3290, grad_fn=<NegBackward0>),3072,77.08224892616272,8,0.5,,20
double_cake,random,random_lr0_1_lr0_01_lr0_01_optgd_epochs100_epochs0_001_epochs0_001_clusters6__rep1,85,0.7916666666666666,tensor(0.1499, grad_fn=<SqueezeBackward0>),tensor(-0.3613, grad_fn=<NegBackward0>),3096,77.4531319141388,6,0.5,,20
double_cake,random,random_lr0_1_lr0_01_lr0_01_optgd_epochs100_epochs0_001_epochs0_001_clusters8__rep1,48,0.7916666666666666,tensor(0.1501, grad_fn=<SqueezeBackward0>),tensor(-0.4055, grad_fn=<NegBackward0>),3136,79.50568199157715,8,0.5,,20
double_cake,random,random_lr0_1_lr0_01_lr0_01_optgd_epochs100_epochs0_001_epochs0_001_clusters6__rep1,86,0.7916666666666666,tensor(0.1502, grad_fn=<SqueezeBackward0>),tensor(-0.3994, grad_fn=<NegBackward0>),3132,76.89897227287292,6,0.5,,20
double_cake,random,random_lr0_1_lr0_01_lr0_01_optgd_epochs100_epochs0_001_epochs0_001_clusters8__rep1,49,0.8333333333333334,tensor(0.1500, grad_fn=<SqueezeBackward0>),tensor(-0.4521, grad_fn=<NegBackward0>),3200,73.02196478843689,8,0.5,,20
double_cake,random,random_lr0_1_lr0_01_lr0_01_optgd_epochs100_epochs0_001_epochs0_001_clusters6__rep1,87,0.8333333333333334,tensor(0.1504, grad_fn=<SqueezeBackward0>),tensor(-0.3849, grad_fn=<NegBackward0>),3168,78.21574020385742,6,0.5,,20
double_cake,random,random_lr0_1_lr0_01_lr0_01_optgd_epochs100_epochs0_001_epochs0_001_clusters8__rep1,50,0.7916666666666666,tensor(0.1498, grad_fn=<SqueezeBackward0>),tensor(-0.4484, grad_fn=<NegBackward0>),3264,80.29722213745117,8,0.5,,20
double_cake,random,random_lr0_1_lr0_01_lr0_01_optgd_epochs100_epochs0_001_epochs0_001_clusters6__rep1,88,0.8333333333333334,tensor(0.1512, grad_fn=<SqueezeBackward0>),tensor(-0.5524, grad_fn=<NegBackward0>),3204,78.20790410041809,6,0.5,,20
double_cake,random,random_lr0_1_lr0_01_lr0_01_optgd_epochs100_epochs0_001_epochs0_001_clusters8__rep1,51,0.8333333333333334,tensor(0.1500, grad_fn=<SqueezeBackward0>),tensor(-0.4209, grad_fn=<NegBackward0>),3328,79.22211194038391,8,0.5,,20
double_cake,random,random_lr0_1_lr0_01_lr0_01_optgd_epochs100_epochs0_001_epochs0_001_clusters6__rep1,89,0.8333333333333334,tensor(0.1509, grad_fn=<SqueezeBackward0>),tensor(-0.4279, grad_fn=<NegBackward0>),3240,75.84105205535889,6,0.5,,20
double_cake,random,random_lr0_1_lr0_01_lr0_01_optgd_epochs100_epochs0_001_epochs0_001_clusters8__rep1,52,0.7916666666666666,tensor(0.1505, grad_fn=<SqueezeBackward0>),tensor(-0.3703, grad_fn=<NegBackward0>),3392,79.34860301017761,8,0.5,,20
double_cake,random,random_lr0_1_lr0_01_lr0_01_optgd_epochs100_epochs0_001_epochs0_001_clusters6__rep1,90,0.8333333333333334,tensor(0.1508, grad_fn=<SqueezeBackward0>),tensor(-0.3821, grad_fn=<NegBackward0>),3276,83.65179181098938,6,0.5,,20
double_cake,random,random_lr0_1_lr0_01_lr0_01_optgd_epochs100_epochs0_001_epochs0_001_clusters8__rep1,53,0.7916666666666666,tensor(0.1509, grad_fn=<SqueezeBackward0>),tensor(-0.2827, grad_fn=<NegBackward0>),3456,84.08586311340332,8,0.5,,20
double_cake,random,random_lr0_1_lr0_01_lr0_01_optgd_epochs100_epochs0_001_epochs0_001_clusters6__rep1,91,0.8333333333333334,tensor(0.1504, grad_fn=<SqueezeBackward0>),tensor(-0.4136, grad_fn=<NegBackward0>),3312,79.62476181983948,6,0.5,,20
double_cake,random,random_lr0_1_lr0_01_lr0_01_optgd_epochs100_epochs0_001_epochs0_001_clusters8__rep1,54,0.7916666666666666,tensor(0.1517, grad_fn=<SqueezeBackward0>),tensor(-0.3952, grad_fn=<NegBackward0>),3520,79.33117198944092,8,0.5,,20
double_cake,random,random_lr0_1_lr0_01_lr0_01_optgd_epochs100_epochs0_001_epochs0_001_clusters6__rep1,92,0.8333333333333334,tensor(0.1505, grad_fn=<SqueezeBackward0>),tensor(-0.4798, grad_fn=<NegBackward0>),3348,86.54189801216125,6,0.5,,20
double_cake,random,random_lr0_1_lr0_01_lr0_01_optgd_epochs100_epochs0_001_epochs0_001_clusters8__rep1,55,0.7916666666666666,tensor(0.1522, grad_fn=<SqueezeBackward0>),tensor(-0.3643, grad_fn=<NegBackward0>),3584,85.43706488609314,8,0.5,,20
double_cake,random,random_lr0_1_lr0_01_lr0_01_optgd_epochs100_epochs0_001_epochs0_001_clusters6__rep1,93,0.875,tensor(0.1517, grad_fn=<SqueezeBackward0>),tensor(-0.3147, grad_fn=<NegBackward0>),3384,80.33910989761353,6,0.5,,20
double_cake,random,random_lr0_1_lr0_01_lr0_01_optgd_epochs100_epochs0_001_epochs0_001_clusters8__rep1,56,0.7916666666666666,tensor(0.1527, grad_fn=<SqueezeBackward0>),tensor(-0.3481, grad_fn=<NegBackward0>),3648,84.17543196678162,8,0.5,,20
double_cake,random,random_lr0_1_lr0_01_lr0_01_optgd_epochs100_epochs0_001_epochs0_001_clusters6__rep1,94,0.875,tensor(0.1522, grad_fn=<SqueezeBackward0>),tensor(-0.3630, grad_fn=<NegBackward0>),3420,85.53206300735474,6,0.5,,20
double_cake,random,random_lr0_1_lr0_01_lr0_01_optgd_epochs100_epochs0_001_epochs0_001_clusters8__rep1,57,0.7916666666666666,tensor(0.1530, grad_fn=<SqueezeBackward0>),tensor(-0.5290, grad_fn=<NegBackward0>),3712,80.59981417655945,8,0.5,,20
double_cake,random,random_lr0_1_lr0_01_lr0_01_optgd_epochs100_epochs0_001_epochs0_001_clusters6__rep1,95,0.875,tensor(0.1516, grad_fn=<SqueezeBackward0>),tensor(-0.5043, grad_fn=<NegBackward0>),3456,81.46889567375183,6,0.5,,20
double_cake,random,random_lr0_1_lr0_01_lr0_01_optgd_epochs100_epochs0_001_epochs0_001_clusters8__rep1,58,0.7916666666666666,tensor(0.1529, grad_fn=<SqueezeBackward0>),tensor(-0.2254, grad_fn=<NegBackward0>),3776,83.49793982505798,8,0.5,,20
double_cake,random,random_lr0_1_lr0_01_lr0_01_optgd_epochs100_epochs0_001_epochs0_001_clusters6__rep1,96,0.875,tensor(0.1512, grad_fn=<SqueezeBackward0>),tensor(-0.3520, grad_fn=<NegBackward0>),3492,83.84822487831116,6,0.5,,20
double_cake,random,random_lr0_1_lr0_01_lr0_01_optgd_epochs100_epochs0_001_epochs0_001_clusters8__rep1,59,0.7916666666666666,tensor(0.1534, grad_fn=<SqueezeBackward0>),tensor(-0.3869, grad_fn=<NegBackward0>),3840,77.24466395378113,8,0.5,,20
double_cake,random,random_lr0_1_lr0_01_lr0_01_optgd_epochs100_epochs0_001_epochs0_001_clusters6__rep1,97,0.875,tensor(0.1516, grad_fn=<SqueezeBackward0>),tensor(-0.3728, grad_fn=<NegBackward0>),3528,83.83205199241638,6,0.5,,20
double_cake,random,random_lr0_1_lr0_01_lr0_01_optgd_epochs100_epochs0_001_epochs0_001_clusters8__rep1,60,0.7916666666666666,tensor(0.1536, grad_fn=<SqueezeBackward0>),tensor(-0.3760, grad_fn=<NegBackward0>),3904,86.17919087409973,8,0.5,,20
double_cake,random,random_lr0_1_lr0_01_lr0_01_optgd_epochs100_epochs0_001_epochs0_001_clusters6__rep1,98,0.875,tensor(0.1517, grad_fn=<SqueezeBackward0>),tensor(-0.4418, grad_fn=<NegBackward0>),3564,84.81452417373657,6,0.5,,20
double_cake,random,random_lr0_1_lr0_01_lr0_01_optgd_epochs100_epochs0_001_epochs0_001_clusters8__rep1,61,0.7916666666666666,tensor(0.1536, grad_fn=<SqueezeBackward0>),tensor(-0.3790, grad_fn=<NegBackward0>),3968,84.05316090583801,8,0.5,,20
double_cake,random,random_lr0_1_lr0_01_lr0_01_optgd_epochs100_epochs0_001_epochs0_001_clusters6__rep1,99,0.875,tensor(0.1511, grad_fn=<SqueezeBackward0>),tensor(-0.4403, grad_fn=<NegBackward0>),3600,84.17173624038696,6,0.5,,20
double_cake,random,random_lr0_1_lr0_01_lr0_01_optgd_epochs100_epochs0_001_epochs0_001_clusters8__rep1,62,0.7916666666666666,tensor(0.1534, grad_fn=<SqueezeBackward0>),tensor(-0.3346, grad_fn=<NegBackward0>),4032,79.23019003868103,8,0.5,,20
double_cake,random,random_lr0_1_lr0_01_lr0_01_optgd_epochs100_epochs0_001_epochs0_001_clusters8__rep1,63,0.7916666666666666,tensor(0.1535, grad_fn=<SqueezeBackward0>),tensor(-0.4007, grad_fn=<NegBackward0>),4096,81.05667090415955,8,0.5,,20
double_cake,random,random_lr0_1_lr0_01_lr0_01_optgd_epochs100_epochs0_001_epochs0_001_clusters8__rep1,64,0.7916666666666666,tensor(0.1526, grad_fn=<SqueezeBackward0>),tensor(-0.3536, grad_fn=<NegBackward0>),4160,76.12923693656921,8,0.5,,20
double_cake,random,random_lr0_1_lr0_01_lr0_01_optgd_epochs100_epochs0_001_epochs0_001_clusters10__rep1,0,0.7916666666666666,tensor(0.1348, grad_fn=<SqueezeBackward0>),tensor(-0.2465, grad_fn=<NegBackward0>),100,78.42653179168701,10,0.5,,20
double_cake,random,random_lr0_1_lr0_01_lr0_01_optgd_epochs100_epochs0_001_epochs0_001_clusters8__rep1,65,0.7916666666666666,tensor(0.1529, grad_fn=<SqueezeBackward0>),tensor(-0.2062, grad_fn=<NegBackward0>),4224,84.79214692115784,8,0.5,,20
double_cake,random,random_lr0_1_lr0_01_lr0_01_optgd_epochs100_epochs0_001_epochs0_001_clusters10__rep1,1,0.7916666666666666,tensor(0.1351, grad_fn=<SqueezeBackward0>),tensor(-0.3278, grad_fn=<NegBackward0>),200,85.0501618385315,10,0.5,,20
double_cake,random,random_lr0_1_lr0_01_lr0_01_optgd_epochs100_epochs0_001_epochs0_001_clusters8__rep1,66,0.7916666666666666,tensor(0.1525, grad_fn=<SqueezeBackward0>),tensor(-0.3022, grad_fn=<NegBackward0>),4288,83.63333201408386,8,0.5,,20
double_cake,random,random_lr0_1_lr0_01_lr0_01_optgd_epochs100_epochs0_001_epochs0_001_clusters10__rep1,2,0.7916666666666666,tensor(0.1349, grad_fn=<SqueezeBackward0>),tensor(-0.2652, grad_fn=<NegBackward0>),300,80.21312594413757,10,0.5,,20
double_cake,random,random_lr0_1_lr0_01_lr0_01_optgd_epochs100_epochs0_001_epochs0_001_clusters8__rep1,67,0.7916666666666666,tensor(0.1525, grad_fn=<SqueezeBackward0>),tensor(-0.5251, grad_fn=<NegBackward0>),4352,79.5915949344635,8,0.5,,20
double_cake,random,random_lr0_1_lr0_01_lr0_01_optgd_epochs100_epochs0_001_epochs0_001_clusters10__rep1,3,0.7916666666666666,tensor(0.1351, grad_fn=<SqueezeBackward0>),tensor(-0.2210, grad_fn=<NegBackward0>),400,81.89064502716064,10,0.5,,20
double_cake,random,random_lr0_1_lr0_01_lr0_01_optgd_epochs100_epochs0_001_epochs0_001_clusters8__rep1,68,0.7916666666666666,tensor(0.1537, grad_fn=<SqueezeBackward0>),tensor(-0.3675, grad_fn=<NegBackward0>),4416,83.34978413581848,8,0.5,,20
double_cake,random,random_lr0_1_lr0_01_lr0_01_optgd_epochs100_epochs0_001_epochs0_001_clusters10__rep1,4,0.7916666666666666,tensor(0.1358, grad_fn=<SqueezeBackward0>),tensor(-0.4072, grad_fn=<NegBackward0>),500,84.44557309150696,10,0.5,,20
double_cake,random,random_lr0_1_lr0_01_lr0_01_optgd_epochs100_epochs0_001_epochs0_001_clusters8__rep1,69,0.8333333333333334,tensor(0.1536, grad_fn=<SqueezeBackward0>),tensor(-0.3738, grad_fn=<NegBackward0>),4480,83.44078469276428,8,0.5,,20
double_cake,random,random_lr0_1_lr0_01_lr0_01_optgd_epochs100_epochs0_001_epochs0_001_clusters10__rep1,5,0.7916666666666666,tensor(0.1359, grad_fn=<SqueezeBackward0>),tensor(-0.2319, grad_fn=<NegBackward0>),600,83.23939394950867,10,0.5,,20
double_cake,random,random_lr0_1_lr0_01_lr0_01_optgd_epochs100_epochs0_001_epochs0_001_clusters8__rep1,70,0.8333333333333334,tensor(0.1534, grad_fn=<SqueezeBackward0>),tensor(-0.3675, grad_fn=<NegBackward0>),4544,79.6606810092926,8,0.5,,20
double_cake,random,random_lr0_1_lr0_01_lr0_01_optgd_epochs100_epochs0_001_epochs0_001_clusters10__rep1,6,0.7916666666666666,tensor(0.1368, grad_fn=<SqueezeBackward0>),tensor(-0.3637, grad_fn=<NegBackward0>),700,80.07709002494812,10,0.5,,20
double_cake,random,random_lr0_1_lr0_01_lr0_01_optgd_epochs100_epochs0_001_epochs0_001_clusters8__rep1,71,0.7916666666666666,tensor(0.1543, grad_fn=<SqueezeBackward0>),tensor(-0.4782, grad_fn=<NegBackward0>),4608,80.90999603271484,8,0.5,,20
double_cake,random,random_lr0_1_lr0_01_lr0_01_optgd_epochs100_epochs0_001_epochs0_001_clusters10__rep1,7,0.7916666666666666,tensor(0.1367, grad_fn=<SqueezeBackward0>),tensor(-0.3059, grad_fn=<NegBackward0>),800,83.6657030582428,10,0.5,,20
double_cake,random,random_lr0_1_lr0_01_lr0_01_optgd_epochs100_epochs0_001_epochs0_001_clusters8__rep1,72,0.8333333333333334,tensor(0.1545, grad_fn=<SqueezeBackward0>),tensor(-0.4442, grad_fn=<NegBackward0>),4672,86.7612853050232,8,0.5,,20
double_cake,random,random_lr0_1_lr0_01_lr0_01_optgd_epochs100_epochs0_001_epochs0_001_clusters10__rep1,8,0.7916666666666666,tensor(0.1370, grad_fn=<SqueezeBackward0>),tensor(-0.2831, grad_fn=<NegBackward0>),900,83.38814687728882,10,0.5,,20
double_cake,random,random_lr0_1_lr0_01_lr0_01_optgd_epochs100_epochs0_001_epochs0_001_clusters8__rep1,73,0.7916666666666666,tensor(0.1550, grad_fn=<SqueezeBackward0>),tensor(-0.3635, grad_fn=<NegBackward0>),4736,77.88104915618896,8,0.5,,20
double_cake,random,random_lr0_1_lr0_01_lr0_01_optgd_epochs100_epochs0_001_epochs0_001_clusters10__rep1,9,0.7916666666666666,tensor(0.1371, grad_fn=<SqueezeBackward0>),tensor(-0.1648, grad_fn=<NegBackward0>),1000,83.21089386940002,10,0.5,,20
double_cake,random,random_lr0_1_lr0_01_lr0_01_optgd_epochs100_epochs0_001_epochs0_001_clusters8__rep1,74,0.7916666666666666,tensor(0.1561, grad_fn=<SqueezeBackward0>),tensor(-0.4368, grad_fn=<NegBackward0>),4800,86.03315806388855,8,0.5,,20
double_cake,random,random_lr0_1_lr0_01_lr0_01_optgd_epochs100_epochs0_001_epochs0_001_clusters10__rep1,10,0.7916666666666666,tensor(0.1378, grad_fn=<SqueezeBackward0>),tensor(-0.3619, grad_fn=<NegBackward0>),1100,82.87033009529114,10,0.5,,20
double_cake,random,random_lr0_1_lr0_01_lr0_01_optgd_epochs100_epochs0_001_epochs0_001_clusters8__rep1,75,0.7916666666666666,tensor(0.1567, grad_fn=<SqueezeBackward0>),tensor(-0.3171, grad_fn=<NegBackward0>),4864,83.92227005958557,8,0.5,,20
double_cake,random,random_lr0_1_lr0_01_lr0_01_optgd_epochs100_epochs0_001_epochs0_001_clusters10__rep1,11,0.7916666666666666,tensor(0.1381, grad_fn=<SqueezeBackward0>),tensor(-0.3250, grad_fn=<NegBackward0>),1200,82.85680794715881,10,0.5,,20
double_cake,random,random_lr0_1_lr0_01_lr0_01_optgd_epochs100_epochs0_001_epochs0_001_clusters8__rep1,76,0.7916666666666666,tensor(0.1570, grad_fn=<SqueezeBackward0>),tensor(-0.4466, grad_fn=<NegBackward0>),4928,84.53805208206177,8,0.5,,20
double_cake,random,random_lr0_1_lr0_01_lr0_01_optgd_epochs100_epochs0_001_epochs0_001_clusters10__rep1,12,0.7916666666666666,tensor(0.1383, grad_fn=<SqueezeBackward0>),tensor(-0.3541, grad_fn=<NegBackward0>),1300,80.57723498344421,10,0.5,,20
double_cake,random,random_lr0_1_lr0_01_lr0_01_optgd_epochs100_epochs0_001_epochs0_001_clusters8__rep1,77,0.7916666666666666,tensor(0.1566, grad_fn=<SqueezeBackward0>),tensor(-0.3472, grad_fn=<NegBackward0>),4992,80.18267297744751,8,0.5,,20
double_cake,random,random_lr0_1_lr0_01_lr0_01_optgd_epochs100_epochs0_001_epochs0_001_clusters10__rep1,13,0.7916666666666666,tensor(0.1386, grad_fn=<SqueezeBackward0>),tensor(-0.3334, grad_fn=<NegBackward0>),1400,85.88258290290833,10,0.5,,20
double_cake,random,random_lr0_1_lr0_01_lr0_01_optgd_epochs100_epochs0_001_epochs0_001_clusters8__rep1,78,0.7916666666666666,tensor(0.1569, grad_fn=<SqueezeBackward0>),tensor(-0.4380, grad_fn=<NegBackward0>),5056,84.62191104888916,8,0.5,,20
double_cake,random,random_lr0_1_lr0_01_lr0_01_optgd_epochs100_epochs0_001_epochs0_001_clusters10__rep1,14,0.7916666666666666,tensor(0.1383, grad_fn=<SqueezeBackward0>),tensor(-0.2896, grad_fn=<NegBackward0>),1500,81.65624284744263,10,0.5,,20
double_cake,random,random_lr0_1_lr0_01_lr0_01_optgd_epochs100_epochs0_001_epochs0_001_clusters8__rep1,79,0.7916666666666666,tensor(0.1578, grad_fn=<SqueezeBackward0>),tensor(-0.3150, grad_fn=<NegBackward0>),5120,78.30080699920654,8,0.5,,20
double_cake,random,random_lr0_1_lr0_01_lr0_01_optgd_epochs100_epochs0_001_epochs0_001_clusters10__rep1,15,0.7916666666666666,tensor(0.1389, grad_fn=<SqueezeBackward0>),tensor(-0.3192, grad_fn=<NegBackward0>),1600,84.03225016593933,10,0.5,,20
double_cake,random,random_lr0_1_lr0_01_lr0_01_optgd_epochs100_epochs0_001_epochs0_001_clusters8__rep1,80,0.7916666666666666,tensor(0.1584, grad_fn=<SqueezeBackward0>),tensor(-0.3432, grad_fn=<NegBackward0>),5184,86.46692085266113,8,0.5,,20
double_cake,random,random_lr0_1_lr0_01_lr0_01_optgd_epochs100_epochs0_001_epochs0_001_clusters10__rep1,16,0.7916666666666666,tensor(0.1390, grad_fn=<SqueezeBackward0>),tensor(-0.3796, grad_fn=<NegBackward0>),1700,81.54081463813782,10,0.5,,20
double_cake,random,random_lr0_1_lr0_01_lr0_01_optgd_epochs100_epochs0_001_epochs0_001_clusters8__rep1,81,0.7916666666666666,tensor(0.1587, grad_fn=<SqueezeBackward0>),tensor(-0.3880, grad_fn=<NegBackward0>),5248,83.61110401153564,8,0.5,,20
double_cake,random,random_lr0_1_lr0_01_lr0_01_optgd_epochs100_epochs0_001_epochs0_001_clusters10__rep1,17,0.7916666666666666,tensor(0.1393, grad_fn=<SqueezeBackward0>),tensor(-0.2757, grad_fn=<NegBackward0>),1800,81.24013090133667,10,0.5,,20
double_cake,random,random_lr0_1_lr0_01_lr0_01_optgd_epochs100_epochs0_001_epochs0_001_clusters8__rep1,82,0.7916666666666666,tensor(0.1564, grad_fn=<SqueezeBackward0>),tensor(-0.2893, grad_fn=<NegBackward0>),5312,78.42953395843506,8,0.5,,20
double_cake,random,random_lr0_1_lr0_01_lr0_01_optgd_epochs100_epochs0_001_epochs0_001_clusters10__rep1,18,0.75,tensor(0.1409, grad_fn=<SqueezeBackward0>),tensor(-0.3039, grad_fn=<NegBackward0>),1900,83.98702192306519,10,0.5,,20
double_cake,random,random_lr0_1_lr0_01_lr0_01_optgd_epochs100_epochs0_001_epochs0_001_clusters8__rep1,83,0.7916666666666666,tensor(0.1571, grad_fn=<SqueezeBackward0>),tensor(-0.2775, grad_fn=<NegBackward0>),5376,85.70002722740173,8,0.5,,20
double_cake,random,random_lr0_1_lr0_01_lr0_01_optgd_epochs100_epochs0_001_epochs0_001_clusters10__rep1,19,0.75,tensor(0.1413, grad_fn=<SqueezeBackward0>),tensor(-0.2268, grad_fn=<NegBackward0>),2000,81.10482478141785,10,0.5,,20
double_cake,random,random_lr0_1_lr0_01_lr0_01_optgd_epochs100_epochs0_001_epochs0_001_clusters8__rep1,84,0.7916666666666666,tensor(0.1571, grad_fn=<SqueezeBackward0>),tensor(-0.3719, grad_fn=<NegBackward0>),5440,83.50631308555603,8,0.5,,20
double_cake,random,random_lr0_1_lr0_01_lr0_01_optgd_epochs100_epochs0_001_epochs0_001_clusters10__rep1,20,0.75,tensor(0.1417, grad_fn=<SqueezeBackward0>),tensor(-0.3397, grad_fn=<NegBackward0>),2100,83.33601403236389,10,0.5,,20
double_cake,random,random_lr0_1_lr0_01_lr0_01_optgd_epochs100_epochs0_001_epochs0_001_clusters8__rep1,85,0.7916666666666666,tensor(0.1570, grad_fn=<SqueezeBackward0>),tensor(-0.3467, grad_fn=<NegBackward0>),5504,84.62983798980713,8,0.5,,20
double_cake,random,random_lr0_1_lr0_01_lr0_01_optgd_epochs100_epochs0_001_epochs0_001_clusters10__rep1,21,0.75,tensor(0.1419, grad_fn=<SqueezeBackward0>),tensor(-0.2854, grad_fn=<NegBackward0>),2200,86.39245104789734,10,0.5,,20
double_cake,random,random_lr0_1_lr0_01_lr0_01_optgd_epochs100_epochs0_001_epochs0_001_clusters8__rep1,86,0.7916666666666666,tensor(0.1573, grad_fn=<SqueezeBackward0>),tensor(-0.2971, grad_fn=<NegBackward0>),5568,85.31224298477173,8,0.5,,20
double_cake,random,random_lr0_1_lr0_01_lr0_01_optgd_epochs100_epochs0_001_epochs0_001_clusters10__rep1,22,0.75,tensor(0.1419, grad_fn=<SqueezeBackward0>),tensor(-0.2347, grad_fn=<NegBackward0>),2300,82.15592312812805,10,0.5,,20
double_cake,random,random_lr0_1_lr0_01_lr0_01_optgd_epochs100_epochs0_001_epochs0_001_clusters8__rep1,87,0.7916666666666666,tensor(0.1579, grad_fn=<SqueezeBackward0>),tensor(-0.3516, grad_fn=<NegBackward0>),5632,81.68890190124512,8,0.5,,20
double_cake,random,random_lr0_1_lr0_01_lr0_01_optgd_epochs100_epochs0_001_epochs0_001_clusters10__rep1,23,0.75,tensor(0.1419, grad_fn=<SqueezeBackward0>),tensor(-0.2929, grad_fn=<NegBackward0>),2400,84.45609092712402,10,0.5,,20
double_cake,random,random_lr0_1_lr0_01_lr0_01_optgd_epochs100_epochs0_001_epochs0_001_clusters8__rep1,88,0.7916666666666666,tensor(0.1585, grad_fn=<SqueezeBackward0>),tensor(-0.4696, grad_fn=<NegBackward0>),5696,79.52059984207153,8,0.5,,20
double_cake,random,random_lr0_1_lr0_01_lr0_01_optgd_epochs100_epochs0_001_epochs0_001_clusters10__rep1,24,0.75,tensor(0.1422, grad_fn=<SqueezeBackward0>),tensor(-0.3332, grad_fn=<NegBackward0>),2500,77.71409106254578,10,0.5,,20
double_cake,random,random_lr0_1_lr0_01_lr0_01_optgd_epochs100_epochs0_001_epochs0_001_clusters8__rep1,89,0.7916666666666666,tensor(0.1586, grad_fn=<SqueezeBackward0>),tensor(-0.3644, grad_fn=<NegBackward0>),5760,744.0453066825867,8,0.5,,20
double_cake,random,random_lr0_1_lr0_01_lr0_01_optgd_epochs100_epochs0_001_epochs0_001_clusters10__rep1,25,0.75,tensor(0.1417, grad_fn=<SqueezeBackward0>),tensor(-0.3676, grad_fn=<NegBackward0>),2600,749.0916638374329,10,0.5,,20
double_cake,random,random_lr0_1_lr0_01_lr0_01_optgd_epochs100_epochs0_001_epochs0_001_clusters8__rep1,90,0.8333333333333334,tensor(0.1591, grad_fn=<SqueezeBackward0>),tensor(-0.3408, grad_fn=<NegBackward0>),5824,78.77745509147644,8,0.5,,20
double_cake,random,random_lr0_1_lr0_01_lr0_01_optgd_epochs100_epochs0_001_epochs0_001_clusters10__rep1,26,0.75,tensor(0.1427, grad_fn=<SqueezeBackward0>),tensor(-0.3301, grad_fn=<NegBackward0>),2700,77.65232300758362,10,0.5,,20
double_cake,random,random_lr0_1_lr0_01_lr0_01_optgd_epochs100_epochs0_001_epochs0_001_clusters8__rep1,91,0.8333333333333334,tensor(0.1593, grad_fn=<SqueezeBackward0>),tensor(-0.3596, grad_fn=<NegBackward0>),5888,75.70378112792969,8,0.5,,20
double_cake,random,random_lr0_1_lr0_01_lr0_01_optgd_epochs100_epochs0_001_epochs0_001_clusters10__rep1,27,0.75,tensor(0.1439, grad_fn=<SqueezeBackward0>),tensor(-0.3270, grad_fn=<NegBackward0>),2800,78.55797982215881,10,0.5,,20
double_cake,random,random_lr0_1_lr0_01_lr0_01_optgd_epochs100_epochs0_001_epochs0_001_clusters8__rep1,92,0.8333333333333334,tensor(0.1593, grad_fn=<SqueezeBackward0>),tensor(-0.4778, grad_fn=<NegBackward0>),5952,77.99757790565491,8,0.5,,20
double_cake,random,random_lr0_1_lr0_01_lr0_01_optgd_epochs100_epochs0_001_epochs0_001_clusters10__rep1,28,0.75,tensor(0.1442, grad_fn=<SqueezeBackward0>),tensor(-0.2663, grad_fn=<NegBackward0>),2900,75.1942789554596,10,0.5,,20
double_cake,random,random_lr0_1_lr0_01_lr0_01_optgd_epochs100_epochs0_001_epochs0_001_clusters8__rep1,93,0.875,tensor(0.1608, grad_fn=<SqueezeBackward0>),tensor(-0.2602, grad_fn=<NegBackward0>),6016,75.23412704467773,8,0.5,,20
double_cake,random,random_lr0_1_lr0_01_lr0_01_optgd_epochs100_epochs0_001_epochs0_001_clusters10__rep1,29,0.75,tensor(0.1444, grad_fn=<SqueezeBackward0>),tensor(-0.2954, grad_fn=<NegBackward0>),3000,78.38967108726501,10,0.5,,20
double_cake,random,random_lr0_1_lr0_01_lr0_01_optgd_epochs100_epochs0_001_epochs0_001_clusters8__rep1,94,0.875,tensor(0.1610, grad_fn=<SqueezeBackward0>),tensor(-0.3289, grad_fn=<NegBackward0>),6080,80.4988489151001,8,0.5,,20
double_cake,random,random_lr0_1_lr0_01_lr0_01_optgd_epochs100_epochs0_001_epochs0_001_clusters10__rep1,30,0.75,tensor(0.1443, grad_fn=<SqueezeBackward0>),tensor(-0.3138, grad_fn=<NegBackward0>),3100,78.6422610282898,10,0.5,,20
double_cake,random,random_lr0_1_lr0_01_lr0_01_optgd_epochs100_epochs0_001_epochs0_001_clusters8__rep1,95,0.875,tensor(0.1607, grad_fn=<SqueezeBackward0>),tensor(-0.4485, grad_fn=<NegBackward0>),6144,79.20285081863403,8,0.5,,20
double_cake,random,random_lr0_1_lr0_01_lr0_01_optgd_epochs100_epochs0_001_epochs0_001_clusters10__rep1,31,0.75,tensor(0.1447, grad_fn=<SqueezeBackward0>),tensor(-0.3340, grad_fn=<NegBackward0>),3200,78.76277112960815,10,0.5,,20
double_cake,random,random_lr0_1_lr0_01_lr0_01_optgd_epochs100_epochs0_001_epochs0_001_clusters8__rep1,96,0.875,tensor(0.1612, grad_fn=<SqueezeBackward0>),tensor(-0.3311, grad_fn=<NegBackward0>),6208,73.34683394432068,8,0.5,,20
double_cake,random,random_lr0_1_lr0_01_lr0_01_optgd_epochs100_epochs0_001_epochs0_001_clusters10__rep1,32,0.75,tensor(0.1450, grad_fn=<SqueezeBackward0>),tensor(-0.3404, grad_fn=<NegBackward0>),3300,76.18602085113525,10,0.5,,20
double_cake,random,random_lr0_1_lr0_01_lr0_01_optgd_epochs100_epochs0_001_epochs0_001_clusters8__rep1,97,0.875,tensor(0.1615, grad_fn=<SqueezeBackward0>),tensor(-0.3269, grad_fn=<NegBackward0>),6272,80.40648198127747,8,0.5,,20
double_cake,random,random_lr0_1_lr0_01_lr0_01_optgd_epochs100_epochs0_001_epochs0_001_clusters10__rep1,33,0.75,tensor(0.1454, grad_fn=<SqueezeBackward0>),tensor(-0.3854, grad_fn=<NegBackward0>),3400,76.23873400688171,10,0.5,,20
double_cake,random,random_lr0_1_lr0_01_lr0_01_optgd_epochs100_epochs0_001_epochs0_001_clusters8__rep1,98,0.875,tensor(0.1609, grad_fn=<SqueezeBackward0>),tensor(-0.3318, grad_fn=<NegBackward0>),6336,76.65281295776367,8,0.5,,20
double_cake,random,random_lr0_1_lr0_01_lr0_01_optgd_epochs100_epochs0_001_epochs0_001_clusters10__rep1,34,0.75,tensor(0.1458, grad_fn=<SqueezeBackward0>),tensor(-0.4503, grad_fn=<NegBackward0>),3500,76.66988182067871,10,0.5,,20
double_cake,random,random_lr0_1_lr0_01_lr0_01_optgd_epochs100_epochs0_001_epochs0_001_clusters8__rep1,99,0.875,tensor(0.1608, grad_fn=<SqueezeBackward0>),tensor(-0.3868, grad_fn=<NegBackward0>),6400,73.0149130821228,8,0.5,,20
double_cake,random,random_lr0_1_lr0_01_lr0_01_optgd_epochs100_epochs0_001_epochs0_001_clusters10__rep1,35,0.75,tensor(0.1457, grad_fn=<SqueezeBackward0>),tensor(-0.3960, grad_fn=<NegBackward0>),3600,80.71682476997375,10,0.5,,20
double_cake,random,random_lr0_1_lr0_01_lr0_01_optgd_epochs100_epochs0_001_epochs0_001_clusters10__rep1,36,0.75,tensor(0.1453, grad_fn=<SqueezeBackward0>),tensor(-0.4056, grad_fn=<NegBackward0>),3700,76.25514221191406,10,0.5,,20
double_cake,random,random_lr0_1_lr0_01_lr0_01_optgd_epochs100_epochs0_001_epochs0_001_clusters10__rep1,37,0.75,tensor(0.1459, grad_fn=<SqueezeBackward0>),tensor(-0.3886, grad_fn=<NegBackward0>),3800,75.4109160900116,10,0.5,,20
double_cake,random,random_lr0_1_lr0_01_lr0_01_optgd_epochs100_epochs0_001_epochs0_001_clusters10__rep1,38,0.75,tensor(0.1466, grad_fn=<SqueezeBackward0>),tensor(-0.3556, grad_fn=<NegBackward0>),3900,77.73080801963806,10,0.5,,20
double_cake,random,random_lr0_1_lr0_01_lr0_01_optgd_epochs100_epochs0_001_epochs0_001_clusters2__rep1,0,0.8928571428571429,tensor(0.1121, grad_fn=<SqueezeBackward0>),tensor(-0.8475, grad_fn=<NegBackward0>),4,106.37467288970947,2,0.5,,20
double_cake,random,random_lr0_1_lr0_01_lr0_01_optgd_epochs100_epochs0_001_epochs0_001_clusters10__rep1,39,0.75,tensor(0.1464, grad_fn=<SqueezeBackward0>),tensor(-0.3607, grad_fn=<NegBackward0>),4000,78.72658920288086,10,0.5,,20
double_cake,random,random_lr0_1_lr0_01_lr0_01_optgd_epochs100_epochs0_001_epochs0_001_clusters2__rep1,1,0.8928571428571429,tensor(0.1126, grad_fn=<SqueezeBackward0>),tensor(-0.7622, grad_fn=<NegBackward0>),8,106.02413272857666,2,0.5,,20
double_cake,random,random_lr0_1_lr0_01_lr0_01_optgd_epochs100_epochs0_001_epochs0_001_clusters10__rep1,40,0.75,tensor(0.1465, grad_fn=<SqueezeBackward0>),tensor(-0.2411, grad_fn=<NegBackward0>),4100,78.07009315490723,10,0.5,,20
double_cake,random,random_lr0_1_lr0_01_lr0_01_optgd_epochs100_epochs0_001_epochs0_001_clusters2__rep1,2,0.8571428571428571,tensor(0.1122, grad_fn=<SqueezeBackward0>),tensor(-0.1161, grad_fn=<NegBackward0>),12,107.27899694442749,2,0.5,,20
double_cake,random,random_lr0_1_lr0_01_lr0_01_optgd_epochs100_epochs0_001_epochs0_001_clusters10__rep1,41,0.75,tensor(0.1464, grad_fn=<SqueezeBackward0>),tensor(-0.4194, grad_fn=<NegBackward0>),4200,79.8410439491272,10,0.5,,20
double_cake,random,random_lr0_1_lr0_01_lr0_01_optgd_epochs100_epochs0_001_epochs0_001_clusters10__rep1,42,0.75,tensor(0.1474, grad_fn=<SqueezeBackward0>),tensor(-0.3760, grad_fn=<NegBackward0>),4300,80.38548016548157,10,0.5,,20
double_cake,random,random_lr0_1_lr0_01_lr0_01_optgd_epochs100_epochs0_001_epochs0_001_clusters2__rep1,3,0.8928571428571429,tensor(0.1121, grad_fn=<SqueezeBackward0>),tensor(-0.6848, grad_fn=<NegBackward0>),16,108.60313010215759,2,0.5,,20
double_cake,random,random_lr0_1_lr0_01_lr0_01_optgd_epochs100_epochs0_001_epochs0_001_clusters10__rep1,43,0.75,tensor(0.1479, grad_fn=<SqueezeBackward0>),tensor(-0.3785, grad_fn=<NegBackward0>),4400,79.41666221618652,10,0.5,,20
double_cake,random,random_lr0_1_lr0_01_lr0_01_optgd_epochs100_epochs0_001_epochs0_001_clusters2__rep1,4,0.8571428571428571,tensor(0.1133, grad_fn=<SqueezeBackward0>),tensor(-0.5476, grad_fn=<NegBackward0>),20,109.15364193916321,2,0.5,,20
double_cake,random,random_lr0_1_lr0_01_lr0_01_optgd_epochs100_epochs0_001_epochs0_001_clusters10__rep1,44,0.75,tensor(0.1479, grad_fn=<SqueezeBackward0>),tensor(-0.3019, grad_fn=<NegBackward0>),4500,78.26218700408936,10,0.5,,20
double_cake,random,random_lr0_1_lr0_01_lr0_01_optgd_epochs100_epochs0_001_epochs0_001_clusters10__rep1,45,0.7916666666666666,tensor(0.1487, grad_fn=<SqueezeBackward0>),tensor(-0.3216, grad_fn=<NegBackward0>),4600,78.03957390785217,10,0.5,,20
double_cake,random,random_lr0_1_lr0_01_lr0_01_optgd_epochs100_epochs0_001_epochs0_001_clusters2__rep1,5,0.8928571428571429,tensor(0.1126, grad_fn=<SqueezeBackward0>),tensor(-0.6165, grad_fn=<NegBackward0>),24,109.67372703552246,2,0.5,,20
double_cake,random,random_lr0_1_lr0_01_lr0_01_optgd_epochs100_epochs0_001_epochs0_001_clusters10__rep1,46,0.7916666666666666,tensor(0.1486, grad_fn=<SqueezeBackward0>),tensor(-0.3722, grad_fn=<NegBackward0>),4700,81.02774715423584,10,0.5,,20
double_cake,random,random_lr0_1_lr0_01_lr0_01_optgd_epochs100_epochs0_001_epochs0_001_clusters2__rep1,6,0.8928571428571429,tensor(0.1120, grad_fn=<SqueezeBackward0>),tensor(-0.7178, grad_fn=<NegBackward0>),28,101.34471607208252,2,0.5,,20
double_cake,random,random_lr0_1_lr0_01_lr0_01_optgd_epochs100_epochs0_001_epochs0_001_clusters10__rep1,47,0.7916666666666666,tensor(0.1493, grad_fn=<SqueezeBackward0>),tensor(-0.3094, grad_fn=<NegBackward0>),4800,78.01411509513855,10,0.5,,20
double_cake,random,random_lr0_1_lr0_01_lr0_01_optgd_epochs100_epochs0_001_epochs0_001_clusters2__rep1,7,0.8214285714285714,tensor(0.1181, grad_fn=<SqueezeBackward0>),tensor(-0.6207, grad_fn=<NegBackward0>),32,107.6188759803772,2,0.5,,20
double_cake,random,random_lr0_1_lr0_01_lr0_01_optgd_epochs100_epochs0_001_epochs0_001_clusters10__rep1,48,0.7916666666666666,tensor(0.1500, grad_fn=<SqueezeBackward0>),tensor(-0.3457, grad_fn=<NegBackward0>),4900,80.72656917572021,10,0.5,,20
double_cake,random,random_lr0_1_lr0_01_lr0_01_optgd_epochs100_epochs0_001_epochs0_001_clusters10__rep1,49,0.7916666666666666,tensor(0.1503, grad_fn=<SqueezeBackward0>),tensor(-0.3633, grad_fn=<NegBackward0>),5000,78.19974708557129,10,0.5,,20
double_cake,random,random_lr0_1_lr0_01_lr0_01_optgd_epochs100_epochs0_001_epochs0_001_clusters2__rep1,8,0.8214285714285714,tensor(0.1187, grad_fn=<SqueezeBackward0>),tensor(-0.6156, grad_fn=<NegBackward0>),36,108.56455707550049,2,0.5,,20
double_cake,random,random_lr0_1_lr0_01_lr0_01_optgd_epochs100_epochs0_001_epochs0_001_clusters10__rep1,50,0.75,tensor(0.1500, grad_fn=<SqueezeBackward0>),tensor(-0.4255, grad_fn=<NegBackward0>),5100,79.68333172798157,10,0.5,,20
double_cake,random,random_lr0_1_lr0_01_lr0_01_optgd_epochs100_epochs0_001_epochs0_001_clusters2__rep1,9,0.8214285714285714,tensor(0.1183, grad_fn=<SqueezeBackward0>),tensor(-0.7389, grad_fn=<NegBackward0>),40,109.13913607597351,2,0.5,,20
double_cake,random,random_lr0_1_lr0_01_lr0_01_optgd_epochs100_epochs0_001_epochs0_001_clusters10__rep1,51,0.75,tensor(0.1509, grad_fn=<SqueezeBackward0>),tensor(-0.3490, grad_fn=<NegBackward0>),5200,78.50884079933167,10,0.5,,20
double_cake,random,random_lr0_1_lr0_01_lr0_01_optgd_epochs100_epochs0_001_epochs0_001_clusters2__rep1,10,0.8214285714285714,tensor(0.1182, grad_fn=<SqueezeBackward0>),tensor(-0.6584, grad_fn=<NegBackward0>),44,108.49045085906982,2,0.5,,20
double_cake,random,random_lr0_1_lr0_01_lr0_01_optgd_epochs100_epochs0_001_epochs0_001_clusters10__rep1,52,0.75,tensor(0.1516, grad_fn=<SqueezeBackward0>),tensor(-0.3150, grad_fn=<NegBackward0>),5300,80.65772795677185,10,0.5,,20
double_cake,random,random_lr0_1_lr0_01_lr0_01_optgd_epochs100_epochs0_001_epochs0_001_clusters10__rep1,53,0.75,tensor(0.1519, grad_fn=<SqueezeBackward0>),tensor(-0.3237, grad_fn=<NegBackward0>),5400,77.7972629070282,10,0.5,,20
double_cake,random,random_lr0_1_lr0_01_lr0_01_optgd_epochs100_epochs0_001_epochs0_001_clusters2__rep1,11,0.8214285714285714,tensor(0.1176, grad_fn=<SqueezeBackward0>),tensor(-0.7334, grad_fn=<NegBackward0>),48,101.06027221679688,2,0.5,,20
double_cake,random,random_lr0_1_lr0_01_lr0_01_optgd_epochs100_epochs0_001_epochs0_001_clusters10__rep1,54,0.75,tensor(0.1532, grad_fn=<SqueezeBackward0>),tensor(-0.3668, grad_fn=<NegBackward0>),5500,79.64288997650146,10,0.5,,20
double_cake,random,random_lr0_1_lr0_01_lr0_01_optgd_epochs100_epochs0_001_epochs0_001_clusters2__rep1,12,0.8214285714285714,tensor(0.1176, grad_fn=<SqueezeBackward0>),tensor(-0.7109, grad_fn=<NegBackward0>),52,110.66179585456848,2,0.5,,20
double_cake,random,random_lr0_1_lr0_01_lr0_01_optgd_epochs100_epochs0_001_epochs0_001_clusters10__rep1,55,0.75,tensor(0.1542, grad_fn=<SqueezeBackward0>),tensor(-0.3517, grad_fn=<NegBackward0>),5600,77.96886491775513,10,0.5,,20
double_cake,random,random_lr0_1_lr0_01_lr0_01_optgd_epochs100_epochs0_001_epochs0_001_clusters2__rep1,13,0.8214285714285714,tensor(0.1200, grad_fn=<SqueezeBackward0>),tensor(-0.6289, grad_fn=<NegBackward0>),56,107.96854209899902,2,0.5,,20
double_cake,random,random_lr0_1_lr0_01_lr0_01_optgd_epochs100_epochs0_001_epochs0_001_clusters10__rep1,56,0.75,tensor(0.1544, grad_fn=<SqueezeBackward0>),tensor(-0.3929, grad_fn=<NegBackward0>),5700,78.1330177783966,10,0.5,,20
double_cake,random,random_lr0_1_lr0_01_lr0_01_optgd_epochs100_epochs0_001_epochs0_001_clusters10__rep1,57,0.75,tensor(0.1550, grad_fn=<SqueezeBackward0>),tensor(-0.4226, grad_fn=<NegBackward0>),5800,80.59001517295837,10,0.5,,20
double_cake,random,random_lr0_1_lr0_01_lr0_01_optgd_epochs100_epochs0_001_epochs0_001_clusters2__rep1,14,0.8214285714285714,tensor(0.1200, grad_fn=<SqueezeBackward0>),tensor(-0.6784, grad_fn=<NegBackward0>),60,108.33695411682129,2,0.5,,20
double_cake,random,random_lr0_1_lr0_01_lr0_01_optgd_epochs100_epochs0_001_epochs0_001_clusters10__rep1,58,0.75,tensor(0.1548, grad_fn=<SqueezeBackward0>),tensor(-0.2552, grad_fn=<NegBackward0>),5900,77.87147307395935,10,0.5,,20
double_cake,random,random_lr0_1_lr0_01_lr0_01_optgd_epochs100_epochs0_001_epochs0_001_clusters2__rep1,15,0.8214285714285714,tensor(0.1199, grad_fn=<SqueezeBackward0>),tensor(-0.5506, grad_fn=<NegBackward0>),64,106.19022297859192,2,0.5,,20
double_cake,random,random_lr0_1_lr0_01_lr0_01_optgd_epochs100_epochs0_001_epochs0_001_clusters10__rep1,59,0.75,tensor(0.1555, grad_fn=<SqueezeBackward0>),tensor(-0.3562, grad_fn=<NegBackward0>),6000,80.37983393669128,10,0.5,,20
double_cake,random,random_lr0_1_lr0_01_lr0_01_optgd_epochs100_epochs0_001_epochs0_001_clusters2__rep1,16,0.8214285714285714,tensor(0.1193, grad_fn=<SqueezeBackward0>),tensor(-0.6783, grad_fn=<NegBackward0>),68,108.53676891326904,2,0.5,,20
double_cake,random,random_lr0_1_lr0_01_lr0_01_optgd_epochs100_epochs0_001_epochs0_001_clusters10__rep1,60,0.75,tensor(0.1560, grad_fn=<SqueezeBackward0>),tensor(-0.3592, grad_fn=<NegBackward0>),6100,81.369863986969,10,0.5,,20
double_cake,random,random_lr0_1_lr0_01_lr0_01_optgd_epochs100_epochs0_001_epochs0_001_clusters10__rep1,61,0.75,tensor(0.1561, grad_fn=<SqueezeBackward0>),tensor(-0.4085, grad_fn=<NegBackward0>),6200,78.64311599731445,10,0.5,,20
double_cake,random,random_lr0_1_lr0_01_lr0_01_optgd_epochs100_epochs0_001_epochs0_001_clusters2__rep1,17,0.8571428571428571,tensor(0.1197, grad_fn=<SqueezeBackward0>),tensor(-0.6553, grad_fn=<NegBackward0>),72,108.4109697341919,2,0.5,,20
double_cake,random,random_lr0_1_lr0_01_lr0_01_optgd_epochs100_epochs0_001_epochs0_001_clusters10__rep1,62,0.75,tensor(0.1561, grad_fn=<SqueezeBackward0>),tensor(-0.3061, grad_fn=<NegBackward0>),6300,80.36139702796936,10,0.5,,20
double_cake,random,random_lr0_1_lr0_01_lr0_01_optgd_epochs100_epochs0_001_epochs0_001_clusters2__rep1,18,0.8214285714285714,tensor(0.1199, grad_fn=<SqueezeBackward0>),tensor(-0.6561, grad_fn=<NegBackward0>),76,108.46975994110107,2,0.5,,20
double_cake,random,random_lr0_1_lr0_01_lr0_01_optgd_epochs100_epochs0_001_epochs0_001_clusters10__rep1,63,0.75,tensor(0.1563, grad_fn=<SqueezeBackward0>),tensor(-0.3783, grad_fn=<NegBackward0>),6400,81.06364393234253,10,0.5,,20
double_cake,random,random_lr0_1_lr0_01_lr0_01_optgd_epochs100_epochs0_001_epochs0_001_clusters2__rep1,19,0.8571428571428571,tensor(0.1184, grad_fn=<SqueezeBackward0>),tensor(-0.7872, grad_fn=<NegBackward0>),80,105.67286801338196,2,0.5,,20
double_cake,random,random_lr0_1_lr0_01_lr0_01_optgd_epochs100_epochs0_001_epochs0_001_clusters10__rep1,64,0.75,tensor(0.1559, grad_fn=<SqueezeBackward0>),tensor(-0.3338, grad_fn=<NegBackward0>),6500,81.74822497367859,10,0.5,,20
double_cake,random,random_lr0_1_lr0_01_lr0_01_optgd_epochs100_epochs0_001_epochs0_001_clusters10__rep1,65,0.75,tensor(0.1563, grad_fn=<SqueezeBackward0>),tensor(-0.2879, grad_fn=<NegBackward0>),6600,78.35916495323181,10,0.5,,20
double_cake,random,random_lr0_1_lr0_01_lr0_01_optgd_epochs100_epochs0_001_epochs0_001_clusters2__rep1,20,0.8571428571428571,tensor(0.1192, grad_fn=<SqueezeBackward0>),tensor(-0.7035, grad_fn=<NegBackward0>),84,107.83543992042542,2,0.5,,20
double_cake,random,random_lr0_1_lr0_01_lr0_01_optgd_epochs100_epochs0_001_epochs0_001_clusters10__rep1,66,0.8333333333333334,tensor(0.1577, grad_fn=<SqueezeBackward0>),tensor(-0.2374, grad_fn=<NegBackward0>),6700,80.56001305580139,10,0.5,,20
double_cake,random,random_lr0_1_lr0_01_lr0_01_optgd_epochs100_epochs0_001_epochs0_001_clusters2__rep1,21,0.8571428571428571,tensor(0.1204, grad_fn=<SqueezeBackward0>),tensor(-0.6340, grad_fn=<NegBackward0>),88,108.59972929954529,2,0.5,,20
double_cake,random,random_lr0_1_lr0_01_lr0_01_optgd_epochs100_epochs0_001_epochs0_001_clusters10__rep1,67,0.8333333333333334,tensor(0.1577, grad_fn=<SqueezeBackward0>),tensor(-0.4504, grad_fn=<NegBackward0>),6800,77.04506087303162,10,0.5,,20
double_cake,random,random_lr0_1_lr0_01_lr0_01_optgd_epochs100_epochs0_001_epochs0_001_clusters10__rep1,68,0.8333333333333334,tensor(0.1587, grad_fn=<SqueezeBackward0>),tensor(-0.3779, grad_fn=<NegBackward0>),6900,80.3761978149414,10,0.5,,20
double_cake,random,random_lr0_1_lr0_01_lr0_01_optgd_epochs100_epochs0_001_epochs0_001_clusters2__rep1,22,0.8571428571428571,tensor(0.1213, grad_fn=<SqueezeBackward0>),tensor(-0.6943, grad_fn=<NegBackward0>),92,105.23747301101685,2,0.5,,20
double_cake,random,random_lr0_1_lr0_01_lr0_01_optgd_epochs100_epochs0_001_epochs0_001_clusters10__rep1,69,0.8333333333333334,tensor(0.1582, grad_fn=<SqueezeBackward0>),tensor(-0.3278, grad_fn=<NegBackward0>),7000,80.12125205993652,10,0.5,,20
double_cake,random,random_lr0_1_lr0_01_lr0_01_optgd_epochs100_epochs0_001_epochs0_001_clusters2__rep1,23,0.8571428571428571,tensor(0.1207, grad_fn=<SqueezeBackward0>),tensor(-0.7640, grad_fn=<NegBackward0>),96,105.71342897415161,2,0.5,,20
double_cake,random,random_lr0_1_lr0_01_lr0_01_optgd_epochs100_epochs0_001_epochs0_001_clusters10__rep1,70,0.8333333333333334,tensor(0.1577, grad_fn=<SqueezeBackward0>),tensor(-0.3469, grad_fn=<NegBackward0>),7100,78.2258939743042,10,0.5,,20
double_cake,random,random_lr0_1_lr0_01_lr0_01_optgd_epochs100_epochs0_001_epochs0_001_clusters2__rep1,24,0.8571428571428571,tensor(0.1203, grad_fn=<SqueezeBackward0>),tensor(-0.7117, grad_fn=<NegBackward0>),100,105.45582795143127,2,0.5,,20
double_cake,random,random_lr0_1_lr0_01_lr0_01_optgd_epochs100_epochs0_001_epochs0_001_clusters10__rep1,71,0.8333333333333334,tensor(0.1585, grad_fn=<SqueezeBackward0>),tensor(-0.4495, grad_fn=<NegBackward0>),7200,78.28884792327881,10,0.5,,20
double_cake,random,random_lr0_1_lr0_01_lr0_01_optgd_epochs100_epochs0_001_epochs0_001_clusters2__rep1,25,0.8214285714285714,tensor(0.1205, grad_fn=<SqueezeBackward0>),tensor(-0.7761, grad_fn=<NegBackward0>),104,104.94193196296692,2,0.5,,20
double_cake,random,random_lr0_1_lr0_01_lr0_01_optgd_epochs100_epochs0_001_epochs0_001_clusters10__rep1,72,0.8333333333333334,tensor(0.1586, grad_fn=<SqueezeBackward0>),tensor(-0.3988, grad_fn=<NegBackward0>),7300,82.7759358882904,10,0.5,,20
double_cake,random,random_lr0_1_lr0_01_lr0_01_optgd_epochs100_epochs0_001_epochs0_001_clusters10__rep1,73,0.8333333333333334,tensor(0.1598, grad_fn=<SqueezeBackward0>),tensor(-0.3538, grad_fn=<NegBackward0>),7400,77.38445115089417,10,0.5,,20
double_cake,random,random_lr0_1_lr0_01_lr0_01_optgd_epochs100_epochs0_001_epochs0_001_clusters2__rep1,26,0.8928571428571429,tensor(0.1227, grad_fn=<SqueezeBackward0>),tensor(-0.5637, grad_fn=<NegBackward0>),108,112.71436190605164,2,0.5,,20
double_cake,random,random_lr0_1_lr0_01_lr0_01_optgd_epochs100_epochs0_001_epochs0_001_clusters10__rep1,74,0.8333333333333334,tensor(0.1607, grad_fn=<SqueezeBackward0>),tensor(-0.4142, grad_fn=<NegBackward0>),7500,80.03574180603027,10,0.5,,20
double_cake,random,random_lr0_1_lr0_01_lr0_01_optgd_epochs100_epochs0_001_epochs0_001_clusters2__rep1,27,0.8928571428571429,tensor(0.1230, grad_fn=<SqueezeBackward0>),tensor(-0.7342, grad_fn=<NegBackward0>),112,102.96580982208252,2,0.5,,20
double_cake,random,random_lr0_1_lr0_01_lr0_01_optgd_epochs100_epochs0_001_epochs0_001_clusters10__rep1,75,0.8333333333333334,tensor(0.1611, grad_fn=<SqueezeBackward0>),tensor(-0.3131, grad_fn=<NegBackward0>),7600,82.09843420982361,10,0.5,,20
double_cake,random,random_lr0_1_lr0_01_lr0_01_optgd_epochs100_epochs0_001_epochs0_001_clusters10__rep1,76,0.8333333333333334,tensor(0.1611, grad_fn=<SqueezeBackward0>),tensor(-0.3598, grad_fn=<NegBackward0>),7700,74.66198706626892,10,0.5,,20
double_cake,random,random_lr0_1_lr0_01_lr0_01_optgd_epochs100_epochs0_001_epochs0_001_clusters2__rep1,28,0.8928571428571429,tensor(0.1232, grad_fn=<SqueezeBackward0>),tensor(-0.7180, grad_fn=<NegBackward0>),116,108.40233588218689,2,0.5,,20
double_cake,random,random_lr0_1_lr0_01_lr0_01_optgd_epochs100_epochs0_001_epochs0_001_clusters10__rep1,77,0.8333333333333334,tensor(0.1613, grad_fn=<SqueezeBackward0>),tensor(-0.3530, grad_fn=<NegBackward0>),7800,82.02700805664062,10,0.5,,20
double_cake,random,random_lr0_1_lr0_01_lr0_01_optgd_epochs100_epochs0_001_epochs0_001_clusters2__rep1,29,0.8571428571428571,tensor(0.1229, grad_fn=<SqueezeBackward0>),tensor(-0.7822, grad_fn=<NegBackward0>),120,108.34730124473572,2,0.5,,20
double_cake,random,random_lr0_1_lr0_01_lr0_01_optgd_epochs100_epochs0_001_epochs0_001_clusters10__rep1,78,0.8333333333333334,tensor(0.1615, grad_fn=<SqueezeBackward0>),tensor(-0.4499, grad_fn=<NegBackward0>),7900,78.15600419044495,10,0.5,,20
double_cake,random,random_lr0_1_lr0_01_lr0_01_optgd_epochs100_epochs0_001_epochs0_001_clusters2__rep1,30,0.8571428571428571,tensor(0.1236, grad_fn=<SqueezeBackward0>),tensor(-0.7000, grad_fn=<NegBackward0>),124,108.60715317726135,2,0.5,,20
double_cake,random,random_lr0_1_lr0_01_lr0_01_optgd_epochs100_epochs0_001_epochs0_001_clusters10__rep1,79,0.8333333333333334,tensor(0.1623, grad_fn=<SqueezeBackward0>),tensor(-0.2514, grad_fn=<NegBackward0>),8000,80.63633275032043,10,0.5,,20
double_cake,random,random_lr0_1_lr0_01_lr0_01_optgd_epochs100_epochs0_001_epochs0_001_clusters10__rep1,80,0.8333333333333334,tensor(0.1631, grad_fn=<SqueezeBackward0>),tensor(-0.2927, grad_fn=<NegBackward0>),8100,78.78012275695801,10,0.5,,20
double_cake,random,random_lr0_1_lr0_01_lr0_01_optgd_epochs100_epochs0_001_epochs0_001_clusters2__rep1,31,0.8928571428571429,tensor(0.1233, grad_fn=<SqueezeBackward0>),tensor(-0.8277, grad_fn=<NegBackward0>),128,102.23603796958923,2,0.5,,20
double_cake,random,random_lr0_1_lr0_01_lr0_01_optgd_epochs100_epochs0_001_epochs0_001_clusters10__rep1,81,0.8333333333333334,tensor(0.1634, grad_fn=<SqueezeBackward0>),tensor(-0.3326, grad_fn=<NegBackward0>),8200,80.44444489479065,10,0.5,,20
double_cake,random,random_lr0_1_lr0_01_lr0_01_optgd_epochs100_epochs0_001_epochs0_001_clusters2__rep1,32,0.8928571428571429,tensor(0.1214, grad_fn=<SqueezeBackward0>),tensor(-0.7847, grad_fn=<NegBackward0>),132,110.55345487594604,2,0.5,,20
double_cake,random,random_lr0_1_lr0_01_lr0_01_optgd_epochs100_epochs0_001_epochs0_001_clusters10__rep1,82,0.7916666666666666,tensor(0.1630, grad_fn=<SqueezeBackward0>),tensor(-0.2555, grad_fn=<NegBackward0>),8300,78.11069416999817,10,0.5,,20
double_cake,random,random_lr0_1_lr0_01_lr0_01_optgd_epochs100_epochs0_001_epochs0_001_clusters2__rep1,33,0.8928571428571429,tensor(0.1210, grad_fn=<SqueezeBackward0>),tensor(-0.7342, grad_fn=<NegBackward0>),136,108.88504481315613,2,0.5,,20
double_cake,random,random_lr0_1_lr0_01_lr0_01_optgd_epochs100_epochs0_001_epochs0_001_clusters10__rep1,83,0.8333333333333334,tensor(0.1634, grad_fn=<SqueezeBackward0>),tensor(-0.3000, grad_fn=<NegBackward0>),8400,78.1368408203125,10,0.5,,20
double_cake,random,random_lr0_1_lr0_01_lr0_01_optgd_epochs100_epochs0_001_epochs0_001_clusters10__rep1,84,0.8333333333333334,tensor(0.1633, grad_fn=<SqueezeBackward0>),tensor(-0.3233, grad_fn=<NegBackward0>),8500,77.01723790168762,10,0.5,,20
double_cake,random,random_lr0_1_lr0_01_lr0_01_optgd_epochs100_epochs0_001_epochs0_001_clusters2__rep1,34,0.8571428571428571,tensor(0.1214, grad_fn=<SqueezeBackward0>),tensor(-0.7505, grad_fn=<NegBackward0>),140,108.52808809280396,2,0.5,,20
double_cake,random,random_lr0_1_lr0_01_lr0_01_optgd_epochs100_epochs0_001_epochs0_001_clusters10__rep1,85,0.8333333333333334,tensor(0.1642, grad_fn=<SqueezeBackward0>),tensor(-0.3416, grad_fn=<NegBackward0>),8600,82.89726710319519,10,0.5,,20
double_cake,random,random_lr0_1_lr0_01_lr0_01_optgd_epochs100_epochs0_001_epochs0_001_clusters2__rep1,35,0.8571428571428571,tensor(0.1218, grad_fn=<SqueezeBackward0>),tensor(-0.6886, grad_fn=<NegBackward0>),144,104.16803789138794,2,0.5,,20
double_cake,random,random_lr0_1_lr0_01_lr0_01_optgd_epochs100_epochs0_001_epochs0_001_clusters10__rep1,86,0.7916666666666666,tensor(0.1646, grad_fn=<SqueezeBackward0>),tensor(-0.2731, grad_fn=<NegBackward0>),8700,78.46136713027954,10,0.5,,20
double_cake,random,random_lr0_1_lr0_01_lr0_01_optgd_epochs100_epochs0_001_epochs0_001_clusters2__rep1,36,0.8571428571428571,tensor(0.1216, grad_fn=<SqueezeBackward0>),tensor(-0.7102, grad_fn=<NegBackward0>),148,108.69026303291321,2,0.5,,20
double_cake,random,random_lr0_1_lr0_01_lr0_01_optgd_epochs100_epochs0_001_epochs0_001_clusters10__rep1,87,0.7916666666666666,tensor(0.1657, grad_fn=<SqueezeBackward0>),tensor(-0.3447, grad_fn=<NegBackward0>),8800,78.80637288093567,10,0.5,,20
double_cake,random,random_lr0_1_lr0_01_lr0_01_optgd_epochs100_epochs0_001_epochs0_001_clusters10__rep1,88,0.8333333333333334,tensor(0.1659, grad_fn=<SqueezeBackward0>),tensor(-0.4433, grad_fn=<NegBackward0>),8900,79.72001624107361,10,0.5,,20
double_cake,random,random_lr0_1_lr0_01_lr0_01_optgd_epochs100_epochs0_001_epochs0_001_clusters2__rep1,37,0.8928571428571429,tensor(0.1215, grad_fn=<SqueezeBackward0>),tensor(-0.7114, grad_fn=<NegBackward0>),152,104.98407673835754,2,0.5,,20
double_cake,random,random_lr0_1_lr0_01_lr0_01_optgd_epochs100_epochs0_001_epochs0_001_clusters10__rep1,89,0.8333333333333334,tensor(0.1663, grad_fn=<SqueezeBackward0>),tensor(-0.3401, grad_fn=<NegBackward0>),9000,77.81706690788269,10,0.5,,20
double_cake,random,random_lr0_1_lr0_01_lr0_01_optgd_epochs100_epochs0_001_epochs0_001_clusters2__rep1,38,0.8571428571428571,tensor(0.1225, grad_fn=<SqueezeBackward0>),tensor(-0.7386, grad_fn=<NegBackward0>),156,108.47993278503418,2,0.5,,20
double_cake,random,random_lr0_1_lr0_01_lr0_01_optgd_epochs100_epochs0_001_epochs0_001_clusters10__rep1,90,0.8333333333333334,tensor(0.1661, grad_fn=<SqueezeBackward0>),tensor(-0.3508, grad_fn=<NegBackward0>),9100,80.58485889434814,10,0.5,,20
double_cake,random,random_lr0_1_lr0_01_lr0_01_optgd_epochs100_epochs0_001_epochs0_001_clusters2__rep1,39,0.9285714285714286,tensor(0.1223, grad_fn=<SqueezeBackward0>),tensor(-0.6747, grad_fn=<NegBackward0>),160,108.6144368648529,2,0.5,,20
double_cake,random,random_lr0_1_lr0_01_lr0_01_optgd_epochs100_epochs0_001_epochs0_001_clusters10__rep1,91,0.8333333333333334,tensor(0.1677, grad_fn=<SqueezeBackward0>),tensor(-0.3484, grad_fn=<NegBackward0>),9200,81.10642099380493,10,0.5,,20
double_cake,random,random_lr0_1_lr0_01_lr0_01_optgd_epochs100_epochs0_001_epochs0_001_clusters10__rep1,92,0.8333333333333334,tensor(0.1680, grad_fn=<SqueezeBackward0>),tensor(-0.3655, grad_fn=<NegBackward0>),9300,77.993399143219,10,0.5,,20
double_cake,random,random_lr0_1_lr0_01_lr0_01_optgd_epochs100_epochs0_001_epochs0_001_clusters2__rep1,40,0.9285714285714286,tensor(0.1223, grad_fn=<SqueezeBackward0>),tensor(-0.9917, grad_fn=<NegBackward0>),164,109.51651811599731,2,0.5,,20
double_cake,random,random_lr0_1_lr0_01_lr0_01_optgd_epochs100_epochs0_001_epochs0_001_clusters10__rep1,93,0.875,tensor(0.1702, grad_fn=<SqueezeBackward0>),tensor(-0.2556, grad_fn=<NegBackward0>),9400,81.48031687736511,10,0.5,,20
double_cake,random,random_lr0_1_lr0_01_lr0_01_optgd_epochs100_epochs0_001_epochs0_001_clusters2__rep1,41,0.8928571428571429,tensor(0.1214, grad_fn=<SqueezeBackward0>),tensor(-0.7685, grad_fn=<NegBackward0>),168,101.6671359539032,2,0.5,,20
double_cake,random,random_lr0_1_lr0_01_lr0_01_optgd_epochs100_epochs0_001_epochs0_001_clusters10__rep1,94,0.875,tensor(0.1709, grad_fn=<SqueezeBackward0>),tensor(-0.3542, grad_fn=<NegBackward0>),9500,78.26372194290161,10,0.5,,20
double_cake,random,random_lr0_1_lr0_01_lr0_01_optgd_epochs100_epochs0_001_epochs0_001_clusters10__rep1,95,0.875,tensor(0.1715, grad_fn=<SqueezeBackward0>),tensor(-0.3321, grad_fn=<NegBackward0>),9600,77.17193007469177,10,0.5,,20
double_cake,random,random_lr0_1_lr0_01_lr0_01_optgd_epochs100_epochs0_001_epochs0_001_clusters2__rep1,42,0.8928571428571429,tensor(0.1206, grad_fn=<SqueezeBackward0>),tensor(-0.7263, grad_fn=<NegBackward0>),172,111.82632994651794,2,0.5,,20
double_cake,random,random_lr0_1_lr0_01_lr0_01_optgd_epochs100_epochs0_001_epochs0_001_clusters10__rep1,96,0.875,tensor(0.1718, grad_fn=<SqueezeBackward0>),tensor(-0.3411, grad_fn=<NegBackward0>),9700,80.28927898406982,10,0.5,,20
double_cake,random,random_lr0_1_lr0_01_lr0_01_optgd_epochs100_epochs0_001_epochs0_001_clusters2__rep1,43,0.8928571428571429,tensor(0.1202, grad_fn=<SqueezeBackward0>),tensor(-0.6290, grad_fn=<NegBackward0>),176,104.98727202415466,2,0.5,,20
double_cake,random,random_lr0_1_lr0_01_lr0_01_optgd_epochs100_epochs0_001_epochs0_001_clusters10__rep1,97,0.875,tensor(0.1727, grad_fn=<SqueezeBackward0>),tensor(-0.3803, grad_fn=<NegBackward0>),9800,81.40796399116516,10,0.5,,20
double_cake,random,random_lr0_1_lr0_01_lr0_01_optgd_epochs100_epochs0_001_epochs0_001_clusters2__rep1,44,0.8928571428571429,tensor(0.1199, grad_fn=<SqueezeBackward0>),tensor(-0.7502, grad_fn=<NegBackward0>),180,108.13868975639343,2,0.5,,20
double_cake,random,random_lr0_1_lr0_01_lr0_01_optgd_epochs100_epochs0_001_epochs0_001_clusters10__rep1,98,0.875,tensor(0.1729, grad_fn=<SqueezeBackward0>),tensor(-0.3089, grad_fn=<NegBackward0>),9900,74.9790370464325,10,0.5,,20
double_cake,random,random_lr0_1_lr0_01_lr0_01_optgd_epochs100_epochs0_001_epochs0_001_clusters10__rep1,99,0.8333333333333334,tensor(0.1730, grad_fn=<SqueezeBackward0>),tensor(-0.4010, grad_fn=<NegBackward0>),10000,82.54199719429016,10,0.5,,20
double_cake,random,random_lr0_1_lr0_01_lr0_01_optgd_epochs100_epochs0_001_epochs0_001_clusters2__rep1,45,0.8928571428571429,tensor(0.1200, grad_fn=<SqueezeBackward0>),tensor(-0.7788, grad_fn=<NegBackward0>),184,105.8124029636383,2,0.5,,20
double_cake,random,random_lr0_1_lr0_01_lr0_01_optgd_epochs100_epochs0_001_epochs0_001_clusters2__rep1,46,0.8571428571428571,tensor(0.1189, grad_fn=<SqueezeBackward0>),tensor(-0.6621, grad_fn=<NegBackward0>),188,105.97578597068787,2,0.5,,20
double_cake,random,random_lr0_1_lr0_01_lr0_01_optgd_epochs100_epochs0_001_epochs0_001_clusters2__rep1,47,0.8571428571428571,tensor(0.1184, grad_fn=<SqueezeBackward0>),tensor(-0.7227, grad_fn=<NegBackward0>),192,105.99403786659241,2,0.5,,20
double_cake,random,random_lr0_1_lr0_01_lr0_01_optgd_epochs100_epochs0_001_epochs0_001_clusters4__rep1,0,0.8571428571428571,tensor(0.1127, grad_fn=<SqueezeBackward0>),tensor(-0.5347, grad_fn=<NegBackward0>),16,107.65799379348755,4,0.5,,20
double_cake,random,random_lr0_1_lr0_01_lr0_01_optgd_epochs100_epochs0_001_epochs0_001_clusters2__rep1,48,0.8571428571428571,tensor(0.1180, grad_fn=<SqueezeBackward0>),tensor(-0.6994, grad_fn=<NegBackward0>),196,106.52923798561096,2,0.5,,20
double_cake,random,random_lr0_1_lr0_01_lr0_01_optgd_epochs100_epochs0_001_epochs0_001_clusters4__rep1,1,0.8571428571428571,tensor(0.1126, grad_fn=<SqueezeBackward0>),tensor(-0.5432, grad_fn=<NegBackward0>),32,108.48484396934509,4,0.5,,20
double_cake,random,random_lr0_1_lr0_01_lr0_01_optgd_epochs100_epochs0_001_epochs0_001_clusters2__rep1,49,0.8571428571428571,tensor(0.1180, grad_fn=<SqueezeBackward0>),tensor(-0.9919, grad_fn=<NegBackward0>),200,110.72446298599243,2,0.5,,20
double_cake,random,random_lr0_1_lr0_01_lr0_01_optgd_epochs100_epochs0_001_epochs0_001_clusters4__rep1,2,0.8571428571428571,tensor(0.1123, grad_fn=<SqueezeBackward0>),tensor(-0.2457, grad_fn=<NegBackward0>),48,109.65232181549072,4,0.5,,20
double_cake,random,random_lr0_1_lr0_01_lr0_01_optgd_epochs100_epochs0_001_epochs0_001_clusters2__rep1,50,0.8571428571428571,tensor(0.1183, grad_fn=<SqueezeBackward0>),tensor(-0.7034, grad_fn=<NegBackward0>),204,108.53444504737854,2,0.5,,20
double_cake,random,random_lr0_1_lr0_01_lr0_01_optgd_epochs100_epochs0_001_epochs0_001_clusters4__rep1,3,0.8571428571428571,tensor(0.1115, grad_fn=<SqueezeBackward0>),tensor(-0.4861, grad_fn=<NegBackward0>),64,106.66091537475586,4,0.5,,20
double_cake,random,random_lr0_1_lr0_01_lr0_01_optgd_epochs100_epochs0_001_epochs0_001_clusters2__rep1,51,0.8571428571428571,tensor(0.1176, grad_fn=<SqueezeBackward0>),tensor(-0.6791, grad_fn=<NegBackward0>),208,111.54453778266907,2,0.5,,20
double_cake,random,random_lr0_1_lr0_01_lr0_01_optgd_epochs100_epochs0_001_epochs0_001_clusters4__rep1,4,0.8214285714285714,tensor(0.1131, grad_fn=<SqueezeBackward0>),tensor(-0.4517, grad_fn=<NegBackward0>),80,110.88187074661255,4,0.5,,20
double_cake,random,random_lr0_1_lr0_01_lr0_01_optgd_epochs100_epochs0_001_epochs0_001_clusters2__rep1,52,0.8928571428571429,tensor(0.1190, grad_fn=<SqueezeBackward0>),tensor(-0.6231, grad_fn=<NegBackward0>),212,111.41224074363708,2,0.5,,20
double_cake,random,random_lr0_1_lr0_01_lr0_01_optgd_epochs100_epochs0_001_epochs0_001_clusters4__rep1,5,0.8571428571428571,tensor(0.1128, grad_fn=<SqueezeBackward0>),tensor(-0.5219, grad_fn=<NegBackward0>),96,111.82514309883118,4,0.5,,20
double_cake,random,random_lr0_1_lr0_01_lr0_01_optgd_epochs100_epochs0_001_epochs0_001_clusters2__rep1,53,0.8214285714285714,tensor(0.1187, grad_fn=<SqueezeBackward0>),tensor(-0.7501, grad_fn=<NegBackward0>),216,113.83315777778625,2,0.5,,20
double_cake,random,random_lr0_1_lr0_01_lr0_01_optgd_epochs100_epochs0_001_epochs0_001_clusters4__rep1,6,0.8571428571428571,tensor(0.1129, grad_fn=<SqueezeBackward0>),tensor(-0.4684, grad_fn=<NegBackward0>),112,112.80518007278442,4,0.5,,20
double_cake,random,random_lr0_1_lr0_01_lr0_01_optgd_epochs100_epochs0_001_epochs0_001_clusters2__rep1,54,0.8214285714285714,tensor(0.1174, grad_fn=<SqueezeBackward0>),tensor(-0.7784, grad_fn=<NegBackward0>),220,108.17682313919067,2,0.5,,20
double_cake,random,random_lr0_1_lr0_01_lr0_01_optgd_epochs100_epochs0_001_epochs0_001_clusters4__rep1,7,0.8571428571428571,tensor(0.1143, grad_fn=<SqueezeBackward0>),tensor(-0.4735, grad_fn=<NegBackward0>),128,109.20208716392517,4,0.5,,20
double_cake,random,random_lr0_1_lr0_01_lr0_01_optgd_epochs100_epochs0_001_epochs0_001_clusters2__rep1,55,0.8571428571428571,tensor(0.1167, grad_fn=<SqueezeBackward0>),tensor(-0.7177, grad_fn=<NegBackward0>),224,107.9091432094574,2,0.5,,20
double_cake,random,random_lr0_1_lr0_01_lr0_01_optgd_epochs100_epochs0_001_epochs0_001_clusters4__rep1,8,0.8571428571428571,tensor(0.1139, grad_fn=<SqueezeBackward0>),tensor(-0.4857, grad_fn=<NegBackward0>),144,109.28379607200623,4,0.5,,20
double_cake,random,random_lr0_1_lr0_01_lr0_01_optgd_epochs100_epochs0_001_epochs0_001_clusters2__rep1,56,0.8571428571428571,tensor(0.1161, grad_fn=<SqueezeBackward0>),tensor(-0.7332, grad_fn=<NegBackward0>),228,107.30310583114624,2,0.5,,20
double_cake,random,random_lr0_1_lr0_01_lr0_01_optgd_epochs100_epochs0_001_epochs0_001_clusters4__rep1,9,0.8571428571428571,tensor(0.1144, grad_fn=<SqueezeBackward0>),tensor(-0.5126, grad_fn=<NegBackward0>),160,113.23124241828918,4,0.5,,20
double_cake,random,random_lr0_1_lr0_01_lr0_01_optgd_epochs100_epochs0_001_epochs0_001_clusters2__rep1,57,0.8571428571428571,tensor(0.1161, grad_fn=<SqueezeBackward0>),tensor(-0.7405, grad_fn=<NegBackward0>),232,116.52511096000671,2,0.5,,20
double_cake,random,random_lr0_1_lr0_01_lr0_01_optgd_epochs100_epochs0_001_epochs0_001_clusters4__rep1,10,0.8571428571428571,tensor(0.1142, grad_fn=<SqueezeBackward0>),tensor(-0.3127, grad_fn=<NegBackward0>),176,112.48361611366272,4,0.5,,20
double_cake,random,random_lr0_1_lr0_01_lr0_01_optgd_epochs100_epochs0_001_epochs0_001_clusters2__rep1,58,0.8571428571428571,tensor(0.1130, grad_fn=<SqueezeBackward0>),tensor(-0.7491, grad_fn=<NegBackward0>),236,111.04599809646606,2,0.5,,20
double_cake,random,random_lr0_1_lr0_01_lr0_01_optgd_epochs100_epochs0_001_epochs0_001_clusters4__rep1,11,0.8571428571428571,tensor(0.1148, grad_fn=<SqueezeBackward0>),tensor(-0.4545, grad_fn=<NegBackward0>),192,111.11384510993958,4,0.5,,20
double_cake,random,random_lr0_1_lr0_01_lr0_01_optgd_epochs100_epochs0_001_epochs0_001_clusters2__rep1,59,0.8571428571428571,tensor(0.1128, grad_fn=<SqueezeBackward0>),tensor(-0.8363, grad_fn=<NegBackward0>),240,108.76882195472717,2,0.5,,20
double_cake,random,random_lr0_1_lr0_01_lr0_01_optgd_epochs100_epochs0_001_epochs0_001_clusters4__rep1,12,0.8571428571428571,tensor(0.1152, grad_fn=<SqueezeBackward0>),tensor(-0.2952, grad_fn=<NegBackward0>),208,111.29634475708008,4,0.5,,20
double_cake,random,random_lr0_1_lr0_01_lr0_01_optgd_epochs100_epochs0_001_epochs0_001_clusters2__rep1,60,0.9285714285714286,tensor(0.1154, grad_fn=<SqueezeBackward0>),tensor(-0.6089, grad_fn=<NegBackward0>),244,106.73548078536987,2,0.5,,20
double_cake,random,random_lr0_1_lr0_01_lr0_01_optgd_epochs100_epochs0_001_epochs0_001_clusters4__rep1,13,0.8571428571428571,tensor(0.1172, grad_fn=<SqueezeBackward0>),tensor(-0.4547, grad_fn=<NegBackward0>),224,111.33209323883057,4,0.5,,20
double_cake,random,random_lr0_1_lr0_01_lr0_01_optgd_epochs100_epochs0_001_epochs0_001_clusters2__rep1,61,0.8928571428571429,tensor(0.1148, grad_fn=<SqueezeBackward0>),tensor(-0.7092, grad_fn=<NegBackward0>),248,111.64565920829773,2,0.5,,20
double_cake,random,random_lr0_1_lr0_01_lr0_01_optgd_epochs100_epochs0_001_epochs0_001_clusters4__rep1,14,0.8571428571428571,tensor(0.1175, grad_fn=<SqueezeBackward0>),tensor(-0.4730, grad_fn=<NegBackward0>),240,107.47149205207825,4,0.5,,20
double_cake,random,random_lr0_1_lr0_01_lr0_01_optgd_epochs100_epochs0_001_epochs0_001_clusters2__rep1,62,0.8928571428571429,tensor(0.1147, grad_fn=<SqueezeBackward0>),tensor(-0.7146, grad_fn=<NegBackward0>),252,112.30991506576538,2,0.5,,20
double_cake,random,random_lr0_1_lr0_01_lr0_01_optgd_epochs100_epochs0_001_epochs0_001_clusters4__rep1,15,0.8571428571428571,tensor(0.1174, grad_fn=<SqueezeBackward0>),tensor(-0.5241, grad_fn=<NegBackward0>),256,107.47229957580566,4,0.5,,20
double_cake,random,random_lr0_1_lr0_01_lr0_01_optgd_epochs100_epochs0_001_epochs0_001_clusters2__rep1,63,0.8928571428571429,tensor(0.1145, grad_fn=<SqueezeBackward0>),tensor(-0.6787, grad_fn=<NegBackward0>),256,108.29512476921082,2,0.5,,20
double_cake,random,random_lr0_1_lr0_01_lr0_01_optgd_epochs100_epochs0_001_epochs0_001_clusters4__rep1,16,0.8214285714285714,tensor(0.1176, grad_fn=<SqueezeBackward0>),tensor(-0.4968, grad_fn=<NegBackward0>),272,112.21059489250183,4,0.5,,20
double_cake,random,random_lr0_1_lr0_01_lr0_01_optgd_epochs100_epochs0_001_epochs0_001_clusters2__rep1,64,0.9285714285714286,tensor(0.1156, grad_fn=<SqueezeBackward0>),tensor(-0.7979, grad_fn=<NegBackward0>),260,113.17647385597229,2,0.5,,20
double_cake,random,random_lr0_1_lr0_01_lr0_01_optgd_epochs100_epochs0_001_epochs0_001_clusters4__rep1,17,0.8214285714285714,tensor(0.1189, grad_fn=<SqueezeBackward0>),tensor(-0.5169, grad_fn=<NegBackward0>),288,115.30779004096985,4,0.5,,20
double_cake,random,random_lr0_1_lr0_01_lr0_01_optgd_epochs100_epochs0_001_epochs0_001_clusters2__rep1,65,0.9285714285714286,tensor(0.1163, grad_fn=<SqueezeBackward0>),tensor(-0.7625, grad_fn=<NegBackward0>),264,112.78270411491394,2,0.5,,20
double_cake,random,random_lr0_1_lr0_01_lr0_01_optgd_epochs100_epochs0_001_epochs0_001_clusters4__rep1,18,0.8214285714285714,tensor(0.1191, grad_fn=<SqueezeBackward0>),tensor(-0.4581, grad_fn=<NegBackward0>),304,108.83322310447693,4,0.5,,20
double_cake,random,random_lr0_1_lr0_01_lr0_01_optgd_epochs100_epochs0_001_epochs0_001_clusters2__rep1,66,0.9285714285714286,tensor(0.1154, grad_fn=<SqueezeBackward0>),tensor(-0.7003, grad_fn=<NegBackward0>),268,112.19045901298523,2,0.5,,20
double_cake,random,random_lr0_1_lr0_01_lr0_01_optgd_epochs100_epochs0_001_epochs0_001_clusters4__rep1,19,0.8214285714285714,tensor(0.1191, grad_fn=<SqueezeBackward0>),tensor(-0.6368, grad_fn=<NegBackward0>),320,113.84932804107666,4,0.5,,20
double_cake,random,random_lr0_1_lr0_01_lr0_01_optgd_epochs100_epochs0_001_epochs0_001_clusters2__rep1,67,0.9285714285714286,tensor(0.1161, grad_fn=<SqueezeBackward0>),tensor(-0.6786, grad_fn=<NegBackward0>),272,111.6576030254364,2,0.5,,20
double_cake,random,random_lr0_1_lr0_01_lr0_01_optgd_epochs100_epochs0_001_epochs0_001_clusters4__rep1,20,0.8214285714285714,tensor(0.1193, grad_fn=<SqueezeBackward0>),tensor(-0.4878, grad_fn=<NegBackward0>),336,110.82555532455444,4,0.5,,20
double_cake,random,random_lr0_1_lr0_01_lr0_01_optgd_epochs100_epochs0_001_epochs0_001_clusters2__rep1,68,0.9285714285714286,tensor(0.1157, grad_fn=<SqueezeBackward0>),tensor(-0.8231, grad_fn=<NegBackward0>),276,116.61307501792908,2,0.5,,20
double_cake,random,random_lr0_1_lr0_01_lr0_01_optgd_epochs100_epochs0_001_epochs0_001_clusters4__rep1,21,0.8214285714285714,tensor(0.1205, grad_fn=<SqueezeBackward0>),tensor(-0.5889, grad_fn=<NegBackward0>),352,111.22925901412964,4,0.5,,20
double_cake,random,random_lr0_1_lr0_01_lr0_01_optgd_epochs100_epochs0_001_epochs0_001_clusters2__rep1,69,0.9285714285714286,tensor(0.1146, grad_fn=<SqueezeBackward0>),tensor(-0.5633, grad_fn=<NegBackward0>),280,108.42619109153748,2,0.5,,20
double_cake,random,random_lr0_1_lr0_01_lr0_01_optgd_epochs100_epochs0_001_epochs0_001_clusters4__rep1,22,0.8214285714285714,tensor(0.1207, grad_fn=<SqueezeBackward0>),tensor(-0.5677, grad_fn=<NegBackward0>),368,113.24404621124268,4,0.5,,20
double_cake,random,random_lr0_1_lr0_01_lr0_01_optgd_epochs100_epochs0_001_epochs0_001_clusters2__rep1,70,0.9285714285714286,tensor(0.1153, grad_fn=<SqueezeBackward0>),tensor(-0.5541, grad_fn=<NegBackward0>),284,109.82139420509338,2,0.5,,20
double_cake,random,random_lr0_1_lr0_01_lr0_01_optgd_epochs100_epochs0_001_epochs0_001_clusters4__rep1,23,0.8214285714285714,tensor(0.1209, grad_fn=<SqueezeBackward0>),tensor(-0.6329, grad_fn=<NegBackward0>),384,109.043466091156,4,0.5,,20
double_cake,random,random_lr0_1_lr0_01_lr0_01_optgd_epochs100_epochs0_001_epochs0_001_clusters2__rep1,71,0.9285714285714286,tensor(0.1149, grad_fn=<SqueezeBackward0>),tensor(-0.8331, grad_fn=<NegBackward0>),288,108.30747294425964,2,0.5,,20
double_cake,random,random_lr0_1_lr0_01_lr0_01_optgd_epochs100_epochs0_001_epochs0_001_clusters4__rep1,24,0.8214285714285714,tensor(0.1206, grad_fn=<SqueezeBackward0>),tensor(-0.5373, grad_fn=<NegBackward0>),400,109.75506687164307,4,0.5,,20
double_cake,random,random_lr0_1_lr0_01_lr0_01_optgd_epochs100_epochs0_001_epochs0_001_clusters2__rep1,72,0.8928571428571429,tensor(0.1130, grad_fn=<SqueezeBackward0>),tensor(-0.6254, grad_fn=<NegBackward0>),292,110.84862017631531,2,0.5,,20
double_cake,random,random_lr0_1_lr0_01_lr0_01_optgd_epochs100_epochs0_001_epochs0_001_clusters4__rep1,25,0.8214285714285714,tensor(0.1208, grad_fn=<SqueezeBackward0>),tensor(-0.3205, grad_fn=<NegBackward0>),416,111.005784034729,4,0.5,,20
double_cake,random,random_lr0_1_lr0_01_lr0_01_optgd_epochs100_epochs0_001_epochs0_001_clusters2__rep1,73,0.8928571428571429,tensor(0.1132, grad_fn=<SqueezeBackward0>),tensor(-0.6620, grad_fn=<NegBackward0>),296,111.0080132484436,2,0.5,,20
double_cake,random,random_lr0_1_lr0_01_lr0_01_optgd_epochs100_epochs0_001_epochs0_001_clusters4__rep1,26,0.8214285714285714,tensor(0.1200, grad_fn=<SqueezeBackward0>),tensor(-0.4582, grad_fn=<NegBackward0>),432,112.48036980628967,4,0.5,,20
double_cake,random,random_lr0_1_lr0_01_lr0_01_optgd_epochs100_epochs0_001_epochs0_001_clusters2__rep1,74,0.8928571428571429,tensor(0.1137, grad_fn=<SqueezeBackward0>),tensor(-0.7294, grad_fn=<NegBackward0>),300,112.83424806594849,2,0.5,,20
double_cake,random,random_lr0_1_lr0_01_lr0_01_optgd_epochs100_epochs0_001_epochs0_001_clusters4__rep1,27,0.8571428571428571,tensor(0.1214, grad_fn=<SqueezeBackward0>),tensor(-0.4482, grad_fn=<NegBackward0>),448,111.66225409507751,4,0.5,,20
double_cake,random,random_lr0_1_lr0_01_lr0_01_optgd_epochs100_epochs0_001_epochs0_001_clusters2__rep1,75,0.8571428571428571,tensor(0.1129, grad_fn=<SqueezeBackward0>),tensor(-0.7959, grad_fn=<NegBackward0>),304,114.27673316001892,2,0.5,,20
double_cake,random,random_lr0_1_lr0_01_lr0_01_optgd_epochs100_epochs0_001_epochs0_001_clusters4__rep1,28,0.8928571428571429,tensor(0.1219, grad_fn=<SqueezeBackward0>),tensor(-0.4911, grad_fn=<NegBackward0>),464,109.32728290557861,4,0.5,,20
double_cake,random,random_lr0_1_lr0_01_lr0_01_optgd_epochs100_epochs0_001_epochs0_001_clusters2__rep1,76,0.8571428571428571,tensor(0.1132, grad_fn=<SqueezeBackward0>),tensor(-0.7799, grad_fn=<NegBackward0>),308,108.03372120857239,2,0.5,,20
double_cake,random,random_lr0_1_lr0_01_lr0_01_optgd_epochs100_epochs0_001_epochs0_001_clusters4__rep1,29,0.8928571428571429,tensor(0.1210, grad_fn=<SqueezeBackward0>),tensor(-0.5839, grad_fn=<NegBackward0>),480,106.54866290092468,4,0.5,,20
double_cake,random,random_lr0_1_lr0_01_lr0_01_optgd_epochs100_epochs0_001_epochs0_001_clusters2__rep1,77,0.8928571428571429,tensor(0.1144, grad_fn=<SqueezeBackward0>),tensor(-0.8363, grad_fn=<NegBackward0>),312,107.9219560623169,2,0.5,,20
double_cake,random,random_lr0_1_lr0_01_lr0_01_optgd_epochs100_epochs0_001_epochs0_001_clusters4__rep1,30,0.8928571428571429,tensor(0.1219, grad_fn=<SqueezeBackward0>),tensor(-0.4985, grad_fn=<NegBackward0>),496,113.95385193824768,4,0.5,,20
double_cake,random,random_lr0_1_lr0_01_lr0_01_optgd_epochs100_epochs0_001_epochs0_001_clusters2__rep1,78,0.8571428571428571,tensor(0.1142, grad_fn=<SqueezeBackward0>),tensor(-0.7230, grad_fn=<NegBackward0>),316,111.8931519985199,2,0.5,,20
double_cake,random,random_lr0_1_lr0_01_lr0_01_optgd_epochs100_epochs0_001_epochs0_001_clusters4__rep1,31,0.8928571428571429,tensor(0.1224, grad_fn=<SqueezeBackward0>),tensor(-0.3918, grad_fn=<NegBackward0>),512,108.6464900970459,4,0.5,,20
double_cake,random,random_lr0_1_lr0_01_lr0_01_optgd_epochs100_epochs0_001_epochs0_001_clusters2__rep1,79,0.8928571428571429,tensor(0.1142, grad_fn=<SqueezeBackward0>),tensor(-0.6946, grad_fn=<NegBackward0>),320,108.41141200065613,2,0.5,,20
double_cake,random,random_lr0_1_lr0_01_lr0_01_optgd_epochs100_epochs0_001_epochs0_001_clusters4__rep1,32,0.8928571428571429,tensor(0.1228, grad_fn=<SqueezeBackward0>),tensor(-0.5340, grad_fn=<NegBackward0>),528,111.35117602348328,4,0.5,,20
double_cake,random,random_lr0_1_lr0_01_lr0_01_optgd_epochs100_epochs0_001_epochs0_001_clusters2__rep1,80,0.8928571428571429,tensor(0.1147, grad_fn=<SqueezeBackward0>),tensor(-0.6194, grad_fn=<NegBackward0>),324,113.47580003738403,2,0.5,,20
double_cake,random,random_lr0_1_lr0_01_lr0_01_optgd_epochs100_epochs0_001_epochs0_001_clusters4__rep1,33,0.8928571428571429,tensor(0.1217, grad_fn=<SqueezeBackward0>),tensor(-0.6217, grad_fn=<NegBackward0>),544,107.41434407234192,4,0.5,,20
double_cake,random,random_lr0_1_lr0_01_lr0_01_optgd_epochs100_epochs0_001_epochs0_001_clusters2__rep1,81,0.8928571428571429,tensor(0.1159, grad_fn=<SqueezeBackward0>),tensor(-0.6199, grad_fn=<NegBackward0>),328,112.80146813392639,2,0.5,,20
double_cake,random,random_lr0_1_lr0_01_lr0_01_optgd_epochs100_epochs0_001_epochs0_001_clusters4__rep1,34,0.8928571428571429,tensor(0.1227, grad_fn=<SqueezeBackward0>),tensor(-0.4958, grad_fn=<NegBackward0>),560,114.48129415512085,4,0.5,,20
double_cake,random,random_lr0_1_lr0_01_lr0_01_optgd_epochs100_epochs0_001_epochs0_001_clusters2__rep1,82,0.8928571428571429,tensor(0.1163, grad_fn=<SqueezeBackward0>),tensor(-0.7490, grad_fn=<NegBackward0>),332,107.98779010772705,2,0.5,,20
double_cake,random,random_lr0_1_lr0_01_lr0_01_optgd_epochs100_epochs0_001_epochs0_001_clusters4__rep1,35,0.8928571428571429,tensor(0.1231, grad_fn=<SqueezeBackward0>),tensor(-0.5247, grad_fn=<NegBackward0>),576,104.2105610370636,4,0.5,,20
double_cake,random,random_lr0_1_lr0_01_lr0_01_optgd_epochs100_epochs0_001_epochs0_001_clusters2__rep1,83,0.9285714285714286,tensor(0.1201, grad_fn=<SqueezeBackward0>),tensor(-0.8116, grad_fn=<NegBackward0>),336,108.8935718536377,2,0.5,,20
double_cake,random,random_lr0_1_lr0_01_lr0_01_optgd_epochs100_epochs0_001_epochs0_001_clusters4__rep1,36,0.8928571428571429,tensor(0.1238, grad_fn=<SqueezeBackward0>),tensor(-0.4912, grad_fn=<NegBackward0>),592,111.31787204742432,4,0.5,,20
double_cake,random,random_lr0_1_lr0_01_lr0_01_optgd_epochs100_epochs0_001_epochs0_001_clusters2__rep1,84,0.9642857142857143,tensor(0.1196, grad_fn=<SqueezeBackward0>),tensor(-0.6279, grad_fn=<NegBackward0>),340,113.60655784606934,2,0.5,,20
double_cake,random,random_lr0_1_lr0_01_lr0_01_optgd_epochs100_epochs0_001_epochs0_001_clusters4__rep1,37,0.8928571428571429,tensor(0.1246, grad_fn=<SqueezeBackward0>),tensor(-0.5039, grad_fn=<NegBackward0>),608,111.34117197990417,4,0.5,,20
double_cake,random,random_lr0_1_lr0_01_lr0_01_optgd_epochs100_epochs0_001_epochs0_001_clusters2__rep1,85,0.9285714285714286,tensor(0.1226, grad_fn=<SqueezeBackward0>),tensor(-0.7504, grad_fn=<NegBackward0>),344,110.0749340057373,2,0.5,,20
double_cake,random,random_lr0_1_lr0_01_lr0_01_optgd_epochs100_epochs0_001_epochs0_001_clusters4__rep1,38,0.8928571428571429,tensor(0.1246, grad_fn=<SqueezeBackward0>),tensor(-0.6234, grad_fn=<NegBackward0>),624,109.25478792190552,4,0.5,,20
double_cake,random,random_lr0_1_lr0_01_lr0_01_optgd_epochs100_epochs0_001_epochs0_001_clusters2__rep1,86,0.9285714285714286,tensor(0.1224, grad_fn=<SqueezeBackward0>),tensor(-0.7207, grad_fn=<NegBackward0>),348,112.12266397476196,2,0.5,,20
double_cake,random,random_lr0_1_lr0_01_lr0_01_optgd_epochs100_epochs0_001_epochs0_001_clusters4__rep1,39,0.8928571428571429,tensor(0.1241, grad_fn=<SqueezeBackward0>),tensor(-0.4726, grad_fn=<NegBackward0>),640,112.68143582344055,4,0.5,,20
double_cake,random,random_lr0_1_lr0_01_lr0_01_optgd_epochs100_epochs0_001_epochs0_001_clusters2__rep1,87,0.9285714285714286,tensor(0.1236, grad_fn=<SqueezeBackward0>),tensor(-0.7577, grad_fn=<NegBackward0>),352,112.43473315238953,2,0.5,,20
double_cake,random,random_lr0_1_lr0_01_lr0_01_optgd_epochs100_epochs0_001_epochs0_001_clusters4__rep1,40,0.8928571428571429,tensor(0.1261, grad_fn=<SqueezeBackward0>),tensor(-0.6260, grad_fn=<NegBackward0>),656,112.29537987709045,4,0.5,,20
double_cake,random,random_lr0_1_lr0_01_lr0_01_optgd_epochs100_epochs0_001_epochs0_001_clusters2__rep1,88,0.9285714285714286,tensor(0.1233, grad_fn=<SqueezeBackward0>),tensor(-0.9291, grad_fn=<NegBackward0>),356,112.85614895820618,2,0.5,,20
double_cake,random,random_lr0_1_lr0_01_lr0_01_optgd_epochs100_epochs0_001_epochs0_001_clusters4__rep1,41,0.8928571428571429,tensor(0.1265, grad_fn=<SqueezeBackward0>),tensor(-0.6910, grad_fn=<NegBackward0>),672,109.81514120101929,4,0.5,,20
double_cake,random,random_lr0_1_lr0_01_lr0_01_optgd_epochs100_epochs0_001_epochs0_001_clusters2__rep1,89,0.9285714285714286,tensor(0.1265, grad_fn=<SqueezeBackward0>),tensor(-0.6479, grad_fn=<NegBackward0>),360,106.75135803222656,2,0.5,,20
double_cake,random,random_lr0_1_lr0_01_lr0_01_optgd_epochs100_epochs0_001_epochs0_001_clusters4__rep1,42,0.8928571428571429,tensor(0.1268, grad_fn=<SqueezeBackward0>),tensor(-0.4713, grad_fn=<NegBackward0>),688,105.69768929481506,4,0.5,,20
double_cake,random,random_lr0_1_lr0_01_lr0_01_optgd_epochs100_epochs0_001_epochs0_001_clusters2__rep1,90,0.9285714285714286,tensor(0.1244, grad_fn=<SqueezeBackward0>),tensor(-0.7785, grad_fn=<NegBackward0>),364,111.33055996894836,2,0.5,,20
double_cake,random,random_lr0_1_lr0_01_lr0_01_optgd_epochs100_epochs0_001_epochs0_001_clusters4__rep1,43,0.9285714285714286,tensor(0.1287, grad_fn=<SqueezeBackward0>),tensor(-0.4497, grad_fn=<NegBackward0>),704,112.66666316986084,4,0.5,,20
double_cake,random,random_lr0_1_lr0_01_lr0_01_optgd_epochs100_epochs0_001_epochs0_001_clusters2__rep1,91,0.9285714285714286,tensor(0.1236, grad_fn=<SqueezeBackward0>),tensor(-0.7138, grad_fn=<NegBackward0>),368,113.86757707595825,2,0.5,,20
double_cake,random,random_lr0_1_lr0_01_lr0_01_optgd_epochs100_epochs0_001_epochs0_001_clusters4__rep1,44,0.9285714285714286,tensor(0.1302, grad_fn=<SqueezeBackward0>),tensor(-0.4669, grad_fn=<NegBackward0>),720,112.33079719543457,4,0.5,,20
double_cake,random,random_lr0_1_lr0_01_lr0_01_optgd_epochs100_epochs0_001_epochs0_001_clusters2__rep1,92,0.9285714285714286,tensor(0.1250, grad_fn=<SqueezeBackward0>),tensor(-0.6900, grad_fn=<NegBackward0>),372,111.68326592445374,2,0.5,,20
double_cake,random,random_lr0_1_lr0_01_lr0_01_optgd_epochs100_epochs0_001_epochs0_001_clusters4__rep1,45,0.9285714285714286,tensor(0.1317, grad_fn=<SqueezeBackward0>),tensor(-0.5676, grad_fn=<NegBackward0>),736,108.26839184761047,4,0.5,,20
double_cake,random,random_lr0_1_lr0_01_lr0_01_optgd_epochs100_epochs0_001_epochs0_001_clusters2__rep1,93,0.9285714285714286,tensor(0.1251, grad_fn=<SqueezeBackward0>),tensor(-0.6835, grad_fn=<NegBackward0>),376,108.51744508743286,2,0.5,,20
double_cake,random,random_lr0_1_lr0_01_lr0_01_optgd_epochs100_epochs0_001_epochs0_001_clusters4__rep1,46,0.9285714285714286,tensor(0.1303, grad_fn=<SqueezeBackward0>),tensor(-0.4754, grad_fn=<NegBackward0>),752,109.68928790092468,4,0.5,,20
double_cake,random,random_lr0_1_lr0_01_lr0_01_optgd_epochs100_epochs0_001_epochs0_001_clusters2__rep1,94,0.9285714285714286,tensor(0.1259, grad_fn=<SqueezeBackward0>),tensor(-0.6532, grad_fn=<NegBackward0>),380,111.96614003181458,2,0.5,,20
double_cake,random,random_lr0_1_lr0_01_lr0_01_optgd_epochs100_epochs0_001_epochs0_001_clusters4__rep1,47,0.9285714285714286,tensor(0.1305, grad_fn=<SqueezeBackward0>),tensor(-0.5525, grad_fn=<NegBackward0>),768,115.09495306015015,4,0.5,,20
double_cake,random,random_lr0_1_lr0_01_lr0_01_optgd_epochs100_epochs0_001_epochs0_001_clusters2__rep1,95,0.9285714285714286,tensor(0.1289, grad_fn=<SqueezeBackward0>),tensor(-0.6048, grad_fn=<NegBackward0>),384,111.86983299255371,2,0.5,,20
double_cake,random,random_lr0_1_lr0_01_lr0_01_optgd_epochs100_epochs0_001_epochs0_001_clusters4__rep1,48,0.9285714285714286,tensor(0.1304, grad_fn=<SqueezeBackward0>),tensor(-0.4815, grad_fn=<NegBackward0>),784,108.67876505851746,4,0.5,,20
double_cake,random,random_lr0_1_lr0_01_lr0_01_optgd_epochs100_epochs0_001_epochs0_001_clusters2__rep1,96,0.9285714285714286,tensor(0.1286, grad_fn=<SqueezeBackward0>),tensor(-0.7245, grad_fn=<NegBackward0>),388,111.20823001861572,2,0.5,,20
double_cake,random,random_lr0_1_lr0_01_lr0_01_optgd_epochs100_epochs0_001_epochs0_001_clusters4__rep1,49,0.9285714285714286,tensor(0.1300, grad_fn=<SqueezeBackward0>),tensor(-0.6449, grad_fn=<NegBackward0>),800,114.60484981536865,4,0.5,,20
double_cake,random,random_lr0_1_lr0_01_lr0_01_optgd_epochs100_epochs0_001_epochs0_001_clusters2__rep1,97,0.9285714285714286,tensor(0.1273, grad_fn=<SqueezeBackward0>),tensor(-0.7528, grad_fn=<NegBackward0>),392,110.55303692817688,2,0.5,,20
double_cake,random,random_lr0_1_lr0_01_lr0_01_optgd_epochs100_epochs0_001_epochs0_001_clusters4__rep1,50,0.9285714285714286,tensor(0.1302, grad_fn=<SqueezeBackward0>),tensor(-0.4399, grad_fn=<NegBackward0>),816,110.30084300041199,4,0.5,,20
double_cake,random,random_lr0_1_lr0_01_lr0_01_optgd_epochs100_epochs0_001_epochs0_001_clusters2__rep1,98,0.9285714285714286,tensor(0.1261, grad_fn=<SqueezeBackward0>),tensor(-0.8206, grad_fn=<NegBackward0>),396,108.83310198783875,2,0.5,,20
double_cake,random,random_lr0_1_lr0_01_lr0_01_optgd_epochs100_epochs0_001_epochs0_001_clusters4__rep1,51,0.9285714285714286,tensor(0.1307, grad_fn=<SqueezeBackward0>),tensor(-0.4369, grad_fn=<NegBackward0>),832,111.4322280883789,4,0.5,,20
double_cake,random,random_lr0_1_lr0_01_lr0_01_optgd_epochs100_epochs0_001_epochs0_001_clusters2__rep1,99,0.9285714285714286,tensor(0.1269, grad_fn=<SqueezeBackward0>),tensor(-0.6751, grad_fn=<NegBackward0>),400,111.67963004112244,2,0.5,,20
double_cake,random,random_lr0_1_lr0_01_lr0_01_optgd_epochs100_epochs0_001_epochs0_001_clusters4__rep1,52,0.9285714285714286,tensor(0.1315, grad_fn=<SqueezeBackward0>),tensor(-0.4830, grad_fn=<NegBackward0>),848,108.15692806243896,4,0.5,,20
double_cake,random,random_lr0_1_lr0_01_lr0_01_optgd_epochs100_epochs0_001_epochs0_001_clusters4__rep1,53,0.9285714285714286,tensor(0.1306, grad_fn=<SqueezeBackward0>),tensor(-0.5734, grad_fn=<NegBackward0>),864,106.21609210968018,4,0.5,,20
double_cake,random,random_lr0_1_lr0_01_lr0_01_optgd_epochs100_epochs0_001_epochs0_001_clusters4__rep1,54,0.9285714285714286,tensor(0.1310, grad_fn=<SqueezeBackward0>),tensor(-0.4996, grad_fn=<NegBackward0>),880,102.92152810096741,4,0.5,,20
double_cake,random,random_lr0_1_lr0_01_lr0_01_optgd_epochs100_epochs0_001_epochs0_001_clusters6__rep1,0,0.8571428571428571,tensor(0.1121, grad_fn=<SqueezeBackward0>),tensor(-0.4399, grad_fn=<NegBackward0>),36,102.70069932937622,6,0.5,,20
double_cake,random,random_lr0_1_lr0_01_lr0_01_optgd_epochs100_epochs0_001_epochs0_001_clusters4__rep1,55,0.9642857142857143,tensor(0.1350, grad_fn=<SqueezeBackward0>),tensor(-0.3915, grad_fn=<NegBackward0>),896,111.14382481575012,4,0.5,,20
double_cake,random,random_lr0_1_lr0_01_lr0_01_optgd_epochs100_epochs0_001_epochs0_001_clusters6__rep1,1,0.8571428571428571,tensor(0.1123, grad_fn=<SqueezeBackward0>),tensor(-0.4504, grad_fn=<NegBackward0>),72,113.18444800376892,6,0.5,,20
double_cake,random,random_lr0_1_lr0_01_lr0_01_optgd_epochs100_epochs0_001_epochs0_001_clusters4__rep1,56,0.9642857142857143,tensor(0.1351, grad_fn=<SqueezeBackward0>),tensor(-0.4760, grad_fn=<NegBackward0>),912,110.40952396392822,4,0.5,,20
double_cake,random,random_lr0_1_lr0_01_lr0_01_optgd_epochs100_epochs0_001_epochs0_001_clusters6__rep1,2,0.8571428571428571,tensor(0.1117, grad_fn=<SqueezeBackward0>),tensor(-0.2885, grad_fn=<NegBackward0>),108,108.98811292648315,6,0.5,,20
double_cake,random,random_lr0_1_lr0_01_lr0_01_optgd_epochs100_epochs0_001_epochs0_001_clusters4__rep1,57,0.9642857142857143,tensor(0.1354, grad_fn=<SqueezeBackward0>),tensor(-0.4752, grad_fn=<NegBackward0>),928,111.01939105987549,4,0.5,,20
double_cake,random,random_lr0_1_lr0_01_lr0_01_optgd_epochs100_epochs0_001_epochs0_001_clusters6__rep1,3,0.8571428571428571,tensor(0.1115, grad_fn=<SqueezeBackward0>),tensor(-0.3898, grad_fn=<NegBackward0>),144,108.70392394065857,6,0.5,,20
double_cake,random,random_lr0_1_lr0_01_lr0_01_optgd_epochs100_epochs0_001_epochs0_001_clusters4__rep1,58,0.9642857142857143,tensor(0.1384, grad_fn=<SqueezeBackward0>),tensor(-0.6380, grad_fn=<NegBackward0>),944,108.91426301002502,4,0.5,,20
double_cake,random,random_lr0_1_lr0_01_lr0_01_optgd_epochs100_epochs0_001_epochs0_001_clusters6__rep1,4,0.8571428571428571,tensor(0.1119, grad_fn=<SqueezeBackward0>),tensor(-0.3459, grad_fn=<NegBackward0>),180,110.15717196464539,6,0.5,,20
double_cake,random,random_lr0_1_lr0_01_lr0_01_optgd_epochs100_epochs0_001_epochs0_001_clusters4__rep1,59,0.9642857142857143,tensor(0.1378, grad_fn=<SqueezeBackward0>),tensor(-0.4304, grad_fn=<NegBackward0>),960,112.9736750125885,4,0.5,,20
double_cake,random,random_lr0_1_lr0_01_lr0_01_optgd_epochs100_epochs0_001_epochs0_001_clusters6__rep1,5,0.8571428571428571,tensor(0.1115, grad_fn=<SqueezeBackward0>),tensor(-0.4653, grad_fn=<NegBackward0>),216,110.03549718856812,6,0.5,,20
double_cake,random,random_lr0_1_lr0_01_lr0_01_optgd_epochs100_epochs0_001_epochs0_001_clusters4__rep1,60,0.9642857142857143,tensor(0.1386, grad_fn=<SqueezeBackward0>),tensor(-0.4886, grad_fn=<NegBackward0>),976,111.63231897354126,4,0.5,,20
double_cake,random,random_lr0_1_lr0_01_lr0_01_optgd_epochs100_epochs0_001_epochs0_001_clusters6__rep1,6,0.8571428571428571,tensor(0.1113, grad_fn=<SqueezeBackward0>),tensor(-0.4215, grad_fn=<NegBackward0>),252,107.86014103889465,6,0.5,,20
double_cake,random,random_lr0_1_lr0_01_lr0_01_optgd_epochs100_epochs0_001_epochs0_001_clusters4__rep1,61,0.9642857142857143,tensor(0.1380, grad_fn=<SqueezeBackward0>),tensor(-0.4435, grad_fn=<NegBackward0>),992,111.3754289150238,4,0.5,,20
double_cake,random,random_lr0_1_lr0_01_lr0_01_optgd_epochs100_epochs0_001_epochs0_001_clusters6__rep1,7,0.8214285714285714,tensor(0.1120, grad_fn=<SqueezeBackward0>),tensor(-0.3218, grad_fn=<NegBackward0>),288,108.32864284515381,6,0.5,,20
double_cake,random,random_lr0_1_lr0_01_lr0_01_optgd_epochs100_epochs0_001_epochs0_001_clusters4__rep1,62,0.9642857142857143,tensor(0.1387, grad_fn=<SqueezeBackward0>),tensor(-0.5509, grad_fn=<NegBackward0>),1008,113.8900191783905,4,0.5,,20
double_cake,random,random_lr0_1_lr0_01_lr0_01_optgd_epochs100_epochs0_001_epochs0_001_clusters6__rep1,8,0.8214285714285714,tensor(0.1119, grad_fn=<SqueezeBackward0>),tensor(-0.4670, grad_fn=<NegBackward0>),324,114.74665594100952,6,0.5,,20
double_cake,random,random_lr0_1_lr0_01_lr0_01_optgd_epochs100_epochs0_001_epochs0_001_clusters4__rep1,63,0.9642857142857143,tensor(0.1401, grad_fn=<SqueezeBackward0>),tensor(-0.4598, grad_fn=<NegBackward0>),1024,107.99258422851562,4,0.5,,20
double_cake,random,random_lr0_1_lr0_01_lr0_01_optgd_epochs100_epochs0_001_epochs0_001_clusters6__rep1,9,0.8214285714285714,tensor(0.1129, grad_fn=<SqueezeBackward0>),tensor(-0.3532, grad_fn=<NegBackward0>),360,110.31807208061218,6,0.5,,20
double_cake,random,random_lr0_1_lr0_01_lr0_01_optgd_epochs100_epochs0_001_epochs0_001_clusters4__rep1,64,0.9642857142857143,tensor(0.1404, grad_fn=<SqueezeBackward0>),tensor(-0.6019, grad_fn=<NegBackward0>),1040,111.20593619346619,4,0.5,,20
double_cake,random,random_lr0_1_lr0_01_lr0_01_optgd_epochs100_epochs0_001_epochs0_001_clusters6__rep1,10,0.8214285714285714,tensor(0.1131, grad_fn=<SqueezeBackward0>),tensor(-0.3268, grad_fn=<NegBackward0>),396,110.19967079162598,6,0.5,,20
double_cake,random,random_lr0_1_lr0_01_lr0_01_optgd_epochs100_epochs0_001_epochs0_001_clusters4__rep1,65,0.9642857142857143,tensor(0.1410, grad_fn=<SqueezeBackward0>),tensor(-0.4982, grad_fn=<NegBackward0>),1056,108.3179190158844,4,0.5,,20
double_cake,random,random_lr0_1_lr0_01_lr0_01_optgd_epochs100_epochs0_001_epochs0_001_clusters6__rep1,11,0.8214285714285714,tensor(0.1134, grad_fn=<SqueezeBackward0>),tensor(-0.4032, grad_fn=<NegBackward0>),432,113.18522715568542,6,0.5,,20
double_cake,random,random_lr0_1_lr0_01_lr0_01_optgd_epochs100_epochs0_001_epochs0_001_clusters4__rep1,66,0.9642857142857143,tensor(0.1413, grad_fn=<SqueezeBackward0>),tensor(-0.4972, grad_fn=<NegBackward0>),1072,114.83005475997925,4,0.5,,20
double_cake,random,random_lr0_1_lr0_01_lr0_01_optgd_epochs100_epochs0_001_epochs0_001_clusters6__rep1,12,0.8214285714285714,tensor(0.1140, grad_fn=<SqueezeBackward0>),tensor(-0.2893, grad_fn=<NegBackward0>),468,107.00744676589966,6,0.5,,20
double_cake,random,random_lr0_1_lr0_01_lr0_01_optgd_epochs100_epochs0_001_epochs0_001_clusters4__rep1,67,0.9642857142857143,tensor(0.1413, grad_fn=<SqueezeBackward0>),tensor(-0.4844, grad_fn=<NegBackward0>),1088,111.73673677444458,4,0.5,,20
double_cake,random,random_lr0_1_lr0_01_lr0_01_optgd_epochs100_epochs0_001_epochs0_001_clusters6__rep1,13,0.8214285714285714,tensor(0.1162, grad_fn=<SqueezeBackward0>),tensor(-0.4358, grad_fn=<NegBackward0>),504,107.3362250328064,6,0.5,,20
double_cake,random,random_lr0_1_lr0_01_lr0_01_optgd_epochs100_epochs0_001_epochs0_001_clusters4__rep1,68,0.9642857142857143,tensor(0.1409, grad_fn=<SqueezeBackward0>),tensor(-0.5861, grad_fn=<NegBackward0>),1104,112.35354709625244,4,0.5,,20
double_cake,random,random_lr0_1_lr0_01_lr0_01_optgd_epochs100_epochs0_001_epochs0_001_clusters6__rep1,14,0.8214285714285714,tensor(0.1164, grad_fn=<SqueezeBackward0>),tensor(-0.3857, grad_fn=<NegBackward0>),540,107.86965703964233,6,0.5,,20
double_cake,random,random_lr0_1_lr0_01_lr0_01_optgd_epochs100_epochs0_001_epochs0_001_clusters4__rep1,69,0.9642857142857143,tensor(0.1405, grad_fn=<SqueezeBackward0>),tensor(-0.4752, grad_fn=<NegBackward0>),1120,113.09936618804932,4,0.5,,20
double_cake,random,random_lr0_1_lr0_01_lr0_01_optgd_epochs100_epochs0_001_epochs0_001_clusters6__rep1,15,0.8571428571428571,tensor(0.1166, grad_fn=<SqueezeBackward0>),tensor(-0.4158, grad_fn=<NegBackward0>),576,118.11417889595032,6,0.5,,20
double_cake,random,random_lr0_1_lr0_01_lr0_01_optgd_epochs100_epochs0_001_epochs0_001_clusters4__rep1,70,0.9642857142857143,tensor(0.1397, grad_fn=<SqueezeBackward0>),tensor(-0.4836, grad_fn=<NegBackward0>),1136,110.59572005271912,4,0.5,,20
double_cake,random,random_lr0_1_lr0_01_lr0_01_optgd_epochs100_epochs0_001_epochs0_001_clusters6__rep1,16,0.8928571428571429,tensor(0.1177, grad_fn=<SqueezeBackward0>),tensor(-0.3630, grad_fn=<NegBackward0>),612,106.2890408039093,6,0.5,,20
double_cake,random,random_lr0_1_lr0_01_lr0_01_optgd_epochs100_epochs0_001_epochs0_001_clusters4__rep1,71,0.9642857142857143,tensor(0.1399, grad_fn=<SqueezeBackward0>),tensor(-0.5180, grad_fn=<NegBackward0>),1152,113.53588700294495,4,0.5,,20
double_cake,random,random_lr0_1_lr0_01_lr0_01_optgd_epochs100_epochs0_001_epochs0_001_clusters6__rep1,17,0.8928571428571429,tensor(0.1183, grad_fn=<SqueezeBackward0>),tensor(-0.4469, grad_fn=<NegBackward0>),648,114.74606418609619,6,0.5,,20
double_cake,random,random_lr0_1_lr0_01_lr0_01_optgd_epochs100_epochs0_001_epochs0_001_clusters4__rep1,72,0.9642857142857143,tensor(0.1411, grad_fn=<SqueezeBackward0>),tensor(-0.4347, grad_fn=<NegBackward0>),1168,110.8841860294342,4,0.5,,20
double_cake,random,random_lr0_1_lr0_01_lr0_01_optgd_epochs100_epochs0_001_epochs0_001_clusters6__rep1,18,0.8928571428571429,tensor(0.1183, grad_fn=<SqueezeBackward0>),tensor(-0.4035, grad_fn=<NegBackward0>),684,113.94072604179382,6,0.5,,20
double_cake,random,random_lr0_1_lr0_01_lr0_01_optgd_epochs100_epochs0_001_epochs0_001_clusters4__rep1,73,0.9642857142857143,tensor(0.1406, grad_fn=<SqueezeBackward0>),tensor(-0.4424, grad_fn=<NegBackward0>),1184,116.93383502960205,4,0.5,,20
double_cake,random,random_lr0_1_lr0_01_lr0_01_optgd_epochs100_epochs0_001_epochs0_001_clusters6__rep1,19,0.8571428571428571,tensor(0.1171, grad_fn=<SqueezeBackward0>),tensor(-0.5691, grad_fn=<NegBackward0>),720,108.2116310596466,6,0.5,,20
double_cake,random,random_lr0_1_lr0_01_lr0_01_optgd_epochs100_epochs0_001_epochs0_001_clusters4__rep1,74,0.9642857142857143,tensor(0.1410, grad_fn=<SqueezeBackward0>),tensor(-0.4831, grad_fn=<NegBackward0>),1200,113.66891980171204,4,0.5,,20
double_cake,random,random_lr0_1_lr0_01_lr0_01_optgd_epochs100_epochs0_001_epochs0_001_clusters6__rep1,20,0.8928571428571429,tensor(0.1188, grad_fn=<SqueezeBackward0>),tensor(-0.4149, grad_fn=<NegBackward0>),756,106.83638715744019,6,0.5,,20
double_cake,random,random_lr0_1_lr0_01_lr0_01_optgd_epochs100_epochs0_001_epochs0_001_clusters4__rep1,75,0.9642857142857143,tensor(0.1420, grad_fn=<SqueezeBackward0>),tensor(-0.4612, grad_fn=<NegBackward0>),1216,109.08696007728577,4,0.5,,20
double_cake,random,random_lr0_1_lr0_01_lr0_01_optgd_epochs100_epochs0_001_epochs0_001_clusters6__rep1,21,0.8928571428571429,tensor(0.1204, grad_fn=<SqueezeBackward0>),tensor(-0.4504, grad_fn=<NegBackward0>),792,113.4067587852478,6,0.5,,20
double_cake,random,random_lr0_1_lr0_01_lr0_01_optgd_epochs100_epochs0_001_epochs0_001_clusters4__rep1,76,0.9642857142857143,tensor(0.1420, grad_fn=<SqueezeBackward0>),tensor(-0.4775, grad_fn=<NegBackward0>),1232,114.0796709060669,4,0.5,,20
double_cake,random,random_lr0_1_lr0_01_lr0_01_optgd_epochs100_epochs0_001_epochs0_001_clusters6__rep1,22,0.8928571428571429,tensor(0.1215, grad_fn=<SqueezeBackward0>),tensor(-0.4107, grad_fn=<NegBackward0>),828,116.61043691635132,6,0.5,,20
double_cake,random,random_lr0_1_lr0_01_lr0_01_optgd_epochs100_epochs0_001_epochs0_001_clusters4__rep1,77,0.9285714285714286,tensor(0.1427, grad_fn=<SqueezeBackward0>),tensor(-0.6305, grad_fn=<NegBackward0>),1248,112.49314880371094,4,0.5,,20
double_cake,random,random_lr0_1_lr0_01_lr0_01_optgd_epochs100_epochs0_001_epochs0_001_clusters6__rep1,23,0.9285714285714286,tensor(0.1255, grad_fn=<SqueezeBackward0>),tensor(-0.3443, grad_fn=<NegBackward0>),864,104.48031902313232,6,0.5,,20
double_cake,random,random_lr0_1_lr0_01_lr0_01_optgd_epochs100_epochs0_001_epochs0_001_clusters4__rep1,78,0.9285714285714286,tensor(0.1435, grad_fn=<SqueezeBackward0>),tensor(-0.5201, grad_fn=<NegBackward0>),1264,113.58370208740234,4,0.5,,20
double_cake,random,random_lr0_1_lr0_01_lr0_01_optgd_epochs100_epochs0_001_epochs0_001_clusters6__rep1,24,0.9285714285714286,tensor(0.1249, grad_fn=<SqueezeBackward0>),tensor(-0.4880, grad_fn=<NegBackward0>),900,115.01864099502563,6,0.5,,20
double_cake,random,random_lr0_1_lr0_01_lr0_01_optgd_epochs100_epochs0_001_epochs0_001_clusters4__rep1,79,0.9285714285714286,tensor(0.1433, grad_fn=<SqueezeBackward0>),tensor(-0.4950, grad_fn=<NegBackward0>),1280,108.97891497612,4,0.5,,20
double_cake,random,random_lr0_1_lr0_01_lr0_01_optgd_epochs100_epochs0_001_epochs0_001_clusters6__rep1,25,0.9285714285714286,tensor(0.1264, grad_fn=<SqueezeBackward0>),tensor(-0.3183, grad_fn=<NegBackward0>),936,116.3131971359253,6,0.5,,20
double_cake,random,random_lr0_1_lr0_01_lr0_01_optgd_epochs100_epochs0_001_epochs0_001_clusters4__rep1,80,0.9642857142857143,tensor(0.1423, grad_fn=<SqueezeBackward0>),tensor(-0.5325, grad_fn=<NegBackward0>),1296,112.79017996788025,4,0.5,,20
double_cake,random,random_lr0_1_lr0_01_lr0_01_optgd_epochs100_epochs0_001_epochs0_001_clusters6__rep1,26,0.9285714285714286,tensor(0.1274, grad_fn=<SqueezeBackward0>),tensor(-0.3618, grad_fn=<NegBackward0>),972,104.50587391853333,6,0.5,,20
double_cake,random,random_lr0_1_lr0_01_lr0_01_optgd_epochs100_epochs0_001_epochs0_001_clusters4__rep1,81,0.9642857142857143,tensor(0.1423, grad_fn=<SqueezeBackward0>),tensor(-0.4473, grad_fn=<NegBackward0>),1312,113.75733709335327,4,0.5,,20
double_cake,random,random_lr0_1_lr0_01_lr0_01_optgd_epochs100_epochs0_001_epochs0_001_clusters6__rep1,27,0.9285714285714286,tensor(0.1282, grad_fn=<SqueezeBackward0>),tensor(-0.3832, grad_fn=<NegBackward0>),1008,114.71855401992798,6,0.5,,20
double_cake,random,random_lr0_1_lr0_01_lr0_01_optgd_epochs100_epochs0_001_epochs0_001_clusters4__rep1,82,0.9285714285714286,tensor(0.1429, grad_fn=<SqueezeBackward0>),tensor(-0.6116, grad_fn=<NegBackward0>),1328,109.64559602737427,4,0.5,,20
double_cake,random,random_lr0_1_lr0_01_lr0_01_optgd_epochs100_epochs0_001_epochs0_001_clusters6__rep1,28,0.9285714285714286,tensor(0.1289, grad_fn=<SqueezeBackward0>),tensor(-0.3861, grad_fn=<NegBackward0>),1044,112.02069020271301,6,0.5,,20
double_cake,random,random_lr0_1_lr0_01_lr0_01_optgd_epochs100_epochs0_001_epochs0_001_clusters4__rep1,83,0.9285714285714286,tensor(0.1431, grad_fn=<SqueezeBackward0>),tensor(-0.4445, grad_fn=<NegBackward0>),1344,113.97706508636475,4,0.5,,20
double_cake,random,random_lr0_1_lr0_01_lr0_01_optgd_epochs100_epochs0_001_epochs0_001_clusters6__rep1,29,0.9285714285714286,tensor(0.1282, grad_fn=<SqueezeBackward0>),tensor(-0.4370, grad_fn=<NegBackward0>),1080,113.54477787017822,6,0.5,,20
double_cake,random,random_lr0_1_lr0_01_lr0_01_optgd_epochs100_epochs0_001_epochs0_001_clusters4__rep1,84,0.9285714285714286,tensor(0.1435, grad_fn=<SqueezeBackward0>),tensor(-0.5210, grad_fn=<NegBackward0>),1360,108.88905000686646,4,0.5,,20
double_cake,random,random_lr0_1_lr0_01_lr0_01_optgd_epochs100_epochs0_001_epochs0_001_clusters6__rep1,30,0.9285714285714286,tensor(0.1294, grad_fn=<SqueezeBackward0>),tensor(-0.3528, grad_fn=<NegBackward0>),1116,112.12141394615173,6,0.5,,20
double_cake,random,random_lr0_1_lr0_01_lr0_01_optgd_epochs100_epochs0_001_epochs0_001_clusters4__rep1,85,0.9285714285714286,tensor(0.1439, grad_fn=<SqueezeBackward0>),tensor(-0.4127, grad_fn=<NegBackward0>),1376,116.1960461139679,4,0.5,,20
double_cake,random,random_lr0_1_lr0_01_lr0_01_optgd_epochs100_epochs0_001_epochs0_001_clusters6__rep1,31,0.9285714285714286,tensor(0.1294, grad_fn=<SqueezeBackward0>),tensor(-0.3371, grad_fn=<NegBackward0>),1152,113.92880010604858,6,0.5,,20
double_cake,random,random_lr0_1_lr0_01_lr0_01_optgd_epochs100_epochs0_001_epochs0_001_clusters4__rep1,86,0.9285714285714286,tensor(0.1435, grad_fn=<SqueezeBackward0>),tensor(-0.4597, grad_fn=<NegBackward0>),1392,113.61629700660706,4,0.5,,20
double_cake,random,random_lr0_1_lr0_01_lr0_01_optgd_epochs100_epochs0_001_epochs0_001_clusters6__rep1,32,0.9285714285714286,tensor(0.1288, grad_fn=<SqueezeBackward0>),tensor(-0.4019, grad_fn=<NegBackward0>),1188,104.44910311698914,6,0.5,,20
double_cake,random,random_lr0_1_lr0_01_lr0_01_optgd_epochs100_epochs0_001_epochs0_001_clusters4__rep1,87,0.9285714285714286,tensor(0.1443, grad_fn=<SqueezeBackward0>),tensor(-0.5836, grad_fn=<NegBackward0>),1408,109.39558410644531,4,0.5,,20
double_cake,random,random_lr0_1_lr0_01_lr0_01_optgd_epochs100_epochs0_001_epochs0_001_clusters6__rep1,33,0.9285714285714286,tensor(0.1284, grad_fn=<SqueezeBackward0>),tensor(-0.5131, grad_fn=<NegBackward0>),1224,112.57758021354675,6,0.5,,20
double_cake,random,random_lr0_1_lr0_01_lr0_01_optgd_epochs100_epochs0_001_epochs0_001_clusters4__rep1,88,0.8571428571428571,tensor(0.1451, grad_fn=<SqueezeBackward0>),tensor(-0.5934, grad_fn=<NegBackward0>),1424,112.70251679420471,4,0.5,,20
double_cake,random,random_lr0_1_lr0_01_lr0_01_optgd_epochs100_epochs0_001_epochs0_001_clusters6__rep1,34,0.9285714285714286,tensor(0.1304, grad_fn=<SqueezeBackward0>),tensor(-0.4871, grad_fn=<NegBackward0>),1260,107.89869284629822,6,0.5,,20
double_cake,random,random_lr0_1_lr0_01_lr0_01_optgd_epochs100_epochs0_001_epochs0_001_clusters4__rep1,89,0.8571428571428571,tensor(0.1459, grad_fn=<SqueezeBackward0>),tensor(-0.4548, grad_fn=<NegBackward0>),1440,110.11052703857422,4,0.5,,20
double_cake,random,random_lr0_1_lr0_01_lr0_01_optgd_epochs100_epochs0_001_epochs0_001_clusters6__rep1,35,0.9642857142857143,tensor(0.1310, grad_fn=<SqueezeBackward0>),tensor(-0.3688, grad_fn=<NegBackward0>),1296,115.59155893325806,6,0.5,,20
double_cake,random,random_lr0_1_lr0_01_lr0_01_optgd_epochs100_epochs0_001_epochs0_001_clusters4__rep1,90,0.8571428571428571,tensor(0.1464, grad_fn=<SqueezeBackward0>),tensor(-0.5672, grad_fn=<NegBackward0>),1456,110.7444429397583,4,0.5,,20
double_cake,random,random_lr0_1_lr0_01_lr0_01_optgd_epochs100_epochs0_001_epochs0_001_clusters6__rep1,36,0.9642857142857143,tensor(0.1323, grad_fn=<SqueezeBackward0>),tensor(-0.4158, grad_fn=<NegBackward0>),1332,115.9376151561737,6,0.5,,20
double_cake,random,random_lr0_1_lr0_01_lr0_01_optgd_epochs100_epochs0_001_epochs0_001_clusters4__rep1,91,0.8571428571428571,tensor(0.1468, grad_fn=<SqueezeBackward0>),tensor(-0.5955, grad_fn=<NegBackward0>),1472,111.56125283241272,4,0.5,,20
double_cake,random,random_lr0_1_lr0_01_lr0_01_optgd_epochs100_epochs0_001_epochs0_001_clusters6__rep1,37,0.9642857142857143,tensor(0.1333, grad_fn=<SqueezeBackward0>),tensor(-0.5012, grad_fn=<NegBackward0>),1368,106.04738187789917,6,0.5,,20
double_cake,random,random_lr0_1_lr0_01_lr0_01_optgd_epochs100_epochs0_001_epochs0_001_clusters4__rep1,92,0.8571428571428571,tensor(0.1468, grad_fn=<SqueezeBackward0>),tensor(-0.3886, grad_fn=<NegBackward0>),1488,117.76294302940369,4,0.5,,20
double_cake,random,random_lr0_1_lr0_01_lr0_01_optgd_epochs100_epochs0_001_epochs0_001_clusters6__rep1,38,0.9642857142857143,tensor(0.1335, grad_fn=<SqueezeBackward0>),tensor(-0.4496, grad_fn=<NegBackward0>),1404,113.8964729309082,6,0.5,,20
double_cake,random,random_lr0_1_lr0_01_lr0_01_optgd_epochs100_epochs0_001_epochs0_001_clusters4__rep1,93,0.8571428571428571,tensor(0.1468, grad_fn=<SqueezeBackward0>),tensor(-0.6138, grad_fn=<NegBackward0>),1504,110.2287700176239,4,0.5,,20
double_cake,random,random_lr0_1_lr0_01_lr0_01_optgd_epochs100_epochs0_001_epochs0_001_clusters6__rep1,39,0.9642857142857143,tensor(0.1338, grad_fn=<SqueezeBackward0>),tensor(-0.4811, grad_fn=<NegBackward0>),1440,113.32391381263733,6,0.5,,20
double_cake,random,random_lr0_1_lr0_01_lr0_01_optgd_epochs100_epochs0_001_epochs0_001_clusters4__rep1,94,0.8571428571428571,tensor(0.1478, grad_fn=<SqueezeBackward0>),tensor(-0.5351, grad_fn=<NegBackward0>),1520,115.06465101242065,4,0.5,,20
double_cake,random,random_lr0_1_lr0_01_lr0_01_optgd_epochs100_epochs0_001_epochs0_001_clusters6__rep1,40,0.9642857142857143,tensor(0.1339, grad_fn=<SqueezeBackward0>),tensor(-0.4681, grad_fn=<NegBackward0>),1476,114.29929232597351,6,0.5,,20
double_cake,random,random_lr0_1_lr0_01_lr0_01_optgd_epochs100_epochs0_001_epochs0_001_clusters4__rep1,95,0.8571428571428571,tensor(0.1484, grad_fn=<SqueezeBackward0>),tensor(-0.4892, grad_fn=<NegBackward0>),1536,115.11540937423706,4,0.5,,20
double_cake,random,random_lr0_1_lr0_01_lr0_01_optgd_epochs100_epochs0_001_epochs0_001_clusters6__rep1,41,0.9642857142857143,tensor(0.1343, grad_fn=<SqueezeBackward0>),tensor(-0.4837, grad_fn=<NegBackward0>),1512,114.65224719047546,6,0.5,,20
double_cake,random,random_lr0_1_lr0_01_lr0_01_optgd_epochs100_epochs0_001_epochs0_001_clusters4__rep1,96,0.8571428571428571,tensor(0.1486, grad_fn=<SqueezeBackward0>),tensor(-0.4456, grad_fn=<NegBackward0>),1552,111.73322296142578,4,0.5,,20
double_cake,random,random_lr0_1_lr0_01_lr0_01_optgd_epochs100_epochs0_001_epochs0_001_clusters6__rep1,42,0.9642857142857143,tensor(0.1342, grad_fn=<SqueezeBackward0>),tensor(-0.4659, grad_fn=<NegBackward0>),1548,111.43623805046082,6,0.5,,20
double_cake,random,random_lr0_1_lr0_01_lr0_01_optgd_epochs100_epochs0_001_epochs0_001_clusters4__rep1,97,0.8571428571428571,tensor(0.1465, grad_fn=<SqueezeBackward0>),tensor(-0.5188, grad_fn=<NegBackward0>),1568,112.84315013885498,4,0.5,,20
double_cake,random,random_lr0_1_lr0_01_lr0_01_optgd_epochs100_epochs0_001_epochs0_001_clusters6__rep1,43,0.9642857142857143,tensor(0.1342, grad_fn=<SqueezeBackward0>),tensor(-0.4708, grad_fn=<NegBackward0>),1584,108.61529970169067,6,0.5,,20
double_cake,random,random_lr0_1_lr0_01_lr0_01_optgd_epochs100_epochs0_001_epochs0_001_clusters4__rep1,98,0.8571428571428571,tensor(0.1468, grad_fn=<SqueezeBackward0>),tensor(-0.5076, grad_fn=<NegBackward0>),1584,107.66523027420044,4,0.5,,20
double_cake,random,random_lr0_1_lr0_01_lr0_01_optgd_epochs100_epochs0_001_epochs0_001_clusters6__rep1,44,0.9642857142857143,tensor(0.1326, grad_fn=<SqueezeBackward0>),tensor(-0.5014, grad_fn=<NegBackward0>),1620,112.67544221878052,6,0.5,,20
double_cake,random,random_lr0_1_lr0_01_lr0_01_optgd_epochs100_epochs0_001_epochs0_001_clusters4__rep1,99,0.8928571428571429,tensor(0.1482, grad_fn=<SqueezeBackward0>),tensor(-0.5608, grad_fn=<NegBackward0>),1600,110.60313391685486,4,0.5,,20
double_cake,random,random_lr0_1_lr0_01_lr0_01_optgd_epochs100_epochs0_001_epochs0_001_clusters6__rep1,45,0.9642857142857143,tensor(0.1326, grad_fn=<SqueezeBackward0>),tensor(-0.5029, grad_fn=<NegBackward0>),1656,112.85493874549866,6,0.5,,20
double_cake,random,random_lr0_1_lr0_01_lr0_01_optgd_epochs100_epochs0_001_epochs0_001_clusters6__rep1,46,0.9642857142857143,tensor(0.1332, grad_fn=<SqueezeBackward0>),tensor(-0.4424, grad_fn=<NegBackward0>),1692,104.91781497001648,6,0.5,,20
double_cake,random,random_lr0_1_lr0_01_lr0_01_optgd_epochs100_epochs0_001_epochs0_001_clusters6__rep1,47,0.9642857142857143,tensor(0.1326, grad_fn=<SqueezeBackward0>),tensor(-0.5466, grad_fn=<NegBackward0>),1728,102.99511408805847,6,0.5,,20
double_cake,random,random_lr0_1_lr0_01_lr0_01_optgd_epochs100_epochs0_001_epochs0_001_clusters8__rep1,0,0.8571428571428571,tensor(0.1124, grad_fn=<SqueezeBackward0>),tensor(-0.3447, grad_fn=<NegBackward0>),64,102.73553800582886,8,0.5,,20
double_cake,random,random_lr0_1_lr0_01_lr0_01_optgd_epochs100_epochs0_001_epochs0_001_clusters6__rep1,48,0.9642857142857143,tensor(0.1334, grad_fn=<SqueezeBackward0>),tensor(-0.4328, grad_fn=<NegBackward0>),1764,103.53476786613464,6,0.5,,20
double_cake,random,random_lr0_1_lr0_01_lr0_01_optgd_epochs100_epochs0_001_epochs0_001_clusters8__rep1,1,0.8571428571428571,tensor(0.1134, grad_fn=<SqueezeBackward0>),tensor(-0.3215, grad_fn=<NegBackward0>),128,112.57658505439758,8,0.5,,20
double_cake,random,random_lr0_1_lr0_01_lr0_01_optgd_epochs100_epochs0_001_epochs0_001_clusters6__rep1,49,0.9642857142857143,tensor(0.1332, grad_fn=<SqueezeBackward0>),tensor(-0.4224, grad_fn=<NegBackward0>),1800,110.52420783042908,6,0.5,,20
double_cake,random,random_lr0_1_lr0_01_lr0_01_optgd_epochs100_epochs0_001_epochs0_001_clusters6__rep1,50,0.9642857142857143,tensor(0.1338, grad_fn=<SqueezeBackward0>),tensor(-0.5101, grad_fn=<NegBackward0>),1836,107.1639838218689,6,0.5,,20
double_cake,random,random_lr0_1_lr0_01_lr0_01_optgd_epochs100_epochs0_001_epochs0_001_clusters6__rep1,51,0.9642857142857143,tensor(0.1346, grad_fn=<SqueezeBackward0>),tensor(-0.4059, grad_fn=<NegBackward0>),1872,107.39315390586853,6,0.5,,20
double_cake,random,random_lr0_1_lr0_01_lr0_01_optgd_epochs100_epochs0_001_epochs0_001_clusters10__rep1,0,0.8571428571428571,tensor(0.1127, grad_fn=<SqueezeBackward0>),tensor(-0.3197, grad_fn=<NegBackward0>),100,103.207603931427,10,0.5,,20
double_cake,random,random_lr0_1_lr0_01_lr0_01_optgd_epochs100_epochs0_001_epochs0_001_clusters6__rep1,52,0.9642857142857143,tensor(0.1346, grad_fn=<SqueezeBackward0>),tensor(-0.4534, grad_fn=<NegBackward0>),1908,105.22192478179932,6,0.5,,20
double_cake,random,random_lr0_1_lr0_01_lr0_01_optgd_epochs100_epochs0_001_epochs0_001_clusters10__rep1,1,0.8571428571428571,tensor(0.1138, grad_fn=<SqueezeBackward0>),tensor(-0.3360, grad_fn=<NegBackward0>),200,112.83783984184265,10,0.5,,20
double_cake,random,random_lr0_1_lr0_01_lr0_01_optgd_epochs100_epochs0_001_epochs0_001_clusters6__rep1,53,0.9642857142857143,tensor(0.1381, grad_fn=<SqueezeBackward0>),tensor(-0.4365, grad_fn=<NegBackward0>),1944,110.10860800743103,6,0.5,,20
double_cake,random,random_lr0_1_lr0_01_lr0_01_optgd_epochs100_epochs0_001_epochs0_001_clusters10__rep1,2,0.8571428571428571,tensor(0.1134, grad_fn=<SqueezeBackward0>),tensor(-0.2453, grad_fn=<NegBackward0>),300,114.98994374275208,10,0.5,,20
double_cake,random,random_lr0_1_lr0_01_lr0_01_optgd_epochs100_epochs0_001_epochs0_001_clusters6__rep1,54,0.9642857142857143,tensor(0.1386, grad_fn=<SqueezeBackward0>),tensor(-0.3920, grad_fn=<NegBackward0>),1980,107.60378313064575,6,0.5,,20
double_cake,random,random_lr0_1_lr0_01_lr0_01_optgd_epochs100_epochs0_001_epochs0_001_clusters10__rep1,3,0.8571428571428571,tensor(0.1127, grad_fn=<SqueezeBackward0>),tensor(-0.2827, grad_fn=<NegBackward0>),400,103.87065505981445,10,0.5,,20
double_cake,random,random_lr0_1_lr0_01_lr0_01_optgd_epochs100_epochs0_001_epochs0_001_clusters6__rep1,55,0.9285714285714286,tensor(0.1421, grad_fn=<SqueezeBackward0>),tensor(-0.3739, grad_fn=<NegBackward0>),2016,114.4546971321106,6,0.5,,20
double_cake,random,random_lr0_1_lr0_01_lr0_01_optgd_epochs100_epochs0_001_epochs0_001_clusters10__rep1,4,0.8571428571428571,tensor(0.1134, grad_fn=<SqueezeBackward0>),tensor(-0.2230, grad_fn=<NegBackward0>),500,115.92743277549744,10,0.5,,20
double_cake,random,random_lr0_1_lr0_01_lr0_01_optgd_epochs100_epochs0_001_epochs0_001_clusters6__rep1,56,0.9285714285714286,tensor(0.1446, grad_fn=<SqueezeBackward0>),tensor(-0.4183, grad_fn=<NegBackward0>),2052,113.22863507270813,6,0.5,,20
double_cake,random,random_lr0_1_lr0_01_lr0_01_optgd_epochs100_epochs0_001_epochs0_001_clusters10__rep1,5,0.8571428571428571,tensor(0.1126, grad_fn=<SqueezeBackward0>),tensor(-0.3434, grad_fn=<NegBackward0>),600,111.92170596122742,10,0.5,,20
double_cake,random,random_lr0_1_lr0_01_lr0_01_optgd_epochs100_epochs0_001_epochs0_001_clusters6__rep1,57,0.9285714285714286,tensor(0.1448, grad_fn=<SqueezeBackward0>),tensor(-0.3650, grad_fn=<NegBackward0>),2088,111.77548289299011,6,0.5,,20
double_cake,random,random_lr0_1_lr0_01_lr0_01_optgd_epochs100_epochs0_001_epochs0_001_clusters10__rep1,6,0.8571428571428571,tensor(0.1125, grad_fn=<SqueezeBackward0>),tensor(-0.3188, grad_fn=<NegBackward0>),700,111.12972688674927,10,0.5,,20
double_cake,random,random_lr0_1_lr0_01_lr0_01_optgd_epochs100_epochs0_001_epochs0_001_clusters6__rep1,58,0.8928571428571429,tensor(0.1466, grad_fn=<SqueezeBackward0>),tensor(-0.5009, grad_fn=<NegBackward0>),2124,109.79609274864197,6,0.5,,20
double_cake,random,random_lr0_1_lr0_01_lr0_01_optgd_epochs100_epochs0_001_epochs0_001_clusters10__rep1,7,0.8571428571428571,tensor(0.1133, grad_fn=<SqueezeBackward0>),tensor(-0.3912, grad_fn=<NegBackward0>),800,107.73706698417664,10,0.5,,20
double_cake,random,random_lr0_1_lr0_01_lr0_01_optgd_epochs100_epochs0_001_epochs0_001_clusters6__rep1,59,0.8928571428571429,tensor(0.1463, grad_fn=<SqueezeBackward0>),tensor(-0.4612, grad_fn=<NegBackward0>),2160,108.33176898956299,6,0.5,,20
double_cake,random,random_lr0_1_lr0_01_lr0_01_optgd_epochs100_epochs0_001_epochs0_001_clusters10__rep1,8,0.8571428571428571,tensor(0.1137, grad_fn=<SqueezeBackward0>),tensor(-0.3222, grad_fn=<NegBackward0>),900,109.23836898803711,10,0.5,,20
double_cake,random,random_lr0_1_lr0_01_lr0_01_optgd_epochs100_epochs0_001_epochs0_001_clusters6__rep1,60,0.8928571428571429,tensor(0.1475, grad_fn=<SqueezeBackward0>),tensor(-0.4142, grad_fn=<NegBackward0>),2196,114.48249173164368,6,0.5,,20
double_cake,random,random_lr0_1_lr0_01_lr0_01_optgd_epochs100_epochs0_001_epochs0_001_clusters10__rep1,9,0.8571428571428571,tensor(0.1142, grad_fn=<SqueezeBackward0>),tensor(-0.3034, grad_fn=<NegBackward0>),1000,111.7514111995697,10,0.5,,20
double_cake,random,random_lr0_1_lr0_01_lr0_01_optgd_epochs100_epochs0_001_epochs0_001_clusters6__rep1,61,0.8928571428571429,tensor(0.1483, grad_fn=<SqueezeBackward0>),tensor(-0.3503, grad_fn=<NegBackward0>),2232,103.79740977287292,6,0.5,,20
double_cake,random,random_lr0_1_lr0_01_lr0_01_optgd_epochs100_epochs0_001_epochs0_001_clusters10__rep1,10,0.8571428571428571,tensor(0.1144, grad_fn=<SqueezeBackward0>),tensor(-0.3327, grad_fn=<NegBackward0>),1100,108.90585899353027,10,0.5,,20
double_cake,random,random_lr0_1_lr0_01_lr0_01_optgd_epochs100_epochs0_001_epochs0_001_clusters6__rep1,62,0.8928571428571429,tensor(0.1477, grad_fn=<SqueezeBackward0>),tensor(-0.5744, grad_fn=<NegBackward0>),2268,111.20949292182922,6,0.5,,20
double_cake,random,random_lr0_1_lr0_01_lr0_01_optgd_epochs100_epochs0_001_epochs0_001_clusters10__rep1,11,0.8571428571428571,tensor(0.1147, grad_fn=<SqueezeBackward0>),tensor(-0.3243, grad_fn=<NegBackward0>),1200,111.67086005210876,10,0.5,,20
double_cake,random,random_lr0_1_lr0_01_lr0_01_optgd_epochs100_epochs0_001_epochs0_001_clusters6__rep1,63,0.8928571428571429,tensor(0.1489, grad_fn=<SqueezeBackward0>),tensor(-0.4391, grad_fn=<NegBackward0>),2304,113.13326382637024,6,0.5,,20
double_cake,random,random_lr0_1_lr0_01_lr0_01_optgd_epochs100_epochs0_001_epochs0_001_clusters10__rep1,12,0.8571428571428571,tensor(0.1155, grad_fn=<SqueezeBackward0>),tensor(-0.2984, grad_fn=<NegBackward0>),1300,118.00806903839111,10,0.5,,20
double_cake,random,random_lr0_1_lr0_01_lr0_01_optgd_epochs100_epochs0_001_epochs0_001_clusters6__rep1,64,0.8928571428571429,tensor(0.1498, grad_fn=<SqueezeBackward0>),tensor(-0.4703, grad_fn=<NegBackward0>),2340,113.6155698299408,6,0.5,,20
double_cake,random,random_lr0_1_lr0_01_lr0_01_optgd_epochs100_epochs0_001_epochs0_001_clusters10__rep1,13,0.8571428571428571,tensor(0.1167, grad_fn=<SqueezeBackward0>),tensor(-0.3446, grad_fn=<NegBackward0>),1400,109.89493203163147,10,0.5,,20
double_cake,random,random_lr0_1_lr0_01_lr0_01_optgd_epochs100_epochs0_001_epochs0_001_clusters6__rep1,65,0.8928571428571429,tensor(0.1495, grad_fn=<SqueezeBackward0>),tensor(-0.4570, grad_fn=<NegBackward0>),2376,109.01062297821045,6,0.5,,20
double_cake,random,random_lr0_1_lr0_01_lr0_01_optgd_epochs100_epochs0_001_epochs0_001_clusters10__rep1,14,0.8928571428571429,tensor(0.1186, grad_fn=<SqueezeBackward0>),tensor(-0.2785, grad_fn=<NegBackward0>),1500,111.39241695404053,10,0.5,,20
double_cake,random,random_lr0_1_lr0_01_lr0_01_optgd_epochs100_epochs0_001_epochs0_001_clusters6__rep1,66,0.8928571428571429,tensor(0.1497, grad_fn=<SqueezeBackward0>),tensor(-0.4789, grad_fn=<NegBackward0>),2412,108.93653583526611,6,0.5,,20
double_cake,random,random_lr0_1_lr0_01_lr0_01_optgd_epochs100_epochs0_001_epochs0_001_clusters10__rep1,15,0.8928571428571429,tensor(0.1191, grad_fn=<SqueezeBackward0>),tensor(-0.3325, grad_fn=<NegBackward0>),1600,110.96752905845642,10,0.5,,20
double_cake,random,random_lr0_1_lr0_01_lr0_01_optgd_epochs100_epochs0_001_epochs0_001_clusters6__rep1,67,0.8928571428571429,tensor(0.1505, grad_fn=<SqueezeBackward0>),tensor(-0.3902, grad_fn=<NegBackward0>),2448,112.3074312210083,6,0.5,,20
double_cake,random,random_lr0_1_lr0_01_lr0_01_optgd_epochs100_epochs0_001_epochs0_001_clusters10__rep1,16,0.8928571428571429,tensor(0.1205, grad_fn=<SqueezeBackward0>),tensor(-0.2435, grad_fn=<NegBackward0>),1700,112.86519598960876,10,0.5,,20
double_cake,random,random_lr0_1_lr0_01_lr0_01_optgd_epochs100_epochs0_001_epochs0_001_clusters6__rep1,68,0.8928571428571429,tensor(0.1510, grad_fn=<SqueezeBackward0>),tensor(-0.3827, grad_fn=<NegBackward0>),2484,111.6799750328064,6,0.5,,20
double_cake,random,random_lr0_1_lr0_01_lr0_01_optgd_epochs100_epochs0_001_epochs0_001_clusters10__rep1,17,0.9285714285714286,tensor(0.1222, grad_fn=<SqueezeBackward0>),tensor(-0.3370, grad_fn=<NegBackward0>),1800,108.54937195777893,10,0.5,,20
double_cake,random,random_lr0_1_lr0_01_lr0_01_optgd_epochs100_epochs0_001_epochs0_001_clusters6__rep1,69,0.8928571428571429,tensor(0.1518, grad_fn=<SqueezeBackward0>),tensor(-0.2458, grad_fn=<NegBackward0>),2520,112.17982697486877,6,0.5,,20
double_cake,random,random_lr0_1_lr0_01_lr0_01_optgd_epochs100_epochs0_001_epochs0_001_clusters10__rep1,18,0.9285714285714286,tensor(0.1235, grad_fn=<SqueezeBackward0>),tensor(-0.3428, grad_fn=<NegBackward0>),1900,117.81799483299255,10,0.5,,20
double_cake,random,random_lr0_1_lr0_01_lr0_01_optgd_epochs100_epochs0_001_epochs0_001_clusters6__rep1,70,0.8928571428571429,tensor(0.1512, grad_fn=<SqueezeBackward0>),tensor(-0.4420, grad_fn=<NegBackward0>),2556,112.85310983657837,6,0.5,,20
double_cake,random,random_lr0_1_lr0_01_lr0_01_optgd_epochs100_epochs0_001_epochs0_001_clusters10__rep1,19,0.9285714285714286,tensor(0.1221, grad_fn=<SqueezeBackward0>),tensor(-0.2576, grad_fn=<NegBackward0>),2000,104.31808733940125,10,0.5,,20
double_cake,random,random_lr0_1_lr0_01_lr0_01_optgd_epochs100_epochs0_001_epochs0_001_clusters6__rep1,71,0.8928571428571429,tensor(0.1518, grad_fn=<SqueezeBackward0>),tensor(-0.4492, grad_fn=<NegBackward0>),2592,110.72090601921082,6,0.5,,20
double_cake,random,random_lr0_1_lr0_01_lr0_01_optgd_epochs100_epochs0_001_epochs0_001_clusters10__rep1,20,0.9285714285714286,tensor(0.1241, grad_fn=<SqueezeBackward0>),tensor(-0.3709, grad_fn=<NegBackward0>),2100,114.6376781463623,10,0.5,,20
double_cake,random,random_lr0_1_lr0_01_lr0_01_optgd_epochs100_epochs0_001_epochs0_001_clusters6__rep1,72,0.8928571428571429,tensor(0.1530, grad_fn=<SqueezeBackward0>),tensor(-0.3840, grad_fn=<NegBackward0>),2628,110.36914420127869,6,0.5,,20
double_cake,random,random_lr0_1_lr0_01_lr0_01_optgd_epochs100_epochs0_001_epochs0_001_clusters10__rep1,21,0.9285714285714286,tensor(0.1242, grad_fn=<SqueezeBackward0>),tensor(-0.3584, grad_fn=<NegBackward0>),2200,111.40650224685669,10,0.5,,20
double_cake,random,random_lr0_1_lr0_01_lr0_01_optgd_epochs100_epochs0_001_epochs0_001_clusters6__rep1,73,0.8928571428571429,tensor(0.1530, grad_fn=<SqueezeBackward0>),tensor(-0.3320, grad_fn=<NegBackward0>),2664,113.7827558517456,6,0.5,,20
double_cake,random,random_lr0_1_lr0_01_lr0_01_optgd_epochs100_epochs0_001_epochs0_001_clusters10__rep1,22,0.9285714285714286,tensor(0.1250, grad_fn=<SqueezeBackward0>),tensor(-0.3506, grad_fn=<NegBackward0>),2300,114.96217489242554,10,0.5,,20
double_cake,random,random_lr0_1_lr0_01_lr0_01_optgd_epochs100_epochs0_001_epochs0_001_clusters6__rep1,74,0.8928571428571429,tensor(0.1532, grad_fn=<SqueezeBackward0>),tensor(-0.4046, grad_fn=<NegBackward0>),2700,108.67974305152893,6,0.5,,20
double_cake,random,random_lr0_1_lr0_01_lr0_01_optgd_epochs100_epochs0_001_epochs0_001_clusters10__rep1,23,0.9285714285714286,tensor(0.1275, grad_fn=<SqueezeBackward0>),tensor(-0.2974, grad_fn=<NegBackward0>),2400,104.6304440498352,10,0.5,,20
double_cake,random,random_lr0_1_lr0_01_lr0_01_optgd_epochs100_epochs0_001_epochs0_001_clusters6__rep1,75,0.8928571428571429,tensor(0.1535, grad_fn=<SqueezeBackward0>),tensor(-0.4173, grad_fn=<NegBackward0>),2736,108.60971021652222,6,0.5,,20
double_cake,random,random_lr0_1_lr0_01_lr0_01_optgd_epochs100_epochs0_001_epochs0_001_clusters10__rep1,24,0.9285714285714286,tensor(0.1275, grad_fn=<SqueezeBackward0>),tensor(-0.2737, grad_fn=<NegBackward0>),2500,113.1372480392456,10,0.5,,20
double_cake,random,random_lr0_1_lr0_01_lr0_01_optgd_epochs100_epochs0_001_epochs0_001_clusters6__rep1,76,0.8928571428571429,tensor(0.1535, grad_fn=<SqueezeBackward0>),tensor(-0.4362, grad_fn=<NegBackward0>),2772,107.77341890335083,6,0.5,,20
double_cake,random,random_lr0_1_lr0_01_lr0_01_optgd_epochs100_epochs0_001_epochs0_001_clusters10__rep1,25,0.9285714285714286,tensor(0.1283, grad_fn=<SqueezeBackward0>),tensor(-0.2683, grad_fn=<NegBackward0>),2600,109.49458599090576,10,0.5,,20
double_cake,random,random_lr0_1_lr0_01_lr0_01_optgd_epochs100_epochs0_001_epochs0_001_clusters6__rep1,77,0.8928571428571429,tensor(0.1537, grad_fn=<SqueezeBackward0>),tensor(-0.5814, grad_fn=<NegBackward0>),2808,112.63467812538147,6,0.5,,20
double_cake,random,random_lr0_1_lr0_01_lr0_01_optgd_epochs100_epochs0_001_epochs0_001_clusters10__rep1,26,0.9285714285714286,tensor(0.1318, grad_fn=<SqueezeBackward0>),tensor(-0.2704, grad_fn=<NegBackward0>),2700,115.39541816711426,10,0.5,,20
double_cake,random,random_lr0_1_lr0_01_lr0_01_optgd_epochs100_epochs0_001_epochs0_001_clusters6__rep1,78,0.8928571428571429,tensor(0.1540, grad_fn=<SqueezeBackward0>),tensor(-0.4491, grad_fn=<NegBackward0>),2844,107.63413190841675,6,0.5,,20
double_cake,random,random_lr0_1_lr0_01_lr0_01_optgd_epochs100_epochs0_001_epochs0_001_clusters10__rep1,27,0.9285714285714286,tensor(0.1332, grad_fn=<SqueezeBackward0>),tensor(-0.3305, grad_fn=<NegBackward0>),2800,114.28412389755249,10,0.5,,20
double_cake,random,random_lr0_1_lr0_01_lr0_01_optgd_epochs100_epochs0_001_epochs0_001_clusters6__rep1,79,0.8928571428571429,tensor(0.1537, grad_fn=<SqueezeBackward0>),tensor(-0.4155, grad_fn=<NegBackward0>),2880,116.24149823188782,6,0.5,,20
double_cake,random,random_lr0_1_lr0_01_lr0_01_optgd_epochs100_epochs0_001_epochs0_001_clusters10__rep1,28,0.9285714285714286,tensor(0.1339, grad_fn=<SqueezeBackward0>),tensor(-0.4020, grad_fn=<NegBackward0>),2900,110.82930397987366,10,0.5,,20
double_cake,random,random_lr0_1_lr0_01_lr0_01_optgd_epochs100_epochs0_001_epochs0_001_clusters6__rep1,80,0.8928571428571429,tensor(0.1527, grad_fn=<SqueezeBackward0>),tensor(-0.3765, grad_fn=<NegBackward0>),2916,109.78573489189148,6,0.5,,20
double_cake,random,random_lr0_1_lr0_01_lr0_01_optgd_epochs100_epochs0_001_epochs0_001_clusters10__rep1,29,0.9285714285714286,tensor(0.1340, grad_fn=<SqueezeBackward0>),tensor(-0.3510, grad_fn=<NegBackward0>),3000,110.78573799133301,10,0.5,,20
double_cake,random,random_lr0_1_lr0_01_lr0_01_optgd_epochs100_epochs0_001_epochs0_001_clusters6__rep1,81,0.8928571428571429,tensor(0.1528, grad_fn=<SqueezeBackward0>),tensor(-0.3290, grad_fn=<NegBackward0>),2952,115.98053193092346,6,0.5,,20
double_cake,random,random_lr0_1_lr0_01_lr0_01_optgd_epochs100_epochs0_001_epochs0_001_clusters10__rep1,30,0.9285714285714286,tensor(0.1358, grad_fn=<SqueezeBackward0>),tensor(-0.3180, grad_fn=<NegBackward0>),3100,112.83997368812561,10,0.5,,20
double_cake,random,random_lr0_1_lr0_01_lr0_01_optgd_epochs100_epochs0_001_epochs0_001_clusters6__rep1,82,0.8928571428571429,tensor(0.1533, grad_fn=<SqueezeBackward0>),tensor(-0.4767, grad_fn=<NegBackward0>),2988,110.09203791618347,6,0.5,,20
double_cake,random,random_lr0_1_lr0_01_lr0_01_optgd_epochs100_epochs0_001_epochs0_001_clusters10__rep1,31,0.9285714285714286,tensor(0.1363, grad_fn=<SqueezeBackward0>),tensor(-0.3156, grad_fn=<NegBackward0>),3200,112.37244391441345,10,0.5,,20
double_cake,random,random_lr0_1_lr0_01_lr0_01_optgd_epochs100_epochs0_001_epochs0_001_clusters6__rep1,83,0.8928571428571429,tensor(0.1549, grad_fn=<SqueezeBackward0>),tensor(-0.3774, grad_fn=<NegBackward0>),3024,110.00165677070618,6,0.5,,20
double_cake,random,random_lr0_1_lr0_01_lr0_01_optgd_epochs100_epochs0_001_epochs0_001_clusters10__rep1,32,0.9285714285714286,tensor(0.1358, grad_fn=<SqueezeBackward0>),tensor(-0.2997, grad_fn=<NegBackward0>),3300,113.20017504692078,10,0.5,,20
double_cake,random,random_lr0_1_lr0_01_lr0_01_optgd_epochs100_epochs0_001_epochs0_001_clusters6__rep1,84,0.8928571428571429,tensor(0.1548, grad_fn=<SqueezeBackward0>),tensor(-0.4869, grad_fn=<NegBackward0>),3060,107.24339294433594,6,0.5,,20
double_cake,random,random_lr0_1_lr0_01_lr0_01_optgd_epochs100_epochs0_001_epochs0_001_clusters10__rep1,33,0.8928571428571429,tensor(0.1370, grad_fn=<SqueezeBackward0>),tensor(-0.2265, grad_fn=<NegBackward0>),3400,112.51325702667236,10,0.5,,20
double_cake,random,random_lr0_1_lr0_01_lr0_01_optgd_epochs100_epochs0_001_epochs0_001_clusters6__rep1,85,0.8928571428571429,tensor(0.1552, grad_fn=<SqueezeBackward0>),tensor(-0.4349, grad_fn=<NegBackward0>),3096,112.92107391357422,6,0.5,,20
double_cake,random,random_lr0_1_lr0_01_lr0_01_optgd_epochs100_epochs0_001_epochs0_001_clusters10__rep1,34,0.8928571428571429,tensor(0.1373, grad_fn=<SqueezeBackward0>),tensor(-0.3832, grad_fn=<NegBackward0>),3500,111.8270058631897,10,0.5,,20
double_cake,random,random_lr0_1_lr0_01_lr0_01_optgd_epochs100_epochs0_001_epochs0_001_clusters6__rep1,86,0.8928571428571429,tensor(0.1555, grad_fn=<SqueezeBackward0>),tensor(-0.4040, grad_fn=<NegBackward0>),3132,107.62658929824829,6,0.5,,20
double_cake,random,random_lr0_1_lr0_01_lr0_01_optgd_epochs100_epochs0_001_epochs0_001_clusters10__rep1,35,0.8928571428571429,tensor(0.1373, grad_fn=<SqueezeBackward0>),tensor(-0.3491, grad_fn=<NegBackward0>),3600,111.02423405647278,10,0.5,,20
double_cake,random,random_lr0_1_lr0_01_lr0_01_optgd_epochs100_epochs0_001_epochs0_001_clusters6__rep1,87,0.8928571428571429,tensor(0.1557, grad_fn=<SqueezeBackward0>),tensor(-0.4127, grad_fn=<NegBackward0>),3168,117.85432863235474,6,0.5,,20
double_cake,random,random_lr0_1_lr0_01_lr0_01_optgd_epochs100_epochs0_001_epochs0_001_clusters10__rep1,36,0.8928571428571429,tensor(0.1382, grad_fn=<SqueezeBackward0>),tensor(-0.3969, grad_fn=<NegBackward0>),3700,114.10659289360046,10,0.5,,20
double_cake,random,random_lr0_1_lr0_01_lr0_01_optgd_epochs100_epochs0_001_epochs0_001_clusters6__rep1,88,0.8928571428571429,tensor(0.1561, grad_fn=<SqueezeBackward0>),tensor(-0.4740, grad_fn=<NegBackward0>),3204,114.64414525032043,6,0.5,,20
double_cake,random,random_lr0_1_lr0_01_lr0_01_optgd_epochs100_epochs0_001_epochs0_001_clusters10__rep1,37,0.8928571428571429,tensor(0.1390, grad_fn=<SqueezeBackward0>),tensor(-0.3597, grad_fn=<NegBackward0>),3800,116.70904207229614,10,0.5,,20
double_cake,random,random_lr0_1_lr0_01_lr0_01_optgd_epochs100_epochs0_001_epochs0_001_clusters6__rep1,89,0.8928571428571429,tensor(0.1567, grad_fn=<SqueezeBackward0>),tensor(-0.4172, grad_fn=<NegBackward0>),3240,114.85392785072327,6,0.5,,20
double_cake,random,random_lr0_1_lr0_01_lr0_01_optgd_epochs100_epochs0_001_epochs0_001_clusters10__rep1,38,0.8928571428571429,tensor(0.1394, grad_fn=<SqueezeBackward0>),tensor(-0.2842, grad_fn=<NegBackward0>),3900,115.18885493278503,10,0.5,,20
double_cake,random,random_lr0_1_lr0_01_lr0_01_optgd_epochs100_epochs0_001_epochs0_001_clusters6__rep1,90,0.8928571428571429,tensor(0.1574, grad_fn=<SqueezeBackward0>),tensor(-0.5031, grad_fn=<NegBackward0>),3276,106.69463014602661,6,0.5,,20
double_cake,random,random_lr0_1_lr0_01_lr0_01_optgd_epochs100_epochs0_001_epochs0_001_clusters10__rep1,39,0.8928571428571429,tensor(0.1407, grad_fn=<SqueezeBackward0>),tensor(-0.3753, grad_fn=<NegBackward0>),4000,111.39918780326843,10,0.5,,20
double_cake,random,random_lr0_1_lr0_01_lr0_01_optgd_epochs100_epochs0_001_epochs0_001_clusters6__rep1,91,0.8928571428571429,tensor(0.1577, grad_fn=<SqueezeBackward0>),tensor(-0.5789, grad_fn=<NegBackward0>),3312,115.93372225761414,6,0.5,,20
double_cake,random,random_lr0_1_lr0_01_lr0_01_optgd_epochs100_epochs0_001_epochs0_001_clusters10__rep1,40,0.8928571428571429,tensor(0.1416, grad_fn=<SqueezeBackward0>),tensor(-0.3504, grad_fn=<NegBackward0>),4100,116.6958110332489,10,0.5,,20
double_cake,random,random_lr0_1_lr0_01_lr0_01_optgd_epochs100_epochs0_001_epochs0_001_clusters6__rep1,92,0.8928571428571429,tensor(0.1575, grad_fn=<SqueezeBackward0>),tensor(-0.4166, grad_fn=<NegBackward0>),3348,112.39846515655518,6,0.5,,20
double_cake,random,random_lr0_1_lr0_01_lr0_01_optgd_epochs100_epochs0_001_epochs0_001_clusters10__rep1,41,0.8928571428571429,tensor(0.1418, grad_fn=<SqueezeBackward0>),tensor(-0.3809, grad_fn=<NegBackward0>),4200,106.9971559047699,10,0.5,,20
double_cake,random,random_lr0_1_lr0_01_lr0_01_optgd_epochs100_epochs0_001_epochs0_001_clusters6__rep1,93,0.8928571428571429,tensor(0.1576, grad_fn=<SqueezeBackward0>),tensor(-0.4569, grad_fn=<NegBackward0>),3384,110.95266914367676,6,0.5,,20
double_cake,random,random_lr0_1_lr0_01_lr0_01_optgd_epochs100_epochs0_001_epochs0_001_clusters10__rep1,42,0.8928571428571429,tensor(0.1423, grad_fn=<SqueezeBackward0>),tensor(-0.3710, grad_fn=<NegBackward0>),4300,114.36601281166077,10,0.5,,20
double_cake,random,random_lr0_1_lr0_01_lr0_01_optgd_epochs100_epochs0_001_epochs0_001_clusters6__rep1,94,0.8928571428571429,tensor(0.1579, grad_fn=<SqueezeBackward0>),tensor(-0.4579, grad_fn=<NegBackward0>),3420,114.56995415687561,6,0.5,,20
double_cake,random,random_lr0_1_lr0_01_lr0_01_optgd_epochs100_epochs0_001_epochs0_001_clusters10__rep1,43,0.8928571428571429,tensor(0.1423, grad_fn=<SqueezeBackward0>),tensor(-0.3117, grad_fn=<NegBackward0>),4400,110.49772119522095,10,0.5,,20
double_cake,random,random_lr0_1_lr0_01_lr0_01_optgd_epochs100_epochs0_001_epochs0_001_clusters6__rep1,95,0.8928571428571429,tensor(0.1585, grad_fn=<SqueezeBackward0>),tensor(-0.4188, grad_fn=<NegBackward0>),3456,108.93058824539185,6,0.5,,20
double_cake,random,random_lr0_1_lr0_01_lr0_01_optgd_epochs100_epochs0_001_epochs0_001_clusters10__rep1,44,0.8928571428571429,tensor(0.1430, grad_fn=<SqueezeBackward0>),tensor(-0.3049, grad_fn=<NegBackward0>),4500,113.37396097183228,10,0.5,,20
double_cake,random,random_lr0_1_lr0_01_lr0_01_optgd_epochs100_epochs0_001_epochs0_001_clusters6__rep1,96,0.8928571428571429,tensor(0.1583, grad_fn=<SqueezeBackward0>),tensor(-0.4486, grad_fn=<NegBackward0>),3492,110.49206304550171,6,0.5,,20
double_cake,random,random_lr0_1_lr0_01_lr0_01_optgd_epochs100_epochs0_001_epochs0_001_clusters10__rep1,45,0.8928571428571429,tensor(0.1419, grad_fn=<SqueezeBackward0>),tensor(-0.3574, grad_fn=<NegBackward0>),4600,114.95379900932312,10,0.5,,20
double_cake,random,random_lr0_1_lr0_01_lr0_01_optgd_epochs100_epochs0_001_epochs0_001_clusters6__rep1,97,0.8928571428571429,tensor(0.1581, grad_fn=<SqueezeBackward0>),tensor(-0.3788, grad_fn=<NegBackward0>),3528,108.44435024261475,6,0.5,,20
double_cake,random,random_lr0_1_lr0_01_lr0_01_optgd_epochs100_epochs0_001_epochs0_001_clusters10__rep1,46,0.8928571428571429,tensor(0.1435, grad_fn=<SqueezeBackward0>),tensor(-0.3410, grad_fn=<NegBackward0>),4700,115.10500812530518,10,0.5,,20
double_cake,random,random_lr0_1_lr0_01_lr0_01_optgd_epochs100_epochs0_001_epochs0_001_clusters6__rep1,98,0.8928571428571429,tensor(0.1583, grad_fn=<SqueezeBackward0>),tensor(-0.3327, grad_fn=<NegBackward0>),3564,118.90793204307556,6,0.5,,20
double_cake,random,random_lr0_1_lr0_01_lr0_01_optgd_epochs100_epochs0_001_epochs0_001_clusters10__rep1,47,0.8928571428571429,tensor(0.1433, grad_fn=<SqueezeBackward0>),tensor(-0.4139, grad_fn=<NegBackward0>),4800,106.96227598190308,10,0.5,,20
double_cake,random,random_lr0_1_lr0_01_lr0_01_optgd_epochs100_epochs0_001_epochs0_001_clusters6__rep1,99,0.8928571428571429,tensor(0.1584, grad_fn=<SqueezeBackward0>),tensor(-0.4764, grad_fn=<NegBackward0>),3600,111.74384021759033,6,0.5,,20
double_cake,random,random_lr0_1_lr0_01_lr0_01_optgd_epochs100_epochs0_001_epochs0_001_clusters10__rep1,48,0.8928571428571429,tensor(0.1437, grad_fn=<SqueezeBackward0>),tensor(-0.3143, grad_fn=<NegBackward0>),4900,111.4037070274353,10,0.5,,20
double_cake,random,random_lr0_1_lr0_01_lr0_01_optgd_epochs100_epochs0_001_epochs0_001_clusters10__rep1,49,0.8928571428571429,tensor(0.1441, grad_fn=<SqueezeBackward0>),tensor(-0.3496, grad_fn=<NegBackward0>),5000,106.79194402694702,10,0.5,,20
double_cake,random,random_lr0_1_lr0_01_lr0_01_optgd_epochs100_epochs0_001_epochs0_001_clusters10__rep1,50,0.8928571428571429,tensor(0.1452, grad_fn=<SqueezeBackward0>),tensor(-0.3491, grad_fn=<NegBackward0>),5100,108.59131598472595,10,0.5,,20
double_cake,random,random_lr0_1_lr0_01_lr0_01_optgd_epochs100_epochs0_001_epochs0_001_clusters2__rep1,0,0.84375,tensor(0.0887, grad_fn=<SqueezeBackward0>),tensor(-0.7140, grad_fn=<NegBackward0>),4,139.3496551513672,2,0.5,,20
double_cake,random,random_lr0_1_lr0_01_lr0_01_optgd_epochs100_epochs0_001_epochs0_001_clusters10__rep1,51,0.8928571428571429,tensor(0.1478, grad_fn=<SqueezeBackward0>),tensor(-0.3711, grad_fn=<NegBackward0>),5200,106.4878101348877,10,0.5,,20
double_cake,random,random_lr0_1_lr0_01_lr0_01_optgd_epochs100_epochs0_001_epochs0_001_clusters2__rep1,1,0.84375,tensor(0.0891, grad_fn=<SqueezeBackward0>),tensor(-0.7367, grad_fn=<NegBackward0>),8,146.5913531780243,2,0.5,,20
double_cake,random,random_lr0_1_lr0_01_lr0_01_optgd_epochs100_epochs0_001_epochs0_001_clusters10__rep1,52,0.8928571428571429,tensor(0.1489, grad_fn=<SqueezeBackward0>),tensor(-0.2950, grad_fn=<NegBackward0>),5300,114.07671070098877,10,0.5,,20
double_cake,random,random_lr0_1_lr0_01_lr0_01_optgd_epochs100_epochs0_001_epochs0_001_clusters10__rep1,53,0.8928571428571429,tensor(0.1502, grad_fn=<SqueezeBackward0>),tensor(-0.4284, grad_fn=<NegBackward0>),5400,116.00759792327881,10,0.5,,20
double_cake,random,random_lr0_1_lr0_01_lr0_01_optgd_epochs100_epochs0_001_epochs0_001_clusters2__rep1,2,0.84375,tensor(0.0889, grad_fn=<SqueezeBackward0>),tensor(-0.7234, grad_fn=<NegBackward0>),12,154.49381399154663,2,0.5,,20
double_cake,random,random_lr0_1_lr0_01_lr0_01_optgd_epochs100_epochs0_001_epochs0_001_clusters10__rep1,54,0.8928571428571429,tensor(0.1507, grad_fn=<SqueezeBackward0>),tensor(-0.1998, grad_fn=<NegBackward0>),5500,115.78577780723572,10,0.5,,20
double_cake,random,random_lr0_1_lr0_01_lr0_01_optgd_epochs100_epochs0_001_epochs0_001_clusters2__rep1,3,0.84375,tensor(0.0894, grad_fn=<SqueezeBackward0>),tensor(-0.7979, grad_fn=<NegBackward0>),16,146.23285102844238,2,0.5,,20
double_cake,random,random_lr0_1_lr0_01_lr0_01_optgd_epochs100_epochs0_001_epochs0_001_clusters10__rep1,55,0.8928571428571429,tensor(0.1524, grad_fn=<SqueezeBackward0>),tensor(-0.4418, grad_fn=<NegBackward0>),5600,113.21069431304932,10,0.5,,20
double_cake,random,random_lr0_1_lr0_01_lr0_01_optgd_epochs100_epochs0_001_epochs0_001_clusters2__rep1,4,0.84375,tensor(0.0894, grad_fn=<SqueezeBackward0>),tensor(-0.6326, grad_fn=<NegBackward0>),20,151.2949779033661,2,0.5,,20
double_cake,random,random_lr0_1_lr0_01_lr0_01_optgd_epochs100_epochs0_001_epochs0_001_clusters10__rep1,56,0.8928571428571429,tensor(0.1536, grad_fn=<SqueezeBackward0>),tensor(-0.2995, grad_fn=<NegBackward0>),5700,115.05133104324341,10,0.5,,20
double_cake,random,random_lr0_1_lr0_01_lr0_01_optgd_epochs100_epochs0_001_epochs0_001_clusters10__rep1,57,0.8928571428571429,tensor(0.1551, grad_fn=<SqueezeBackward0>),tensor(-0.2133, grad_fn=<NegBackward0>),5800,112.11234211921692,10,0.5,,20
double_cake,random,random_lr0_1_lr0_01_lr0_01_optgd_epochs100_epochs0_001_epochs0_001_clusters2__rep1,5,0.84375,tensor(0.0895, grad_fn=<SqueezeBackward0>),tensor(-0.9975, grad_fn=<NegBackward0>),24,153.6718897819519,2,0.5,,20
double_cake,random,random_lr0_1_lr0_01_lr0_01_optgd_epochs100_epochs0_001_epochs0_001_clusters10__rep1,58,0.8928571428571429,tensor(0.1546, grad_fn=<SqueezeBackward0>),tensor(-0.3977, grad_fn=<NegBackward0>),5900,117.09696578979492,10,0.5,,20
double_cake,random,random_lr0_1_lr0_01_lr0_01_optgd_epochs100_epochs0_001_epochs0_001_clusters2__rep1,6,0.84375,tensor(0.0895, grad_fn=<SqueezeBackward0>),tensor(-1.0000, grad_fn=<NegBackward0>),28,149.9036102294922,2,0.5,,20
double_cake,random,random_lr0_1_lr0_01_lr0_01_optgd_epochs100_epochs0_001_epochs0_001_clusters10__rep1,59,0.8928571428571429,tensor(0.1545, grad_fn=<SqueezeBackward0>),tensor(-0.2671, grad_fn=<NegBackward0>),6000,115.51462078094482,10,0.5,,20
double_cake,random,random_lr0_1_lr0_01_lr0_01_optgd_epochs100_epochs0_001_epochs0_001_clusters2__rep1,7,0.84375,tensor(0.0897, grad_fn=<SqueezeBackward0>),tensor(-0.6813, grad_fn=<NegBackward0>),32,151.3302719593048,2,0.5,,20
double_cake,random,random_lr0_1_lr0_01_lr0_01_optgd_epochs100_epochs0_001_epochs0_001_clusters10__rep1,60,0.8928571428571429,tensor(0.1550, grad_fn=<SqueezeBackward0>),tensor(-0.3630, grad_fn=<NegBackward0>),6100,125.3055431842804,10,0.5,,20
double_cake,random,random_lr0_1_lr0_01_lr0_01_optgd_epochs100_epochs0_001_epochs0_001_clusters10__rep1,61,0.8928571428571429,tensor(0.1556, grad_fn=<SqueezeBackward0>),tensor(-0.3087, grad_fn=<NegBackward0>),6200,115.69336891174316,10,0.5,,20
double_cake,random,random_lr0_1_lr0_01_lr0_01_optgd_epochs100_epochs0_001_epochs0_001_clusters2__rep1,8,0.84375,tensor(0.0892, grad_fn=<SqueezeBackward0>),tensor(-0.6200, grad_fn=<NegBackward0>),36,156.86482405662537,2,0.5,,20
double_cake,random,random_lr0_1_lr0_01_lr0_01_optgd_epochs100_epochs0_001_epochs0_001_clusters10__rep1,62,0.8928571428571429,tensor(0.1564, grad_fn=<SqueezeBackward0>),tensor(-0.3904, grad_fn=<NegBackward0>),6300,118.7299211025238,10,0.5,,20
double_cake,random,random_lr0_1_lr0_01_lr0_01_optgd_epochs100_epochs0_001_epochs0_001_clusters2__rep1,9,0.84375,tensor(0.0890, grad_fn=<SqueezeBackward0>),tensor(-0.1025, grad_fn=<NegBackward0>),40,156.44910407066345,2,0.5,,20
double_cake,random,random_lr0_1_lr0_01_lr0_01_optgd_epochs100_epochs0_001_epochs0_001_clusters10__rep1,63,0.8928571428571429,tensor(0.1568, grad_fn=<SqueezeBackward0>),tensor(-0.3343, grad_fn=<NegBackward0>),6400,114.53634595870972,10,0.5,,20
double_cake,random,random_lr0_1_lr0_01_lr0_01_optgd_epochs100_epochs0_001_epochs0_001_clusters2__rep1,10,0.84375,tensor(0.0889, grad_fn=<SqueezeBackward0>),tensor(-0.7074, grad_fn=<NegBackward0>),44,155.67549109458923,2,0.5,,20
double_cake,random,random_lr0_1_lr0_01_lr0_01_optgd_epochs100_epochs0_001_epochs0_001_clusters10__rep1,64,0.8928571428571429,tensor(0.1573, grad_fn=<SqueezeBackward0>),tensor(-0.3609, grad_fn=<NegBackward0>),6500,115.69065618515015,10,0.5,,20
double_cake,random,random_lr0_1_lr0_01_lr0_01_optgd_epochs100_epochs0_001_epochs0_001_clusters2__rep1,11,0.84375,tensor(0.0896, grad_fn=<SqueezeBackward0>),tensor(-0.7958, grad_fn=<NegBackward0>),48,147.28027200698853,2,0.5,,20
double_cake,random,random_lr0_1_lr0_01_lr0_01_optgd_epochs100_epochs0_001_epochs0_001_clusters10__rep1,65,0.8928571428571429,tensor(0.1575, grad_fn=<SqueezeBackward0>),tensor(-0.3944, grad_fn=<NegBackward0>),6600,115.960040807724,10,0.5,,20
double_cake,random,random_lr0_1_lr0_01_lr0_01_optgd_epochs100_epochs0_001_epochs0_001_clusters10__rep1,66,0.8928571428571429,tensor(0.1587, grad_fn=<SqueezeBackward0>),tensor(-0.4548, grad_fn=<NegBackward0>),6700,119.73450589179993,10,0.5,,20
double_cake,random,random_lr0_1_lr0_01_lr0_01_optgd_epochs100_epochs0_001_epochs0_001_clusters2__rep1,12,0.84375,tensor(0.0899, grad_fn=<SqueezeBackward0>),tensor(-0.6268, grad_fn=<NegBackward0>),52,155.8975191116333,2,0.5,,20
double_cake,random,random_lr0_1_lr0_01_lr0_01_optgd_epochs100_epochs0_001_epochs0_001_clusters10__rep1,67,0.8928571428571429,tensor(0.1605, grad_fn=<SqueezeBackward0>),tensor(-0.3889, grad_fn=<NegBackward0>),6800,112.78312397003174,10,0.5,,20
double_cake,random,random_lr0_1_lr0_01_lr0_01_optgd_epochs100_epochs0_001_epochs0_001_clusters2__rep1,13,0.8125,tensor(0.0897, grad_fn=<SqueezeBackward0>),tensor(-0.7542, grad_fn=<NegBackward0>),56,151.69689798355103,2,0.5,,20
double_cake,random,random_lr0_1_lr0_01_lr0_01_optgd_epochs100_epochs0_001_epochs0_001_clusters10__rep1,68,0.8928571428571429,tensor(0.1612, grad_fn=<SqueezeBackward0>),tensor(-0.3552, grad_fn=<NegBackward0>),6900,114.42547011375427,10,0.5,,20
double_cake,random,random_lr0_1_lr0_01_lr0_01_optgd_epochs100_epochs0_001_epochs0_001_clusters2__rep1,14,0.84375,tensor(0.0895, grad_fn=<SqueezeBackward0>),tensor(-0.7208, grad_fn=<NegBackward0>),60,149.04839968681335,2,0.5,,20
double_cake,random,random_lr0_1_lr0_01_lr0_01_optgd_epochs100_epochs0_001_epochs0_001_clusters10__rep1,69,0.8928571428571429,tensor(0.1629, grad_fn=<SqueezeBackward0>),tensor(-0.2924, grad_fn=<NegBackward0>),7000,112.86342692375183,10,0.5,,20
double_cake,random,random_lr0_1_lr0_01_lr0_01_optgd_epochs100_epochs0_001_epochs0_001_clusters10__rep1,70,0.8928571428571429,tensor(0.1634, grad_fn=<SqueezeBackward0>),tensor(-0.3827, grad_fn=<NegBackward0>),7100,119.16936182975769,10,0.5,,20
double_cake,random,random_lr0_1_lr0_01_lr0_01_optgd_epochs100_epochs0_001_epochs0_001_clusters2__rep1,15,0.84375,tensor(0.0897, grad_fn=<SqueezeBackward0>),tensor(-0.7475, grad_fn=<NegBackward0>),64,155.04641199111938,2,0.5,,20
double_cake,random,random_lr0_1_lr0_01_lr0_01_optgd_epochs100_epochs0_001_epochs0_001_clusters10__rep1,71,0.8928571428571429,tensor(0.1632, grad_fn=<SqueezeBackward0>),tensor(-0.4679, grad_fn=<NegBackward0>),7200,117.23452281951904,10,0.5,,20
double_cake,random,random_lr0_1_lr0_01_lr0_01_optgd_epochs100_epochs0_001_epochs0_001_clusters2__rep1,16,0.8125,tensor(0.0907, grad_fn=<SqueezeBackward0>),tensor(-0.6551, grad_fn=<NegBackward0>),68,148.94606590270996,2,0.5,,20
double_cake,random,random_lr0_1_lr0_01_lr0_01_optgd_epochs100_epochs0_001_epochs0_001_clusters10__rep1,72,0.8928571428571429,tensor(0.1641, grad_fn=<SqueezeBackward0>),tensor(-0.3776, grad_fn=<NegBackward0>),7300,115.00445199012756,10,0.5,,20
double_cake,random,random_lr0_1_lr0_01_lr0_01_optgd_epochs100_epochs0_001_epochs0_001_clusters2__rep1,17,0.8125,tensor(0.0907, grad_fn=<SqueezeBackward0>),tensor(-0.6976, grad_fn=<NegBackward0>),72,145.46184396743774,2,0.5,,20
double_cake,random,random_lr0_1_lr0_01_lr0_01_optgd_epochs100_epochs0_001_epochs0_001_clusters10__rep1,73,0.8928571428571429,tensor(0.1645, grad_fn=<SqueezeBackward0>),tensor(-0.2976, grad_fn=<NegBackward0>),7400,112.53850889205933,10,0.5,,20
double_cake,random,random_lr0_1_lr0_01_lr0_01_optgd_epochs100_epochs0_001_epochs0_001_clusters10__rep1,74,0.8928571428571429,tensor(0.1646, grad_fn=<SqueezeBackward0>),tensor(-0.2977, grad_fn=<NegBackward0>),7500,117.26572108268738,10,0.5,,20
double_cake,random,random_lr0_1_lr0_01_lr0_01_optgd_epochs100_epochs0_001_epochs0_001_clusters2__rep1,18,0.8125,tensor(0.0927, grad_fn=<SqueezeBackward0>),tensor(-0.6002, grad_fn=<NegBackward0>),76,148.18417191505432,2,0.5,,20
double_cake,random,random_lr0_1_lr0_01_lr0_01_optgd_epochs100_epochs0_001_epochs0_001_clusters10__rep1,75,0.8928571428571429,tensor(0.1653, grad_fn=<SqueezeBackward0>),tensor(-0.3062, grad_fn=<NegBackward0>),7600,113.96006608009338,10,0.5,,20
double_cake,random,random_lr0_1_lr0_01_lr0_01_optgd_epochs100_epochs0_001_epochs0_001_clusters2__rep1,19,0.84375,tensor(0.0932, grad_fn=<SqueezeBackward0>),tensor(-0.5774, grad_fn=<NegBackward0>),80,148.93141293525696,2,0.5,,20
double_cake,random,random_lr0_1_lr0_01_lr0_01_optgd_epochs100_epochs0_001_epochs0_001_clusters10__rep1,76,0.8928571428571429,tensor(0.1658, grad_fn=<SqueezeBackward0>),tensor(-0.2731, grad_fn=<NegBackward0>),7700,114.33793711662292,10,0.5,,20
double_cake,random,random_lr0_1_lr0_01_lr0_01_optgd_epochs100_epochs0_001_epochs0_001_clusters2__rep1,20,0.8125,tensor(0.0953, grad_fn=<SqueezeBackward0>),tensor(-0.8345, grad_fn=<NegBackward0>),84,153.93449592590332,2,0.5,,20
double_cake,random,random_lr0_1_lr0_01_lr0_01_optgd_epochs100_epochs0_001_epochs0_001_clusters10__rep1,77,0.8928571428571429,tensor(0.1663, grad_fn=<SqueezeBackward0>),tensor(-0.3364, grad_fn=<NegBackward0>),7800,117.20134091377258,10,0.5,,20
double_cake,random,random_lr0_1_lr0_01_lr0_01_optgd_epochs100_epochs0_001_epochs0_001_clusters10__rep1,78,0.8928571428571429,tensor(0.1672, grad_fn=<SqueezeBackward0>),tensor(-0.3881, grad_fn=<NegBackward0>),7900,112.69239807128906,10,0.5,,20
double_cake,random,random_lr0_1_lr0_01_lr0_01_optgd_epochs100_epochs0_001_epochs0_001_clusters2__rep1,21,0.8125,tensor(0.0951, grad_fn=<SqueezeBackward0>),tensor(-0.6592, grad_fn=<NegBackward0>),88,159.2068281173706,2,0.5,,20
double_cake,random,random_lr0_1_lr0_01_lr0_01_optgd_epochs100_epochs0_001_epochs0_001_clusters10__rep1,79,0.8928571428571429,tensor(0.1673, grad_fn=<SqueezeBackward0>),tensor(-0.3352, grad_fn=<NegBackward0>),8000,126.57842516899109,10,0.5,,20
double_cake,random,random_lr0_1_lr0_01_lr0_01_optgd_epochs100_epochs0_001_epochs0_001_clusters2__rep1,22,0.8125,tensor(0.0952, grad_fn=<SqueezeBackward0>),tensor(-0.8256, grad_fn=<NegBackward0>),92,153.24439907073975,2,0.5,,20
double_cake,random,random_lr0_1_lr0_01_lr0_01_optgd_epochs100_epochs0_001_epochs0_001_clusters10__rep1,80,0.8928571428571429,tensor(0.1674, grad_fn=<SqueezeBackward0>),tensor(-0.2463, grad_fn=<NegBackward0>),8100,108.91300511360168,10,0.5,,20
double_cake,random,random_lr0_1_lr0_01_lr0_01_optgd_epochs100_epochs0_001_epochs0_001_clusters2__rep1,23,0.8125,tensor(0.0941, grad_fn=<SqueezeBackward0>),tensor(-0.7592, grad_fn=<NegBackward0>),96,155.9347939491272,2,0.5,,20
double_cake,random,random_lr0_1_lr0_01_lr0_01_optgd_epochs100_epochs0_001_epochs0_001_clusters10__rep1,81,0.8928571428571429,tensor(0.1675, grad_fn=<SqueezeBackward0>),tensor(-0.2818, grad_fn=<NegBackward0>),8200,119.26656889915466,10,0.5,,20
double_cake,random,random_lr0_1_lr0_01_lr0_01_optgd_epochs100_epochs0_001_epochs0_001_clusters2__rep1,24,0.84375,tensor(0.0934, grad_fn=<SqueezeBackward0>),tensor(-0.7818, grad_fn=<NegBackward0>),100,145.65848898887634,2,0.5,,20
double_cake,random,random_lr0_1_lr0_01_lr0_01_optgd_epochs100_epochs0_001_epochs0_001_clusters10__rep1,82,0.8928571428571429,tensor(0.1684, grad_fn=<SqueezeBackward0>),tensor(-0.3539, grad_fn=<NegBackward0>),8300,115.1147620677948,10,0.5,,20
double_cake,random,random_lr0_1_lr0_01_lr0_01_optgd_epochs100_epochs0_001_epochs0_001_clusters10__rep1,83,0.8928571428571429,tensor(0.1680, grad_fn=<SqueezeBackward0>),tensor(-0.3679, grad_fn=<NegBackward0>),8400,116.55423617362976,10,0.5,,20
double_cake,random,random_lr0_1_lr0_01_lr0_01_optgd_epochs100_epochs0_001_epochs0_001_clusters2__rep1,25,0.8125,tensor(0.0963, grad_fn=<SqueezeBackward0>),tensor(-0.6356, grad_fn=<NegBackward0>),104,156.17949509620667,2,0.5,,20
double_cake,random,random_lr0_1_lr0_01_lr0_01_optgd_epochs100_epochs0_001_epochs0_001_clusters10__rep1,84,0.8928571428571429,tensor(0.1682, grad_fn=<SqueezeBackward0>),tensor(-0.2952, grad_fn=<NegBackward0>),8500,118.34206414222717,10,0.5,,20
double_cake,random,random_lr0_1_lr0_01_lr0_01_optgd_epochs100_epochs0_001_epochs0_001_clusters2__rep1,26,0.8125,tensor(0.0954, grad_fn=<SqueezeBackward0>),tensor(-0.7630, grad_fn=<NegBackward0>),108,152.6988286972046,2,0.5,,20
double_cake,random,random_lr0_1_lr0_01_lr0_01_optgd_epochs100_epochs0_001_epochs0_001_clusters10__rep1,85,0.8928571428571429,tensor(0.1688, grad_fn=<SqueezeBackward0>),tensor(-0.4407, grad_fn=<NegBackward0>),8600,118.62974190711975,10,0.5,,20
double_cake,random,random_lr0_1_lr0_01_lr0_01_optgd_epochs100_epochs0_001_epochs0_001_clusters2__rep1,27,0.84375,tensor(0.0955, grad_fn=<SqueezeBackward0>),tensor(-0.7333, grad_fn=<NegBackward0>),112,157.17306303977966,2,0.5,,20
double_cake,random,random_lr0_1_lr0_01_lr0_01_optgd_epochs100_epochs0_001_epochs0_001_clusters10__rep1,86,0.8928571428571429,tensor(0.1687, grad_fn=<SqueezeBackward0>),tensor(-0.3754, grad_fn=<NegBackward0>),8700,116.87925481796265,10,0.5,,20
double_cake,random,random_lr0_1_lr0_01_lr0_01_optgd_epochs100_epochs0_001_epochs0_001_clusters10__rep1,87,0.8928571428571429,tensor(0.1698, grad_fn=<SqueezeBackward0>),tensor(-0.3410, grad_fn=<NegBackward0>),8800,107.8175859451294,10,0.5,,20
double_cake,random,random_lr0_1_lr0_01_lr0_01_optgd_epochs100_epochs0_001_epochs0_001_clusters2__rep1,28,0.8125,tensor(0.0958, grad_fn=<SqueezeBackward0>),tensor(-0.6899, grad_fn=<NegBackward0>),116,151.10885882377625,2,0.5,,20
double_cake,random,random_lr0_1_lr0_01_lr0_01_optgd_epochs100_epochs0_001_epochs0_001_clusters10__rep1,88,0.8928571428571429,tensor(0.1703, grad_fn=<SqueezeBackward0>),tensor(-0.4125, grad_fn=<NegBackward0>),8900,119.01846599578857,10,0.5,,20
double_cake,random,random_lr0_1_lr0_01_lr0_01_optgd_epochs100_epochs0_001_epochs0_001_clusters2__rep1,29,0.8125,tensor(0.0958, grad_fn=<SqueezeBackward0>),tensor(-0.7175, grad_fn=<NegBackward0>),120,150.57142305374146,2,0.5,,20
double_cake,random,random_lr0_1_lr0_01_lr0_01_optgd_epochs100_epochs0_001_epochs0_001_clusters10__rep1,89,0.8928571428571429,tensor(0.1709, grad_fn=<SqueezeBackward0>),tensor(-0.3502, grad_fn=<NegBackward0>),9000,110.50254893302917,10,0.5,,20
double_cake,random,random_lr0_1_lr0_01_lr0_01_optgd_epochs100_epochs0_001_epochs0_001_clusters2__rep1,30,0.8125,tensor(0.0964, grad_fn=<SqueezeBackward0>),tensor(-0.6085, grad_fn=<NegBackward0>),124,151.1098358631134,2,0.5,,20
double_cake,random,random_lr0_1_lr0_01_lr0_01_optgd_epochs100_epochs0_001_epochs0_001_clusters10__rep1,90,0.8928571428571429,tensor(0.1724, grad_fn=<SqueezeBackward0>),tensor(-0.4095, grad_fn=<NegBackward0>),9100,117.38635492324829,10,0.5,,20
double_cake,random,random_lr0_1_lr0_01_lr0_01_optgd_epochs100_epochs0_001_epochs0_001_clusters10__rep1,91,0.8928571428571429,tensor(0.1727, grad_fn=<SqueezeBackward0>),tensor(-0.3384, grad_fn=<NegBackward0>),9200,117.19440984725952,10,0.5,,20
double_cake,random,random_lr0_1_lr0_01_lr0_01_optgd_epochs100_epochs0_001_epochs0_001_clusters2__rep1,31,0.8125,tensor(0.0962, grad_fn=<SqueezeBackward0>),tensor(-0.7664, grad_fn=<NegBackward0>),128,152.21059703826904,2,0.5,,20
double_cake,random,random_lr0_1_lr0_01_lr0_01_optgd_epochs100_epochs0_001_epochs0_001_clusters10__rep1,92,0.8928571428571429,tensor(0.1727, grad_fn=<SqueezeBackward0>),tensor(-0.4544, grad_fn=<NegBackward0>),9300,117.01183795928955,10,0.5,,20
double_cake,random,random_lr0_1_lr0_01_lr0_01_optgd_epochs100_epochs0_001_epochs0_001_clusters2__rep1,32,0.8125,tensor(0.0956, grad_fn=<SqueezeBackward0>),tensor(-0.6022, grad_fn=<NegBackward0>),132,156.2080500125885,2,0.5,,20
double_cake,random,random_lr0_1_lr0_01_lr0_01_optgd_epochs100_epochs0_001_epochs0_001_clusters10__rep1,93,0.8928571428571429,tensor(0.1734, grad_fn=<SqueezeBackward0>),tensor(-0.3371, grad_fn=<NegBackward0>),9400,108.87246108055115,10,0.5,,20
double_cake,random,random_lr0_1_lr0_01_lr0_01_optgd_epochs100_epochs0_001_epochs0_001_clusters2__rep1,33,0.8125,tensor(0.0959, grad_fn=<SqueezeBackward0>),tensor(-0.6050, grad_fn=<NegBackward0>),136,146.37092399597168,2,0.5,,20
double_cake,random,random_lr0_1_lr0_01_lr0_01_optgd_epochs100_epochs0_001_epochs0_001_clusters10__rep1,94,0.8928571428571429,tensor(0.1732, grad_fn=<SqueezeBackward0>),tensor(-0.3403, grad_fn=<NegBackward0>),9500,114.78640604019165,10,0.5,,20
double_cake,random,random_lr0_1_lr0_01_lr0_01_optgd_epochs100_epochs0_001_epochs0_001_clusters10__rep1,95,0.8928571428571429,tensor(0.1732, grad_fn=<SqueezeBackward0>),tensor(-0.3729, grad_fn=<NegBackward0>),9600,110.93668293952942,10,0.5,,20
double_cake,random,random_lr0_1_lr0_01_lr0_01_optgd_epochs100_epochs0_001_epochs0_001_clusters2__rep1,34,0.8125,tensor(0.0959, grad_fn=<SqueezeBackward0>),tensor(-0.7711, grad_fn=<NegBackward0>),140,152.59461498260498,2,0.5,,20
double_cake,random,random_lr0_1_lr0_01_lr0_01_optgd_epochs100_epochs0_001_epochs0_001_clusters10__rep1,96,0.8928571428571429,tensor(0.1728, grad_fn=<SqueezeBackward0>),tensor(-0.3677, grad_fn=<NegBackward0>),9700,119.46143102645874,10,0.5,,20
double_cake,random,random_lr0_1_lr0_01_lr0_01_optgd_epochs100_epochs0_001_epochs0_001_clusters2__rep1,35,0.8125,tensor(0.0985, grad_fn=<SqueezeBackward0>),tensor(-0.6662, grad_fn=<NegBackward0>),144,153.69847869873047,2,0.5,,20
double_cake,random,random_lr0_1_lr0_01_lr0_01_optgd_epochs100_epochs0_001_epochs0_001_clusters10__rep1,97,0.8928571428571429,tensor(0.1730, grad_fn=<SqueezeBackward0>),tensor(-0.3632, grad_fn=<NegBackward0>),9800,110.59241700172424,10,0.5,,20
double_cake,random,random_lr0_1_lr0_01_lr0_01_optgd_epochs100_epochs0_001_epochs0_001_clusters2__rep1,36,0.8125,tensor(0.0985, grad_fn=<SqueezeBackward0>),tensor(-0.6979, grad_fn=<NegBackward0>),148,152.98997402191162,2,0.5,,20
double_cake,random,random_lr0_1_lr0_01_lr0_01_optgd_epochs100_epochs0_001_epochs0_001_clusters10__rep1,98,0.8928571428571429,tensor(0.1731, grad_fn=<SqueezeBackward0>),tensor(-0.2294, grad_fn=<NegBackward0>),9900,117.92356705665588,10,0.5,,20
double_cake,random,random_lr0_1_lr0_01_lr0_01_optgd_epochs100_epochs0_001_epochs0_001_clusters10__rep1,99,0.8928571428571429,tensor(0.1740, grad_fn=<SqueezeBackward0>),tensor(-0.4558, grad_fn=<NegBackward0>),10000,114.65032982826233,10,0.5,,20
double_cake,random,random_lr0_1_lr0_01_lr0_01_optgd_epochs100_epochs0_001_epochs0_001_clusters2__rep1,37,0.875,tensor(0.0990, grad_fn=<SqueezeBackward0>),tensor(-0.6169, grad_fn=<NegBackward0>),152,148.10000085830688,2,0.5,,20
double_cake,random,random_lr0_1_lr0_01_lr0_01_optgd_epochs100_epochs0_001_epochs0_001_clusters2__rep1,38,0.875,tensor(0.0989, grad_fn=<SqueezeBackward0>),tensor(-0.7064, grad_fn=<NegBackward0>),156,139.5841042995453,2,0.5,,20
double_cake,random,random_lr0_1_lr0_01_lr0_01_optgd_epochs100_epochs0_001_epochs0_001_clusters2__rep1,39,0.875,tensor(0.0980, grad_fn=<SqueezeBackward0>),tensor(-0.6760, grad_fn=<NegBackward0>),160,143.67853593826294,2,0.5,,20
double_cake,random,random_lr0_1_lr0_01_lr0_01_optgd_epochs100_epochs0_001_epochs0_001_clusters4__rep1,0,0.84375,tensor(0.0887, grad_fn=<SqueezeBackward0>),tensor(-0.3983, grad_fn=<NegBackward0>),16,142.65883612632751,4,0.5,,20
double_cake,random,random_lr0_1_lr0_01_lr0_01_optgd_epochs100_epochs0_001_epochs0_001_clusters2__rep1,40,0.875,tensor(0.0982, grad_fn=<SqueezeBackward0>),tensor(-0.6310, grad_fn=<NegBackward0>),164,145.61057090759277,2,0.5,,20
double_cake,random,random_lr0_1_lr0_01_lr0_01_optgd_epochs100_epochs0_001_epochs0_001_clusters4__rep1,1,0.84375,tensor(0.0888, grad_fn=<SqueezeBackward0>),tensor(-0.3934, grad_fn=<NegBackward0>),32,151.05015110969543,4,0.5,,20
double_cake,random,random_lr0_1_lr0_01_lr0_01_optgd_epochs100_epochs0_001_epochs0_001_clusters2__rep1,41,0.875,tensor(0.0981, grad_fn=<SqueezeBackward0>),tensor(-0.6660, grad_fn=<NegBackward0>),168,156.8941731452942,2,0.5,,20
double_cake,random,random_lr0_1_lr0_01_lr0_01_optgd_epochs100_epochs0_001_epochs0_001_clusters4__rep1,2,0.84375,tensor(0.0893, grad_fn=<SqueezeBackward0>),tensor(-0.4523, grad_fn=<NegBackward0>),48,155.61054515838623,4,0.5,,20
double_cake,random,random_lr0_1_lr0_01_lr0_01_optgd_epochs100_epochs0_001_epochs0_001_clusters2__rep1,42,0.875,tensor(0.0989, grad_fn=<SqueezeBackward0>),tensor(-0.7407, grad_fn=<NegBackward0>),172,162.45597910881042,2,0.5,,20
double_cake,random,random_lr0_1_lr0_01_lr0_01_optgd_epochs100_epochs0_001_epochs0_001_clusters4__rep1,3,0.84375,tensor(0.0897, grad_fn=<SqueezeBackward0>),tensor(-0.5527, grad_fn=<NegBackward0>),64,155.28294014930725,4,0.5,,20
double_cake,random,random_lr0_1_lr0_01_lr0_01_optgd_epochs100_epochs0_001_epochs0_001_clusters2__rep1,43,0.875,tensor(0.0997, grad_fn=<SqueezeBackward0>),tensor(-0.6609, grad_fn=<NegBackward0>),176,169.17537212371826,2,0.5,,20
double_cake,random,random_lr0_1_lr0_01_lr0_01_optgd_epochs100_epochs0_001_epochs0_001_clusters4__rep1,4,0.8125,tensor(0.0910, grad_fn=<SqueezeBackward0>),tensor(-0.2642, grad_fn=<NegBackward0>),80,163.46041822433472,4,0.5,,20
double_cake,random,random_lr0_1_lr0_01_lr0_01_optgd_epochs100_epochs0_001_epochs0_001_clusters2__rep1,44,0.875,tensor(0.0986, grad_fn=<SqueezeBackward0>),tensor(-0.7645, grad_fn=<NegBackward0>),180,151.94015789031982,2,0.5,,20
double_cake,random,random_lr0_1_lr0_01_lr0_01_optgd_epochs100_epochs0_001_epochs0_001_clusters4__rep1,5,0.875,tensor(0.0920, grad_fn=<SqueezeBackward0>),tensor(-0.5805, grad_fn=<NegBackward0>),96,162.86716103553772,4,0.5,,20
double_cake,random,random_lr0_1_lr0_01_lr0_01_optgd_epochs100_epochs0_001_epochs0_001_clusters2__rep1,45,0.875,tensor(0.0988, grad_fn=<SqueezeBackward0>),tensor(-0.7368, grad_fn=<NegBackward0>),184,160.92130398750305,2,0.5,,20
double_cake,random,random_lr0_1_lr0_01_lr0_01_optgd_epochs100_epochs0_001_epochs0_001_clusters4__rep1,6,0.875,tensor(0.0920, grad_fn=<SqueezeBackward0>),tensor(-0.6367, grad_fn=<NegBackward0>),112,150.21285128593445,4,0.5,,20
double_cake,random,random_lr0_1_lr0_01_lr0_01_optgd_epochs100_epochs0_001_epochs0_001_clusters2__rep1,46,0.875,tensor(0.0982, grad_fn=<SqueezeBackward0>),tensor(-0.6675, grad_fn=<NegBackward0>),188,158.0240879058838,2,0.5,,20
double_cake,random,random_lr0_1_lr0_01_lr0_01_optgd_epochs100_epochs0_001_epochs0_001_clusters4__rep1,7,0.84375,tensor(0.0925, grad_fn=<SqueezeBackward0>),tensor(-0.4145, grad_fn=<NegBackward0>),128,150.53044986724854,4,0.5,,20
double_cake,random,random_lr0_1_lr0_01_lr0_01_optgd_epochs100_epochs0_001_epochs0_001_clusters2__rep1,47,0.875,tensor(0.0983, grad_fn=<SqueezeBackward0>),tensor(-0.9075, grad_fn=<NegBackward0>),192,152.64466786384583,2,0.5,,20
double_cake,random,random_lr0_1_lr0_01_lr0_01_optgd_epochs100_epochs0_001_epochs0_001_clusters4__rep1,8,0.875,tensor(0.0922, grad_fn=<SqueezeBackward0>),tensor(-0.4789, grad_fn=<NegBackward0>),144,163.7240960597992,4,0.5,,20
double_cake,random,random_lr0_1_lr0_01_lr0_01_optgd_epochs100_epochs0_001_epochs0_001_clusters2__rep1,48,0.875,tensor(0.0989, grad_fn=<SqueezeBackward0>),tensor(-0.6311, grad_fn=<NegBackward0>),196,155.43489599227905,2,0.5,,20
double_cake,random,random_lr0_1_lr0_01_lr0_01_optgd_epochs100_epochs0_001_epochs0_001_clusters4__rep1,9,0.84375,tensor(0.0921, grad_fn=<SqueezeBackward0>),tensor(-0.2731, grad_fn=<NegBackward0>),160,150.9907820224762,4,0.5,,20
double_cake,random,random_lr0_1_lr0_01_lr0_01_optgd_epochs100_epochs0_001_epochs0_001_clusters2__rep1,49,0.875,tensor(0.0990, grad_fn=<SqueezeBackward0>),tensor(-0.7101, grad_fn=<NegBackward0>),200,149.18002486228943,2,0.5,,20
double_cake,random,random_lr0_1_lr0_01_lr0_01_optgd_epochs100_epochs0_001_epochs0_001_clusters4__rep1,10,0.84375,tensor(0.0926, grad_fn=<SqueezeBackward0>),tensor(-0.6152, grad_fn=<NegBackward0>),176,148.00763177871704,4,0.5,,20
double_cake,random,random_lr0_1_lr0_01_lr0_01_optgd_epochs100_epochs0_001_epochs0_001_clusters2__rep1,50,0.84375,tensor(0.1005, grad_fn=<SqueezeBackward0>),tensor(-0.7654, grad_fn=<NegBackward0>),204,166.08482098579407,2,0.5,,20
double_cake,random,random_lr0_1_lr0_01_lr0_01_optgd_epochs100_epochs0_001_epochs0_001_clusters4__rep1,11,0.84375,tensor(0.0932, grad_fn=<SqueezeBackward0>),tensor(-0.4559, grad_fn=<NegBackward0>),192,172.80391097068787,4,0.5,,20
double_cake,random,random_lr0_1_lr0_01_lr0_01_optgd_epochs100_epochs0_001_epochs0_001_clusters2__rep1,51,0.84375,tensor(0.1004, grad_fn=<SqueezeBackward0>),tensor(-0.6930, grad_fn=<NegBackward0>),208,160.16215205192566,2,0.5,,20
double_cake,random,random_lr0_1_lr0_01_lr0_01_optgd_epochs100_epochs0_001_epochs0_001_clusters4__rep1,12,0.84375,tensor(0.0945, grad_fn=<SqueezeBackward0>),tensor(-0.5165, grad_fn=<NegBackward0>),208,153.9571509361267,4,0.5,,20
double_cake,random,random_lr0_1_lr0_01_lr0_01_optgd_epochs100_epochs0_001_epochs0_001_clusters2__rep1,52,0.84375,tensor(0.1002, grad_fn=<SqueezeBackward0>),tensor(-0.6238, grad_fn=<NegBackward0>),212,164.6796476840973,2,0.5,,20
double_cake,random,random_lr0_1_lr0_01_lr0_01_optgd_epochs100_epochs0_001_epochs0_001_clusters4__rep1,13,0.875,tensor(0.0949, grad_fn=<SqueezeBackward0>),tensor(-0.4629, grad_fn=<NegBackward0>),224,160.19606924057007,4,0.5,,20
double_cake,random,random_lr0_1_lr0_01_lr0_01_optgd_epochs100_epochs0_001_epochs0_001_clusters2__rep1,53,0.84375,tensor(0.1001, grad_fn=<SqueezeBackward0>),tensor(-0.7599, grad_fn=<NegBackward0>),216,163.90174388885498,2,0.5,,20
double_cake,random,random_lr0_1_lr0_01_lr0_01_optgd_epochs100_epochs0_001_epochs0_001_clusters4__rep1,14,0.84375,tensor(0.0948, grad_fn=<SqueezeBackward0>),tensor(-0.6584, grad_fn=<NegBackward0>),240,168.96588706970215,4,0.5,,20
double_cake,random,random_lr0_1_lr0_01_lr0_01_optgd_epochs100_epochs0_001_epochs0_001_clusters2__rep1,54,0.84375,tensor(0.1010, grad_fn=<SqueezeBackward0>),tensor(-0.7195, grad_fn=<NegBackward0>),220,161.95645594596863,2,0.5,,20
double_cake,random,random_lr0_1_lr0_01_lr0_01_optgd_epochs100_epochs0_001_epochs0_001_clusters4__rep1,15,0.84375,tensor(0.0950, grad_fn=<SqueezeBackward0>),tensor(-0.4434, grad_fn=<NegBackward0>),256,172.7541310787201,4,0.5,,20
double_cake,random,random_lr0_1_lr0_01_lr0_01_optgd_epochs100_epochs0_001_epochs0_001_clusters2__rep1,55,0.84375,tensor(0.1021, grad_fn=<SqueezeBackward0>),tensor(-0.6522, grad_fn=<NegBackward0>),224,192.09878301620483,2,0.5,,20
double_cake,random,random_lr0_1_lr0_01_lr0_01_optgd_epochs100_epochs0_001_epochs0_001_clusters4__rep1,16,0.84375,tensor(0.0951, grad_fn=<SqueezeBackward0>),tensor(-0.4616, grad_fn=<NegBackward0>),272,178.86631608009338,4,0.5,,20
double_cake,random,random_lr0_1_lr0_01_lr0_01_optgd_epochs100_epochs0_001_epochs0_001_clusters2__rep1,56,0.84375,tensor(0.1027, grad_fn=<SqueezeBackward0>),tensor(-0.6924, grad_fn=<NegBackward0>),228,163.66699886322021,2,0.5,,20
double_cake,random,random_lr0_1_lr0_01_lr0_01_optgd_epochs100_epochs0_001_epochs0_001_clusters4__rep1,17,0.875,tensor(0.0957, grad_fn=<SqueezeBackward0>),tensor(-0.4626, grad_fn=<NegBackward0>),288,169.4257688522339,4,0.5,,20
double_cake,random,random_lr0_1_lr0_01_lr0_01_optgd_epochs100_epochs0_001_epochs0_001_clusters2__rep1,57,0.875,tensor(0.1013, grad_fn=<SqueezeBackward0>),tensor(-0.7404, grad_fn=<NegBackward0>),232,182.780109167099,2,0.5,,20
double_cake,random,random_lr0_1_lr0_01_lr0_01_optgd_epochs100_epochs0_001_epochs0_001_clusters4__rep1,18,0.875,tensor(0.0960, grad_fn=<SqueezeBackward0>),tensor(-0.5471, grad_fn=<NegBackward0>),304,190.55297470092773,4,0.5,,20
double_cake,random,random_lr0_1_lr0_01_lr0_01_optgd_epochs100_epochs0_001_epochs0_001_clusters2__rep1,58,0.875,tensor(0.1010, grad_fn=<SqueezeBackward0>),tensor(-0.7438, grad_fn=<NegBackward0>),236,187.90182995796204,2,0.5,,20
double_cake,random,random_lr0_1_lr0_01_lr0_01_optgd_epochs100_epochs0_001_epochs0_001_clusters4__rep1,19,0.875,tensor(0.0962, grad_fn=<SqueezeBackward0>),tensor(-0.5641, grad_fn=<NegBackward0>),320,186.98060488700867,4,0.5,,20
double_cake,random,random_lr0_1_lr0_01_lr0_01_optgd_epochs100_epochs0_001_epochs0_001_clusters2__rep1,59,0.875,tensor(0.1013, grad_fn=<SqueezeBackward0>),tensor(-0.7317, grad_fn=<NegBackward0>),240,206.68584513664246,2,0.5,,20
double_cake,random,random_lr0_1_lr0_01_lr0_01_optgd_epochs100_epochs0_001_epochs0_001_clusters4__rep1,20,0.875,tensor(0.0970, grad_fn=<SqueezeBackward0>),tensor(-0.4266, grad_fn=<NegBackward0>),336,193.12994575500488,4,0.5,,20
double_cake,random,random_lr0_1_lr0_01_lr0_01_optgd_epochs100_epochs0_001_epochs0_001_clusters2__rep1,60,0.875,tensor(0.1013, grad_fn=<SqueezeBackward0>),tensor(-0.7055, grad_fn=<NegBackward0>),244,178.8801407814026,2,0.5,,20
double_cake,random,random_lr0_1_lr0_01_lr0_01_optgd_epochs100_epochs0_001_epochs0_001_clusters4__rep1,21,0.875,tensor(0.0973, grad_fn=<SqueezeBackward0>),tensor(-0.5312, grad_fn=<NegBackward0>),352,200.08640384674072,4,0.5,,20
double_cake,random,random_lr0_1_lr0_01_lr0_01_optgd_epochs100_epochs0_001_epochs0_001_clusters2__rep1,61,0.90625,tensor(0.1022, grad_fn=<SqueezeBackward0>),tensor(-0.6183, grad_fn=<NegBackward0>),248,198.54131507873535,2,0.5,,20
double_cake,random,random_lr0_1_lr0_01_lr0_01_optgd_epochs100_epochs0_001_epochs0_001_clusters4__rep1,22,0.90625,tensor(0.0978, grad_fn=<SqueezeBackward0>),tensor(-0.4845, grad_fn=<NegBackward0>),368,199.98547983169556,4,0.5,,20
double_cake,random,random_lr0_1_lr0_01_lr0_01_optgd_epochs100_epochs0_001_epochs0_001_clusters2__rep1,62,0.90625,tensor(0.1025, grad_fn=<SqueezeBackward0>),tensor(-0.6931, grad_fn=<NegBackward0>),252,197.84375095367432,2,0.5,,20
double_cake,random,random_lr0_1_lr0_01_lr0_01_optgd_epochs100_epochs0_001_epochs0_001_clusters4__rep1,23,0.875,tensor(0.0980, grad_fn=<SqueezeBackward0>),tensor(-0.4974, grad_fn=<NegBackward0>),384,172.51051211357117,4,0.5,,20
double_cake,random,random_lr0_1_lr0_01_lr0_01_optgd_epochs100_epochs0_001_epochs0_001_clusters2__rep1,63,0.90625,tensor(0.1033, grad_fn=<SqueezeBackward0>),tensor(-0.6990, grad_fn=<NegBackward0>),256,168.8738088607788,2,0.5,,20
double_cake,random,random_lr0_1_lr0_01_lr0_01_optgd_epochs100_epochs0_001_epochs0_001_clusters4__rep1,24,0.90625,tensor(0.0984, grad_fn=<SqueezeBackward0>),tensor(-0.4717, grad_fn=<NegBackward0>),400,170.80468583106995,4,0.5,,20
double_cake,random,random_lr0_1_lr0_01_lr0_01_optgd_epochs100_epochs0_001_epochs0_001_clusters2__rep1,64,0.90625,tensor(0.1038, grad_fn=<SqueezeBackward0>),tensor(-0.7391, grad_fn=<NegBackward0>),260,173.3151388168335,2,0.5,,20
double_cake,random,random_lr0_1_lr0_01_lr0_01_optgd_epochs100_epochs0_001_epochs0_001_clusters4__rep1,25,0.875,tensor(0.0997, grad_fn=<SqueezeBackward0>),tensor(-0.4825, grad_fn=<NegBackward0>),416,181.24391794204712,4,0.5,,20
double_cake,random,random_lr0_1_lr0_01_lr0_01_optgd_epochs100_epochs0_001_epochs0_001_clusters2__rep1,65,0.90625,tensor(0.1051, grad_fn=<SqueezeBackward0>),tensor(-0.7732, grad_fn=<NegBackward0>),264,169.87459111213684,2,0.5,,20
double_cake,random,random_lr0_1_lr0_01_lr0_01_optgd_epochs100_epochs0_001_epochs0_001_clusters4__rep1,26,0.875,tensor(0.0993, grad_fn=<SqueezeBackward0>),tensor(-0.4887, grad_fn=<NegBackward0>),432,161.35152888298035,4,0.5,,20
double_cake,random,random_lr0_1_lr0_01_lr0_01_optgd_epochs100_epochs0_001_epochs0_001_clusters2__rep1,66,0.90625,tensor(0.1053, grad_fn=<SqueezeBackward0>),tensor(-0.6868, grad_fn=<NegBackward0>),268,172.89519596099854,2,0.5,,20
double_cake,random,random_lr0_1_lr0_01_lr0_01_optgd_epochs100_epochs0_001_epochs0_001_clusters4__rep1,27,0.875,tensor(0.0998, grad_fn=<SqueezeBackward0>),tensor(-0.6838, grad_fn=<NegBackward0>),448,170.41531801223755,4,0.5,,20
double_cake,random,random_lr0_1_lr0_01_lr0_01_optgd_epochs100_epochs0_001_epochs0_001_clusters2__rep1,67,0.90625,tensor(0.1058, grad_fn=<SqueezeBackward0>),tensor(-0.6031, grad_fn=<NegBackward0>),272,172.22278499603271,2,0.5,,20
double_cake,random,random_lr0_1_lr0_01_lr0_01_optgd_epochs100_epochs0_001_epochs0_001_clusters4__rep1,28,0.875,tensor(0.0998, grad_fn=<SqueezeBackward0>),tensor(-0.4706, grad_fn=<NegBackward0>),464,6293.493543148041,4,0.5,,20
double_cake,random,random_lr0_1_lr0_01_lr0_01_optgd_epochs100_epochs0_001_epochs0_001_clusters2__rep1,68,0.90625,tensor(0.1058, grad_fn=<SqueezeBackward0>),tensor(-0.9927, grad_fn=<NegBackward0>),276,6295.296657085419,2,0.5,,20
double_cake,random,random_lr0_1_lr0_01_lr0_01_optgd_epochs100_epochs0_001_epochs0_001_clusters4__rep1,29,0.875,tensor(0.0995, grad_fn=<SqueezeBackward0>),tensor(-0.5428, grad_fn=<NegBackward0>),480,177.2283010482788,4,0.5,,20
double_cake,random,random_lr0_1_lr0_01_lr0_01_optgd_epochs100_epochs0_001_epochs0_001_clusters2__rep1,69,0.90625,tensor(0.1051, grad_fn=<SqueezeBackward0>),tensor(-0.7297, grad_fn=<NegBackward0>),280,159.08698177337646,2,0.5,,20
double_cake,random,random_lr0_1_lr0_01_lr0_01_optgd_epochs100_epochs0_001_epochs0_001_clusters2__rep1,0,0.8928571428571429,tensor(0.1121, grad_fn=<SqueezeBackward0>),tensor(-0.8475, grad_fn=<NegBackward0>),4,100.56922483444214,2,0.5,,20
double_cake,random,random_lr0_1_lr0_01_lr0_01_optgd_epochs100_epochs0_001_epochs0_001_clusters4__rep1,0,0.8571428571428571,tensor(0.1127, grad_fn=<SqueezeBackward0>),tensor(-0.5347, grad_fn=<NegBackward0>),16,106.18098378181458,4,0.5,,20
double_cake,random,random_lr0_1_lr0_01_lr0_01_optgd_epochs100_epochs0_001_epochs0_001_clusters2__rep1,1,0.8928571428571429,tensor(0.1126, grad_fn=<SqueezeBackward0>),tensor(-0.7622, grad_fn=<NegBackward0>),8,105.19409513473511,2,0.5,,20
double_cake,random,random_lr0_1_lr0_01_lr0_01_optgd_epochs100_epochs0_001_epochs0_001_clusters4__rep1,1,0.8571428571428571,tensor(0.1126, grad_fn=<SqueezeBackward0>),tensor(-0.5432, grad_fn=<NegBackward0>),32,105.8120048046112,4,0.5,,20
double_cake,random,random_lr0_1_lr0_01_lr0_01_optgd_epochs100_epochs0_001_epochs0_001_clusters2__rep1,2,0.8571428571428571,tensor(0.1122, grad_fn=<SqueezeBackward0>),tensor(-0.1161, grad_fn=<NegBackward0>),12,102.91397404670715,2,0.5,,20
double_cake,random,random_lr0_1_lr0_01_lr0_01_optgd_epochs100_epochs0_001_epochs0_001_clusters4__rep1,2,0.8571428571428571,tensor(0.1123, grad_fn=<SqueezeBackward0>),tensor(-0.2457, grad_fn=<NegBackward0>),48,107.22294497489929,4,0.5,,20
double_cake,random,random_lr0_1_lr0_01_lr0_01_optgd_epochs100_epochs0_001_epochs0_001_clusters2__rep1,3,0.8928571428571429,tensor(0.1121, grad_fn=<SqueezeBackward0>),tensor(-0.6848, grad_fn=<NegBackward0>),16,109.55531907081604,2,0.5,,20
double_cake,random,random_lr0_1_lr0_01_lr0_01_optgd_epochs100_epochs0_001_epochs0_001_clusters4__rep1,3,0.8571428571428571,tensor(0.1115, grad_fn=<SqueezeBackward0>),tensor(-0.4861, grad_fn=<NegBackward0>),64,102.41306495666504,4,0.5,,20
double_cake,random,random_lr0_1_lr0_01_lr0_01_optgd_epochs100_epochs0_001_epochs0_001_clusters2__rep1,4,0.8571428571428571,tensor(0.1133, grad_fn=<SqueezeBackward0>),tensor(-0.5476, grad_fn=<NegBackward0>),20,106.1759889125824,2,0.5,,20
double_cake,random,random_lr0_1_lr0_01_lr0_01_optgd_epochs100_epochs0_001_epochs0_001_clusters4__rep1,4,0.8214285714285714,tensor(0.1131, grad_fn=<SqueezeBackward0>),tensor(-0.4517, grad_fn=<NegBackward0>),80,106.68575596809387,4,0.5,,20
double_cake,random,random_lr0_1_lr0_01_lr0_01_optgd_epochs100_epochs0_001_epochs0_001_clusters2__rep1,5,0.8928571428571429,tensor(0.1126, grad_fn=<SqueezeBackward0>),tensor(-0.6165, grad_fn=<NegBackward0>),24,106.5704607963562,2,0.5,,20
double_cake,random,random_lr0_1_lr0_01_lr0_01_optgd_epochs100_epochs0_001_epochs0_001_clusters4__rep1,5,0.8571428571428571,tensor(0.1128, grad_fn=<SqueezeBackward0>),tensor(-0.5219, grad_fn=<NegBackward0>),96,106.35917687416077,4,0.5,,20
double_cake,random,random_lr0_1_lr0_01_lr0_01_optgd_epochs100_epochs0_001_epochs0_001_clusters2__rep1,6,0.8928571428571429,tensor(0.1120, grad_fn=<SqueezeBackward0>),tensor(-0.7178, grad_fn=<NegBackward0>),28,105.74752521514893,2,0.5,,20
double_cake,random,random_lr0_1_lr0_01_lr0_01_optgd_epochs100_epochs0_001_epochs0_001_clusters4__rep1,6,0.8571428571428571,tensor(0.1129, grad_fn=<SqueezeBackward0>),tensor(-0.4684, grad_fn=<NegBackward0>),112,108.15779995918274,4,0.5,,20
double_cake,random,random_lr0_1_lr0_01_lr0_01_optgd_epochs100_epochs0_001_epochs0_001_clusters2__rep1,7,0.8214285714285714,tensor(0.1181, grad_fn=<SqueezeBackward0>),tensor(-0.6207, grad_fn=<NegBackward0>),32,106.4791841506958,2,0.5,,20
double_cake,random,random_lr0_1_lr0_01_lr0_01_optgd_epochs100_epochs0_001_epochs0_001_clusters4__rep1,7,0.8571428571428571,tensor(0.1143, grad_fn=<SqueezeBackward0>),tensor(-0.4735, grad_fn=<NegBackward0>),128,103.39776277542114,4,0.5,,20
double_cake,random,random_lr0_1_lr0_01_lr0_01_optgd_epochs100_epochs0_001_epochs0_001_clusters4__rep1,8,0.8571428571428571,tensor(0.1139, grad_fn=<SqueezeBackward0>),tensor(-0.4857, grad_fn=<NegBackward0>),144,107.15223288536072,4,0.5,,20
double_cake,random,random_lr0_1_lr0_01_lr0_01_optgd_epochs100_epochs0_001_epochs0_001_clusters2__rep1,8,0.8214285714285714,tensor(0.1187, grad_fn=<SqueezeBackward0>),tensor(-0.6156, grad_fn=<NegBackward0>),36,108.56794714927673,2,0.5,,20
double_cake,random,random_lr0_1_lr0_01_lr0_01_optgd_epochs100_epochs0_001_epochs0_001_clusters2__rep1,9,0.8214285714285714,tensor(0.1183, grad_fn=<SqueezeBackward0>),tensor(-0.7389, grad_fn=<NegBackward0>),40,99.44413089752197,2,0.5,,20
double_cake,random,random_lr0_1_lr0_01_lr0_01_optgd_epochs100_epochs0_001_epochs0_001_clusters4__rep1,9,0.8571428571428571,tensor(0.1144, grad_fn=<SqueezeBackward0>),tensor(-0.5126, grad_fn=<NegBackward0>),160,106.61163210868835,4,0.5,,20
double_cake,random,random_lr0_1_lr0_01_lr0_01_optgd_epochs100_epochs0_001_epochs0_001_clusters2__rep1,10,0.8214285714285714,tensor(0.1182, grad_fn=<SqueezeBackward0>),tensor(-0.6584, grad_fn=<NegBackward0>),44,109.5015001296997,2,0.5,,20
double_cake,random,random_lr0_1_lr0_01_lr0_01_optgd_epochs100_epochs0_001_epochs0_001_clusters4__rep1,10,0.8571428571428571,tensor(0.1142, grad_fn=<SqueezeBackward0>),tensor(-0.3127, grad_fn=<NegBackward0>),176,106.99863004684448,4,0.5,,20
double_cake,random,random_lr0_1_lr0_01_lr0_01_optgd_epochs100_epochs0_001_epochs0_001_clusters2__rep1,11,0.8214285714285714,tensor(0.1176, grad_fn=<SqueezeBackward0>),tensor(-0.7334, grad_fn=<NegBackward0>),48,104.1679220199585,2,0.5,,20
double_cake,random,random_lr0_1_lr0_01_lr0_01_optgd_epochs100_epochs0_001_epochs0_001_clusters4__rep1,11,0.8571428571428571,tensor(0.1148, grad_fn=<SqueezeBackward0>),tensor(-0.4545, grad_fn=<NegBackward0>),192,107.11675381660461,4,0.5,,20
double_cake,random,random_lr0_1_lr0_01_lr0_01_optgd_epochs100_epochs0_001_epochs0_001_clusters2__rep1,12,0.8214285714285714,tensor(0.1176, grad_fn=<SqueezeBackward0>),tensor(-0.7109, grad_fn=<NegBackward0>),52,107.42499303817749,2,0.5,,20
double_cake,random,random_lr0_1_lr0_01_lr0_01_optgd_epochs100_epochs0_001_epochs0_001_clusters4__rep1,12,0.8571428571428571,tensor(0.1152, grad_fn=<SqueezeBackward0>),tensor(-0.2952, grad_fn=<NegBackward0>),208,107.88786315917969,4,0.5,,20
double_cake,random,random_lr0_1_lr0_01_lr0_01_optgd_epochs100_epochs0_001_epochs0_001_clusters2__rep1,13,0.8214285714285714,tensor(0.1200, grad_fn=<SqueezeBackward0>),tensor(-0.6289, grad_fn=<NegBackward0>),56,110.8039391040802,2,0.5,,20
double_cake,random,random_lr0_1_lr0_01_lr0_01_optgd_epochs100_epochs0_001_epochs0_001_clusters4__rep1,13,0.8571428571428571,tensor(0.1172, grad_fn=<SqueezeBackward0>),tensor(-0.4547, grad_fn=<NegBackward0>),224,106.65215492248535,4,0.5,,20
double_cake,random,random_lr0_1_lr0_01_lr0_01_optgd_epochs100_epochs0_001_epochs0_001_clusters2__rep1,14,0.8214285714285714,tensor(0.1200, grad_fn=<SqueezeBackward0>),tensor(-0.6784, grad_fn=<NegBackward0>),60,100.26474404335022,2,0.5,,20
double_cake,random,random_lr0_1_lr0_01_lr0_01_optgd_epochs100_epochs0_001_epochs0_001_clusters4__rep1,14,0.8571428571428571,tensor(0.1175, grad_fn=<SqueezeBackward0>),tensor(-0.4730, grad_fn=<NegBackward0>),240,103.84632778167725,4,0.5,,20
double_cake,random,random_lr0_1_lr0_01_lr0_01_optgd_epochs100_epochs0_001_epochs0_001_clusters2__rep1,15,0.8214285714285714,tensor(0.1199, grad_fn=<SqueezeBackward0>),tensor(-0.5506, grad_fn=<NegBackward0>),64,110.21811819076538,2,0.5,,20
double_cake,random,random_lr0_1_lr0_01_lr0_01_optgd_epochs100_epochs0_001_epochs0_001_clusters4__rep1,15,0.8571428571428571,tensor(0.1174, grad_fn=<SqueezeBackward0>),tensor(-0.5241, grad_fn=<NegBackward0>),256,107.03220200538635,4,0.5,,20
double_cake,random,random_lr0_1_lr0_01_lr0_01_optgd_epochs100_epochs0_001_epochs0_001_clusters4__rep1,16,0.8214285714285714,tensor(0.1176, grad_fn=<SqueezeBackward0>),tensor(-0.4968, grad_fn=<NegBackward0>),272,103.2965919971466,4,0.5,,20
double_cake,random,random_lr0_1_lr0_01_lr0_01_optgd_epochs100_epochs0_001_epochs0_001_clusters2__rep1,16,0.8214285714285714,tensor(0.1193, grad_fn=<SqueezeBackward0>),tensor(-0.6783, grad_fn=<NegBackward0>),68,109.80292296409607,2,0.5,,20
double_cake,random,random_lr0_1_lr0_01_lr0_01_optgd_epochs100_epochs0_001_epochs0_001_clusters2__rep1,17,0.8571428571428571,tensor(0.1197, grad_fn=<SqueezeBackward0>),tensor(-0.6553, grad_fn=<NegBackward0>),72,103.15830898284912,2,0.5,,20
double_cake,random,random_lr0_1_lr0_01_lr0_01_optgd_epochs100_epochs0_001_epochs0_001_clusters4__rep1,17,0.8214285714285714,tensor(0.1189, grad_fn=<SqueezeBackward0>),tensor(-0.5169, grad_fn=<NegBackward0>),288,110.16037201881409,4,0.5,,20
double_cake,random,random_lr0_1_lr0_01_lr0_01_optgd_epochs100_epochs0_001_epochs0_001_clusters2__rep1,18,0.8214285714285714,tensor(0.1199, grad_fn=<SqueezeBackward0>),tensor(-0.6561, grad_fn=<NegBackward0>),76,104.56143283843994,2,0.5,,20
double_cake,random,random_lr0_1_lr0_01_lr0_01_optgd_epochs100_epochs0_001_epochs0_001_clusters4__rep1,18,0.8214285714285714,tensor(0.1191, grad_fn=<SqueezeBackward0>),tensor(-0.4581, grad_fn=<NegBackward0>),304,107.95213294029236,4,0.5,,20
double_cake,random,random_lr0_1_lr0_01_lr0_01_optgd_epochs100_epochs0_001_epochs0_001_clusters2__rep1,19,0.8571428571428571,tensor(0.1184, grad_fn=<SqueezeBackward0>),tensor(-0.7872, grad_fn=<NegBackward0>),80,106.98896098136902,2,0.5,,20
double_cake,random,random_lr0_1_lr0_01_lr0_01_optgd_epochs100_epochs0_001_epochs0_001_clusters4__rep1,19,0.8214285714285714,tensor(0.1191, grad_fn=<SqueezeBackward0>),tensor(-0.6368, grad_fn=<NegBackward0>),320,107.25891590118408,4,0.5,,20
double_cake,random,random_lr0_1_lr0_01_lr0_01_optgd_epochs100_epochs0_001_epochs0_001_clusters2__rep1,20,0.8571428571428571,tensor(0.1192, grad_fn=<SqueezeBackward0>),tensor(-0.7035, grad_fn=<NegBackward0>),84,105.28275895118713,2,0.5,,20
double_cake,random,random_lr0_1_lr0_01_lr0_01_optgd_epochs100_epochs0_001_epochs0_001_clusters4__rep1,20,0.8214285714285714,tensor(0.1193, grad_fn=<SqueezeBackward0>),tensor(-0.4878, grad_fn=<NegBackward0>),336,104.44755482673645,4,0.5,,20
double_cake,random,random_lr0_1_lr0_01_lr0_01_optgd_epochs100_epochs0_001_epochs0_001_clusters2__rep1,21,0.8571428571428571,tensor(0.1204, grad_fn=<SqueezeBackward0>),tensor(-0.6340, grad_fn=<NegBackward0>),88,104.08930706977844,2,0.5,,20
double_cake,random,random_lr0_1_lr0_01_lr0_01_optgd_epochs100_epochs0_001_epochs0_001_clusters4__rep1,21,0.8214285714285714,tensor(0.1205, grad_fn=<SqueezeBackward0>),tensor(-0.5889, grad_fn=<NegBackward0>),352,107.91393208503723,4,0.5,,20
double_cake,random,random_lr0_1_lr0_01_lr0_01_optgd_epochs100_epochs0_001_epochs0_001_clusters2__rep1,22,0.8571428571428571,tensor(0.1213, grad_fn=<SqueezeBackward0>),tensor(-0.6943, grad_fn=<NegBackward0>),92,106.99695801734924,2,0.5,,20
double_cake,random,random_lr0_1_lr0_01_lr0_01_optgd_epochs100_epochs0_001_epochs0_001_clusters4__rep1,22,0.8214285714285714,tensor(0.1207, grad_fn=<SqueezeBackward0>),tensor(-0.5677, grad_fn=<NegBackward0>),368,108.0350239276886,4,0.5,,20
double_cake,random,random_lr0_1_lr0_01_lr0_01_optgd_epochs100_epochs0_001_epochs0_001_clusters2__rep1,23,0.8571428571428571,tensor(0.1207, grad_fn=<SqueezeBackward0>),tensor(-0.7640, grad_fn=<NegBackward0>),96,107.69020795822144,2,0.5,,20
double_cake,random,random_lr0_1_lr0_01_lr0_01_optgd_epochs100_epochs0_001_epochs0_001_clusters4__rep1,23,0.8214285714285714,tensor(0.1209, grad_fn=<SqueezeBackward0>),tensor(-0.6329, grad_fn=<NegBackward0>),384,108.82097315788269,4,0.5,,20
double_cake,random,random_lr0_1_lr0_01_lr0_01_optgd_epochs100_epochs0_001_epochs0_001_clusters2__rep1,24,0.8571428571428571,tensor(0.1203, grad_fn=<SqueezeBackward0>),tensor(-0.7117, grad_fn=<NegBackward0>),100,108.48008584976196,2,0.5,,20
double_cake,random,random_lr0_1_lr0_01_lr0_01_optgd_epochs100_epochs0_001_epochs0_001_clusters4__rep1,24,0.8214285714285714,tensor(0.1206, grad_fn=<SqueezeBackward0>),tensor(-0.5373, grad_fn=<NegBackward0>),400,108.98313999176025,4,0.5,,20
double_cake,random,random_lr0_1_lr0_01_lr0_01_optgd_epochs100_epochs0_001_epochs0_001_clusters2__rep1,25,0.8214285714285714,tensor(0.1205, grad_fn=<SqueezeBackward0>),tensor(-0.7761, grad_fn=<NegBackward0>),104,109.09602284431458,2,0.5,,20
double_cake,random,random_lr0_1_lr0_01_lr0_01_optgd_epochs100_epochs0_001_epochs0_001_clusters4__rep1,25,0.8214285714285714,tensor(0.1208, grad_fn=<SqueezeBackward0>),tensor(-0.3205, grad_fn=<NegBackward0>),416,105.54764008522034,4,0.5,,20
double_cake,random,random_lr0_1_lr0_01_lr0_01_optgd_epochs100_epochs0_001_epochs0_001_clusters2__rep1,26,0.8928571428571429,tensor(0.1227, grad_fn=<SqueezeBackward0>),tensor(-0.5637, grad_fn=<NegBackward0>),108,100.57562017440796,2,0.5,,20
double_cake,random,random_lr0_1_lr0_01_lr0_01_optgd_epochs100_epochs0_001_epochs0_001_clusters4__rep1,26,0.8214285714285714,tensor(0.1200, grad_fn=<SqueezeBackward0>),tensor(-0.4582, grad_fn=<NegBackward0>),432,102.48066902160645,4,0.5,,20
double_cake,random,random_lr0_1_lr0_01_lr0_01_optgd_epochs100_epochs0_001_epochs0_001_clusters2__rep1,27,0.8928571428571429,tensor(0.1230, grad_fn=<SqueezeBackward0>),tensor(-0.7342, grad_fn=<NegBackward0>),112,110.5004072189331,2,0.5,,20
double_cake,random,random_lr0_1_lr0_01_lr0_01_optgd_epochs100_epochs0_001_epochs0_001_clusters4__rep1,27,0.8571428571428571,tensor(0.1214, grad_fn=<SqueezeBackward0>),tensor(-0.4482, grad_fn=<NegBackward0>),448,108.90900588035583,4,0.5,,20
double_cake,random,random_lr0_1_lr0_01_lr0_01_optgd_epochs100_epochs0_001_epochs0_001_clusters2__rep1,28,0.8928571428571429,tensor(0.1232, grad_fn=<SqueezeBackward0>),tensor(-0.7180, grad_fn=<NegBackward0>),116,106.67498970031738,2,0.5,,20
double_cake,random,random_lr0_1_lr0_01_lr0_01_optgd_epochs100_epochs0_001_epochs0_001_clusters4__rep1,28,0.8928571428571429,tensor(0.1219, grad_fn=<SqueezeBackward0>),tensor(-0.4911, grad_fn=<NegBackward0>),464,109.62103390693665,4,0.5,,20
double_cake,random,random_lr0_1_lr0_01_lr0_01_optgd_epochs100_epochs0_001_epochs0_001_clusters2__rep1,29,0.8571428571428571,tensor(0.1229, grad_fn=<SqueezeBackward0>),tensor(-0.7822, grad_fn=<NegBackward0>),120,107.452476978302,2,0.5,,20
double_cake,random,random_lr0_1_lr0_01_lr0_01_optgd_epochs100_epochs0_001_epochs0_001_clusters4__rep1,29,0.8928571428571429,tensor(0.1210, grad_fn=<SqueezeBackward0>),tensor(-0.5839, grad_fn=<NegBackward0>),480,104.34170913696289,4,0.5,,20
double_cake,random,random_lr0_1_lr0_01_lr0_01_optgd_epochs100_epochs0_001_epochs0_001_clusters2__rep1,30,0.8571428571428571,tensor(0.1236, grad_fn=<SqueezeBackward0>),tensor(-0.7000, grad_fn=<NegBackward0>),124,105.14641499519348,2,0.5,,20
double_cake,random,random_lr0_1_lr0_01_lr0_01_optgd_epochs100_epochs0_001_epochs0_001_clusters4__rep1,30,0.8928571428571429,tensor(0.1219, grad_fn=<SqueezeBackward0>),tensor(-0.4985, grad_fn=<NegBackward0>),496,109.91347885131836,4,0.5,,20
double_cake,random,random_lr0_1_lr0_01_lr0_01_optgd_epochs100_epochs0_001_epochs0_001_clusters2__rep1,31,0.8928571428571429,tensor(0.1233, grad_fn=<SqueezeBackward0>),tensor(-0.8277, grad_fn=<NegBackward0>),128,105.30328869819641,2,0.5,,20
double_cake,random,random_lr0_1_lr0_01_lr0_01_optgd_epochs100_epochs0_001_epochs0_001_clusters4__rep1,31,0.8928571428571429,tensor(0.1224, grad_fn=<SqueezeBackward0>),tensor(-0.3918, grad_fn=<NegBackward0>),512,105.74232196807861,4,0.5,,20
double_cake,random,random_lr0_1_lr0_01_lr0_01_optgd_epochs100_epochs0_001_epochs0_001_clusters2__rep1,32,0.8928571428571429,tensor(0.1214, grad_fn=<SqueezeBackward0>),tensor(-0.7847, grad_fn=<NegBackward0>),132,109.50050520896912,2,0.5,,20
double_cake,random,random_lr0_1_lr0_01_lr0_01_optgd_epochs100_epochs0_001_epochs0_001_clusters4__rep1,32,0.8928571428571429,tensor(0.1228, grad_fn=<SqueezeBackward0>),tensor(-0.5340, grad_fn=<NegBackward0>),528,103.2006528377533,4,0.5,,20
double_cake,random,random_lr0_1_lr0_01_lr0_01_optgd_epochs100_epochs0_001_epochs0_001_clusters2__rep1,33,0.8928571428571429,tensor(0.1210, grad_fn=<SqueezeBackward0>),tensor(-0.7342, grad_fn=<NegBackward0>),136,105.35601568222046,2,0.5,,20
double_cake,random,random_lr0_1_lr0_01_lr0_01_optgd_epochs100_epochs0_001_epochs0_001_clusters4__rep1,33,0.8928571428571429,tensor(0.1217, grad_fn=<SqueezeBackward0>),tensor(-0.6217, grad_fn=<NegBackward0>),544,108.66190004348755,4,0.5,,20
double_cake,random,random_lr0_1_lr0_01_lr0_01_optgd_epochs100_epochs0_001_epochs0_001_clusters2__rep1,34,0.8571428571428571,tensor(0.1214, grad_fn=<SqueezeBackward0>),tensor(-0.7505, grad_fn=<NegBackward0>),140,108.429044008255,2,0.5,,20
double_cake,random,random_lr0_1_lr0_01_lr0_01_optgd_epochs100_epochs0_001_epochs0_001_clusters4__rep1,34,0.8928571428571429,tensor(0.1227, grad_fn=<SqueezeBackward0>),tensor(-0.4958, grad_fn=<NegBackward0>),560,108.92280721664429,4,0.5,,20
double_cake,random,random_lr0_1_lr0_01_lr0_01_optgd_epochs100_epochs0_001_epochs0_001_clusters2__rep1,35,0.8571428571428571,tensor(0.1218, grad_fn=<SqueezeBackward0>),tensor(-0.6886, grad_fn=<NegBackward0>),144,107.80716705322266,2,0.5,,20
double_cake,random,random_lr0_1_lr0_01_lr0_01_optgd_epochs100_epochs0_001_epochs0_001_clusters4__rep1,35,0.8928571428571429,tensor(0.1231, grad_fn=<SqueezeBackward0>),tensor(-0.5247, grad_fn=<NegBackward0>),576,108.3183901309967,4,0.5,,20
double_cake,random,random_lr0_1_lr0_01_lr0_01_optgd_epochs100_epochs0_001_epochs0_001_clusters2__rep1,36,0.8571428571428571,tensor(0.1216, grad_fn=<SqueezeBackward0>),tensor(-0.7102, grad_fn=<NegBackward0>),148,104.9582006931305,2,0.5,,20
double_cake,random,random_lr0_1_lr0_01_lr0_01_optgd_epochs100_epochs0_001_epochs0_001_clusters4__rep1,36,0.8928571428571429,tensor(0.1238, grad_fn=<SqueezeBackward0>),tensor(-0.4912, grad_fn=<NegBackward0>),592,108.13323879241943,4,0.5,,20
double_cake,random,random_lr0_1_lr0_01_lr0_01_optgd_epochs100_epochs0_001_epochs0_001_clusters2__rep1,37,0.8928571428571429,tensor(0.1215, grad_fn=<SqueezeBackward0>),tensor(-0.7114, grad_fn=<NegBackward0>),152,104.78248596191406,2,0.5,,20
double_cake,random,random_lr0_1_lr0_01_lr0_01_optgd_epochs100_epochs0_001_epochs0_001_clusters4__rep1,37,0.8928571428571429,tensor(0.1246, grad_fn=<SqueezeBackward0>),tensor(-0.5039, grad_fn=<NegBackward0>),608,104.23405909538269,4,0.5,,20
double_cake,random,random_lr0_1_lr0_01_lr0_01_optgd_epochs100_epochs0_001_epochs0_001_clusters2__rep1,38,0.8571428571428571,tensor(0.1225, grad_fn=<SqueezeBackward0>),tensor(-0.7386, grad_fn=<NegBackward0>),156,104.8651270866394,2,0.5,,20
double_cake,random,random_lr0_1_lr0_01_lr0_01_optgd_epochs100_epochs0_001_epochs0_001_clusters4__rep1,38,0.8928571428571429,tensor(0.1246, grad_fn=<SqueezeBackward0>),tensor(-0.6234, grad_fn=<NegBackward0>),624,104.50672006607056,4,0.5,,20
double_cake,random,random_lr0_1_lr0_01_lr0_01_optgd_epochs100_epochs0_001_epochs0_001_clusters2__rep1,39,0.9285714285714286,tensor(0.1223, grad_fn=<SqueezeBackward0>),tensor(-0.6747, grad_fn=<NegBackward0>),160,105.32037401199341,2,0.5,,20
double_cake,random,random_lr0_1_lr0_01_lr0_01_optgd_epochs100_epochs0_001_epochs0_001_clusters4__rep1,39,0.8928571428571429,tensor(0.1241, grad_fn=<SqueezeBackward0>),tensor(-0.4726, grad_fn=<NegBackward0>),640,106.60296082496643,4,0.5,,20
double_cake,random,random_lr0_1_lr0_01_lr0_01_optgd_epochs100_epochs0_001_epochs0_001_clusters2__rep1,40,0.9285714285714286,tensor(0.1223, grad_fn=<SqueezeBackward0>),tensor(-0.9917, grad_fn=<NegBackward0>),164,108.7330973148346,2,0.5,,20
double_cake,random,random_lr0_1_lr0_01_lr0_01_optgd_epochs100_epochs0_001_epochs0_001_clusters4__rep1,40,0.8928571428571429,tensor(0.1261, grad_fn=<SqueezeBackward0>),tensor(-0.6260, grad_fn=<NegBackward0>),656,112.07517600059509,4,0.5,,20
double_cake,random,random_lr0_1_lr0_01_lr0_01_optgd_epochs100_epochs0_001_epochs0_001_clusters2__rep1,41,0.8928571428571429,tensor(0.1214, grad_fn=<SqueezeBackward0>),tensor(-0.7685, grad_fn=<NegBackward0>),168,108.93615698814392,2,0.5,,20
double_cake,random,random_lr0_1_lr0_01_lr0_01_optgd_epochs100_epochs0_001_epochs0_001_clusters4__rep1,41,0.8928571428571429,tensor(0.1265, grad_fn=<SqueezeBackward0>),tensor(-0.6910, grad_fn=<NegBackward0>),672,108.16889190673828,4,0.5,,20
double_cake,random,random_lr0_1_lr0_01_lr0_01_optgd_epochs100_epochs0_001_epochs0_001_clusters2__rep1,42,0.8928571428571429,tensor(0.1206, grad_fn=<SqueezeBackward0>),tensor(-0.7263, grad_fn=<NegBackward0>),172,104.40347695350647,2,0.5,,20
double_cake,random,random_lr0_1_lr0_01_lr0_01_optgd_epochs100_epochs0_001_epochs0_001_clusters4__rep1,42,0.8928571428571429,tensor(0.1268, grad_fn=<SqueezeBackward0>),tensor(-0.4713, grad_fn=<NegBackward0>),688,105.89003610610962,4,0.5,,20
double_cake,random,random_lr0_1_lr0_01_lr0_01_optgd_epochs100_epochs0_001_epochs0_001_clusters2__rep1,43,0.8928571428571429,tensor(0.1202, grad_fn=<SqueezeBackward0>),tensor(-0.6290, grad_fn=<NegBackward0>),176,105.28575587272644,2,0.5,,20
double_cake,random,random_lr0_1_lr0_01_lr0_01_optgd_epochs100_epochs0_001_epochs0_001_clusters4__rep1,43,0.9285714285714286,tensor(0.1287, grad_fn=<SqueezeBackward0>),tensor(-0.4497, grad_fn=<NegBackward0>),704,109.41370892524719,4,0.5,,20
double_cake,random,random_lr0_1_lr0_01_lr0_01_optgd_epochs100_epochs0_001_epochs0_001_clusters2__rep1,44,0.8928571428571429,tensor(0.1199, grad_fn=<SqueezeBackward0>),tensor(-0.7502, grad_fn=<NegBackward0>),180,108.54218769073486,2,0.5,,20
double_cake,random,random_lr0_1_lr0_01_lr0_01_optgd_epochs100_epochs0_001_epochs0_001_clusters4__rep1,44,0.9285714285714286,tensor(0.1302, grad_fn=<SqueezeBackward0>),tensor(-0.4669, grad_fn=<NegBackward0>),720,104.41714215278625,4,0.5,,20
double_cake,random,random_lr0_1_lr0_01_lr0_01_optgd_epochs100_epochs0_001_epochs0_001_clusters2__rep1,45,0.8928571428571429,tensor(0.1200, grad_fn=<SqueezeBackward0>),tensor(-0.7788, grad_fn=<NegBackward0>),184,104.2294340133667,2,0.5,,20
double_cake,random,random_lr0_1_lr0_01_lr0_01_optgd_epochs100_epochs0_001_epochs0_001_clusters4__rep1,45,0.9285714285714286,tensor(0.1317, grad_fn=<SqueezeBackward0>),tensor(-0.5676, grad_fn=<NegBackward0>),736,104.72636318206787,4,0.5,,20
double_cake,random,random_lr0_1_lr0_01_lr0_01_optgd_epochs100_epochs0_001_epochs0_001_clusters2__rep1,46,0.8571428571428571,tensor(0.1189, grad_fn=<SqueezeBackward0>),tensor(-0.6621, grad_fn=<NegBackward0>),188,108.56260395050049,2,0.5,,20
double_cake,random,random_lr0_1_lr0_01_lr0_01_optgd_epochs100_epochs0_001_epochs0_001_clusters4__rep1,46,0.9285714285714286,tensor(0.1303, grad_fn=<SqueezeBackward0>),tensor(-0.4754, grad_fn=<NegBackward0>),752,109.42503309249878,4,0.5,,20
double_cake,random,random_lr0_1_lr0_01_lr0_01_optgd_epochs100_epochs0_001_epochs0_001_clusters2__rep1,47,0.8571428571428571,tensor(0.1184, grad_fn=<SqueezeBackward0>),tensor(-0.7227, grad_fn=<NegBackward0>),192,108.70856714248657,2,0.5,,20
double_cake,random,random_lr0_1_lr0_01_lr0_01_optgd_epochs100_epochs0_001_epochs0_001_clusters4__rep1,47,0.9285714285714286,tensor(0.1305, grad_fn=<SqueezeBackward0>),tensor(-0.5525, grad_fn=<NegBackward0>),768,105.01307106018066,4,0.5,,20
double_cake,random,random_lr0_1_lr0_01_lr0_01_optgd_epochs100_epochs0_001_epochs0_001_clusters2__rep1,48,0.8571428571428571,tensor(0.1180, grad_fn=<SqueezeBackward0>),tensor(-0.6994, grad_fn=<NegBackward0>),196,103.7284779548645,2,0.5,,20
double_cake,random,random_lr0_1_lr0_01_lr0_01_optgd_epochs100_epochs0_001_epochs0_001_clusters4__rep1,48,0.9285714285714286,tensor(0.1304, grad_fn=<SqueezeBackward0>),tensor(-0.4815, grad_fn=<NegBackward0>),784,110.11721396446228,4,0.5,,20
double_cake,random,random_lr0_1_lr0_01_lr0_01_optgd_epochs100_epochs0_001_epochs0_001_clusters2__rep1,49,0.8571428571428571,tensor(0.1180, grad_fn=<SqueezeBackward0>),tensor(-0.9919, grad_fn=<NegBackward0>),200,111.2993950843811,2,0.5,,20
double_cake,random,random_lr0_1_lr0_01_lr0_01_optgd_epochs100_epochs0_001_epochs0_001_clusters4__rep1,49,0.9285714285714286,tensor(0.1300, grad_fn=<SqueezeBackward0>),tensor(-0.6449, grad_fn=<NegBackward0>),800,108.87458777427673,4,0.5,,20
double_cake,random,random_lr0_1_lr0_01_lr0_01_optgd_epochs100_epochs0_001_epochs0_001_clusters2__rep1,50,0.8571428571428571,tensor(0.1183, grad_fn=<SqueezeBackward0>),tensor(-0.7034, grad_fn=<NegBackward0>),204,104.47768187522888,2,0.5,,20
double_cake,random,random_lr0_1_lr0_01_lr0_01_optgd_epochs100_epochs0_001_epochs0_001_clusters4__rep1,50,0.9285714285714286,tensor(0.1302, grad_fn=<SqueezeBackward0>),tensor(-0.4399, grad_fn=<NegBackward0>),816,107.03341007232666,4,0.5,,20
double_cake,random,random_lr0_1_lr0_01_lr0_01_optgd_epochs100_epochs0_001_epochs0_001_clusters2__rep1,51,0.8571428571428571,tensor(0.1176, grad_fn=<SqueezeBackward0>),tensor(-0.6791, grad_fn=<NegBackward0>),208,105.50915598869324,2,0.5,,20
double_cake,random,random_lr0_1_lr0_01_lr0_01_optgd_epochs100_epochs0_001_epochs0_001_clusters4__rep1,51,0.9285714285714286,tensor(0.1307, grad_fn=<SqueezeBackward0>),tensor(-0.4369, grad_fn=<NegBackward0>),832,107.65582418441772,4,0.5,,20
double_cake,random,random_lr0_1_lr0_01_lr0_01_optgd_epochs100_epochs0_001_epochs0_001_clusters2__rep1,52,0.8928571428571429,tensor(0.1190, grad_fn=<SqueezeBackward0>),tensor(-0.6231, grad_fn=<NegBackward0>),212,105.6195981502533,2,0.5,,20
double_cake,random,random_lr0_1_lr0_01_lr0_01_optgd_epochs100_epochs0_001_epochs0_001_clusters4__rep1,52,0.9285714285714286,tensor(0.1315, grad_fn=<SqueezeBackward0>),tensor(-0.4830, grad_fn=<NegBackward0>),848,109.3628900051117,4,0.5,,20
double_cake,random,random_lr0_1_lr0_01_lr0_01_optgd_epochs100_epochs0_001_epochs0_001_clusters2__rep1,53,0.8214285714285714,tensor(0.1187, grad_fn=<SqueezeBackward0>),tensor(-0.7501, grad_fn=<NegBackward0>),216,105.68929505348206,2,0.5,,20
double_cake,random,random_lr0_1_lr0_01_lr0_01_optgd_epochs100_epochs0_001_epochs0_001_clusters4__rep1,53,0.9285714285714286,tensor(0.1306, grad_fn=<SqueezeBackward0>),tensor(-0.5734, grad_fn=<NegBackward0>),864,105.97702383995056,4,0.5,,20
double_cake,random,random_lr0_1_lr0_01_lr0_01_optgd_epochs100_epochs0_001_epochs0_001_clusters2__rep1,54,0.8214285714285714,tensor(0.1174, grad_fn=<SqueezeBackward0>),tensor(-0.7784, grad_fn=<NegBackward0>),220,108.6537938117981,2,0.5,,20
double_cake,random,random_lr0_1_lr0_01_lr0_01_optgd_epochs100_epochs0_001_epochs0_001_clusters4__rep1,54,0.9285714285714286,tensor(0.1310, grad_fn=<SqueezeBackward0>),tensor(-0.4996, grad_fn=<NegBackward0>),880,109.58788704872131,4,0.5,,20
double_cake,random,random_lr0_1_lr0_01_lr0_01_optgd_epochs100_epochs0_001_epochs0_001_clusters2__rep1,55,0.8571428571428571,tensor(0.1167, grad_fn=<SqueezeBackward0>),tensor(-0.7177, grad_fn=<NegBackward0>),224,109.67788290977478,2,0.5,,20
double_cake,random,random_lr0_1_lr0_01_lr0_01_optgd_epochs100_epochs0_001_epochs0_001_clusters4__rep1,55,0.9642857142857143,tensor(0.1350, grad_fn=<SqueezeBackward0>),tensor(-0.3915, grad_fn=<NegBackward0>),896,105.73585796356201,4,0.5,,20
double_cake,random,random_lr0_1_lr0_01_lr0_01_optgd_epochs100_epochs0_001_epochs0_001_clusters2__rep1,56,0.8571428571428571,tensor(0.1161, grad_fn=<SqueezeBackward0>),tensor(-0.7332, grad_fn=<NegBackward0>),228,105.2432062625885,2,0.5,,20
double_cake,random,random_lr0_1_lr0_01_lr0_01_optgd_epochs100_epochs0_001_epochs0_001_clusters4__rep1,56,0.9642857142857143,tensor(0.1351, grad_fn=<SqueezeBackward0>),tensor(-0.4760, grad_fn=<NegBackward0>),912,108.60954809188843,4,0.5,,20
double_cake,random,random_lr0_1_lr0_01_lr0_01_optgd_epochs100_epochs0_001_epochs0_001_clusters2__rep1,57,0.8571428571428571,tensor(0.1161, grad_fn=<SqueezeBackward0>),tensor(-0.7405, grad_fn=<NegBackward0>),232,107.90650010108948,2,0.5,,20
double_cake,random,random_lr0_1_lr0_01_lr0_01_optgd_epochs100_epochs0_001_epochs0_001_clusters4__rep1,57,0.9642857142857143,tensor(0.1354, grad_fn=<SqueezeBackward0>),tensor(-0.4752, grad_fn=<NegBackward0>),928,109.53912019729614,4,0.5,,20
double_cake,random,random_lr0_1_lr0_01_lr0_01_optgd_epochs100_epochs0_001_epochs0_001_clusters2__rep1,58,0.8571428571428571,tensor(0.1130, grad_fn=<SqueezeBackward0>),tensor(-0.7491, grad_fn=<NegBackward0>),236,108.5273449420929,2,0.5,,20
double_cake,random,random_lr0_1_lr0_01_lr0_01_optgd_epochs100_epochs0_001_epochs0_001_clusters4__rep1,58,0.9642857142857143,tensor(0.1384, grad_fn=<SqueezeBackward0>),tensor(-0.6380, grad_fn=<NegBackward0>),944,105.89991283416748,4,0.5,,20
double_cake,random,random_lr0_1_lr0_01_lr0_01_optgd_epochs100_epochs0_001_epochs0_001_clusters2__rep1,59,0.8571428571428571,tensor(0.1128, grad_fn=<SqueezeBackward0>),tensor(-0.8363, grad_fn=<NegBackward0>),240,106.0464231967926,2,0.5,,20
double_cake,random,random_lr0_1_lr0_01_lr0_01_optgd_epochs100_epochs0_001_epochs0_001_clusters4__rep1,59,0.9642857142857143,tensor(0.1378, grad_fn=<SqueezeBackward0>),tensor(-0.4304, grad_fn=<NegBackward0>),960,110.08930397033691,4,0.5,,20
double_cake,random,random_lr0_1_lr0_01_lr0_01_optgd_epochs100_epochs0_001_epochs0_001_clusters2__rep1,60,0.9285714285714286,tensor(0.1154, grad_fn=<SqueezeBackward0>),tensor(-0.6089, grad_fn=<NegBackward0>),244,112.41448402404785,2,0.5,,20
double_cake,random,random_lr0_1_lr0_01_lr0_01_optgd_epochs100_epochs0_001_epochs0_001_clusters4__rep1,60,0.9642857142857143,tensor(0.1386, grad_fn=<SqueezeBackward0>),tensor(-0.4886, grad_fn=<NegBackward0>),976,106.87519383430481,4,0.5,,20
double_cake,random,random_lr0_1_lr0_01_lr0_01_optgd_epochs100_epochs0_001_epochs0_001_clusters2__rep1,61,0.8928571428571429,tensor(0.1148, grad_fn=<SqueezeBackward0>),tensor(-0.7092, grad_fn=<NegBackward0>),248,105.69367218017578,2,0.5,,20
double_cake,random,random_lr0_1_lr0_01_lr0_01_optgd_epochs100_epochs0_001_epochs0_001_clusters4__rep1,61,0.9642857142857143,tensor(0.1380, grad_fn=<SqueezeBackward0>),tensor(-0.4435, grad_fn=<NegBackward0>),992,108.79411578178406,4,0.5,,20
double_cake,random,random_lr0_1_lr0_01_lr0_01_optgd_epochs100_epochs0_001_epochs0_001_clusters2__rep1,62,0.8928571428571429,tensor(0.1147, grad_fn=<SqueezeBackward0>),tensor(-0.7146, grad_fn=<NegBackward0>),252,106.03240513801575,2,0.5,,20
double_cake,random,random_lr0_1_lr0_01_lr0_01_optgd_epochs100_epochs0_001_epochs0_001_clusters4__rep1,62,0.9642857142857143,tensor(0.1387, grad_fn=<SqueezeBackward0>),tensor(-0.5509, grad_fn=<NegBackward0>),1008,110.63075304031372,4,0.5,,20
double_cake,random,random_lr0_1_lr0_01_lr0_01_optgd_epochs100_epochs0_001_epochs0_001_clusters2__rep1,63,0.8928571428571429,tensor(0.1145, grad_fn=<SqueezeBackward0>),tensor(-0.6787, grad_fn=<NegBackward0>),256,107.46480298042297,2,0.5,,20
double_cake,random,random_lr0_1_lr0_01_lr0_01_optgd_epochs100_epochs0_001_epochs0_001_clusters4__rep1,63,0.9642857142857143,tensor(0.1401, grad_fn=<SqueezeBackward0>),tensor(-0.4598, grad_fn=<NegBackward0>),1024,107.17544078826904,4,0.5,,20
double_cake,random,random_lr0_1_lr0_01_lr0_01_optgd_epochs100_epochs0_001_epochs0_001_clusters2__rep1,64,0.9285714285714286,tensor(0.1156, grad_fn=<SqueezeBackward0>),tensor(-0.7979, grad_fn=<NegBackward0>),260,105.67845106124878,2,0.5,,20
double_cake,random,random_lr0_1_lr0_01_lr0_01_optgd_epochs100_epochs0_001_epochs0_001_clusters4__rep1,64,0.9642857142857143,tensor(0.1404, grad_fn=<SqueezeBackward0>),tensor(-0.6019, grad_fn=<NegBackward0>),1040,103.8764259815216,4,0.5,,20
double_cake,random,random_lr0_1_lr0_01_lr0_01_optgd_epochs100_epochs0_001_epochs0_001_clusters2__rep1,65,0.9285714285714286,tensor(0.1163, grad_fn=<SqueezeBackward0>),tensor(-0.7625, grad_fn=<NegBackward0>),264,109.63964509963989,2,0.5,,20
double_cake,random,random_lr0_1_lr0_01_lr0_01_optgd_epochs100_epochs0_001_epochs0_001_clusters4__rep1,65,0.9642857142857143,tensor(0.1410, grad_fn=<SqueezeBackward0>),tensor(-0.4982, grad_fn=<NegBackward0>),1056,109.08927488327026,4,0.5,,20
double_cake,random,random_lr0_1_lr0_01_lr0_01_optgd_epochs100_epochs0_001_epochs0_001_clusters2__rep1,66,0.9285714285714286,tensor(0.1154, grad_fn=<SqueezeBackward0>),tensor(-0.7003, grad_fn=<NegBackward0>),268,111.64543390274048,2,0.5,,20
double_cake,random,random_lr0_1_lr0_01_lr0_01_optgd_epochs100_epochs0_001_epochs0_001_clusters4__rep1,66,0.9642857142857143,tensor(0.1413, grad_fn=<SqueezeBackward0>),tensor(-0.4972, grad_fn=<NegBackward0>),1072,113.51990604400635,4,0.5,,20
double_cake,random,random_lr0_1_lr0_01_lr0_01_optgd_epochs100_epochs0_001_epochs0_001_clusters2__rep1,67,0.9285714285714286,tensor(0.1161, grad_fn=<SqueezeBackward0>),tensor(-0.6786, grad_fn=<NegBackward0>),272,104.69043517112732,2,0.5,,20
double_cake,random,random_lr0_1_lr0_01_lr0_01_optgd_epochs100_epochs0_001_epochs0_001_clusters4__rep1,67,0.9642857142857143,tensor(0.1413, grad_fn=<SqueezeBackward0>),tensor(-0.4844, grad_fn=<NegBackward0>),1088,105.18266296386719,4,0.5,,20
double_cake,random,random_lr0_1_lr0_01_lr0_01_optgd_epochs100_epochs0_001_epochs0_001_clusters2__rep1,68,0.9285714285714286,tensor(0.1157, grad_fn=<SqueezeBackward0>),tensor(-0.8231, grad_fn=<NegBackward0>),276,105.93974900245667,2,0.5,,20
double_cake,random,random_lr0_1_lr0_01_lr0_01_optgd_epochs100_epochs0_001_epochs0_001_clusters4__rep1,68,0.9642857142857143,tensor(0.1409, grad_fn=<SqueezeBackward0>),tensor(-0.5861, grad_fn=<NegBackward0>),1104,111.09372997283936,4,0.5,,20
double_cake,random,random_lr0_1_lr0_01_lr0_01_optgd_epochs100_epochs0_001_epochs0_001_clusters2__rep1,69,0.9285714285714286,tensor(0.1146, grad_fn=<SqueezeBackward0>),tensor(-0.5633, grad_fn=<NegBackward0>),280,106.87850427627563,2,0.5,,20
double_cake,random,random_lr0_1_lr0_01_lr0_01_optgd_epochs100_epochs0_001_epochs0_001_clusters4__rep1,69,0.9642857142857143,tensor(0.1405, grad_fn=<SqueezeBackward0>),tensor(-0.4752, grad_fn=<NegBackward0>),1120,106.3695137500763,4,0.5,,20
double_cake,random,random_lr0_1_lr0_01_lr0_01_optgd_epochs100_epochs0_001_epochs0_001_clusters2__rep1,70,0.9285714285714286,tensor(0.1153, grad_fn=<SqueezeBackward0>),tensor(-0.5541, grad_fn=<NegBackward0>),284,104.47106671333313,2,0.5,,20
double_cake,random,random_lr0_1_lr0_01_lr0_01_optgd_epochs100_epochs0_001_epochs0_001_clusters4__rep1,70,0.9642857142857143,tensor(0.1397, grad_fn=<SqueezeBackward0>),tensor(-0.4836, grad_fn=<NegBackward0>),1136,109.36540532112122,4,0.5,,20
double_cake,random,random_lr0_1_lr0_01_lr0_01_optgd_epochs100_epochs0_001_epochs0_001_clusters2__rep1,71,0.9285714285714286,tensor(0.1149, grad_fn=<SqueezeBackward0>),tensor(-0.8331, grad_fn=<NegBackward0>),288,111.83815789222717,2,0.5,,20
double_cake,random,random_lr0_1_lr0_01_lr0_01_optgd_epochs100_epochs0_001_epochs0_001_clusters4__rep1,71,0.9642857142857143,tensor(0.1399, grad_fn=<SqueezeBackward0>),tensor(-0.5180, grad_fn=<NegBackward0>),1152,109.90182089805603,4,0.5,,20
double_cake,random,random_lr0_1_lr0_01_lr0_01_optgd_epochs100_epochs0_001_epochs0_001_clusters2__rep1,72,0.8928571428571429,tensor(0.1130, grad_fn=<SqueezeBackward0>),tensor(-0.6254, grad_fn=<NegBackward0>),292,106.8760917186737,2,0.5,,20
double_cake,random,random_lr0_1_lr0_01_lr0_01_optgd_epochs100_epochs0_001_epochs0_001_clusters4__rep1,72,0.9642857142857143,tensor(0.1411, grad_fn=<SqueezeBackward0>),tensor(-0.4347, grad_fn=<NegBackward0>),1168,107.85251784324646,4,0.5,,20
double_cake,random,random_lr0_1_lr0_01_lr0_01_optgd_epochs100_epochs0_001_epochs0_001_clusters2__rep1,73,0.8928571428571429,tensor(0.1132, grad_fn=<SqueezeBackward0>),tensor(-0.6620, grad_fn=<NegBackward0>),296,109.29135513305664,2,0.5,,20
double_cake,random,random_lr0_1_lr0_01_lr0_01_optgd_epochs100_epochs0_001_epochs0_001_clusters4__rep1,73,0.9642857142857143,tensor(0.1406, grad_fn=<SqueezeBackward0>),tensor(-0.4424, grad_fn=<NegBackward0>),1184,110.38554120063782,4,0.5,,20
double_cake,random,random_lr0_1_lr0_01_lr0_01_optgd_epochs100_epochs0_001_epochs0_001_clusters2__rep1,74,0.8928571428571429,tensor(0.1137, grad_fn=<SqueezeBackward0>),tensor(-0.7294, grad_fn=<NegBackward0>),300,113.14821004867554,2,0.5,,20
double_cake,random,random_lr0_1_lr0_01_lr0_01_optgd_epochs100_epochs0_001_epochs0_001_clusters4__rep1,74,0.9642857142857143,tensor(0.1410, grad_fn=<SqueezeBackward0>),tensor(-0.4831, grad_fn=<NegBackward0>),1200,106.6543710231781,4,0.5,,20
double_cake,random,random_lr0_1_lr0_01_lr0_01_optgd_epochs100_epochs0_001_epochs0_001_clusters2__rep1,75,0.8571428571428571,tensor(0.1129, grad_fn=<SqueezeBackward0>),tensor(-0.7959, grad_fn=<NegBackward0>),304,103.31810188293457,2,0.5,,20
double_cake,random,random_lr0_1_lr0_01_lr0_01_optgd_epochs100_epochs0_001_epochs0_001_clusters4__rep1,75,0.9642857142857143,tensor(0.1420, grad_fn=<SqueezeBackward0>),tensor(-0.4612, grad_fn=<NegBackward0>),1216,107.48812794685364,4,0.5,,20
double_cake,random,random_lr0_1_lr0_01_lr0_01_optgd_epochs100_epochs0_001_epochs0_001_clusters2__rep1,76,0.8571428571428571,tensor(0.1132, grad_fn=<SqueezeBackward0>),tensor(-0.7799, grad_fn=<NegBackward0>),308,112.4544198513031,2,0.5,,20
double_cake,random,random_lr0_1_lr0_01_lr0_01_optgd_epochs100_epochs0_001_epochs0_001_clusters4__rep1,76,0.9642857142857143,tensor(0.1420, grad_fn=<SqueezeBackward0>),tensor(-0.4775, grad_fn=<NegBackward0>),1232,107.25267314910889,4,0.5,,20
double_cake,random,random_lr0_1_lr0_01_lr0_01_optgd_epochs100_epochs0_001_epochs0_001_clusters2__rep1,77,0.8928571428571429,tensor(0.1144, grad_fn=<SqueezeBackward0>),tensor(-0.8363, grad_fn=<NegBackward0>),312,112.19669818878174,2,0.5,,20
double_cake,random,random_lr0_1_lr0_01_lr0_01_optgd_epochs100_epochs0_001_epochs0_001_clusters4__rep1,77,0.9285714285714286,tensor(0.1427, grad_fn=<SqueezeBackward0>),tensor(-0.6305, grad_fn=<NegBackward0>),1248,112.680593252182,4,0.5,,20
double_cake,random,random_lr0_1_lr0_01_lr0_01_optgd_epochs100_epochs0_001_epochs0_001_clusters2__rep1,78,0.8571428571428571,tensor(0.1142, grad_fn=<SqueezeBackward0>),tensor(-0.7230, grad_fn=<NegBackward0>),316,106.68497514724731,2,0.5,,20
double_cake,random,random_lr0_1_lr0_01_lr0_01_optgd_epochs100_epochs0_001_epochs0_001_clusters4__rep1,78,0.9285714285714286,tensor(0.1435, grad_fn=<SqueezeBackward0>),tensor(-0.5201, grad_fn=<NegBackward0>),1264,108.37184000015259,4,0.5,,20
double_cake,random,random_lr0_1_lr0_01_lr0_01_optgd_epochs100_epochs0_001_epochs0_001_clusters2__rep1,79,0.8928571428571429,tensor(0.1142, grad_fn=<SqueezeBackward0>),tensor(-0.6946, grad_fn=<NegBackward0>),320,106.62064003944397,2,0.5,,20
double_cake,random,random_lr0_1_lr0_01_lr0_01_optgd_epochs100_epochs0_001_epochs0_001_clusters4__rep1,79,0.9285714285714286,tensor(0.1433, grad_fn=<SqueezeBackward0>),tensor(-0.4950, grad_fn=<NegBackward0>),1280,109.41231608390808,4,0.5,,20
double_cake,random,random_lr0_1_lr0_01_lr0_01_optgd_epochs100_epochs0_001_epochs0_001_clusters2__rep1,80,0.8928571428571429,tensor(0.1147, grad_fn=<SqueezeBackward0>),tensor(-0.6194, grad_fn=<NegBackward0>),324,110.83427786827087,2,0.5,,20
double_cake,random,random_lr0_1_lr0_01_lr0_01_optgd_epochs100_epochs0_001_epochs0_001_clusters4__rep1,80,0.9642857142857143,tensor(0.1423, grad_fn=<SqueezeBackward0>),tensor(-0.5325, grad_fn=<NegBackward0>),1296,111.62626791000366,4,0.5,,20
double_cake,random,random_lr0_1_lr0_01_lr0_01_optgd_epochs100_epochs0_001_epochs0_001_clusters2__rep1,81,0.8928571428571429,tensor(0.1159, grad_fn=<SqueezeBackward0>),tensor(-0.6199, grad_fn=<NegBackward0>),328,106.49832081794739,2,0.5,,20
double_cake,random,random_lr0_1_lr0_01_lr0_01_optgd_epochs100_epochs0_001_epochs0_001_clusters4__rep1,81,0.9642857142857143,tensor(0.1423, grad_fn=<SqueezeBackward0>),tensor(-0.4473, grad_fn=<NegBackward0>),1312,107.62865424156189,4,0.5,,20
double_cake,random,random_lr0_1_lr0_01_lr0_01_optgd_epochs100_epochs0_001_epochs0_001_clusters2__rep1,82,0.8928571428571429,tensor(0.1163, grad_fn=<SqueezeBackward0>),tensor(-0.7490, grad_fn=<NegBackward0>),332,107.2057638168335,2,0.5,,20
double_cake,random,random_lr0_1_lr0_01_lr0_01_optgd_epochs100_epochs0_001_epochs0_001_clusters4__rep1,82,0.9285714285714286,tensor(0.1429, grad_fn=<SqueezeBackward0>),tensor(-0.6116, grad_fn=<NegBackward0>),1328,111.33434700965881,4,0.5,,20
double_cake,random,random_lr0_1_lr0_01_lr0_01_optgd_epochs100_epochs0_001_epochs0_001_clusters2__rep1,83,0.9285714285714286,tensor(0.1201, grad_fn=<SqueezeBackward0>),tensor(-0.8116, grad_fn=<NegBackward0>),336,109.850172996521,2,0.5,,20
double_cake,random,random_lr0_1_lr0_01_lr0_01_optgd_epochs100_epochs0_001_epochs0_001_clusters4__rep1,83,0.9285714285714286,tensor(0.1431, grad_fn=<SqueezeBackward0>),tensor(-0.4445, grad_fn=<NegBackward0>),1344,108.14606881141663,4,0.5,,20
double_cake,random,random_lr0_1_lr0_01_lr0_01_optgd_epochs100_epochs0_001_epochs0_001_clusters2__rep1,84,0.9642857142857143,tensor(0.1196, grad_fn=<SqueezeBackward0>),tensor(-0.6279, grad_fn=<NegBackward0>),340,109.18683314323425,2,0.5,,20
double_cake,random,random_lr0_1_lr0_01_lr0_01_optgd_epochs100_epochs0_001_epochs0_001_clusters4__rep1,84,0.9285714285714286,tensor(0.1435, grad_fn=<SqueezeBackward0>),tensor(-0.5210, grad_fn=<NegBackward0>),1360,109.68324041366577,4,0.5,,20
double_cake,random,random_lr0_1_lr0_01_lr0_01_optgd_epochs100_epochs0_001_epochs0_001_clusters2__rep1,85,0.9285714285714286,tensor(0.1226, grad_fn=<SqueezeBackward0>),tensor(-0.7504, grad_fn=<NegBackward0>),344,110.14236211776733,2,0.5,,20
double_cake,random,random_lr0_1_lr0_01_lr0_01_optgd_epochs100_epochs0_001_epochs0_001_clusters4__rep1,85,0.9285714285714286,tensor(0.1439, grad_fn=<SqueezeBackward0>),tensor(-0.4127, grad_fn=<NegBackward0>),1376,110.80094790458679,4,0.5,,20
double_cake,random,random_lr0_1_lr0_01_lr0_01_optgd_epochs100_epochs0_001_epochs0_001_clusters2__rep1,86,0.9285714285714286,tensor(0.1224, grad_fn=<SqueezeBackward0>),tensor(-0.7207, grad_fn=<NegBackward0>),348,110.96908116340637,2,0.5,,20
double_cake,random,random_lr0_1_lr0_01_lr0_01_optgd_epochs100_epochs0_001_epochs0_001_clusters4__rep1,86,0.9285714285714286,tensor(0.1435, grad_fn=<SqueezeBackward0>),tensor(-0.4597, grad_fn=<NegBackward0>),1392,106.86970710754395,4,0.5,,20
double_cake,random,random_lr0_1_lr0_01_lr0_01_optgd_epochs100_epochs0_001_epochs0_001_clusters2__rep1,87,0.9285714285714286,tensor(0.1236, grad_fn=<SqueezeBackward0>),tensor(-0.7577, grad_fn=<NegBackward0>),352,102.05340600013733,2,0.5,,20
double_cake,random,random_lr0_1_lr0_01_lr0_01_optgd_epochs100_epochs0_001_epochs0_001_clusters4__rep1,87,0.9285714285714286,tensor(0.1443, grad_fn=<SqueezeBackward0>),tensor(-0.5836, grad_fn=<NegBackward0>),1408,104.23760795593262,4,0.5,,20
double_cake,random,random_lr0_1_lr0_01_lr0_01_optgd_epochs100_epochs0_001_epochs0_001_clusters2__rep1,88,0.9285714285714286,tensor(0.1233, grad_fn=<SqueezeBackward0>),tensor(-0.9291, grad_fn=<NegBackward0>),356,111.36908602714539,2,0.5,,20
double_cake,random,random_lr0_1_lr0_01_lr0_01_optgd_epochs100_epochs0_001_epochs0_001_clusters4__rep1,88,0.8571428571428571,tensor(0.1451, grad_fn=<SqueezeBackward0>),tensor(-0.5934, grad_fn=<NegBackward0>),1424,110.1569390296936,4,0.5,,20
double_cake,random,random_lr0_1_lr0_01_lr0_01_optgd_epochs100_epochs0_001_epochs0_001_clusters2__rep1,89,0.9285714285714286,tensor(0.1265, grad_fn=<SqueezeBackward0>),tensor(-0.6479, grad_fn=<NegBackward0>),360,110.23282837867737,2,0.5,,20
double_cake,random,random_lr0_1_lr0_01_lr0_01_optgd_epochs100_epochs0_001_epochs0_001_clusters4__rep1,89,0.8571428571428571,tensor(0.1459, grad_fn=<SqueezeBackward0>),tensor(-0.4548, grad_fn=<NegBackward0>),1440,113.8943407535553,4,0.5,,20
double_cake,random,random_lr0_1_lr0_01_lr0_01_optgd_epochs100_epochs0_001_epochs0_001_clusters2__rep1,90,0.9285714285714286,tensor(0.1244, grad_fn=<SqueezeBackward0>),tensor(-0.7785, grad_fn=<NegBackward0>),364,109.49795317649841,2,0.5,,20
double_cake,random,random_lr0_1_lr0_01_lr0_01_optgd_epochs100_epochs0_001_epochs0_001_clusters4__rep1,90,0.8571428571428571,tensor(0.1464, grad_fn=<SqueezeBackward0>),tensor(-0.5672, grad_fn=<NegBackward0>),1456,105.70873594284058,4,0.5,,20
double_cake,random,random_lr0_1_lr0_01_lr0_01_optgd_epochs100_epochs0_001_epochs0_001_clusters2__rep1,91,0.9285714285714286,tensor(0.1236, grad_fn=<SqueezeBackward0>),tensor(-0.7138, grad_fn=<NegBackward0>),368,107.39238619804382,2,0.5,,20
double_cake,random,random_lr0_1_lr0_01_lr0_01_optgd_epochs100_epochs0_001_epochs0_001_clusters4__rep1,91,0.8571428571428571,tensor(0.1468, grad_fn=<SqueezeBackward0>),tensor(-0.5955, grad_fn=<NegBackward0>),1472,111.81034302711487,4,0.5,,20
double_cake,random,random_lr0_1_lr0_01_lr0_01_optgd_epochs100_epochs0_001_epochs0_001_clusters2__rep1,92,0.9285714285714286,tensor(0.1250, grad_fn=<SqueezeBackward0>),tensor(-0.6900, grad_fn=<NegBackward0>),372,107.4617829322815,2,0.5,,20
double_cake,random,random_lr0_1_lr0_01_lr0_01_optgd_epochs100_epochs0_001_epochs0_001_clusters4__rep1,92,0.8571428571428571,tensor(0.1468, grad_fn=<SqueezeBackward0>),tensor(-0.3886, grad_fn=<NegBackward0>),1488,108.6196699142456,4,0.5,,20
double_cake,random,random_lr0_1_lr0_01_lr0_01_optgd_epochs100_epochs0_001_epochs0_001_clusters2__rep1,93,0.9285714285714286,tensor(0.1251, grad_fn=<SqueezeBackward0>),tensor(-0.6835, grad_fn=<NegBackward0>),376,105.46237277984619,2,0.5,,20
double_cake,random,random_lr0_1_lr0_01_lr0_01_optgd_epochs100_epochs0_001_epochs0_001_clusters4__rep1,93,0.8571428571428571,tensor(0.1468, grad_fn=<SqueezeBackward0>),tensor(-0.6138, grad_fn=<NegBackward0>),1504,104.30046892166138,4,0.5,,20
double_cake,random,random_lr0_1_lr0_01_lr0_01_optgd_epochs100_epochs0_001_epochs0_001_clusters2__rep1,94,0.9285714285714286,tensor(0.1259, grad_fn=<SqueezeBackward0>),tensor(-0.6532, grad_fn=<NegBackward0>),380,112.24764513969421,2,0.5,,20
double_cake,random,random_lr0_1_lr0_01_lr0_01_optgd_epochs100_epochs0_001_epochs0_001_clusters4__rep1,94,0.8571428571428571,tensor(0.1478, grad_fn=<SqueezeBackward0>),tensor(-0.5351, grad_fn=<NegBackward0>),1520,110.27531790733337,4,0.5,,20
double_cake,random,random_lr0_1_lr0_01_lr0_01_optgd_epochs100_epochs0_001_epochs0_001_clusters2__rep1,95,0.9285714285714286,tensor(0.1289, grad_fn=<SqueezeBackward0>),tensor(-0.6048, grad_fn=<NegBackward0>),384,109.34406089782715,2,0.5,,20
double_cake,random,random_lr0_1_lr0_01_lr0_01_optgd_epochs100_epochs0_001_epochs0_001_clusters4__rep1,95,0.8571428571428571,tensor(0.1484, grad_fn=<SqueezeBackward0>),tensor(-0.4892, grad_fn=<NegBackward0>),1536,109.97684407234192,4,0.5,,20
double_cake,random,random_lr0_1_lr0_01_lr0_01_optgd_epochs100_epochs0_001_epochs0_001_clusters2__rep1,96,0.9285714285714286,tensor(0.1286, grad_fn=<SqueezeBackward0>),tensor(-0.7245, grad_fn=<NegBackward0>),388,110.18379807472229,2,0.5,,20
double_cake,random,random_lr0_1_lr0_01_lr0_01_optgd_epochs100_epochs0_001_epochs0_001_clusters4__rep1,96,0.8571428571428571,tensor(0.1486, grad_fn=<SqueezeBackward0>),tensor(-0.4456, grad_fn=<NegBackward0>),1552,111.42175602912903,4,0.5,,20
double_cake,random,random_lr0_1_lr0_01_lr0_01_optgd_epochs100_epochs0_001_epochs0_001_clusters2__rep1,97,0.9285714285714286,tensor(0.1273, grad_fn=<SqueezeBackward0>),tensor(-0.7528, grad_fn=<NegBackward0>),392,110.61652684211731,2,0.5,,20
double_cake,random,random_lr0_1_lr0_01_lr0_01_optgd_epochs100_epochs0_001_epochs0_001_clusters4__rep1,97,0.8571428571428571,tensor(0.1465, grad_fn=<SqueezeBackward0>),tensor(-0.5188, grad_fn=<NegBackward0>),1568,110.35802102088928,4,0.5,,20
double_cake,random,random_lr0_1_lr0_01_lr0_01_optgd_epochs100_epochs0_001_epochs0_001_clusters2__rep1,98,0.9285714285714286,tensor(0.1261, grad_fn=<SqueezeBackward0>),tensor(-0.8206, grad_fn=<NegBackward0>),396,108.0329852104187,2,0.5,,20
double_cake,random,random_lr0_1_lr0_01_lr0_01_optgd_epochs100_epochs0_001_epochs0_001_clusters4__rep1,98,0.8571428571428571,tensor(0.1468, grad_fn=<SqueezeBackward0>),tensor(-0.5076, grad_fn=<NegBackward0>),1584,107.24892473220825,4,0.5,,20
double_cake,random,random_lr0_1_lr0_01_lr0_01_optgd_epochs100_epochs0_001_epochs0_001_clusters2__rep1,99,0.9285714285714286,tensor(0.1269, grad_fn=<SqueezeBackward0>),tensor(-0.6751, grad_fn=<NegBackward0>),400,112.02777194976807,2,0.5,,20
double_cake,random,random_lr0_1_lr0_01_lr0_01_optgd_epochs100_epochs0_001_epochs0_001_clusters4__rep1,99,0.8928571428571429,tensor(0.1482, grad_fn=<SqueezeBackward0>),tensor(-0.5608, grad_fn=<NegBackward0>),1600,110.82440114021301,4,0.5,,20
double_cake,random,random_lr0_1_lr0_01_lr0_01_optgd_epochs100_epochs0_001_epochs0_001_clusters6__rep1,0,0.8571428571428571,tensor(0.1121, grad_fn=<SqueezeBackward0>),tensor(-0.4399, grad_fn=<NegBackward0>),36,101.7030599117279,6,0.5,,20
double_cake,random,random_lr0_1_lr0_01_lr0_01_optgd_epochs100_epochs0_001_epochs0_001_clusters8__rep1,0,0.8571428571428571,tensor(0.1124, grad_fn=<SqueezeBackward0>),tensor(-0.3447, grad_fn=<NegBackward0>),64,101.50805878639221,8,0.5,,20
double_cake,random,random_lr0_1_lr0_01_lr0_01_optgd_epochs100_epochs0_001_epochs0_001_clusters6__rep1,1,0.8571428571428571,tensor(0.1123, grad_fn=<SqueezeBackward0>),tensor(-0.4504, grad_fn=<NegBackward0>),72,108.50012803077698,6,0.5,,20
double_cake,random,random_lr0_1_lr0_01_lr0_01_optgd_epochs100_epochs0_001_epochs0_001_clusters8__rep1,1,0.8571428571428571,tensor(0.1134, grad_fn=<SqueezeBackward0>),tensor(-0.3215, grad_fn=<NegBackward0>),128,108.89880609512329,8,0.5,,20
double_cake,random,random_lr0_1_lr0_01_lr0_01_optgd_epochs100_epochs0_001_epochs0_001_clusters6__rep1,2,0.8571428571428571,tensor(0.1117, grad_fn=<SqueezeBackward0>),tensor(-0.2885, grad_fn=<NegBackward0>),108,109.90012001991272,6,0.5,,20
double_cake,random,random_lr0_1_lr0_01_lr0_01_optgd_epochs100_epochs0_001_epochs0_001_clusters8__rep1,2,0.8571428571428571,tensor(0.1129, grad_fn=<SqueezeBackward0>),tensor(-0.2870, grad_fn=<NegBackward0>),192,104.80412268638611,8,0.5,,20
double_cake,random,random_lr0_1_lr0_01_lr0_01_optgd_epochs100_epochs0_001_epochs0_001_clusters6__rep1,3,0.8571428571428571,tensor(0.1115, grad_fn=<SqueezeBackward0>),tensor(-0.3898, grad_fn=<NegBackward0>),144,106.76654601097107,6,0.5,,20
double_cake,random,random_lr0_1_lr0_01_lr0_01_optgd_epochs100_epochs0_001_epochs0_001_clusters8__rep1,3,0.8928571428571429,tensor(0.1124, grad_fn=<SqueezeBackward0>),tensor(-0.2822, grad_fn=<NegBackward0>),256,103.74723386764526,8,0.5,,20
double_cake,random,random_lr0_1_lr0_01_lr0_01_optgd_epochs100_epochs0_001_epochs0_001_clusters6__rep1,4,0.8571428571428571,tensor(0.1119, grad_fn=<SqueezeBackward0>),tensor(-0.3459, grad_fn=<NegBackward0>),180,108.7124400138855,6,0.5,,20
double_cake,random,random_lr0_1_lr0_01_lr0_01_optgd_epochs100_epochs0_001_epochs0_001_clusters8__rep1,4,0.8571428571428571,tensor(0.1124, grad_fn=<SqueezeBackward0>),tensor(-0.2604, grad_fn=<NegBackward0>),320,107.73330903053284,8,0.5,,20
double_cake,random,random_lr0_1_lr0_01_lr0_01_optgd_epochs100_epochs0_001_epochs0_001_clusters6__rep1,5,0.8571428571428571,tensor(0.1115, grad_fn=<SqueezeBackward0>),tensor(-0.4653, grad_fn=<NegBackward0>),216,100.95036578178406,6,0.5,,20
double_cake,random,random_lr0_1_lr0_01_lr0_01_optgd_epochs100_epochs0_001_epochs0_001_clusters8__rep1,5,0.8928571428571429,tensor(0.1118, grad_fn=<SqueezeBackward0>),tensor(-0.3757, grad_fn=<NegBackward0>),384,107.7880699634552,8,0.5,,20
double_cake,random,random_lr0_1_lr0_01_lr0_01_optgd_epochs100_epochs0_001_epochs0_001_clusters6__rep1,6,0.8571428571428571,tensor(0.1113, grad_fn=<SqueezeBackward0>),tensor(-0.4215, grad_fn=<NegBackward0>),252,108.9255747795105,6,0.5,,20
double_cake,random,random_lr0_1_lr0_01_lr0_01_optgd_epochs100_epochs0_001_epochs0_001_clusters8__rep1,6,0.8928571428571429,tensor(0.1118, grad_fn=<SqueezeBackward0>),tensor(-0.3643, grad_fn=<NegBackward0>),448,108.28181672096252,8,0.5,,20
double_cake,random,random_lr0_1_lr0_01_lr0_01_optgd_epochs100_epochs0_001_epochs0_001_clusters6__rep1,7,0.8214285714285714,tensor(0.1120, grad_fn=<SqueezeBackward0>),tensor(-0.3218, grad_fn=<NegBackward0>),288,105.59070587158203,6,0.5,,20
double_cake,random,random_lr0_1_lr0_01_lr0_01_optgd_epochs100_epochs0_001_epochs0_001_clusters8__rep1,7,0.8928571428571429,tensor(0.1127, grad_fn=<SqueezeBackward0>),tensor(-0.3574, grad_fn=<NegBackward0>),512,104.90175008773804,8,0.5,,20
double_cake,random,random_lr0_1_lr0_01_lr0_01_optgd_epochs100_epochs0_001_epochs0_001_clusters6__rep1,8,0.8214285714285714,tensor(0.1119, grad_fn=<SqueezeBackward0>),tensor(-0.4670, grad_fn=<NegBackward0>),324,109.89614009857178,6,0.5,,20
double_cake,random,random_lr0_1_lr0_01_lr0_01_optgd_epochs100_epochs0_001_epochs0_001_clusters8__rep1,8,0.8928571428571429,tensor(0.1134, grad_fn=<SqueezeBackward0>),tensor(-0.3617, grad_fn=<NegBackward0>),576,103.95749187469482,8,0.5,,20
double_cake,random,random_lr0_1_lr0_01_lr0_01_optgd_epochs100_epochs0_001_epochs0_001_clusters6__rep1,9,0.8214285714285714,tensor(0.1129, grad_fn=<SqueezeBackward0>),tensor(-0.3532, grad_fn=<NegBackward0>),360,106.55499911308289,6,0.5,,20
double_cake,random,random_lr0_1_lr0_01_lr0_01_optgd_epochs100_epochs0_001_epochs0_001_clusters8__rep1,9,0.8571428571428571,tensor(0.1140, grad_fn=<SqueezeBackward0>),tensor(-0.3353, grad_fn=<NegBackward0>),640,108.43678116798401,8,0.5,,20
double_cake,random,random_lr0_1_lr0_01_lr0_01_optgd_epochs100_epochs0_001_epochs0_001_clusters6__rep1,10,0.8214285714285714,tensor(0.1131, grad_fn=<SqueezeBackward0>),tensor(-0.3268, grad_fn=<NegBackward0>),396,108.4891710281372,6,0.5,,20
double_cake,random,random_lr0_1_lr0_01_lr0_01_optgd_epochs100_epochs0_001_epochs0_001_clusters8__rep1,10,0.8571428571428571,tensor(0.1142, grad_fn=<SqueezeBackward0>),tensor(-0.3126, grad_fn=<NegBackward0>),704,109.06015300750732,8,0.5,,20
double_cake,random,random_lr0_1_lr0_01_lr0_01_optgd_epochs100_epochs0_001_epochs0_001_clusters6__rep1,11,0.8214285714285714,tensor(0.1134, grad_fn=<SqueezeBackward0>),tensor(-0.4032, grad_fn=<NegBackward0>),432,110.24390602111816,6,0.5,,20
double_cake,random,random_lr0_1_lr0_01_lr0_01_optgd_epochs100_epochs0_001_epochs0_001_clusters8__rep1,11,0.8571428571428571,tensor(0.1144, grad_fn=<SqueezeBackward0>),tensor(-0.4151, grad_fn=<NegBackward0>),768,105.4500138759613,8,0.5,,20
double_cake,random,random_lr0_1_lr0_01_lr0_01_optgd_epochs100_epochs0_001_epochs0_001_clusters6__rep1,12,0.8214285714285714,tensor(0.1140, grad_fn=<SqueezeBackward0>),tensor(-0.2893, grad_fn=<NegBackward0>),468,106.4266312122345,6,0.5,,20
double_cake,random,random_lr0_1_lr0_01_lr0_01_optgd_epochs100_epochs0_001_epochs0_001_clusters8__rep1,12,0.8571428571428571,tensor(0.1154, grad_fn=<SqueezeBackward0>),tensor(-0.3115, grad_fn=<NegBackward0>),832,110.65450310707092,8,0.5,,20
double_cake,random,random_lr0_1_lr0_01_lr0_01_optgd_epochs100_epochs0_001_epochs0_001_clusters6__rep1,13,0.8214285714285714,tensor(0.1162, grad_fn=<SqueezeBackward0>),tensor(-0.4358, grad_fn=<NegBackward0>),504,110.14348793029785,6,0.5,,20
double_cake,random,random_lr0_1_lr0_01_lr0_01_optgd_epochs100_epochs0_001_epochs0_001_clusters8__rep1,13,0.8571428571428571,tensor(0.1172, grad_fn=<SqueezeBackward0>),tensor(-0.4371, grad_fn=<NegBackward0>),896,106.62507605552673,8,0.5,,20
double_cake,random,random_lr0_1_lr0_01_lr0_01_optgd_epochs100_epochs0_001_epochs0_001_clusters6__rep1,14,0.8214285714285714,tensor(0.1164, grad_fn=<SqueezeBackward0>),tensor(-0.3857, grad_fn=<NegBackward0>),540,101.75595092773438,6,0.5,,20
double_cake,random,random_lr0_1_lr0_01_lr0_01_optgd_epochs100_epochs0_001_epochs0_001_clusters8__rep1,14,0.8928571428571429,tensor(0.1200, grad_fn=<SqueezeBackward0>),tensor(-0.2803, grad_fn=<NegBackward0>),960,108.46730399131775,8,0.5,,20
double_cake,random,random_lr0_1_lr0_01_lr0_01_optgd_epochs100_epochs0_001_epochs0_001_clusters6__rep1,15,0.8571428571428571,tensor(0.1166, grad_fn=<SqueezeBackward0>),tensor(-0.4158, grad_fn=<NegBackward0>),576,109.89489793777466,6,0.5,,20
double_cake,random,random_lr0_1_lr0_01_lr0_01_optgd_epochs100_epochs0_001_epochs0_001_clusters8__rep1,15,0.8928571428571429,tensor(0.1209, grad_fn=<SqueezeBackward0>),tensor(-0.3583, grad_fn=<NegBackward0>),1024,108.77379822731018,8,0.5,,20
double_cake,random,random_lr0_1_lr0_01_lr0_01_optgd_epochs100_epochs0_001_epochs0_001_clusters6__rep1,16,0.8928571428571429,tensor(0.1177, grad_fn=<SqueezeBackward0>),tensor(-0.3630, grad_fn=<NegBackward0>),612,103.49763917922974,6,0.5,,20
double_cake,random,random_lr0_1_lr0_01_lr0_01_optgd_epochs100_epochs0_001_epochs0_001_clusters8__rep1,16,0.8928571428571429,tensor(0.1220, grad_fn=<SqueezeBackward0>),tensor(-0.2514, grad_fn=<NegBackward0>),1088,107.80093216896057,8,0.5,,20
double_cake,random,random_lr0_1_lr0_01_lr0_01_optgd_epochs100_epochs0_001_epochs0_001_clusters6__rep1,17,0.8928571428571429,tensor(0.1183, grad_fn=<SqueezeBackward0>),tensor(-0.4469, grad_fn=<NegBackward0>),648,108.23948121070862,6,0.5,,20
double_cake,random,random_lr0_1_lr0_01_lr0_01_optgd_epochs100_epochs0_001_epochs0_001_clusters8__rep1,17,0.9285714285714286,tensor(0.1249, grad_fn=<SqueezeBackward0>),tensor(-0.3505, grad_fn=<NegBackward0>),1152,104.15809893608093,8,0.5,,20
double_cake,random,random_lr0_1_lr0_01_lr0_01_optgd_epochs100_epochs0_001_epochs0_001_clusters6__rep1,18,0.8928571428571429,tensor(0.1183, grad_fn=<SqueezeBackward0>),tensor(-0.4035, grad_fn=<NegBackward0>),684,109.02958989143372,6,0.5,,20
double_cake,random,random_lr0_1_lr0_01_lr0_01_optgd_epochs100_epochs0_001_epochs0_001_clusters8__rep1,18,0.9285714285714286,tensor(0.1261, grad_fn=<SqueezeBackward0>),tensor(-0.3854, grad_fn=<NegBackward0>),1216,112.89088678359985,8,0.5,,20
double_cake,random,random_lr0_1_lr0_01_lr0_01_optgd_epochs100_epochs0_001_epochs0_001_clusters6__rep1,19,0.8571428571428571,tensor(0.1171, grad_fn=<SqueezeBackward0>),tensor(-0.5691, grad_fn=<NegBackward0>),720,106.68418407440186,6,0.5,,20
double_cake,random,random_lr0_1_lr0_01_lr0_01_optgd_epochs100_epochs0_001_epochs0_001_clusters8__rep1,19,0.8928571428571429,tensor(0.1233, grad_fn=<SqueezeBackward0>),tensor(-0.3243, grad_fn=<NegBackward0>),1280,106.34666085243225,8,0.5,,20
double_cake,random,random_lr0_1_lr0_01_lr0_01_optgd_epochs100_epochs0_001_epochs0_001_clusters6__rep1,20,0.8928571428571429,tensor(0.1188, grad_fn=<SqueezeBackward0>),tensor(-0.4149, grad_fn=<NegBackward0>),756,109.25364708900452,6,0.5,,20
double_cake,random,random_lr0_1_lr0_01_lr0_01_optgd_epochs100_epochs0_001_epochs0_001_clusters8__rep1,20,0.8928571428571429,tensor(0.1252, grad_fn=<SqueezeBackward0>),tensor(-0.3984, grad_fn=<NegBackward0>),1344,108.4530279636383,8,0.5,,20
double_cake,random,random_lr0_1_lr0_01_lr0_01_optgd_epochs100_epochs0_001_epochs0_001_clusters6__rep1,21,0.8928571428571429,tensor(0.1204, grad_fn=<SqueezeBackward0>),tensor(-0.4504, grad_fn=<NegBackward0>),792,109.21854734420776,6,0.5,,20
double_cake,random,random_lr0_1_lr0_01_lr0_01_optgd_epochs100_epochs0_001_epochs0_001_clusters8__rep1,21,0.8928571428571429,tensor(0.1257, grad_fn=<SqueezeBackward0>),tensor(-0.4060, grad_fn=<NegBackward0>),1408,108.81302118301392,8,0.5,,20
double_cake,random,random_lr0_1_lr0_01_lr0_01_optgd_epochs100_epochs0_001_epochs0_001_clusters6__rep1,22,0.8928571428571429,tensor(0.1215, grad_fn=<SqueezeBackward0>),tensor(-0.4107, grad_fn=<NegBackward0>),828,106.50556969642639,6,0.5,,20
double_cake,random,random_lr0_1_lr0_01_lr0_01_optgd_epochs100_epochs0_001_epochs0_001_clusters8__rep1,22,0.8928571428571429,tensor(0.1262, grad_fn=<SqueezeBackward0>),tensor(-0.3642, grad_fn=<NegBackward0>),1472,108.65907597541809,8,0.5,,20
double_cake,random,random_lr0_1_lr0_01_lr0_01_optgd_epochs100_epochs0_001_epochs0_001_clusters6__rep1,23,0.9285714285714286,tensor(0.1255, grad_fn=<SqueezeBackward0>),tensor(-0.3443, grad_fn=<NegBackward0>),864,109.53887414932251,6,0.5,,20
double_cake,random,random_lr0_1_lr0_01_lr0_01_optgd_epochs100_epochs0_001_epochs0_001_clusters8__rep1,23,0.8928571428571429,tensor(0.1291, grad_fn=<SqueezeBackward0>),tensor(-0.3818, grad_fn=<NegBackward0>),1536,106.3214042186737,8,0.5,,20
double_cake,random,random_lr0_1_lr0_01_lr0_01_optgd_epochs100_epochs0_001_epochs0_001_clusters6__rep1,24,0.9285714285714286,tensor(0.1249, grad_fn=<SqueezeBackward0>),tensor(-0.4880, grad_fn=<NegBackward0>),900,111.33647394180298,6,0.5,,20
double_cake,random,random_lr0_1_lr0_01_lr0_01_optgd_epochs100_epochs0_001_epochs0_001_clusters8__rep1,24,0.8928571428571429,tensor(0.1287, grad_fn=<SqueezeBackward0>),tensor(-0.3231, grad_fn=<NegBackward0>),1600,109.09824013710022,8,0.5,,20
double_cake,random,random_lr0_1_lr0_01_lr0_01_optgd_epochs100_epochs0_001_epochs0_001_clusters6__rep1,25,0.9285714285714286,tensor(0.1264, grad_fn=<SqueezeBackward0>),tensor(-0.3183, grad_fn=<NegBackward0>),936,107.75017428398132,6,0.5,,20
double_cake,random,random_lr0_1_lr0_01_lr0_01_optgd_epochs100_epochs0_001_epochs0_001_clusters8__rep1,25,0.8928571428571429,tensor(0.1295, grad_fn=<SqueezeBackward0>),tensor(-0.2669, grad_fn=<NegBackward0>),1664,110.35278272628784,8,0.5,,20
double_cake,random,random_lr0_1_lr0_01_lr0_01_optgd_epochs100_epochs0_001_epochs0_001_clusters6__rep1,26,0.9285714285714286,tensor(0.1274, grad_fn=<SqueezeBackward0>),tensor(-0.3618, grad_fn=<NegBackward0>),972,107.95334815979004,6,0.5,,20
double_cake,random,random_lr0_1_lr0_01_lr0_01_optgd_epochs100_epochs0_001_epochs0_001_clusters8__rep1,26,0.9285714285714286,tensor(0.1336, grad_fn=<SqueezeBackward0>),tensor(-0.2682, grad_fn=<NegBackward0>),1728,107.0735342502594,8,0.5,,20
double_cake,random,random_lr0_1_lr0_01_lr0_01_optgd_epochs100_epochs0_001_epochs0_001_clusters6__rep1,27,0.9285714285714286,tensor(0.1282, grad_fn=<SqueezeBackward0>),tensor(-0.3832, grad_fn=<NegBackward0>),1008,109.61544394493103,6,0.5,,20
double_cake,random,random_lr0_1_lr0_01_lr0_01_optgd_epochs100_epochs0_001_epochs0_001_clusters8__rep1,27,0.9285714285714286,tensor(0.1348, grad_fn=<SqueezeBackward0>),tensor(-0.3571, grad_fn=<NegBackward0>),1792,109.82575726509094,8,0.5,,20
double_cake,random,random_lr0_1_lr0_01_lr0_01_optgd_epochs100_epochs0_001_epochs0_001_clusters6__rep1,28,0.9285714285714286,tensor(0.1289, grad_fn=<SqueezeBackward0>),tensor(-0.3861, grad_fn=<NegBackward0>),1044,110.93794298171997,6,0.5,,20
double_cake,random,random_lr0_1_lr0_01_lr0_01_optgd_epochs100_epochs0_001_epochs0_001_clusters8__rep1,28,0.9285714285714286,tensor(0.1356, grad_fn=<SqueezeBackward0>),tensor(-0.3958, grad_fn=<NegBackward0>),1856,105.3801589012146,8,0.5,,20
double_cake,random,random_lr0_1_lr0_01_lr0_01_optgd_epochs100_epochs0_001_epochs0_001_clusters6__rep1,29,0.9285714285714286,tensor(0.1282, grad_fn=<SqueezeBackward0>),tensor(-0.4370, grad_fn=<NegBackward0>),1080,101.69077897071838,6,0.5,,20
double_cake,random,random_lr0_1_lr0_01_lr0_01_optgd_epochs100_epochs0_001_epochs0_001_clusters8__rep1,29,0.9285714285714286,tensor(0.1355, grad_fn=<SqueezeBackward0>),tensor(-0.3219, grad_fn=<NegBackward0>),1920,105.58048105239868,8,0.5,,20
double_cake,random,random_lr0_1_lr0_01_lr0_01_optgd_epochs100_epochs0_001_epochs0_001_clusters6__rep1,30,0.9285714285714286,tensor(0.1294, grad_fn=<SqueezeBackward0>),tensor(-0.3528, grad_fn=<NegBackward0>),1116,111.57930612564087,6,0.5,,20
double_cake,random,random_lr0_1_lr0_01_lr0_01_optgd_epochs100_epochs0_001_epochs0_001_clusters8__rep1,30,0.9285714285714286,tensor(0.1367, grad_fn=<SqueezeBackward0>),tensor(-0.3238, grad_fn=<NegBackward0>),1984,112.14750409126282,8,0.5,,20
double_cake,random,random_lr0_1_lr0_01_lr0_01_optgd_epochs100_epochs0_001_epochs0_001_clusters6__rep1,31,0.9285714285714286,tensor(0.1294, grad_fn=<SqueezeBackward0>),tensor(-0.3371, grad_fn=<NegBackward0>),1152,106.54754281044006,6,0.5,,20
double_cake,random,random_lr0_1_lr0_01_lr0_01_optgd_epochs100_epochs0_001_epochs0_001_clusters8__rep1,31,0.9285714285714286,tensor(0.1373, grad_fn=<SqueezeBackward0>),tensor(-0.3485, grad_fn=<NegBackward0>),2048,105.45615196228027,8,0.5,,20
double_cake,random,random_lr0_1_lr0_01_lr0_01_optgd_epochs100_epochs0_001_epochs0_001_clusters6__rep1,32,0.9285714285714286,tensor(0.1288, grad_fn=<SqueezeBackward0>),tensor(-0.4019, grad_fn=<NegBackward0>),1188,114.22118902206421,6,0.5,,20
double_cake,random,random_lr0_1_lr0_01_lr0_01_optgd_epochs100_epochs0_001_epochs0_001_clusters8__rep1,32,0.9285714285714286,tensor(0.1364, grad_fn=<SqueezeBackward0>),tensor(-0.3221, grad_fn=<NegBackward0>),2112,109.19311118125916,8,0.5,,20
double_cake,random,random_lr0_1_lr0_01_lr0_01_optgd_epochs100_epochs0_001_epochs0_001_clusters6__rep1,33,0.9285714285714286,tensor(0.1284, grad_fn=<SqueezeBackward0>),tensor(-0.5131, grad_fn=<NegBackward0>),1224,102.32692909240723,6,0.5,,20
double_cake,random,random_lr0_1_lr0_01_lr0_01_optgd_epochs100_epochs0_001_epochs0_001_clusters8__rep1,33,0.8928571428571429,tensor(0.1371, grad_fn=<SqueezeBackward0>),tensor(-0.2903, grad_fn=<NegBackward0>),2176,108.70281791687012,8,0.5,,20
double_cake,random,random_lr0_1_lr0_01_lr0_01_optgd_epochs100_epochs0_001_epochs0_001_clusters6__rep1,34,0.9285714285714286,tensor(0.1304, grad_fn=<SqueezeBackward0>),tensor(-0.4871, grad_fn=<NegBackward0>),1260,112.0016679763794,6,0.5,,20
double_cake,random,random_lr0_1_lr0_01_lr0_01_optgd_epochs100_epochs0_001_epochs0_001_clusters8__rep1,34,0.8928571428571429,tensor(0.1382, grad_fn=<SqueezeBackward0>),tensor(-0.4425, grad_fn=<NegBackward0>),2240,108.86169981956482,8,0.5,,20
double_cake,random,random_lr0_1_lr0_01_lr0_01_optgd_epochs100_epochs0_001_epochs0_001_clusters6__rep1,35,0.9642857142857143,tensor(0.1310, grad_fn=<SqueezeBackward0>),tensor(-0.3688, grad_fn=<NegBackward0>),1296,108.6016321182251,6,0.5,,20
double_cake,random,random_lr0_1_lr0_01_lr0_01_optgd_epochs100_epochs0_001_epochs0_001_clusters8__rep1,35,0.8928571428571429,tensor(0.1383, grad_fn=<SqueezeBackward0>),tensor(-0.3042, grad_fn=<NegBackward0>),2304,101.441477060318,8,0.5,,20
double_cake,random,random_lr0_1_lr0_01_lr0_01_optgd_epochs100_epochs0_001_epochs0_001_clusters6__rep1,36,0.9642857142857143,tensor(0.1323, grad_fn=<SqueezeBackward0>),tensor(-0.4158, grad_fn=<NegBackward0>),1332,108.71971297264099,6,0.5,,20
double_cake,random,random_lr0_1_lr0_01_lr0_01_optgd_epochs100_epochs0_001_epochs0_001_clusters8__rep1,36,0.8928571428571429,tensor(0.1392, grad_fn=<SqueezeBackward0>),tensor(-0.3512, grad_fn=<NegBackward0>),2368,108.766122341156,8,0.5,,20
double_cake,random,random_lr0_1_lr0_01_lr0_01_optgd_epochs100_epochs0_001_epochs0_001_clusters6__rep1,37,0.9642857142857143,tensor(0.1333, grad_fn=<SqueezeBackward0>),tensor(-0.5012, grad_fn=<NegBackward0>),1368,113.60359597206116,6,0.5,,20
double_cake,random,random_lr0_1_lr0_01_lr0_01_optgd_epochs100_epochs0_001_epochs0_001_clusters8__rep1,37,0.8928571428571429,tensor(0.1391, grad_fn=<SqueezeBackward0>),tensor(-0.4033, grad_fn=<NegBackward0>),2432,110.7549819946289,8,0.5,,20
double_cake,random,random_lr0_1_lr0_01_lr0_01_optgd_epochs100_epochs0_001_epochs0_001_clusters6__rep1,38,0.9642857142857143,tensor(0.1335, grad_fn=<SqueezeBackward0>),tensor(-0.4496, grad_fn=<NegBackward0>),1404,101.87215328216553,6,0.5,,20
double_cake,random,random_lr0_1_lr0_01_lr0_01_optgd_epochs100_epochs0_001_epochs0_001_clusters8__rep1,38,0.8928571428571429,tensor(0.1395, grad_fn=<SqueezeBackward0>),tensor(-0.2809, grad_fn=<NegBackward0>),2496,104.49601578712463,8,0.5,,20
double_cake,random,random_lr0_1_lr0_01_lr0_01_optgd_epochs100_epochs0_001_epochs0_001_clusters6__rep1,39,0.9642857142857143,tensor(0.1338, grad_fn=<SqueezeBackward0>),tensor(-0.4811, grad_fn=<NegBackward0>),1440,111.9981529712677,6,0.5,,20
double_cake,random,random_lr0_1_lr0_01_lr0_01_optgd_epochs100_epochs0_001_epochs0_001_clusters8__rep1,39,0.8928571428571429,tensor(0.1396, grad_fn=<SqueezeBackward0>),tensor(-0.4629, grad_fn=<NegBackward0>),2560,111.21672892570496,8,0.5,,20
double_cake,random,random_lr0_1_lr0_01_lr0_01_optgd_epochs100_epochs0_001_epochs0_001_clusters6__rep1,40,0.9642857142857143,tensor(0.1339, grad_fn=<SqueezeBackward0>),tensor(-0.4681, grad_fn=<NegBackward0>),1476,104.74180197715759,6,0.5,,20
double_cake,random,random_lr0_1_lr0_01_lr0_01_optgd_epochs100_epochs0_001_epochs0_001_clusters8__rep1,40,0.8928571428571429,tensor(0.1402, grad_fn=<SqueezeBackward0>),tensor(-0.3922, grad_fn=<NegBackward0>),2624,105.68072199821472,8,0.5,,20
double_cake,random,random_lr0_1_lr0_01_lr0_01_optgd_epochs100_epochs0_001_epochs0_001_clusters6__rep1,41,0.9642857142857143,tensor(0.1343, grad_fn=<SqueezeBackward0>),tensor(-0.4837, grad_fn=<NegBackward0>),1512,109.37422800064087,6,0.5,,20
double_cake,random,random_lr0_1_lr0_01_lr0_01_optgd_epochs100_epochs0_001_epochs0_001_clusters8__rep1,41,0.8928571428571429,tensor(0.1407, grad_fn=<SqueezeBackward0>),tensor(-0.4143, grad_fn=<NegBackward0>),2688,108.28911805152893,8,0.5,,20
double_cake,random,random_lr0_1_lr0_01_lr0_01_optgd_epochs100_epochs0_001_epochs0_001_clusters6__rep1,42,0.9642857142857143,tensor(0.1342, grad_fn=<SqueezeBackward0>),tensor(-0.4659, grad_fn=<NegBackward0>),1548,110.35441994667053,6,0.5,,20
double_cake,random,random_lr0_1_lr0_01_lr0_01_optgd_epochs100_epochs0_001_epochs0_001_clusters8__rep1,42,0.8928571428571429,tensor(0.1402, grad_fn=<SqueezeBackward0>),tensor(-0.4519, grad_fn=<NegBackward0>),2752,109.07529497146606,8,0.5,,20
double_cake,random,random_lr0_1_lr0_01_lr0_01_optgd_epochs100_epochs0_001_epochs0_001_clusters6__rep1,43,0.9642857142857143,tensor(0.1342, grad_fn=<SqueezeBackward0>),tensor(-0.4708, grad_fn=<NegBackward0>),1584,111.56324505805969,6,0.5,,20
double_cake,random,random_lr0_1_lr0_01_lr0_01_optgd_epochs100_epochs0_001_epochs0_001_clusters8__rep1,43,0.8928571428571429,tensor(0.1407, grad_fn=<SqueezeBackward0>),tensor(-0.3892, grad_fn=<NegBackward0>),2816,109.24058699607849,8,0.5,,20
double_cake,random,random_lr0_1_lr0_01_lr0_01_optgd_epochs100_epochs0_001_epochs0_001_clusters6__rep1,44,0.9642857142857143,tensor(0.1326, grad_fn=<SqueezeBackward0>),tensor(-0.5014, grad_fn=<NegBackward0>),1620,105.62882900238037,6,0.5,,20
double_cake,random,random_lr0_1_lr0_01_lr0_01_optgd_epochs100_epochs0_001_epochs0_001_clusters8__rep1,44,0.8928571428571429,tensor(0.1404, grad_fn=<SqueezeBackward0>),tensor(-0.3923, grad_fn=<NegBackward0>),2880,104.49666500091553,8,0.5,,20
double_cake,random,random_lr0_1_lr0_01_lr0_01_optgd_epochs100_epochs0_001_epochs0_001_clusters6__rep1,45,0.9642857142857143,tensor(0.1326, grad_fn=<SqueezeBackward0>),tensor(-0.5029, grad_fn=<NegBackward0>),1656,106.81205987930298,6,0.5,,20
double_cake,random,random_lr0_1_lr0_01_lr0_01_optgd_epochs100_epochs0_001_epochs0_001_clusters8__rep1,45,0.8928571428571429,tensor(0.1391, grad_fn=<SqueezeBackward0>),tensor(-0.3581, grad_fn=<NegBackward0>),2944,113.33984088897705,8,0.5,,20
double_cake,random,random_lr0_1_lr0_01_lr0_01_optgd_epochs100_epochs0_001_epochs0_001_clusters6__rep1,46,0.9642857142857143,tensor(0.1332, grad_fn=<SqueezeBackward0>),tensor(-0.4424, grad_fn=<NegBackward0>),1692,105.69863772392273,6,0.5,,20
double_cake,random,random_lr0_1_lr0_01_lr0_01_optgd_epochs100_epochs0_001_epochs0_001_clusters8__rep1,46,0.8928571428571429,tensor(0.1403, grad_fn=<SqueezeBackward0>),tensor(-0.3855, grad_fn=<NegBackward0>),3008,106.11840724945068,8,0.5,,20
double_cake,random,random_lr0_1_lr0_01_lr0_01_optgd_epochs100_epochs0_001_epochs0_001_clusters6__rep1,47,0.9642857142857143,tensor(0.1326, grad_fn=<SqueezeBackward0>),tensor(-0.5466, grad_fn=<NegBackward0>),1728,113.56543898582458,6,0.5,,20
double_cake,random,random_lr0_1_lr0_01_lr0_01_optgd_epochs100_epochs0_001_epochs0_001_clusters8__rep1,47,0.8928571428571429,tensor(0.1397, grad_fn=<SqueezeBackward0>),tensor(-0.4100, grad_fn=<NegBackward0>),3072,109.1360969543457,8,0.5,,20
double_cake,random,random_lr0_1_lr0_01_lr0_01_optgd_epochs100_epochs0_001_epochs0_001_clusters6__rep1,48,0.9642857142857143,tensor(0.1334, grad_fn=<SqueezeBackward0>),tensor(-0.4328, grad_fn=<NegBackward0>),1764,110.01277995109558,6,0.5,,20
double_cake,random,random_lr0_1_lr0_01_lr0_01_optgd_epochs100_epochs0_001_epochs0_001_clusters8__rep1,48,0.8928571428571429,tensor(0.1402, grad_fn=<SqueezeBackward0>),tensor(-0.3744, grad_fn=<NegBackward0>),3136,108.62962317466736,8,0.5,,20
double_cake,random,random_lr0_1_lr0_01_lr0_01_optgd_epochs100_epochs0_001_epochs0_001_clusters6__rep1,49,0.9642857142857143,tensor(0.1332, grad_fn=<SqueezeBackward0>),tensor(-0.4224, grad_fn=<NegBackward0>),1800,107.6782021522522,6,0.5,,20
double_cake,random,random_lr0_1_lr0_01_lr0_01_optgd_epochs100_epochs0_001_epochs0_001_clusters8__rep1,49,0.8928571428571429,tensor(0.1403, grad_fn=<SqueezeBackward0>),tensor(-0.3414, grad_fn=<NegBackward0>),3200,110.42715883255005,8,0.5,,20
double_cake,random,random_lr0_1_lr0_01_lr0_01_optgd_epochs100_epochs0_001_epochs0_001_clusters6__rep1,50,0.9642857142857143,tensor(0.1338, grad_fn=<SqueezeBackward0>),tensor(-0.5101, grad_fn=<NegBackward0>),1836,109.05082082748413,6,0.5,,20
double_cake,random,random_lr0_1_lr0_01_lr0_01_optgd_epochs100_epochs0_001_epochs0_001_clusters8__rep1,50,0.8928571428571429,tensor(0.1419, grad_fn=<SqueezeBackward0>),tensor(-0.4411, grad_fn=<NegBackward0>),3264,105.77795696258545,8,0.5,,20
double_cake,random,random_lr0_1_lr0_01_lr0_01_optgd_epochs100_epochs0_001_epochs0_001_clusters6__rep1,51,0.9642857142857143,tensor(0.1346, grad_fn=<SqueezeBackward0>),tensor(-0.4059, grad_fn=<NegBackward0>),1872,105.08544397354126,6,0.5,,20
double_cake,random,random_lr0_1_lr0_01_lr0_01_optgd_epochs100_epochs0_001_epochs0_001_clusters8__rep1,51,0.8928571428571429,tensor(0.1446, grad_fn=<SqueezeBackward0>),tensor(-0.4154, grad_fn=<NegBackward0>),3328,105.64294695854187,8,0.5,,20
double_cake,random,random_lr0_1_lr0_01_lr0_01_optgd_epochs100_epochs0_001_epochs0_001_clusters6__rep1,52,0.9642857142857143,tensor(0.1346, grad_fn=<SqueezeBackward0>),tensor(-0.4534, grad_fn=<NegBackward0>),1908,113.50040173530579,6,0.5,,20
double_cake,random,random_lr0_1_lr0_01_lr0_01_optgd_epochs100_epochs0_001_epochs0_001_clusters8__rep1,52,0.8928571428571429,tensor(0.1453, grad_fn=<SqueezeBackward0>),tensor(-0.4055, grad_fn=<NegBackward0>),3392,114.48092412948608,8,0.5,,20
double_cake,random,random_lr0_1_lr0_01_lr0_01_optgd_epochs100_epochs0_001_epochs0_001_clusters6__rep1,53,0.9642857142857143,tensor(0.1381, grad_fn=<SqueezeBackward0>),tensor(-0.4365, grad_fn=<NegBackward0>),1944,111.90974807739258,6,0.5,,20
double_cake,random,random_lr0_1_lr0_01_lr0_01_optgd_epochs100_epochs0_001_epochs0_001_clusters8__rep1,53,0.8928571428571429,tensor(0.1472, grad_fn=<SqueezeBackward0>),tensor(-0.3894, grad_fn=<NegBackward0>),3456,110.34585905075073,8,0.5,,20
double_cake,random,random_lr0_1_lr0_01_lr0_01_optgd_epochs100_epochs0_001_epochs0_001_clusters6__rep1,54,0.9642857142857143,tensor(0.1386, grad_fn=<SqueezeBackward0>),tensor(-0.3920, grad_fn=<NegBackward0>),1980,101.91504096984863,6,0.5,,20
double_cake,random,random_lr0_1_lr0_01_lr0_01_optgd_epochs100_epochs0_001_epochs0_001_clusters8__rep1,54,0.8928571428571429,tensor(0.1477, grad_fn=<SqueezeBackward0>),tensor(-0.2751, grad_fn=<NegBackward0>),3520,106.20181488990784,8,0.5,,20
double_cake,random,random_lr0_1_lr0_01_lr0_01_optgd_epochs100_epochs0_001_epochs0_001_clusters6__rep1,55,0.9285714285714286,tensor(0.1421, grad_fn=<SqueezeBackward0>),tensor(-0.3739, grad_fn=<NegBackward0>),2016,109.36887812614441,6,0.5,,20
double_cake,random,random_lr0_1_lr0_01_lr0_01_optgd_epochs100_epochs0_001_epochs0_001_clusters8__rep1,55,0.8928571428571429,tensor(0.1502, grad_fn=<SqueezeBackward0>),tensor(-0.3833, grad_fn=<NegBackward0>),3584,108.17857694625854,8,0.5,,20
double_cake,random,random_lr0_1_lr0_01_lr0_01_optgd_epochs100_epochs0_001_epochs0_001_clusters6__rep1,56,0.9285714285714286,tensor(0.1446, grad_fn=<SqueezeBackward0>),tensor(-0.4183, grad_fn=<NegBackward0>),2052,104.79235291481018,6,0.5,,20
double_cake,random,random_lr0_1_lr0_01_lr0_01_optgd_epochs100_epochs0_001_epochs0_001_clusters8__rep1,56,0.8928571428571429,tensor(0.1518, grad_fn=<SqueezeBackward0>),tensor(-0.3755, grad_fn=<NegBackward0>),3648,103.53046989440918,8,0.5,,20
double_cake,random,random_lr0_1_lr0_01_lr0_01_optgd_epochs100_epochs0_001_epochs0_001_clusters6__rep1,57,0.9285714285714286,tensor(0.1448, grad_fn=<SqueezeBackward0>),tensor(-0.3650, grad_fn=<NegBackward0>),2088,111.95241189002991,6,0.5,,20
double_cake,random,random_lr0_1_lr0_01_lr0_01_optgd_epochs100_epochs0_001_epochs0_001_clusters8__rep1,57,0.8928571428571429,tensor(0.1525, grad_fn=<SqueezeBackward0>),tensor(-0.2610, grad_fn=<NegBackward0>),3712,109.04143524169922,8,0.5,,20
double_cake,random,random_lr0_1_lr0_01_lr0_01_optgd_epochs100_epochs0_001_epochs0_001_clusters6__rep1,58,0.8928571428571429,tensor(0.1466, grad_fn=<SqueezeBackward0>),tensor(-0.5009, grad_fn=<NegBackward0>),2124,112.46560406684875,6,0.5,,20
double_cake,random,random_lr0_1_lr0_01_lr0_01_optgd_epochs100_epochs0_001_epochs0_001_clusters8__rep1,58,0.8928571428571429,tensor(0.1515, grad_fn=<SqueezeBackward0>),tensor(-0.4454, grad_fn=<NegBackward0>),3776,108.88749575614929,8,0.5,,20
double_cake,random,random_lr0_1_lr0_01_lr0_01_optgd_epochs100_epochs0_001_epochs0_001_clusters6__rep1,59,0.8928571428571429,tensor(0.1463, grad_fn=<SqueezeBackward0>),tensor(-0.4612, grad_fn=<NegBackward0>),2160,106.04789590835571,6,0.5,,20
double_cake,random,random_lr0_1_lr0_01_lr0_01_optgd_epochs100_epochs0_001_epochs0_001_clusters8__rep1,59,0.8928571428571429,tensor(0.1517, grad_fn=<SqueezeBackward0>),tensor(-0.3602, grad_fn=<NegBackward0>),3840,110.55667304992676,8,0.5,,20
double_cake,random,random_lr0_1_lr0_01_lr0_01_optgd_epochs100_epochs0_001_epochs0_001_clusters6__rep1,60,0.8928571428571429,tensor(0.1475, grad_fn=<SqueezeBackward0>),tensor(-0.4142, grad_fn=<NegBackward0>),2196,107.57517313957214,6,0.5,,20
double_cake,random,random_lr0_1_lr0_01_lr0_01_optgd_epochs100_epochs0_001_epochs0_001_clusters8__rep1,60,0.8928571428571429,tensor(0.1536, grad_fn=<SqueezeBackward0>),tensor(-0.3962, grad_fn=<NegBackward0>),3904,107.47143292427063,8,0.5,,20
double_cake,random,random_lr0_1_lr0_01_lr0_01_optgd_epochs100_epochs0_001_epochs0_001_clusters6__rep1,61,0.8928571428571429,tensor(0.1483, grad_fn=<SqueezeBackward0>),tensor(-0.3503, grad_fn=<NegBackward0>),2232,106.55334305763245,6,0.5,,20
double_cake,random,random_lr0_1_lr0_01_lr0_01_optgd_epochs100_epochs0_001_epochs0_001_clusters8__rep1,61,0.8928571428571429,tensor(0.1534, grad_fn=<SqueezeBackward0>),tensor(-0.3231, grad_fn=<NegBackward0>),3968,110.55484390258789,8,0.5,,20
double_cake,random,random_lr0_1_lr0_01_lr0_01_optgd_epochs100_epochs0_001_epochs0_001_clusters6__rep1,62,0.8928571428571429,tensor(0.1477, grad_fn=<SqueezeBackward0>),tensor(-0.5744, grad_fn=<NegBackward0>),2268,111.48768186569214,6,0.5,,20
double_cake,random,random_lr0_1_lr0_01_lr0_01_optgd_epochs100_epochs0_001_epochs0_001_clusters8__rep1,62,0.8928571428571429,tensor(0.1539, grad_fn=<SqueezeBackward0>),tensor(-0.4627, grad_fn=<NegBackward0>),4032,107.39282083511353,8,0.5,,20
double_cake,random,random_lr0_1_lr0_01_lr0_01_optgd_epochs100_epochs0_001_epochs0_001_clusters6__rep1,63,0.8928571428571429,tensor(0.1489, grad_fn=<SqueezeBackward0>),tensor(-0.4391, grad_fn=<NegBackward0>),2304,105.60869789123535,6,0.5,,20
double_cake,random,random_lr0_1_lr0_01_lr0_01_optgd_epochs100_epochs0_001_epochs0_001_clusters8__rep1,63,0.8928571428571429,tensor(0.1553, grad_fn=<SqueezeBackward0>),tensor(-0.3628, grad_fn=<NegBackward0>),4096,105.84698486328125,8,0.5,,20
double_cake,random,random_lr0_1_lr0_01_lr0_01_optgd_epochs100_epochs0_001_epochs0_001_clusters6__rep1,64,0.8928571428571429,tensor(0.1498, grad_fn=<SqueezeBackward0>),tensor(-0.4703, grad_fn=<NegBackward0>),2340,113.5956199169159,6,0.5,,20
double_cake,random,random_lr0_1_lr0_01_lr0_01_optgd_epochs100_epochs0_001_epochs0_001_clusters8__rep1,64,0.8928571428571429,tensor(0.1560, grad_fn=<SqueezeBackward0>),tensor(-0.4273, grad_fn=<NegBackward0>),4160,111.37334704399109,8,0.5,,20
double_cake,random,random_lr0_1_lr0_01_lr0_01_optgd_epochs100_epochs0_001_epochs0_001_clusters6__rep1,65,0.8928571428571429,tensor(0.1495, grad_fn=<SqueezeBackward0>),tensor(-0.4570, grad_fn=<NegBackward0>),2376,110.13412094116211,6,0.5,,20
double_cake,random,random_lr0_1_lr0_01_lr0_01_optgd_epochs100_epochs0_001_epochs0_001_clusters8__rep1,65,0.8928571428571429,tensor(0.1560, grad_fn=<SqueezeBackward0>),tensor(-0.4561, grad_fn=<NegBackward0>),4224,108.5121374130249,8,0.5,,20
double_cake,random,random_lr0_1_lr0_01_lr0_01_optgd_epochs100_epochs0_001_epochs0_001_clusters6__rep1,66,0.8928571428571429,tensor(0.1497, grad_fn=<SqueezeBackward0>),tensor(-0.4789, grad_fn=<NegBackward0>),2412,109.5673143863678,6,0.5,,20
double_cake,random,random_lr0_1_lr0_01_lr0_01_optgd_epochs100_epochs0_001_epochs0_001_clusters8__rep1,66,0.8928571428571429,tensor(0.1566, grad_fn=<SqueezeBackward0>),tensor(-0.4841, grad_fn=<NegBackward0>),4288,103.87538695335388,8,0.5,,20
double_cake,random,random_lr0_1_lr0_01_lr0_01_optgd_epochs100_epochs0_001_epochs0_001_clusters6__rep1,67,0.8928571428571429,tensor(0.1505, grad_fn=<SqueezeBackward0>),tensor(-0.3902, grad_fn=<NegBackward0>),2448,107.44450998306274,6,0.5,,20
double_cake,random,random_lr0_1_lr0_01_lr0_01_optgd_epochs100_epochs0_001_epochs0_001_clusters8__rep1,67,0.8928571428571429,tensor(0.1586, grad_fn=<SqueezeBackward0>),tensor(-0.3763, grad_fn=<NegBackward0>),4352,108.7340030670166,8,0.5,,20
double_cake,random,random_lr0_1_lr0_01_lr0_01_optgd_epochs100_epochs0_001_epochs0_001_clusters6__rep1,68,0.8928571428571429,tensor(0.1510, grad_fn=<SqueezeBackward0>),tensor(-0.3827, grad_fn=<NegBackward0>),2484,108.3557779788971,6,0.5,,20
double_cake,random,random_lr0_1_lr0_01_lr0_01_optgd_epochs100_epochs0_001_epochs0_001_clusters8__rep1,68,0.8928571428571429,tensor(0.1597, grad_fn=<SqueezeBackward0>),tensor(-0.3750, grad_fn=<NegBackward0>),4416,110.46915984153748,8,0.5,,20
double_cake,random,random_lr0_1_lr0_01_lr0_01_optgd_epochs100_epochs0_001_epochs0_001_clusters6__rep1,69,0.8928571428571429,tensor(0.1518, grad_fn=<SqueezeBackward0>),tensor(-0.2458, grad_fn=<NegBackward0>),2520,112.71096301078796,6,0.5,,20
double_cake,random,random_lr0_1_lr0_01_lr0_01_optgd_epochs100_epochs0_001_epochs0_001_clusters8__rep1,69,0.8928571428571429,tensor(0.1612, grad_fn=<SqueezeBackward0>),tensor(-0.2912, grad_fn=<NegBackward0>),4480,107.23900485038757,8,0.5,,20
double_cake,random,random_lr0_1_lr0_01_lr0_01_optgd_epochs100_epochs0_001_epochs0_001_clusters6__rep1,70,0.8928571428571429,tensor(0.1512, grad_fn=<SqueezeBackward0>),tensor(-0.4420, grad_fn=<NegBackward0>),2556,102.90902018547058,6,0.5,,20
double_cake,random,random_lr0_1_lr0_01_lr0_01_optgd_epochs100_epochs0_001_epochs0_001_clusters8__rep1,70,0.8928571428571429,tensor(0.1614, grad_fn=<SqueezeBackward0>),tensor(-0.4145, grad_fn=<NegBackward0>),4544,109.6596360206604,8,0.5,,20
double_cake,random,random_lr0_1_lr0_01_lr0_01_optgd_epochs100_epochs0_001_epochs0_001_clusters6__rep1,71,0.8928571428571429,tensor(0.1518, grad_fn=<SqueezeBackward0>),tensor(-0.4492, grad_fn=<NegBackward0>),2592,110.86735606193542,6,0.5,,20
double_cake,random,random_lr0_1_lr0_01_lr0_01_optgd_epochs100_epochs0_001_epochs0_001_clusters8__rep1,71,0.8928571428571429,tensor(0.1613, grad_fn=<SqueezeBackward0>),tensor(-0.4360, grad_fn=<NegBackward0>),4608,104.95673894882202,8,0.5,,20
double_cake,random,random_lr0_1_lr0_01_lr0_01_optgd_epochs100_epochs0_001_epochs0_001_clusters6__rep1,72,0.8928571428571429,tensor(0.1530, grad_fn=<SqueezeBackward0>),tensor(-0.3840, grad_fn=<NegBackward0>),2628,111.31890082359314,6,0.5,,20
double_cake,random,random_lr0_1_lr0_01_lr0_01_optgd_epochs100_epochs0_001_epochs0_001_clusters8__rep1,72,0.8928571428571429,tensor(0.1623, grad_fn=<SqueezeBackward0>),tensor(-0.3843, grad_fn=<NegBackward0>),4672,109.40499711036682,8,0.5,,20
double_cake,random,random_lr0_1_lr0_01_lr0_01_optgd_epochs100_epochs0_001_epochs0_001_clusters6__rep1,73,0.8928571428571429,tensor(0.1530, grad_fn=<SqueezeBackward0>),tensor(-0.3320, grad_fn=<NegBackward0>),2664,107.4838273525238,6,0.5,,20
double_cake,random,random_lr0_1_lr0_01_lr0_01_optgd_epochs100_epochs0_001_epochs0_001_clusters8__rep1,73,0.8928571428571429,tensor(0.1625, grad_fn=<SqueezeBackward0>),tensor(-0.3083, grad_fn=<NegBackward0>),4736,114.83158898353577,8,0.5,,20
double_cake,random,random_lr0_1_lr0_01_lr0_01_optgd_epochs100_epochs0_001_epochs0_001_clusters6__rep1,74,0.8928571428571429,tensor(0.1532, grad_fn=<SqueezeBackward0>),tensor(-0.4046, grad_fn=<NegBackward0>),2700,111.40006709098816,6,0.5,,20
double_cake,random,random_lr0_1_lr0_01_lr0_01_optgd_epochs100_epochs0_001_epochs0_001_clusters8__rep1,74,0.8928571428571429,tensor(0.1625, grad_fn=<SqueezeBackward0>),tensor(-0.3047, grad_fn=<NegBackward0>),4800,107.62201118469238,8,0.5,,20
double_cake,random,random_lr0_1_lr0_01_lr0_01_optgd_epochs100_epochs0_001_epochs0_001_clusters6__rep1,75,0.8928571428571429,tensor(0.1535, grad_fn=<SqueezeBackward0>),tensor(-0.4173, grad_fn=<NegBackward0>),2736,105.09812808036804,6,0.5,,20
double_cake,random,random_lr0_1_lr0_01_lr0_01_optgd_epochs100_epochs0_001_epochs0_001_clusters8__rep1,75,0.8928571428571429,tensor(0.1631, grad_fn=<SqueezeBackward0>),tensor(-0.3459, grad_fn=<NegBackward0>),4864,106.51810693740845,8,0.5,,20
double_cake,random,random_lr0_1_lr0_01_lr0_01_optgd_epochs100_epochs0_001_epochs0_001_clusters6__rep1,76,0.8928571428571429,tensor(0.1535, grad_fn=<SqueezeBackward0>),tensor(-0.4362, grad_fn=<NegBackward0>),2772,111.21131587028503,6,0.5,,20
double_cake,random,random_lr0_1_lr0_01_lr0_01_optgd_epochs100_epochs0_001_epochs0_001_clusters8__rep1,76,0.8928571428571429,tensor(0.1637, grad_fn=<SqueezeBackward0>),tensor(-0.3913, grad_fn=<NegBackward0>),4928,112.0271897315979,8,0.5,,20
double_cake,random,random_lr0_1_lr0_01_lr0_01_optgd_epochs100_epochs0_001_epochs0_001_clusters6__rep1,77,0.8928571428571429,tensor(0.1537, grad_fn=<SqueezeBackward0>),tensor(-0.5814, grad_fn=<NegBackward0>),2808,108.50414800643921,6,0.5,,20
double_cake,random,random_lr0_1_lr0_01_lr0_01_optgd_epochs100_epochs0_001_epochs0_001_clusters8__rep1,77,0.8928571428571429,tensor(0.1640, grad_fn=<SqueezeBackward0>),tensor(-0.4731, grad_fn=<NegBackward0>),4992,108.16029214859009,8,0.5,,20
double_cake,random,random_lr0_1_lr0_01_lr0_01_optgd_epochs100_epochs0_001_epochs0_001_clusters6__rep1,78,0.8928571428571429,tensor(0.1540, grad_fn=<SqueezeBackward0>),tensor(-0.4491, grad_fn=<NegBackward0>),2844,106.24947786331177,6,0.5,,20
double_cake,random,random_lr0_1_lr0_01_lr0_01_optgd_epochs100_epochs0_001_epochs0_001_clusters8__rep1,78,0.8928571428571429,tensor(0.1641, grad_fn=<SqueezeBackward0>),tensor(-0.4197, grad_fn=<NegBackward0>),5056,108.63156723976135,8,0.5,,20
double_cake,random,random_lr0_1_lr0_01_lr0_01_optgd_epochs100_epochs0_001_epochs0_001_clusters6__rep1,79,0.8928571428571429,tensor(0.1537, grad_fn=<SqueezeBackward0>),tensor(-0.4155, grad_fn=<NegBackward0>),2880,110.0836329460144,6,0.5,,20
double_cake,random,random_lr0_1_lr0_01_lr0_01_optgd_epochs100_epochs0_001_epochs0_001_clusters8__rep1,79,0.8928571428571429,tensor(0.1640, grad_fn=<SqueezeBackward0>),tensor(-0.3844, grad_fn=<NegBackward0>),5120,105.02921891212463,8,0.5,,20
double_cake,random,random_lr0_1_lr0_01_lr0_01_optgd_epochs100_epochs0_001_epochs0_001_clusters6__rep1,80,0.8928571428571429,tensor(0.1527, grad_fn=<SqueezeBackward0>),tensor(-0.3765, grad_fn=<NegBackward0>),2916,110.23550724983215,6,0.5,,20
double_cake,random,random_lr0_1_lr0_01_lr0_01_optgd_epochs100_epochs0_001_epochs0_001_clusters8__rep1,80,0.8928571428571429,tensor(0.1636, grad_fn=<SqueezeBackward0>),tensor(-0.3478, grad_fn=<NegBackward0>),5184,109.04428172111511,8,0.5,,20
double_cake,random,random_lr0_1_lr0_01_lr0_01_optgd_epochs100_epochs0_001_epochs0_001_clusters6__rep1,81,0.8928571428571429,tensor(0.1528, grad_fn=<SqueezeBackward0>),tensor(-0.3290, grad_fn=<NegBackward0>),2952,109.13200783729553,6,0.5,,20
double_cake,random,random_lr0_1_lr0_01_lr0_01_optgd_epochs100_epochs0_001_epochs0_001_clusters8__rep1,81,0.8928571428571429,tensor(0.1634, grad_fn=<SqueezeBackward0>),tensor(-0.3321, grad_fn=<NegBackward0>),5248,115.45144486427307,8,0.5,,20
double_cake,random,random_lr0_1_lr0_01_lr0_01_optgd_epochs100_epochs0_001_epochs0_001_clusters6__rep1,82,0.8928571428571429,tensor(0.1533, grad_fn=<SqueezeBackward0>),tensor(-0.4767, grad_fn=<NegBackward0>),2988,107.87231993675232,6,0.5,,20
double_cake,random,random_lr0_1_lr0_01_lr0_01_optgd_epochs100_epochs0_001_epochs0_001_clusters8__rep1,82,0.8928571428571429,tensor(0.1637, grad_fn=<SqueezeBackward0>),tensor(-0.3638, grad_fn=<NegBackward0>),5312,108.97910499572754,8,0.5,,20
double_cake,random,random_lr0_1_lr0_01_lr0_01_optgd_epochs100_epochs0_001_epochs0_001_clusters6__rep1,83,0.8928571428571429,tensor(0.1549, grad_fn=<SqueezeBackward0>),tensor(-0.3774, grad_fn=<NegBackward0>),3024,108.07294607162476,6,0.5,,20
double_cake,random,random_lr0_1_lr0_01_lr0_01_optgd_epochs100_epochs0_001_epochs0_001_clusters8__rep1,83,0.8928571428571429,tensor(0.1641, grad_fn=<SqueezeBackward0>),tensor(-0.3925, grad_fn=<NegBackward0>),5376,110.59636998176575,8,0.5,,20
double_cake,random,random_lr0_1_lr0_01_lr0_01_optgd_epochs100_epochs0_001_epochs0_001_clusters6__rep1,84,0.8928571428571429,tensor(0.1548, grad_fn=<SqueezeBackward0>),tensor(-0.4869, grad_fn=<NegBackward0>),3060,111.71624994277954,6,0.5,,20
double_cake,random,random_lr0_1_lr0_01_lr0_01_optgd_epochs100_epochs0_001_epochs0_001_clusters8__rep1,84,0.8928571428571429,tensor(0.1641, grad_fn=<SqueezeBackward0>),tensor(-0.3805, grad_fn=<NegBackward0>),5440,111.58471608161926,8,0.5,,20
double_cake,random,random_lr0_1_lr0_01_lr0_01_optgd_epochs100_epochs0_001_epochs0_001_clusters6__rep1,85,0.8928571428571429,tensor(0.1552, grad_fn=<SqueezeBackward0>),tensor(-0.4349, grad_fn=<NegBackward0>),3096,111.44371104240417,6,0.5,,20
double_cake,random,random_lr0_1_lr0_01_lr0_01_optgd_epochs100_epochs0_001_epochs0_001_clusters8__rep1,85,0.8928571428571429,tensor(0.1644, grad_fn=<SqueezeBackward0>),tensor(-0.4499, grad_fn=<NegBackward0>),5504,108.79497194290161,8,0.5,,20
double_cake,random,random_lr0_1_lr0_01_lr0_01_optgd_epochs100_epochs0_001_epochs0_001_clusters6__rep1,86,0.8928571428571429,tensor(0.1555, grad_fn=<SqueezeBackward0>),tensor(-0.4040, grad_fn=<NegBackward0>),3132,112.59224891662598,6,0.5,,20
double_cake,random,random_lr0_1_lr0_01_lr0_01_optgd_epochs100_epochs0_001_epochs0_001_clusters8__rep1,86,0.8928571428571429,tensor(0.1636, grad_fn=<SqueezeBackward0>),tensor(-0.4475, grad_fn=<NegBackward0>),5568,110.93370699882507,8,0.5,,20
double_cake,random,random_lr0_1_lr0_01_lr0_01_optgd_epochs100_epochs0_001_epochs0_001_clusters6__rep1,87,0.8928571428571429,tensor(0.1557, grad_fn=<SqueezeBackward0>),tensor(-0.4127, grad_fn=<NegBackward0>),3168,111.75012683868408,6,0.5,,20
double_cake,random,random_lr0_1_lr0_01_lr0_01_optgd_epochs100_epochs0_001_epochs0_001_clusters8__rep1,87,0.8928571428571429,tensor(0.1648, grad_fn=<SqueezeBackward0>),tensor(-0.3336, grad_fn=<NegBackward0>),5632,111.7038459777832,8,0.5,,20
double_cake,random,random_lr0_1_lr0_01_lr0_01_optgd_epochs100_epochs0_001_epochs0_001_clusters6__rep1,88,0.8928571428571429,tensor(0.1561, grad_fn=<SqueezeBackward0>),tensor(-0.4740, grad_fn=<NegBackward0>),3204,107.98764371871948,6,0.5,,20
double_cake,random,random_lr0_1_lr0_01_lr0_01_optgd_epochs100_epochs0_001_epochs0_001_clusters8__rep1,88,0.8928571428571429,tensor(0.1650, grad_fn=<SqueezeBackward0>),tensor(-0.4993, grad_fn=<NegBackward0>),5696,108.38261890411377,8,0.5,,20
double_cake,random,random_lr0_1_lr0_01_lr0_01_optgd_epochs100_epochs0_001_epochs0_001_clusters6__rep1,89,0.8928571428571429,tensor(0.1567, grad_fn=<SqueezeBackward0>),tensor(-0.4172, grad_fn=<NegBackward0>),3240,112.0713140964508,6,0.5,,20
double_cake,random,random_lr0_1_lr0_01_lr0_01_optgd_epochs100_epochs0_001_epochs0_001_clusters8__rep1,89,0.8928571428571429,tensor(0.1648, grad_fn=<SqueezeBackward0>),tensor(-0.3184, grad_fn=<NegBackward0>),5760,111.44515609741211,8,0.5,,20
double_cake,random,random_lr0_1_lr0_01_lr0_01_optgd_epochs100_epochs0_001_epochs0_001_clusters6__rep1,90,0.8928571428571429,tensor(0.1574, grad_fn=<SqueezeBackward0>),tensor(-0.5031, grad_fn=<NegBackward0>),3276,108.30373811721802,6,0.5,,20
double_cake,random,random_lr0_1_lr0_01_lr0_01_optgd_epochs100_epochs0_001_epochs0_001_clusters8__rep1,90,0.8928571428571429,tensor(0.1667, grad_fn=<SqueezeBackward0>),tensor(-0.4343, grad_fn=<NegBackward0>),5824,110.23803496360779,8,0.5,,20
double_cake,random,random_lr0_1_lr0_01_lr0_01_optgd_epochs100_epochs0_001_epochs0_001_clusters6__rep1,91,0.8928571428571429,tensor(0.1577, grad_fn=<SqueezeBackward0>),tensor(-0.5789, grad_fn=<NegBackward0>),3312,108.14080715179443,6,0.5,,20
double_cake,random,random_lr0_1_lr0_01_lr0_01_optgd_epochs100_epochs0_001_epochs0_001_clusters8__rep1,91,0.8928571428571429,tensor(0.1673, grad_fn=<SqueezeBackward0>),tensor(-0.4003, grad_fn=<NegBackward0>),5888,112.04629874229431,8,0.5,,20
double_cake,random,random_lr0_1_lr0_01_lr0_01_optgd_epochs100_epochs0_001_epochs0_001_clusters6__rep1,92,0.8928571428571429,tensor(0.1575, grad_fn=<SqueezeBackward0>),tensor(-0.4166, grad_fn=<NegBackward0>),3348,106.74958181381226,6,0.5,,20
double_cake,random,random_lr0_1_lr0_01_lr0_01_optgd_epochs100_epochs0_001_epochs0_001_clusters8__rep1,92,0.8928571428571429,tensor(0.1672, grad_fn=<SqueezeBackward0>),tensor(-0.4384, grad_fn=<NegBackward0>),5952,106.52352476119995,8,0.5,,20
double_cake,random,random_lr0_1_lr0_01_lr0_01_optgd_epochs100_epochs0_001_epochs0_001_clusters6__rep1,93,0.8928571428571429,tensor(0.1576, grad_fn=<SqueezeBackward0>),tensor(-0.4569, grad_fn=<NegBackward0>),3384,108.45875287055969,6,0.5,,20
double_cake,random,random_lr0_1_lr0_01_lr0_01_optgd_epochs100_epochs0_001_epochs0_001_clusters8__rep1,93,0.8928571428571429,tensor(0.1673, grad_fn=<SqueezeBackward0>),tensor(-0.3420, grad_fn=<NegBackward0>),6016,110.67281484603882,8,0.5,,20
double_cake,random,random_lr0_1_lr0_01_lr0_01_optgd_epochs100_epochs0_001_epochs0_001_clusters6__rep1,94,0.8928571428571429,tensor(0.1579, grad_fn=<SqueezeBackward0>),tensor(-0.4579, grad_fn=<NegBackward0>),3420,111.26905274391174,6,0.5,,20
double_cake,random,random_lr0_1_lr0_01_lr0_01_optgd_epochs100_epochs0_001_epochs0_001_clusters8__rep1,94,0.8928571428571429,tensor(0.1662, grad_fn=<SqueezeBackward0>),tensor(-0.4178, grad_fn=<NegBackward0>),6080,110.51736783981323,8,0.5,,20
double_cake,random,random_lr0_1_lr0_01_lr0_01_optgd_epochs100_epochs0_001_epochs0_001_clusters6__rep1,95,0.8928571428571429,tensor(0.1585, grad_fn=<SqueezeBackward0>),tensor(-0.4188, grad_fn=<NegBackward0>),3456,107.15053582191467,6,0.5,,20
double_cake,random,random_lr0_1_lr0_01_lr0_01_optgd_epochs100_epochs0_001_epochs0_001_clusters8__rep1,95,0.8928571428571429,tensor(0.1667, grad_fn=<SqueezeBackward0>),tensor(-0.4184, grad_fn=<NegBackward0>),6144,110.7191059589386,8,0.5,,20
double_cake,random,random_lr0_1_lr0_01_lr0_01_optgd_epochs100_epochs0_001_epochs0_001_clusters6__rep1,96,0.8928571428571429,tensor(0.1583, grad_fn=<SqueezeBackward0>),tensor(-0.4486, grad_fn=<NegBackward0>),3492,109.05222129821777,6,0.5,,20
double_cake,random,random_lr0_1_lr0_01_lr0_01_optgd_epochs100_epochs0_001_epochs0_001_clusters8__rep1,96,0.8928571428571429,tensor(0.1659, grad_fn=<SqueezeBackward0>),tensor(-0.3563, grad_fn=<NegBackward0>),6208,107.52271509170532,8,0.5,,20
double_cake,random,random_lr0_1_lr0_01_lr0_01_optgd_epochs100_epochs0_001_epochs0_001_clusters6__rep1,97,0.8928571428571429,tensor(0.1581, grad_fn=<SqueezeBackward0>),tensor(-0.3788, grad_fn=<NegBackward0>),3528,112.835764169693,6,0.5,,20
double_cake,random,random_lr0_1_lr0_01_lr0_01_optgd_epochs100_epochs0_001_epochs0_001_clusters8__rep1,97,0.8928571428571429,tensor(0.1661, grad_fn=<SqueezeBackward0>),tensor(-0.3726, grad_fn=<NegBackward0>),6272,114.98237109184265,8,0.5,,20
double_cake,random,random_lr0_1_lr0_01_lr0_01_optgd_epochs100_epochs0_001_epochs0_001_clusters6__rep1,98,0.8928571428571429,tensor(0.1583, grad_fn=<SqueezeBackward0>),tensor(-0.3327, grad_fn=<NegBackward0>),3564,110.17912101745605,6,0.5,,20
double_cake,random,random_lr0_1_lr0_01_lr0_01_optgd_epochs100_epochs0_001_epochs0_001_clusters8__rep1,98,0.8928571428571429,tensor(0.1661, grad_fn=<SqueezeBackward0>),tensor(-0.2497, grad_fn=<NegBackward0>),6336,107.24213790893555,8,0.5,,20
double_cake,random,random_lr0_1_lr0_01_lr0_01_optgd_epochs100_epochs0_001_epochs0_001_clusters6__rep1,99,0.8928571428571429,tensor(0.1584, grad_fn=<SqueezeBackward0>),tensor(-0.4764, grad_fn=<NegBackward0>),3600,111.67096877098083,6,0.5,,20
double_cake,random,random_lr0_1_lr0_01_lr0_01_optgd_epochs100_epochs0_001_epochs0_001_clusters8__rep1,99,0.8928571428571429,tensor(0.1676, grad_fn=<SqueezeBackward0>),tensor(-0.4881, grad_fn=<NegBackward0>),6400,109.31674599647522,8,0.5,,20
double_cake,random,random_lr0_1_lr0_01_lr0_01_optgd_epochs100_epochs0_001_epochs0_001_clusters10__rep1,0,0.8571428571428571,tensor(0.1127, grad_fn=<SqueezeBackward0>),tensor(-0.3197, grad_fn=<NegBackward0>),100,105.53841090202332,10,0.5,,20
double_cake,random,random_lr0_1_lr0_01_lr0_01_optgd_epochs100_epochs0_001_epochs0_001_clusters2__rep1,0,0.84375,tensor(0.0887, grad_fn=<SqueezeBackward0>),tensor(-0.7140, grad_fn=<NegBackward0>),4,135.71390390396118,2,0.5,,20
double_cake,random,random_lr0_1_lr0_01_lr0_01_optgd_epochs100_epochs0_001_epochs0_001_clusters10__rep1,1,0.8571428571428571,tensor(0.1138, grad_fn=<SqueezeBackward0>),tensor(-0.3360, grad_fn=<NegBackward0>),200,106.9891037940979,10,0.5,,20
double_cake,random,random_lr0_1_lr0_01_lr0_01_optgd_epochs100_epochs0_001_epochs0_001_clusters10__rep1,2,0.8571428571428571,tensor(0.1134, grad_fn=<SqueezeBackward0>),tensor(-0.2453, grad_fn=<NegBackward0>),300,114.01718497276306,10,0.5,,20
double_cake,random,random_lr0_1_lr0_01_lr0_01_optgd_epochs100_epochs0_001_epochs0_001_clusters2__rep1,1,0.84375,tensor(0.0891, grad_fn=<SqueezeBackward0>),tensor(-0.7367, grad_fn=<NegBackward0>),8,146.38977909088135,2,0.5,,20
double_cake,random,random_lr0_1_lr0_01_lr0_01_optgd_epochs100_epochs0_001_epochs0_001_clusters10__rep1,3,0.8571428571428571,tensor(0.1127, grad_fn=<SqueezeBackward0>),tensor(-0.2827, grad_fn=<NegBackward0>),400,108.90281295776367,10,0.5,,20
double_cake,random,random_lr0_1_lr0_01_lr0_01_optgd_epochs100_epochs0_001_epochs0_001_clusters2__rep1,2,0.84375,tensor(0.0889, grad_fn=<SqueezeBackward0>),tensor(-0.7234, grad_fn=<NegBackward0>),12,146.7348439693451,2,0.5,,20
double_cake,random,random_lr0_1_lr0_01_lr0_01_optgd_epochs100_epochs0_001_epochs0_001_clusters10__rep1,4,0.8571428571428571,tensor(0.1134, grad_fn=<SqueezeBackward0>),tensor(-0.2230, grad_fn=<NegBackward0>),500,109.35561180114746,10,0.5,,20
double_cake,random,random_lr0_1_lr0_01_lr0_01_optgd_epochs100_epochs0_001_epochs0_001_clusters2__rep1,3,0.84375,tensor(0.0894, grad_fn=<SqueezeBackward0>),tensor(-0.7979, grad_fn=<NegBackward0>),16,139.13589096069336,2,0.5,,20
double_cake,random,random_lr0_1_lr0_01_lr0_01_optgd_epochs100_epochs0_001_epochs0_001_clusters10__rep1,5,0.8571428571428571,tensor(0.1126, grad_fn=<SqueezeBackward0>),tensor(-0.3434, grad_fn=<NegBackward0>),600,107.12485408782959,10,0.5,,20
double_cake,random,random_lr0_1_lr0_01_lr0_01_optgd_epochs100_epochs0_001_epochs0_001_clusters10__rep1,6,0.8571428571428571,tensor(0.1125, grad_fn=<SqueezeBackward0>),tensor(-0.3188, grad_fn=<NegBackward0>),700,114.57815599441528,10,0.5,,20
double_cake,random,random_lr0_1_lr0_01_lr0_01_optgd_epochs100_epochs0_001_epochs0_001_clusters2__rep1,4,0.84375,tensor(0.0894, grad_fn=<SqueezeBackward0>),tensor(-0.6326, grad_fn=<NegBackward0>),20,150.18181085586548,2,0.5,,20
double_cake,random,random_lr0_1_lr0_01_lr0_01_optgd_epochs100_epochs0_001_epochs0_001_clusters10__rep1,7,0.8571428571428571,tensor(0.1133, grad_fn=<SqueezeBackward0>),tensor(-0.3912, grad_fn=<NegBackward0>),800,107.49350786209106,10,0.5,,20
double_cake,random,random_lr0_1_lr0_01_lr0_01_optgd_epochs100_epochs0_001_epochs0_001_clusters2__rep1,5,0.84375,tensor(0.0895, grad_fn=<SqueezeBackward0>),tensor(-0.9975, grad_fn=<NegBackward0>),24,145.28587889671326,2,0.5,,20
double_cake,random,random_lr0_1_lr0_01_lr0_01_optgd_epochs100_epochs0_001_epochs0_001_clusters10__rep1,8,0.8571428571428571,tensor(0.1137, grad_fn=<SqueezeBackward0>),tensor(-0.3222, grad_fn=<NegBackward0>),900,114.44697499275208,10,0.5,,20
double_cake,random,random_lr0_1_lr0_01_lr0_01_optgd_epochs100_epochs0_001_epochs0_001_clusters2__rep1,6,0.84375,tensor(0.0895, grad_fn=<SqueezeBackward0>),tensor(-1.0000, grad_fn=<NegBackward0>),28,143.734797000885,2,0.5,,20
double_cake,random,random_lr0_1_lr0_01_lr0_01_optgd_epochs100_epochs0_001_epochs0_001_clusters10__rep1,9,0.8571428571428571,tensor(0.1142, grad_fn=<SqueezeBackward0>),tensor(-0.3034, grad_fn=<NegBackward0>),1000,108.50732803344727,10,0.5,,20
double_cake,random,random_lr0_1_lr0_01_lr0_01_optgd_epochs100_epochs0_001_epochs0_001_clusters10__rep1,10,0.8571428571428571,tensor(0.1144, grad_fn=<SqueezeBackward0>),tensor(-0.3327, grad_fn=<NegBackward0>),1100,113.37152099609375,10,0.5,,20
double_cake,random,random_lr0_1_lr0_01_lr0_01_optgd_epochs100_epochs0_001_epochs0_001_clusters2__rep1,7,0.84375,tensor(0.0897, grad_fn=<SqueezeBackward0>),tensor(-0.6813, grad_fn=<NegBackward0>),32,147.95813083648682,2,0.5,,20
double_cake,random,random_lr0_1_lr0_01_lr0_01_optgd_epochs100_epochs0_001_epochs0_001_clusters10__rep1,11,0.8571428571428571,tensor(0.1147, grad_fn=<SqueezeBackward0>),tensor(-0.3243, grad_fn=<NegBackward0>),1200,111.82778906822205,10,0.5,,20
double_cake,random,random_lr0_1_lr0_01_lr0_01_optgd_epochs100_epochs0_001_epochs0_001_clusters2__rep1,8,0.84375,tensor(0.0892, grad_fn=<SqueezeBackward0>),tensor(-0.6200, grad_fn=<NegBackward0>),36,144.1168110370636,2,0.5,,20
double_cake,random,random_lr0_1_lr0_01_lr0_01_optgd_epochs100_epochs0_001_epochs0_001_clusters10__rep1,12,0.8571428571428571,tensor(0.1155, grad_fn=<SqueezeBackward0>),tensor(-0.2984, grad_fn=<NegBackward0>),1300,110.83771014213562,10,0.5,,20
double_cake,random,random_lr0_1_lr0_01_lr0_01_optgd_epochs100_epochs0_001_epochs0_001_clusters2__rep1,9,0.84375,tensor(0.0890, grad_fn=<SqueezeBackward0>),tensor(-0.1025, grad_fn=<NegBackward0>),40,147.66213083267212,2,0.5,,20
double_cake,random,random_lr0_1_lr0_01_lr0_01_optgd_epochs100_epochs0_001_epochs0_001_clusters10__rep1,13,0.8571428571428571,tensor(0.1167, grad_fn=<SqueezeBackward0>),tensor(-0.3446, grad_fn=<NegBackward0>),1400,113.79032969474792,10,0.5,,20
double_cake,random,random_lr0_1_lr0_01_lr0_01_optgd_epochs100_epochs0_001_epochs0_001_clusters2__rep1,10,0.84375,tensor(0.0889, grad_fn=<SqueezeBackward0>),tensor(-0.7074, grad_fn=<NegBackward0>),44,142.3296458721161,2,0.5,,20
double_cake,random,random_lr0_1_lr0_01_lr0_01_optgd_epochs100_epochs0_001_epochs0_001_clusters10__rep1,14,0.8928571428571429,tensor(0.1186, grad_fn=<SqueezeBackward0>),tensor(-0.2785, grad_fn=<NegBackward0>),1500,103.67974591255188,10,0.5,,20
double_cake,random,random_lr0_1_lr0_01_lr0_01_optgd_epochs100_epochs0_001_epochs0_001_clusters10__rep1,15,0.8928571428571429,tensor(0.1191, grad_fn=<SqueezeBackward0>),tensor(-0.3325, grad_fn=<NegBackward0>),1600,115.19486379623413,10,0.5,,20
double_cake,random,random_lr0_1_lr0_01_lr0_01_optgd_epochs100_epochs0_001_epochs0_001_clusters2__rep1,11,0.84375,tensor(0.0896, grad_fn=<SqueezeBackward0>),tensor(-0.7958, grad_fn=<NegBackward0>),48,144.49312210083008,2,0.5,,20
double_cake,random,random_lr0_1_lr0_01_lr0_01_optgd_epochs100_epochs0_001_epochs0_001_clusters10__rep1,16,0.8928571428571429,tensor(0.1205, grad_fn=<SqueezeBackward0>),tensor(-0.2435, grad_fn=<NegBackward0>),1700,113.40032601356506,10,0.5,,20
double_cake,random,random_lr0_1_lr0_01_lr0_01_optgd_epochs100_epochs0_001_epochs0_001_clusters2__rep1,12,0.84375,tensor(0.0899, grad_fn=<SqueezeBackward0>),tensor(-0.6268, grad_fn=<NegBackward0>),52,145.20838117599487,2,0.5,,20
double_cake,random,random_lr0_1_lr0_01_lr0_01_optgd_epochs100_epochs0_001_epochs0_001_clusters10__rep1,17,0.9285714285714286,tensor(0.1222, grad_fn=<SqueezeBackward0>),tensor(-0.3370, grad_fn=<NegBackward0>),1800,114.09329795837402,10,0.5,,20
double_cake,random,random_lr0_1_lr0_01_lr0_01_optgd_epochs100_epochs0_001_epochs0_001_clusters2__rep1,13,0.8125,tensor(0.0897, grad_fn=<SqueezeBackward0>),tensor(-0.7542, grad_fn=<NegBackward0>),56,151.79183101654053,2,0.5,,20
double_cake,random,random_lr0_1_lr0_01_lr0_01_optgd_epochs100_epochs0_001_epochs0_001_clusters10__rep1,18,0.9285714285714286,tensor(0.1235, grad_fn=<SqueezeBackward0>),tensor(-0.3428, grad_fn=<NegBackward0>),1900,115.34625601768494,10,0.5,,20
double_cake,random,random_lr0_1_lr0_01_lr0_01_optgd_epochs100_epochs0_001_epochs0_001_clusters10__rep1,19,0.9285714285714286,tensor(0.1221, grad_fn=<SqueezeBackward0>),tensor(-0.2576, grad_fn=<NegBackward0>),2000,113.81084990501404,10,0.5,,20
double_cake,random,random_lr0_1_lr0_01_lr0_01_optgd_epochs100_epochs0_001_epochs0_001_clusters2__rep1,14,0.84375,tensor(0.0895, grad_fn=<SqueezeBackward0>),tensor(-0.7208, grad_fn=<NegBackward0>),60,147.16158390045166,2,0.5,,20
double_cake,random,random_lr0_1_lr0_01_lr0_01_optgd_epochs100_epochs0_001_epochs0_001_clusters10__rep1,20,0.9285714285714286,tensor(0.1241, grad_fn=<SqueezeBackward0>),tensor(-0.3709, grad_fn=<NegBackward0>),2100,109.91313982009888,10,0.5,,20
double_cake,random,random_lr0_1_lr0_01_lr0_01_optgd_epochs100_epochs0_001_epochs0_001_clusters2__rep1,15,0.84375,tensor(0.0897, grad_fn=<SqueezeBackward0>),tensor(-0.7475, grad_fn=<NegBackward0>),64,152.1244957447052,2,0.5,,20
double_cake,random,random_lr0_1_lr0_01_lr0_01_optgd_epochs100_epochs0_001_epochs0_001_clusters10__rep1,21,0.9285714285714286,tensor(0.1242, grad_fn=<SqueezeBackward0>),tensor(-0.3584, grad_fn=<NegBackward0>),2200,116.3046510219574,10,0.5,,20
double_cake,random,random_lr0_1_lr0_01_lr0_01_optgd_epochs100_epochs0_001_epochs0_001_clusters2__rep1,16,0.8125,tensor(0.0907, grad_fn=<SqueezeBackward0>),tensor(-0.6551, grad_fn=<NegBackward0>),68,146.31530690193176,2,0.5,,20
double_cake,random,random_lr0_1_lr0_01_lr0_01_optgd_epochs100_epochs0_001_epochs0_001_clusters10__rep1,22,0.9285714285714286,tensor(0.1250, grad_fn=<SqueezeBackward0>),tensor(-0.3506, grad_fn=<NegBackward0>),2300,113.0433521270752,10,0.5,,20
double_cake,random,random_lr0_1_lr0_01_lr0_01_optgd_epochs100_epochs0_001_epochs0_001_clusters10__rep1,23,0.9285714285714286,tensor(0.1275, grad_fn=<SqueezeBackward0>),tensor(-0.2974, grad_fn=<NegBackward0>),2400,116.43470907211304,10,0.5,,20
double_cake,random,random_lr0_1_lr0_01_lr0_01_optgd_epochs100_epochs0_001_epochs0_001_clusters2__rep1,17,0.8125,tensor(0.0907, grad_fn=<SqueezeBackward0>),tensor(-0.6976, grad_fn=<NegBackward0>),72,151.42535400390625,2,0.5,,20
double_cake,random,random_lr0_1_lr0_01_lr0_01_optgd_epochs100_epochs0_001_epochs0_001_clusters10__rep1,24,0.9285714285714286,tensor(0.1275, grad_fn=<SqueezeBackward0>),tensor(-0.2737, grad_fn=<NegBackward0>),2500,110.91892504692078,10,0.5,,20
double_cake,random,random_lr0_1_lr0_01_lr0_01_optgd_epochs100_epochs0_001_epochs0_001_clusters2__rep1,18,0.8125,tensor(0.0927, grad_fn=<SqueezeBackward0>),tensor(-0.6002, grad_fn=<NegBackward0>),76,152.5562219619751,2,0.5,,20
double_cake,random,random_lr0_1_lr0_01_lr0_01_optgd_epochs100_epochs0_001_epochs0_001_clusters10__rep1,25,0.9285714285714286,tensor(0.1283, grad_fn=<SqueezeBackward0>),tensor(-0.2683, grad_fn=<NegBackward0>),2600,115.2099039554596,10,0.5,,20
double_cake,random,random_lr0_1_lr0_01_lr0_01_optgd_epochs100_epochs0_001_epochs0_001_clusters2__rep1,19,0.84375,tensor(0.0932, grad_fn=<SqueezeBackward0>),tensor(-0.5774, grad_fn=<NegBackward0>),80,138.28723883628845,2,0.5,,20
double_cake,random,random_lr0_1_lr0_01_lr0_01_optgd_epochs100_epochs0_001_epochs0_001_clusters10__rep1,26,0.9285714285714286,tensor(0.1318, grad_fn=<SqueezeBackward0>),tensor(-0.2704, grad_fn=<NegBackward0>),2700,109.89093279838562,10,0.5,,20
double_cake,random,random_lr0_1_lr0_01_lr0_01_optgd_epochs100_epochs0_001_epochs0_001_clusters10__rep1,27,0.9285714285714286,tensor(0.1332, grad_fn=<SqueezeBackward0>),tensor(-0.3305, grad_fn=<NegBackward0>),2800,111.43680095672607,10,0.5,,20
double_cake,random,random_lr0_1_lr0_01_lr0_01_optgd_epochs100_epochs0_001_epochs0_001_clusters2__rep1,20,0.8125,tensor(0.0953, grad_fn=<SqueezeBackward0>),tensor(-0.8345, grad_fn=<NegBackward0>),84,150.5819571018219,2,0.5,,20
double_cake,random,random_lr0_1_lr0_01_lr0_01_optgd_epochs100_epochs0_001_epochs0_001_clusters10__rep1,28,0.9285714285714286,tensor(0.1339, grad_fn=<SqueezeBackward0>),tensor(-0.4020, grad_fn=<NegBackward0>),2900,112.10007405281067,10,0.5,,20
double_cake,random,random_lr0_1_lr0_01_lr0_01_optgd_epochs100_epochs0_001_epochs0_001_clusters2__rep1,21,0.8125,tensor(0.0951, grad_fn=<SqueezeBackward0>),tensor(-0.6592, grad_fn=<NegBackward0>),88,155.8998658657074,2,0.5,,20
double_cake,random,random_lr0_1_lr0_01_lr0_01_optgd_epochs100_epochs0_001_epochs0_001_clusters10__rep1,29,0.9285714285714286,tensor(0.1340, grad_fn=<SqueezeBackward0>),tensor(-0.3510, grad_fn=<NegBackward0>),3000,114.0585880279541,10,0.5,,20
double_cake,random,random_lr0_1_lr0_01_lr0_01_optgd_epochs100_epochs0_001_epochs0_001_clusters2__rep1,22,0.8125,tensor(0.0952, grad_fn=<SqueezeBackward0>),tensor(-0.8256, grad_fn=<NegBackward0>),92,147.8414969444275,2,0.5,,20
double_cake,random,random_lr0_1_lr0_01_lr0_01_optgd_epochs100_epochs0_001_epochs0_001_clusters10__rep1,30,0.9285714285714286,tensor(0.1358, grad_fn=<SqueezeBackward0>),tensor(-0.3180, grad_fn=<NegBackward0>),3100,109.44842886924744,10,0.5,,20
double_cake,random,random_lr0_1_lr0_01_lr0_01_optgd_epochs100_epochs0_001_epochs0_001_clusters10__rep1,31,0.9285714285714286,tensor(0.1363, grad_fn=<SqueezeBackward0>),tensor(-0.3156, grad_fn=<NegBackward0>),3200,121.73600888252258,10,0.5,,20
double_cake,random,random_lr0_1_lr0_01_lr0_01_optgd_epochs100_epochs0_001_epochs0_001_clusters2__rep1,23,0.8125,tensor(0.0941, grad_fn=<SqueezeBackward0>),tensor(-0.7592, grad_fn=<NegBackward0>),96,156.67242908477783,2,0.5,,20
double_cake,random,random_lr0_1_lr0_01_lr0_01_optgd_epochs100_epochs0_001_epochs0_001_clusters10__rep1,32,0.9285714285714286,tensor(0.1358, grad_fn=<SqueezeBackward0>),tensor(-0.2997, grad_fn=<NegBackward0>),3300,113.19695210456848,10,0.5,,20
double_cake,random,random_lr0_1_lr0_01_lr0_01_optgd_epochs100_epochs0_001_epochs0_001_clusters2__rep1,24,0.84375,tensor(0.0934, grad_fn=<SqueezeBackward0>),tensor(-0.7818, grad_fn=<NegBackward0>),100,145.8056719303131,2,0.5,,20
double_cake,random,random_lr0_1_lr0_01_lr0_01_optgd_epochs100_epochs0_001_epochs0_001_clusters10__rep1,33,0.8928571428571429,tensor(0.1370, grad_fn=<SqueezeBackward0>),tensor(-0.2265, grad_fn=<NegBackward0>),3400,113.46991300582886,10,0.5,,20
double_cake,random,random_lr0_1_lr0_01_lr0_01_optgd_epochs100_epochs0_001_epochs0_001_clusters2__rep1,25,0.8125,tensor(0.0963, grad_fn=<SqueezeBackward0>),tensor(-0.6356, grad_fn=<NegBackward0>),104,153.12420988082886,2,0.5,,20
double_cake,random,random_lr0_1_lr0_01_lr0_01_optgd_epochs100_epochs0_001_epochs0_001_clusters10__rep1,34,0.8928571428571429,tensor(0.1373, grad_fn=<SqueezeBackward0>),tensor(-0.3832, grad_fn=<NegBackward0>),3500,113.21342492103577,10,0.5,,20
double_cake,random,random_lr0_1_lr0_01_lr0_01_optgd_epochs100_epochs0_001_epochs0_001_clusters2__rep1,26,0.8125,tensor(0.0954, grad_fn=<SqueezeBackward0>),tensor(-0.7630, grad_fn=<NegBackward0>),108,137.18553280830383,2,0.5,,20
double_cake,random,random_lr0_1_lr0_01_lr0_01_optgd_epochs100_epochs0_001_epochs0_001_clusters10__rep1,35,0.8928571428571429,tensor(0.1373, grad_fn=<SqueezeBackward0>),tensor(-0.3491, grad_fn=<NegBackward0>),3600,110.39685487747192,10,0.5,,20
double_cake,random,random_lr0_1_lr0_01_lr0_01_optgd_epochs100_epochs0_001_epochs0_001_clusters10__rep1,36,0.8928571428571429,tensor(0.1382, grad_fn=<SqueezeBackward0>),tensor(-0.3969, grad_fn=<NegBackward0>),3700,114.84029483795166,10,0.5,,20
double_cake,random,random_lr0_1_lr0_01_lr0_01_optgd_epochs100_epochs0_001_epochs0_001_clusters2__rep1,27,0.84375,tensor(0.0955, grad_fn=<SqueezeBackward0>),tensor(-0.7333, grad_fn=<NegBackward0>),112,150.2931740283966,2,0.5,,20
double_cake,random,random_lr0_1_lr0_01_lr0_01_optgd_epochs100_epochs0_001_epochs0_001_clusters10__rep1,37,0.8928571428571429,tensor(0.1390, grad_fn=<SqueezeBackward0>),tensor(-0.3597, grad_fn=<NegBackward0>),3800,116.3952648639679,10,0.5,,20
double_cake,random,random_lr0_1_lr0_01_lr0_01_optgd_epochs100_epochs0_001_epochs0_001_clusters2__rep1,28,0.8125,tensor(0.0958, grad_fn=<SqueezeBackward0>),tensor(-0.6899, grad_fn=<NegBackward0>),116,153.7029459476471,2,0.5,,20
double_cake,random,random_lr0_1_lr0_01_lr0_01_optgd_epochs100_epochs0_001_epochs0_001_clusters10__rep1,38,0.8928571428571429,tensor(0.1394, grad_fn=<SqueezeBackward0>),tensor(-0.2842, grad_fn=<NegBackward0>),3900,112.63817501068115,10,0.5,,20
double_cake,random,random_lr0_1_lr0_01_lr0_01_optgd_epochs100_epochs0_001_epochs0_001_clusters2__rep1,29,0.8125,tensor(0.0958, grad_fn=<SqueezeBackward0>),tensor(-0.7175, grad_fn=<NegBackward0>),120,141.8890459537506,2,0.5,,20
double_cake,random,random_lr0_1_lr0_01_lr0_01_optgd_epochs100_epochs0_001_epochs0_001_clusters10__rep1,39,0.8928571428571429,tensor(0.1407, grad_fn=<SqueezeBackward0>),tensor(-0.3753, grad_fn=<NegBackward0>),4000,113.84518909454346,10,0.5,,20
double_cake,random,random_lr0_1_lr0_01_lr0_01_optgd_epochs100_epochs0_001_epochs0_001_clusters10__rep1,40,0.8928571428571429,tensor(0.1416, grad_fn=<SqueezeBackward0>),tensor(-0.3504, grad_fn=<NegBackward0>),4100,110.75050282478333,10,0.5,,20
double_cake,random,random_lr0_1_lr0_01_lr0_01_optgd_epochs100_epochs0_001_epochs0_001_clusters2__rep1,30,0.8125,tensor(0.0964, grad_fn=<SqueezeBackward0>),tensor(-0.6085, grad_fn=<NegBackward0>),124,152.5681529045105,2,0.5,,20
double_cake,random,random_lr0_1_lr0_01_lr0_01_optgd_epochs100_epochs0_001_epochs0_001_clusters10__rep1,41,0.8928571428571429,tensor(0.1418, grad_fn=<SqueezeBackward0>),tensor(-0.3809, grad_fn=<NegBackward0>),4200,118.7262830734253,10,0.5,,20
double_cake,random,random_lr0_1_lr0_01_lr0_01_optgd_epochs100_epochs0_001_epochs0_001_clusters2__rep1,31,0.8125,tensor(0.0962, grad_fn=<SqueezeBackward0>),tensor(-0.7664, grad_fn=<NegBackward0>),128,148.03209710121155,2,0.5,,20
double_cake,random,random_lr0_1_lr0_01_lr0_01_optgd_epochs100_epochs0_001_epochs0_001_clusters10__rep1,42,0.8928571428571429,tensor(0.1423, grad_fn=<SqueezeBackward0>),tensor(-0.3710, grad_fn=<NegBackward0>),4300,114.186448097229,10,0.5,,20
double_cake,random,random_lr0_1_lr0_01_lr0_01_optgd_epochs100_epochs0_001_epochs0_001_clusters2__rep1,32,0.8125,tensor(0.0956, grad_fn=<SqueezeBackward0>),tensor(-0.6022, grad_fn=<NegBackward0>),132,156.56669211387634,2,0.5,,20
double_cake,random,random_lr0_1_lr0_01_lr0_01_optgd_epochs100_epochs0_001_epochs0_001_clusters10__rep1,43,0.8928571428571429,tensor(0.1423, grad_fn=<SqueezeBackward0>),tensor(-0.3117, grad_fn=<NegBackward0>),4400,113.90359878540039,10,0.5,,20
double_cake,random,random_lr0_1_lr0_01_lr0_01_optgd_epochs100_epochs0_001_epochs0_001_clusters10__rep1,44,0.8928571428571429,tensor(0.1430, grad_fn=<SqueezeBackward0>),tensor(-0.3049, grad_fn=<NegBackward0>),4500,113.97109913825989,10,0.5,,20
double_cake,random,random_lr0_1_lr0_01_lr0_01_optgd_epochs100_epochs0_001_epochs0_001_clusters2__rep1,33,0.8125,tensor(0.0959, grad_fn=<SqueezeBackward0>),tensor(-0.6050, grad_fn=<NegBackward0>),136,147.98623895645142,2,0.5,,20
double_cake,random,random_lr0_1_lr0_01_lr0_01_optgd_epochs100_epochs0_001_epochs0_001_clusters10__rep1,45,0.8928571428571429,tensor(0.1419, grad_fn=<SqueezeBackward0>),tensor(-0.3574, grad_fn=<NegBackward0>),4600,113.71236109733582,10,0.5,,20
double_cake,random,random_lr0_1_lr0_01_lr0_01_optgd_epochs100_epochs0_001_epochs0_001_clusters2__rep1,34,0.8125,tensor(0.0959, grad_fn=<SqueezeBackward0>),tensor(-0.7711, grad_fn=<NegBackward0>),140,142.66004300117493,2,0.5,,20
double_cake,random,random_lr0_1_lr0_01_lr0_01_optgd_epochs100_epochs0_001_epochs0_001_clusters10__rep1,46,0.8928571428571429,tensor(0.1435, grad_fn=<SqueezeBackward0>),tensor(-0.3410, grad_fn=<NegBackward0>),4700,116.82913303375244,10,0.5,,20
double_cake,random,random_lr0_1_lr0_01_lr0_01_optgd_epochs100_epochs0_001_epochs0_001_clusters2__rep1,35,0.8125,tensor(0.0985, grad_fn=<SqueezeBackward0>),tensor(-0.6662, grad_fn=<NegBackward0>),144,155.05087089538574,2,0.5,,20
double_cake,random,random_lr0_1_lr0_01_lr0_01_optgd_epochs100_epochs0_001_epochs0_001_clusters10__rep1,47,0.8928571428571429,tensor(0.1433, grad_fn=<SqueezeBackward0>),tensor(-0.4139, grad_fn=<NegBackward0>),4800,110.29562211036682,10,0.5,,20
double_cake,random,random_lr0_1_lr0_01_lr0_01_optgd_epochs100_epochs0_001_epochs0_001_clusters2__rep1,36,0.8125,tensor(0.0985, grad_fn=<SqueezeBackward0>),tensor(-0.6979, grad_fn=<NegBackward0>),148,145.28447008132935,2,0.5,,20
double_cake,random,random_lr0_1_lr0_01_lr0_01_optgd_epochs100_epochs0_001_epochs0_001_clusters10__rep1,48,0.8928571428571429,tensor(0.1437, grad_fn=<SqueezeBackward0>),tensor(-0.3143, grad_fn=<NegBackward0>),4900,114.70553708076477,10,0.5,,20
double_cake,random,random_lr0_1_lr0_01_lr0_01_optgd_epochs100_epochs0_001_epochs0_001_clusters10__rep1,49,0.8928571428571429,tensor(0.1441, grad_fn=<SqueezeBackward0>),tensor(-0.3496, grad_fn=<NegBackward0>),5000,106.16142702102661,10,0.5,,20
double_cake,random,random_lr0_1_lr0_01_lr0_01_optgd_epochs100_epochs0_001_epochs0_001_clusters2__rep1,37,0.875,tensor(0.0990, grad_fn=<SqueezeBackward0>),tensor(-0.6169, grad_fn=<NegBackward0>),152,149.4683210849762,2,0.5,,20
double_cake,random,random_lr0_1_lr0_01_lr0_01_optgd_epochs100_epochs0_001_epochs0_001_clusters10__rep1,50,0.8928571428571429,tensor(0.1452, grad_fn=<SqueezeBackward0>),tensor(-0.3491, grad_fn=<NegBackward0>),5100,112.50752806663513,10,0.5,,20
double_cake,random,random_lr0_1_lr0_01_lr0_01_optgd_epochs100_epochs0_001_epochs0_001_clusters2__rep1,38,0.875,tensor(0.0989, grad_fn=<SqueezeBackward0>),tensor(-0.7064, grad_fn=<NegBackward0>),156,143.17319798469543,2,0.5,,20
double_cake,random,random_lr0_1_lr0_01_lr0_01_optgd_epochs100_epochs0_001_epochs0_001_clusters10__rep1,51,0.8928571428571429,tensor(0.1478, grad_fn=<SqueezeBackward0>),tensor(-0.3711, grad_fn=<NegBackward0>),5200,111.18653917312622,10,0.5,,20
double_cake,random,random_lr0_1_lr0_01_lr0_01_optgd_epochs100_epochs0_001_epochs0_001_clusters10__rep1,52,0.8928571428571429,tensor(0.1489, grad_fn=<SqueezeBackward0>),tensor(-0.2950, grad_fn=<NegBackward0>),5300,115.73541474342346,10,0.5,,20
double_cake,random,random_lr0_1_lr0_01_lr0_01_optgd_epochs100_epochs0_001_epochs0_001_clusters2__rep1,39,0.875,tensor(0.0980, grad_fn=<SqueezeBackward0>),tensor(-0.6760, grad_fn=<NegBackward0>),160,154.90275406837463,2,0.5,,20
double_cake,random,random_lr0_1_lr0_01_lr0_01_optgd_epochs100_epochs0_001_epochs0_001_clusters10__rep1,53,0.8928571428571429,tensor(0.1502, grad_fn=<SqueezeBackward0>),tensor(-0.4284, grad_fn=<NegBackward0>),5400,118.12713813781738,10,0.5,,20
double_cake,random,random_lr0_1_lr0_01_lr0_01_optgd_epochs100_epochs0_001_epochs0_001_clusters2__rep1,40,0.875,tensor(0.0982, grad_fn=<SqueezeBackward0>),tensor(-0.6310, grad_fn=<NegBackward0>),164,146.27821683883667,2,0.5,,20
double_cake,random,random_lr0_1_lr0_01_lr0_01_optgd_epochs100_epochs0_001_epochs0_001_clusters10__rep1,54,0.8928571428571429,tensor(0.1507, grad_fn=<SqueezeBackward0>),tensor(-0.1998, grad_fn=<NegBackward0>),5500,107.03996086120605,10,0.5,,20
double_cake,random,random_lr0_1_lr0_01_lr0_01_optgd_epochs100_epochs0_001_epochs0_001_clusters2__rep1,41,0.875,tensor(0.0981, grad_fn=<SqueezeBackward0>),tensor(-0.6660, grad_fn=<NegBackward0>),168,151.95447707176208,2,0.5,,20
double_cake,random,random_lr0_1_lr0_01_lr0_01_optgd_epochs100_epochs0_001_epochs0_001_clusters10__rep1,55,0.8928571428571429,tensor(0.1524, grad_fn=<SqueezeBackward0>),tensor(-0.4418, grad_fn=<NegBackward0>),5600,119.29647064208984,10,0.5,,20
double_cake,random,random_lr0_1_lr0_01_lr0_01_optgd_epochs100_epochs0_001_epochs0_001_clusters2__rep1,42,0.875,tensor(0.0989, grad_fn=<SqueezeBackward0>),tensor(-0.7407, grad_fn=<NegBackward0>),172,140.85748624801636,2,0.5,,20
double_cake,random,random_lr0_1_lr0_01_lr0_01_optgd_epochs100_epochs0_001_epochs0_001_clusters10__rep1,56,0.8928571428571429,tensor(0.1536, grad_fn=<SqueezeBackward0>),tensor(-0.2995, grad_fn=<NegBackward0>),5700,103.72455596923828,10,0.5,,20
double_cake,random,random_lr0_1_lr0_01_lr0_01_optgd_epochs100_epochs0_001_epochs0_001_clusters10__rep1,57,0.8928571428571429,tensor(0.1551, grad_fn=<SqueezeBackward0>),tensor(-0.2133, grad_fn=<NegBackward0>),5800,116.65393209457397,10,0.5,,20
double_cake,random,random_lr0_1_lr0_01_lr0_01_optgd_epochs100_epochs0_001_epochs0_001_clusters2__rep1,43,0.875,tensor(0.0997, grad_fn=<SqueezeBackward0>),tensor(-0.6609, grad_fn=<NegBackward0>),176,152.19177889823914,2,0.5,,20
double_cake,random,random_lr0_1_lr0_01_lr0_01_optgd_epochs100_epochs0_001_epochs0_001_clusters10__rep1,58,0.8928571428571429,tensor(0.1546, grad_fn=<SqueezeBackward0>),tensor(-0.3977, grad_fn=<NegBackward0>),5900,111.24758386611938,10,0.5,,20
double_cake,random,random_lr0_1_lr0_01_lr0_01_optgd_epochs100_epochs0_001_epochs0_001_clusters2__rep1,44,0.875,tensor(0.0986, grad_fn=<SqueezeBackward0>),tensor(-0.7645, grad_fn=<NegBackward0>),180,145.6029851436615,2,0.5,,20
double_cake,random,random_lr0_1_lr0_01_lr0_01_optgd_epochs100_epochs0_001_epochs0_001_clusters10__rep1,59,0.8928571428571429,tensor(0.1545, grad_fn=<SqueezeBackward0>),tensor(-0.2671, grad_fn=<NegBackward0>),6000,114.65621709823608,10,0.5,,20
double_cake,random,random_lr0_1_lr0_01_lr0_01_optgd_epochs100_epochs0_001_epochs0_001_clusters2__rep1,45,0.875,tensor(0.0988, grad_fn=<SqueezeBackward0>),tensor(-0.7368, grad_fn=<NegBackward0>),184,151.25420379638672,2,0.5,,20
double_cake,random,random_lr0_1_lr0_01_lr0_01_optgd_epochs100_epochs0_001_epochs0_001_clusters10__rep1,60,0.8928571428571429,tensor(0.1550, grad_fn=<SqueezeBackward0>),tensor(-0.3630, grad_fn=<NegBackward0>),6100,112.712730884552,10,0.5,,20
double_cake,random,random_lr0_1_lr0_01_lr0_01_optgd_epochs100_epochs0_001_epochs0_001_clusters10__rep1,61,0.8928571428571429,tensor(0.1556, grad_fn=<SqueezeBackward0>),tensor(-0.3087, grad_fn=<NegBackward0>),6200,115.88655471801758,10,0.5,,20
double_cake,random,random_lr0_1_lr0_01_lr0_01_optgd_epochs100_epochs0_001_epochs0_001_clusters2__rep1,46,0.875,tensor(0.0982, grad_fn=<SqueezeBackward0>),tensor(-0.6675, grad_fn=<NegBackward0>),188,146.81941604614258,2,0.5,,20
double_cake,random,random_lr0_1_lr0_01_lr0_01_optgd_epochs100_epochs0_001_epochs0_001_clusters10__rep1,62,0.8928571428571429,tensor(0.1564, grad_fn=<SqueezeBackward0>),tensor(-0.3904, grad_fn=<NegBackward0>),6300,112.27352404594421,10,0.5,,20
double_cake,random,random_lr0_1_lr0_01_lr0_01_optgd_epochs100_epochs0_001_epochs0_001_clusters2__rep1,47,0.875,tensor(0.0983, grad_fn=<SqueezeBackward0>),tensor(-0.9075, grad_fn=<NegBackward0>),192,151.75197100639343,2,0.5,,20
double_cake,random,random_lr0_1_lr0_01_lr0_01_optgd_epochs100_epochs0_001_epochs0_001_clusters10__rep1,63,0.8928571428571429,tensor(0.1568, grad_fn=<SqueezeBackward0>),tensor(-0.3343, grad_fn=<NegBackward0>),6400,122.76371002197266,10,0.5,,20
double_cake,random,random_lr0_1_lr0_01_lr0_01_optgd_epochs100_epochs0_001_epochs0_001_clusters2__rep1,48,0.875,tensor(0.0989, grad_fn=<SqueezeBackward0>),tensor(-0.6311, grad_fn=<NegBackward0>),196,144.77819871902466,2,0.5,,20
double_cake,random,random_lr0_1_lr0_01_lr0_01_optgd_epochs100_epochs0_001_epochs0_001_clusters10__rep1,64,0.8928571428571429,tensor(0.1573, grad_fn=<SqueezeBackward0>),tensor(-0.3609, grad_fn=<NegBackward0>),6500,105.9690330028534,10,0.5,,20
double_cake,random,random_lr0_1_lr0_01_lr0_01_optgd_epochs100_epochs0_001_epochs0_001_clusters10__rep1,65,0.8928571428571429,tensor(0.1575, grad_fn=<SqueezeBackward0>),tensor(-0.3944, grad_fn=<NegBackward0>),6600,120.80520987510681,10,0.5,,20
double_cake,random,random_lr0_1_lr0_01_lr0_01_optgd_epochs100_epochs0_001_epochs0_001_clusters2__rep1,49,0.875,tensor(0.0990, grad_fn=<SqueezeBackward0>),tensor(-0.7101, grad_fn=<NegBackward0>),200,160.23100399971008,2,0.5,,20
double_cake,random,random_lr0_1_lr0_01_lr0_01_optgd_epochs100_epochs0_001_epochs0_001_clusters10__rep1,66,0.8928571428571429,tensor(0.1587, grad_fn=<SqueezeBackward0>),tensor(-0.4548, grad_fn=<NegBackward0>),6700,111.83854532241821,10,0.5,,20
double_cake,random,random_lr0_1_lr0_01_lr0_01_optgd_epochs100_epochs0_001_epochs0_001_clusters2__rep1,50,0.84375,tensor(0.1005, grad_fn=<SqueezeBackward0>),tensor(-0.7654, grad_fn=<NegBackward0>),204,143.84025311470032,2,0.5,,20
double_cake,random,random_lr0_1_lr0_01_lr0_01_optgd_epochs100_epochs0_001_epochs0_001_clusters10__rep1,67,0.8928571428571429,tensor(0.1605, grad_fn=<SqueezeBackward0>),tensor(-0.3889, grad_fn=<NegBackward0>),6800,117.47186303138733,10,0.5,,20
