{
    "initial_metrics": {
        "alignment": 0.1361805498600006,
        "executions": null,
        "training_accuracy": 0.8333333333333334,
        "testing_accuracy": 0.6,
        "f1_score": 0.5910714285714285,
        "alignment_arr": [
            0.1414446085691452,
            0.1547914743423462,
            0.15348999202251434,
            0.1482834368944168,
            0.14947932958602905,
            0.1480589359998703,
            0.15093357861042023,
            0.15222203731536865,
            0.15549236536026,
            0.15690360963344574,
            0.1582537442445755,
            0.1580619364976883,
            0.15872915089130402,
            0.1577989012002945,
            0.15912428498268127,
            0.15943709015846252,
            0.16194143891334534,
            0.16403496265411377,
            0.16774776577949524,
            0.17090845108032227
        ],
        "loss_arr": [],
        "validation_accuracy_arr": []
    },
    "after_metrics": {
        "alignment": 0.17090845108032227,
        "executions": 1600,
        "training_accuracy": 0.9,
        "testing_accuracy": 0.6333333333333333,
        "f1_score": 0.6296625880608083,
        "alignment_arr": [
            0.1414446085691452,
            0.1547914743423462,
            0.15348999202251434,
            0.1482834368944168,
            0.14947932958602905,
            0.1480589359998703,
            0.15093357861042023,
            0.15222203731536865,
            0.15549236536026,
            0.15690360963344574,
            0.1582537442445755,
            0.1580619364976883,
            0.15872915089130402,
            0.1577989012002945,
            0.15912428498268127,
            0.15943709015846252,
            0.16194143891334534,
            0.16403496265411377,
            0.16774776577949524,
            0.17090845108032227
        ],
        "loss_arr": [],
        "validation_accuracy_arr": []
    }
}