eff_rank,participation_ratio,top1_label_energy,top2_label_energy,top3_label_energy,top1_alignment,top2_alignment,max_alignment,argmax_alignment_rank,kta_spectral,kta_top1_frac,kta_top2_frac,lambda1,lambda2,spectral_decay,method,dataset,epoch,centroids,test_accuracy,n_sv
7.449740058942312,3.737511849138097,0.002651192965281061,0.49188263307287744,0.49945912194109787,0.02575884021685701,0.398710432337256,0.398710432337256,1,0.0024523164373543025,0.0026511929642011396,0.4918826328725168,9.00963020324707,6.939327716827393,1.2983433800651953,fullKTA,donuts,1,4,0.8833333333333333,46
6.371763091001173,3.4105258273327963,1.8540112249580798e-06,0.5118542309118206,0.5140591526755347,0.0007362044029732423,0.4338615985473482,0.4338615985473482,1,0.0028090136557350994,1.8540112242987968e-06,0.5118542307298062,8.576939582824707,6.818033218383789,1.2579785560001433,fullKTA,donuts,2,4,0.8666666666666667,44
6.358247442122936,3.2273196309158965,0.005276696789236389,0.5290181183609133,0.5307317555548797,0.04142373404326265,0.4605051247630018,0.4605051247630018,1,0.003129973294638852,0.005276696787552435,0.5290181181920877,8.513736724853516,6.837613582611084,1.2451327677398705,fullKTA,donuts,3,4,0.8666666666666667,44
6.285668547288772,3.2984310260691947,0.011824220762732714,0.5299710009016129,0.53149769735227,0.063790212986879,0.4711802418001535,0.4711802418001535,1,0.0033274153767892355,0.011824220759183187,0.5299710007425202,8.489006042480469,6.818221092224121,1.2450470478524902,fullKTA,donuts,4,4,0.85,42
6.2030729116369,3.2454149848121006,0.014052800955337749,0.5324575488394467,0.5366739673762599,0.07080016074328678,0.4796875064020339,0.4796875064020339,1,0.0034556659713621696,0.014052800951275821,0.5324575486855411,8.436651229858398,6.779971122741699,1.2443491391222214,fullKTA,donuts,5,4,0.8333333333333334,43
5.757670782745574,3.071287349578938,0.016457483202665685,0.5489050984887344,0.5616005011890474,0.07831958429646622,0.49690873537397817,0.49690873537397817,1,0.00361888846552668,0.016457483198123266,0.5489050983372316,8.41673469543457,6.764638423919678,1.2442253625370214,fullKTA,donuts,6,4,0.8166666666666667,43
4.932171111394776,2.8007208901978937,0.018797501778203395,0.5786809153065647,0.6031636419604813,0.08609081518334738,0.5250627946161137,0.5250627946161137,1,0.003844939258869963,0.01879750177332013,0.5786809151562335,8.466041564941406,6.779052734375,1.2488531800336689,fullKTA,donuts,7,4,0.8166666666666667,40
4.447281306556656,2.5380135307538216,0.01812294834146649,0.6131260010192144,0.6443267814201463,0.08686326220944943,0.5586692886268501,0.5586692886268501,1,0.004086080402668127,0.01812294833703627,0.6131260008693337,8.585454940795898,6.814222812652588,1.2599316425129572,fullKTA,donuts,8,4,0.8166666666666667,39
4.01587176851101,2.3131326498467084,0.013920717029436164,0.6421997321776226,0.6718257232914179,0.07765871033884343,0.5896539128871792,0.5896539128871792,1,0.004267496356147711,0.01392071702617783,0.6421997320273068,8.681737899780273,6.796473026275635,1.2773887082630648,fullKTA,donuts,9,4,0.8166666666666667,38
3.6650514928858557,2.1418179026781785,0.00710760132076006,0.6640748419429053,0.6902914859757606,0.05616419642549834,0.6146011002918874,0.6146011002918874,1,0.004382942140415442,0.007107601319140237,0.6640748417915625,8.762454986572266,6.763615131378174,1.2955283256611774,fullKTA,donuts,10,4,0.8333333333333334,39
3.3924308119664186,2.0191184704056084,0.0015454871275839674,0.682707706787686,0.7094923818112429,0.026405341975411584,0.6340083494469944,0.6340083494469944,1,0.004481558433036752,0.001545487127239498,0.682707706635519,8.886981010437012,6.794117450714111,1.3080405328438378,fullKTA,donuts,11,4,0.8333333333333334,39
3.253606218489354,1.9422960939529834,9.505536065085055e-06,0.7004128775145776,0.7423686838613082,0.0020875022789788172,0.6501595564094413,0.6501595564094413,1,0.004593996477309029,9.505536063018224e-06,0.7004128773622837,9.050623893737793,6.87486457824707,1.3164803161903407,fullKTA,donuts,12,4,0.8333333333333334,37
3.1154808515338566,1.8737590708211942,0.0001447137163356414,0.7183827384765473,0.7953859740424752,0.008221653412625207,0.6667733837313855,0.6667733837313855,1,0.004727735324664974,0.00014471371630506546,0.7183827383247633,9.227428436279297,6.963077068328857,1.3251940694794808,fullKTA,donuts,13,4,0.8333333333333334,37
2.97944532161416,1.7955600755451893,0.00020007268163032969,0.7354460220994511,0.8352699072407624,0.00976553365825611,0.6838473101145344,0.6838473101145344,1,0.0048698826938018604,0.0002000726815892907,0.735446021948596,9.393985748291016,7.039931297302246,1.3343859977567574,fullKTA,donuts,14,4,0.8333333333333334,34
2.77953752248539,1.7345891445556567,0.0002523554204513461,0.7486548504355359,0.8507192937498645,0.011067102109551044,0.6974394587576485,0.6974394587576485,1,0.004985303217317856,0.000252355420400781,0.7486548502855259,9.496843338012695,7.091803073883057,1.3391295893403086,fullKTA,donuts,15,4,0.8333333333333334,34
2.671898992909479,1.6864298238950612,0.00041834141767768614,0.7605282917016775,0.8515420419159747,0.014365895480579219,0.7079920510179161,0.7079920510179161,1,0.005066919638265958,0.00041834141759521207,0.7605282915517426,9.508877754211426,7.113502025604248,1.33673649349982,fullKTA,donuts,16,4,0.8333333333333334,34
2.5471994696571936,1.621879049369333,0.0005512275839507033,0.7772972114188892,0.8510878639576496,0.016648222719340494,0.7206424273466894,0.7206424273466894,1,0.005152701546044581,0.0005512275838438404,0.7772972112682,9.483366012573242,7.131923675537109,1.3297066042785033,fullKTA,donuts,17,4,0.8333333333333334,34
2.3827561840696654,1.5460762511142465,0.0006657406813440935,0.7978800285372325,0.8537027524679489,0.018475741324222847,0.735222326309384,0.735222326309384,1,0.0052565518100815955,0.0006657406812175805,0.7978800283856086,9.49926471710205,7.183338642120361,1.3224024635843643,fullKTA,donuts,18,4,0.8333333333333334,33
2.2634473180328447,1.4860262112696614,0.001167360776216389,0.8154550281281149,0.858186066073455,0.02464704548699581,0.7462525903557767,0.7462525903557767,1,0.00536314913620755,0.0011673607759989594,0.8154550279762305,9.593022346496582,7.299384593963623,1.3142234421280412,fullKTA,donuts,19,4,0.8333333333333334,32
2.2063883341497084,1.4548227064499075,0.002714529633177019,0.8263104349065371,0.8629329096003363,0.03775372923948778,0.7507081330441887,0.7507081330441887,1,0.005457324213945251,0.0027145296326801394,0.8263104347552856,9.73941421508789,7.4736008644104,1.3031755898908228,fullKTA,donuts,20,4,0.8333333333333334,33
2.1990778700149036,1.4454177861755053,0.0060582068871708585,0.832746073973656,0.8670366694280989,0.05653024889092459,0.75076723488944,0.75076723488944,1,0.005527279932403038,0.006058206886075965,0.8327460738231546,9.884982109069824,7.647588729858398,1.2925619379183797,fullKTA,donuts,21,4,0.8333333333333334,33
2.2285431024211633,1.4446326572371033,0.01177033791542788,0.8390997004074225,0.8708846647198872,0.07890421740274092,0.7497777605756706,0.7497777605756706,1,0.0055746571629646845,0.011770337913318704,0.8390997002570607,10.00108528137207,7.785239219665527,1.2846214482540277,fullKTA,donuts,22,4,0.8333333333333334,33
2.2528584910545897,1.4498728024476963,0.019954539975014726,0.846042839553164,0.8738174459148903,0.10285379618982693,0.7488345793157691,0.7488345793157691,1,0.00560729072415499,0.019954539971459774,0.8460428394024394,10.092751502990723,7.882485866546631,1.280402105866527,fullKTA,donuts,23,4,0.8333333333333334,32
2.258017465094272,1.4646403150095775,0.029013282318070623,0.8507330360889537,0.8743704331138806,0.12417330294579232,0.7478031551330047,0.7478031551330047,1,0.005631657195349627,0.029013282312924174,0.8507330359380485,10.159820556640625,7.934047222137451,1.2805344198471085,fullKTA,donuts,24,4,0.8333333333333334,34
2.299465645005604,1.4883819517734387,0.03669907639655805,0.8513136188143016,0.8723225626446315,0.13984110208790435,0.7466574374096121,0.7466574374096121,1,0.005651023068934485,0.03669907639007057,0.8513136186638106,10.19486141204834,7.937892913818359,1.2843284134382493,fullKTA,donuts,25,4,0.85,34
2.3280783738296833,1.5144279972540156,0.042370859454464234,0.849167081902564,0.8686442278981209,0.15038002443889947,0.7451638872513522,0.7451638872513522,1,0.0056648406432473685,0.04237085944699239,0.8491670817528184,10.208383560180664,7.916446208953857,1.2895159381785772,fullKTA,donuts,26,4,0.85,33
2.3513564283651367,1.5299310472430903,0.0466633938848575,0.8488094671014701,0.8661730125415684,0.157900388215917,0.7443250746924599,0.7443250746924599,1,0.005682575044512209,0.04666339387665438,0.8488094669522548,10.226383209228516,7.911162376403809,1.2926524223202518,fullKTA,donuts,27,4,0.8333333333333334,32
2.3399820605271207,1.521987081565592,0.049152817779750536,0.8535518549479584,0.8686115186301198,0.16227046108570933,0.7462852078118376,0.7462852078118376,1,0.005714369880346064,0.04915281777115787,0.8535518547987445,10.251137733459473,7.931666851043701,1.292431707732312,fullKTA,donuts,28,4,0.8333333333333334,32
2.2952342334141527,1.4889858623949888,0.04765147388639477,0.8618853096647296,0.8762200389267837,0.16007143719807262,0.7518995815657903,0.7518995815657903,1,0.005751078490958895,0.04765147387811775,0.8618853095150207,10.258881568908691,7.944760799407959,1.2912763301409764,fullKTA,donuts,29,4,0.8333333333333334,32
2.230592806771149,1.442540868483538,0.041932742705212515,0.8705073937593472,0.8861239456152559,0.15040393209476483,0.7598951932496126,0.7598951932496126,1,0.005778848706893295,0.04193274269796387,0.8705073936088681,10.234496116638184,7.922382831573486,1.2918456901437305,fullKTA,donuts,30,4,0.8333333333333334,33
2.1690163752661538,1.4020076356576217,0.03571593767614501,0.877243820234143,0.8953125519704224,0.13897607211018848,0.7675267321982728,0.7675267321982728,1,0.005795317738525966,0.035715937669988596,0.8772438200829312,10.1849365234375,7.867881774902344,1.2944953692523704,fullKTA,donuts,31,4,0.8333333333333334,33
2.13122352644551,1.380740277695389,0.03278237764119776,0.8813343364897777,0.9019792487088866,0.13333589342004235,0.7727943359507572,0.7727943359507572,1,0.005807787760833577,0.032782377635559176,0.8813343363381878,10.116857528686523,7.79560661315918,1.2977639881940317,fullKTA,donuts,32,4,0.8333333333333334,34
2.145183876910929,1.3803806226155864,0.03427196534050672,0.8830781876991756,0.9056693216650455,0.13665192246468205,0.7754489755979284,0.7754489755979284,1,0.005823671646470814,0.03427196533462805,0.8830781875477012,10.028697967529297,7.71328067779541,1.3001857946642716,fullKTA,donuts,33,4,0.8166666666666667,34
2.180796326041885,1.3964156766563969,0.039656033322040485,0.883372090145684,0.9065854777520242,0.147462265555295,0.7758894548658263,0.7758894548658263,1,0.005844771309212538,0.039656033315262885,0.8833720899947073,9.932440757751465,7.63317346572876,1.301220364288143,fullKTA,donuts,34,4,0.8166666666666667,33
2.245773368835554,1.4220017063094657,0.047607041024011996,0.8832259116372302,0.9051900734506659,0.16207059017784017,0.7745166015467575,0.7745166015467575,1,0.0058693081196858,0.04760704101590956,0.8832259114869103,9.86264705657959,7.580144882202148,1.3011159034354813,fullKTA,donuts,35,4,0.8166666666666667,34
2.2762676236711212,1.4487234922641965,0.05610917605781393,0.8832564473781029,0.9023663669416765,0.17630178356445528,0.7719796651869115,0.7719796651869115,1,0.005895168819921378,0.05610917604830638,0.8832564472284375,9.852934837341309,7.575586318969727,1.3006168001369958,fullKTA,donuts,36,4,0.8166666666666667,33
2.28328719938295,1.4696283755953077,0.06309050622169775,0.8835658009366565,0.8993850090332111,0.1870553361733799,0.769278602274696,0.769278602274696,1,0.005919465566288331,0.06309050621105108,0.8835658007875528,9.904885292053223,7.615945816040039,1.3005456618652826,fullKTA,donuts,37,4,0.8166666666666667,32
2.2898743594923996,1.4808767044630629,0.06749115423017656,0.8842992745959484,0.8974723657772625,0.1933868410120471,0.7674853676020846,0.7674853676020846,1,0.005940583819322869,0.0674911542188277,0.8842992744472506,9.992701530456543,7.678382396697998,1.3014071212124692,fullKTA,donuts,38,4,0.8166666666666667,32
2.272556509299277,1.4812134627684181,0.06919722745093547,0.8856986696955845,0.8972270565010937,0.19565385486603618,0.7672780838573583,0.7672780838573583,1,0.00595859482743465,0.06919722743933486,0.885698669547101,10.09068775177002,7.74212646484375,1.3033483497834293,fullKTA,donuts,39,4,0.8333333333333334,31
2.2531953564672182,1.4726365125387535,0.06863453562272587,0.8876344730945906,0.8984392974882871,0.19467453983916422,0.7685576018203053,0.7685576018203053,1,0.005972677726994693,0.06863453561124665,0.8876344729461325,10.18226432800293,7.795626163482666,1.3061509254636623,fullKTA,donuts,40,4,0.8333333333333334,31
2.2331335456456163,1.4611114703657395,0.0671442311915614,0.8896617662412285,0.9005236745174133,0.19239602158904634,0.7705421684505975,0.7705421684505975,1,0.005982561385374557,0.06714423118034996,0.8896617660926767,10.253168106079102,7.8305792808532715,1.309375429113916,fullKTA,donuts,41,4,0.8333333333333334,31
2.2272154655232974,1.453237311929259,0.06660698854452313,0.8915969161739601,0.9031065728804046,0.19157826683540383,0.7725255632427683,0.7725255632427683,1,0.00599184171955342,0.06660698853341859,0.8915969160253155,10.295493125915527,7.842287540435791,1.3128176023678546,fullKTA,donuts,42,4,0.8333333333333334,31
2.224892642142834,1.4516774611747227,0.06823257497471591,0.8937081298716251,0.9061364416549598,0.19402921059504308,0.7743351142843258,0.7743351142843258,1,0.006006405207609964,0.06823257496336793,0.8937081297229895,10.315540313720703,7.835753440856934,1.3164707633515405,fullKTA,donuts,43,4,0.8166666666666667,32
2.2307249992481815,1.45524547862351,0.07189738554756539,0.8961944631402903,0.9094798771781464,0.19944701456461753,0.7759404364895418,0.7759404364895418,1,0.006027688570368075,0.07189738553565012,0.8961944629917674,10.328276634216309,7.823423385620117,1.3201735512868866,fullKTA,donuts,44,4,0.8166666666666667,32
2.2388022512429497,1.461249858337215,0.07648992305528986,0.8988008506777418,0.9127671656946689,0.2060178604750386,0.7771246587912843,0.7771246587912843,1,0.006050990974277358,0.07648992304266229,0.8988008505293604,10.346936225891113,7.817573547363281,1.323548306031558,fullKTA,donuts,45,4,0.8166666666666667,32
2.2423714480488663,1.4670558617200933,0.08078064439198984,0.9011561390049913,0.915806848802832,0.2119357976386843,0.7777669416147348,0.7777669416147348,1,0.00607218876714585,0.08078064437870044,0.9011561388567402,10.380197525024414,7.827456474304199,1.3261265085406697,fullKTA,donuts,46,4,0.8166666666666667,32
2.2400780989243576,1.4703152198481584,0.08392170836979258,0.9031693433588179,0.9187911033050019,0.21614068688670685,0.7781444899660319,0.7781444899660319,1,0.006091213222662626,0.08392170835602951,0.9031693432106991,10.432690620422363,7.857597351074219,1.327720186501383,fullKTA,donuts,47,4,0.8166666666666667,32
2.2278044938624424,1.4684152494687477,0.08527012973589654,0.9050074439180494,0.9219685747080743,0.21793515097271754,0.7788927575114852,0.7788927575114852,1,0.006109002031691499,0.08527012972195298,0.9050074437700607,10.502944946289062,7.904749393463135,1.328687909445072,fullKTA,donuts,48,4,0.8166666666666667,32
2.197962922308831,1.4585262073422947,0.08413290332701484,0.9068759742654522,0.9252847535467593,0.21652088936019712,0.7807489963025376,0.7807489963025376,1,0.006125312741063497,0.08413290331329382,0.906875974117552,10.582393646240234,7.959009170532227,1.3296119428307243,fullKTA,donuts,49,4,0.8166666666666667,31
2.1574563115617584,1.4395111398977838,0.08010608799082909,0.908804070125093,0.9283534881592813,0.21132123319185248,0.7840477056605981,0.7840477056605981,1,0.006139128555917519,0.08010608797779413,0.9088040699772112,10.658829689025879,8.010167121887207,1.3306625850414606,fullKTA,donuts,50,4,0.8166666666666667,32
2.1179146853357946,1.4141814727285482,0.07380870130481296,0.9106260943130088,0.9307562482143518,0.20291036393996853,0.7883092987171814,0.7883092987171814,1,0.006150284131214355,0.07380870129282442,0.9106260941650984,10.722376823425293,8.054328918457031,1.3312563879596375,fullKTA,donuts,51,4,0.8166666666666667,32
2.0771534751563783,1.388032246914114,0.066910123048561,0.912273867621448,0.9324286971323786,0.19330786124777918,0.7926103038048836,0.7926103038048836,1,0.0061606812873260305,0.0669101230377113,0.9122738674735197,10.768848419189453,8.09283447265625,1.3306646089912604,fullKTA,donuts,52,4,0.8166666666666667,30
2.0380178490330696,1.3656096035292375,0.06118984276257156,0.9139966872979707,0.9337603722707976,0.1850225510743164,0.7963773172852557,0.7963773172852557,1,0.006172560675330786,0.06118984275266848,0.9139966871500478,10.801091194152832,8.125508308410645,1.3292819087971868,fullKTA,donuts,53,4,0.8166666666666667,30
2.007840884850758,1.3491020375393632,0.057749675440336865,0.9160885689104005,0.9352763214403336,0.17991105183201922,0.7995157949434919,0.7995157949434919,1,0.006186022264372508,0.057749675431010866,0.9160885687624614,10.828147888183594,8.149388313293457,1.3287068270534068,fullKTA,donuts,54,4,0.8166666666666667,30
1.9842497823141374,1.3391165387244008,0.05677474545548683,0.9184499798426744,0.9371880434005896,0.17849412056091798,0.8019830654774176,0.8019830654774176,1,0.006199403856516129,0.056774745446338044,0.9184499796946737,10.860197067260742,8.164762496948242,1.3301301870469162,fullKTA,donuts,55,4,0.8166666666666667,30
1.970390491468753,1.3348148694544175,0.05757825744769594,0.9206460455974675,0.939277149970979,0.17979148998697986,0.8036998747843556,0.8036998747843556,1,0.006211921903741172,0.057578257438436344,0.9206460454494115,10.902856826782227,8.178565979003906,1.3331012863099487,fullKTA,donuts,56,4,0.8166666666666667,30
1.963346226585234,1.3336162917411118,0.05894363836308375,0.9223466074994524,0.9411629270713057,0.18191928434418575,0.8048039475502173,0.8048039475502173,1,0.006224371415412354,0.05894363835362352,0.9223466073514193,10.954529762268066,8.198749542236328,1.3361220154163562,fullKTA,donuts,57,4,0.8166666666666667,30
1.9582200819077042,1.332303337044334,0.059751928274571715,0.9235528085520389,0.9425837714249768,0.18317069822607798,0.8056466325132656,0.8056466325132656,1,0.00623660846627081,0.059751928265000545,0.9235528084041025,11.008255958557129,8.226271629333496,1.338182891907217,fullKTA,donuts,58,4,0.8166666666666667,30
1.9505827959475115,1.329319084693688,0.059691414294383786,0.9244905971246213,0.9434852717002815,0.18307959077663055,0.8064474101247937,0.8064474101247937,1,0.006247393987259211,0.059691414284838776,0.92449059697679,11.057848930358887,8.256610870361328,1.3392721425266383,fullKTA,donuts,59,4,0.8166666666666667,30
1.9438383888243467,1.32582293418105,0.05941535165083289,0.9253984636492856,0.9439683000340925,0.18265103819401426,0.8070995526778131,0.8070995526778131,1,0.006257173059528169,0.05941535164134686,0.9253984635015401,11.101604461669922,8.286794662475586,1.339674133828737,fullKTA,donuts,60,4,0.8166666666666667,30
1.9398499180510036,1.3242016616205972,0.05981908260968737,0.9263266971745113,0.9441624435893221,0.18327660350021852,0.8073439190382037,0.8073439190382037,1,0.0062674742900778475,0.05981908260015256,0.9263266970268603,11.139914512634277,8.315940856933594,1.3395855868004154,fullKTA,donuts,61,4,0.8333333333333334,30
1.941734711793001,1.3257019572489035,0.061175608658338446,0.9271121446747592,0.944143773490159,0.1853591622698203,0.8070770400730558,0.8070770400730558,1,0.006278141046072237,0.061175608648603975,0.9271121445272339,11.173768997192383,8.342679977416992,1.3393500682559556,fullKTA,donuts,62,4,0.8333333333333334,30
1.9473170983580768,1.3292142407137,0.06291772020792148,0.927589412588794,0.9439864032867864,0.18799235459365804,0.8065376640648609,0.8065376640648609,1,0.006288085375065431,0.0629177201979256,0.9275894124414258,11.206581115722656,8.367244720458984,1.3393394707722355,fullKTA,donuts,63,4,0.8333333333333334,30
1.9560276331816204,1.3322537445115756,0.06412013862952187,0.9277184668340073,0.9438104242398914,0.18978831534288315,0.806132575098015,0.806132575098015,1,0.006297029433057316,0.06412013861934943,0.9277184666868278,11.242902755737305,8.393088340759277,1.3395430024413255,fullKTA,donuts,64,4,0.8333333333333334,30
1.9580937846113657,1.3329769465696975,0.06416326132420269,0.9275232405559439,0.9437321041247171,0.18985738259895285,0.80607097362651,0.80607097362651,1,0.006304696277373474,0.06416326131403574,0.9275232404089739,11.284432411193848,8.4235200881958,1.3396338220889166,fullKTA,donuts,65,4,0.8333333333333334,29
1.9600847508911867,1.3310366605511552,0.06302002017899289,0.9270936244067276,0.9438204166065947,0.18815896706710192,0.80629285821633,0.80629285821633,1,0.006310807891911681,0.06302002016901674,0.9270936242599676,11.329760551452637,8.459742546081543,1.3392559513172317,fullKTA,donuts,66,4,0.8333333333333334,29
1.9547977266787315,1.3269338690423738,0.0610984561396586,0.9266454746623883,0.9440810355350753,0.18527181234919501,0.8066909542495939,0.8066909542495939,1,0.00631602088219925,0.06109845612999459,0.9266454745158198,11.37585735321045,8.50058650970459,1.3382438188496764,fullKTA,donuts,67,4,0.8333333333333334,29
1.941965282235405,1.3214609119258207,0.05896025560526226,0.9264475927621186,0.9444320492718931,0.18201021769591982,0.8072455597610985,0.8072455597610985,1,0.006320872175360079,0.058960255595943575,0.9264475926156934,11.418346405029297,8.540576934814453,1.3369525843719863,fullKTA,donuts,68,4,0.8333333333333334,29
1.9320536866399554,1.3158441409407824,0.057187028309632335,0.9266546384263363,0.9447538158789988,0.17925314907791143,0.8079489404629381,0.8079489404629381,1,0.0063252217808782395,0.05718702830060011,0.9266546382799788,11.454320907592773,8.572174072265625,1.3362212212477926,fullKTA,donuts,69,4,0.8333333333333334,29
1.9174724795963456,1.311672021512344,0.05629092751987953,0.9272022787073997,0.9450029648859858,0.17782321049533922,0.8086870444532147,0.8086870444532147,1,0.006329330263741513,0.0562909275109946,0.9272022785610504,11.485468864440918,8.592117309570312,1.3367448849478014,fullKTA,donuts,70,4,0.8333333333333334,29
1.9043647732278244,1.310264518251858,0.05648155516020552,0.927847526768008,0.9452522866969644,0.17807773029065052,0.8092536169356463,0.8092536169356463,1,0.006333510337749938,0.05648155515129637,0.9278475266216535,11.5167875289917,8.603501319885254,1.3386163494124925,fullKTA,donuts,71,4,0.8333333333333334,29
1.903950102057928,1.3113921712195742,0.05742719361320389,0.9283592187779507,0.9456345489638236,0.17948829160536522,0.8095506215626691,0.8095506215626691,1,0.006337394197366034,0.05742719360415111,0.9283592186316049,11.552385330200195,8.612367630004883,1.3413715979739598,fullKTA,donuts,72,4,0.8333333333333334,29
1.9053050774961056,1.3128077179396547,0.058290501818122765,0.9286970523670185,0.9462624531489475,0.18074543532194154,0.8097785364274649,0.8097785364274649,1,0.00634086904375319,0.05829050180893891,0.9286970522206992,11.593610763549805,8.624724388122559,1.3442297100547898,fullKTA,donuts,73,4,0.8333333333333334,27
1.9008153531508798,1.3115551137897212,0.058155281579567765,0.9289887984373935,0.9471526818564342,0.18046284154896958,0.8103169552025771,0.8103169552025771,1,0.006344411783337017,0.058155281570410305,0.9289887982911096,11.638855934143066,8.644144058227539,1.3464440036794387,fullKTA,donuts,74,4,0.8333333333333334,26
1.888443350490141,1.3062153744176779,0.05665087340168366,0.9293701241781678,0.94819059962936,0.17807377413653688,0.8113633427880971,0.8113633427880971,1,0.006348274748788944,0.056650873392768496,0.9293701240319127,11.683552742004395,8.669858932495117,1.3476058645213287,fullKTA,donuts,75,4,0.8333333333333334,26
1.8721789364473012,1.2982017551102671,0.054296799533378834,0.9298711646997635,0.9491851451355314,0.17433537538276558,0.8127222021223792,0.8127222021223792,1,0.006352506281482135,0.05429679952483981,0.9298711645535267,11.721236228942871,8.69719123840332,1.3477036330057028,fullKTA,donuts,76,4,0.8333333333333334,26
1.8543659331419444,1.2908098718935321,0.05219782023951907,0.9304184818561706,0.9499827591727522,0.17096988527397872,0.8139481751568343,0.8139481751568343,1,0.006357147327782256,0.05219782023131611,0.9304184817099542,11.74661636352539,8.719865798950195,1.347109764572093,fullKTA,donuts,77,4,0.8333333333333334,26
1.843231145688577,1.2869558256057034,0.05132449995298763,0.9309203256000083,0.9505583436778667,0.1695930671740622,0.8146869771761416,0.8146869771761416,1,0.006362064128505152,0.051324499944928145,0.9309203254538257,11.758792877197266,8.7328462600708,1.3465017620842195,fullKTA,donuts,78,4,0.8333333333333334,26
1.8415425438533966,1.2874575937308739,0.051963107355519234,0.9313534088801249,0.951012613475322,0.17070861221875186,0.8149143420190096,0.8149143420190096,1,0.006367059256944699,0.05196310734736587,0.9313534087339891,11.761287689208984,8.734305381774902,1.3465624540388603,fullKTA,donuts,79,4,0.85,26
1.846232730605892,1.2909170210239405,0.05364442703832586,0.9317532688370794,0.9514705649790397,0.17350160267763842,0.8148838320147154,0.8148838320147154,1,0.006371879731848339,0.05364442702991505,0.9317532686909916,11.75968074798584,8.726394653320312,1.3475990045339106,fullKTA,donuts,80,4,0.85,26
1.852617130740617,1.2949618420153772,0.055532557102673845,0.9321486578673283,0.9519761750669653,0.1765636068069307,0.8148743276767199,0.8148743276767199,1,0.006376258837080246,0.05553255709397298,0.932148657721279,11.759230613708496,8.714887619018555,1.3493267070988848,fullKTA,donuts,81,4,0.85,26
1.8572282856188436,1.2977192301767642,0.056945694521279344,0.9325382360329679,0.9524832458260828,0.17881790816132234,0.8150041285035606,0.8150041285035606,1,0.006380277928556523,0.05694569451236269,0.9325382358869496,11.763157844543457,8.706978797912598,1.3510033867731703,fullKTA,donuts,82,4,0.85,26
1.8581010489181637,1.2984265878647034,0.05760842986126592,0.932921483136864,0.9529290717032802,0.17987565516987825,0.8152536828394163,0.8152536828394163,1,0.006384139736112915,0.05760842985225095,0.932921482990874,11.771584510803223,8.707059860229492,1.3519586059778859,fullKTA,donuts,83,4,0.85,27
1.8533730330626523,1.2971032176032236,0.05756063923534613,0.9333294448705751,0.9533043266054554,0.17982738056721895,0.8156073682879093,0.8156073682879093,1,0.006387905189956234,0.05756063922634395,0.9333294447246072,11.782720565795898,8.714827537536621,1.3520314102653042,fullKTA,donuts,84,4,0.85,27
1.8472147457665102,1.2942075721610333,0.057002895935038184,0.9337995482178965,0.9536430914702863,0.17898945789201548,0.816098695765728,0.816098695765728,1,0.006391665352750688,0.05700289592612846,0.9337995480719409,11.79445743560791,8.726688385009766,1.3515387413015045,fullKTA,donuts,85,4,0.85,27
1.842672493385863,1.290594798190263,0.05622042850658892,0.9343118052922753,0.9539570479103209,0.17779754262502503,0.8167145054230083,0.8167145054230083,1,0.006395389332170569,0.05622042849780661,0.9343118051463246,11.805387496948242,8.738497734069824,1.3509630437872424,fullKTA,donuts,86,4,0.85,27
1.8386895037447921,1.2872825000064834,0.055521335185024286,0.9348038255003168,0.9542220935714509,0.17672850042615607,0.8173518517819974,0.8173518517819974,1,0.0063989817101444,0.055521335176356046,0.934803825354371,11.8153076171875,8.747997283935547,1.3506300052108249,fullKTA,donuts,87,4,0.85,28
1.8346675552305616,1.2848601650881222,0.0551106968114471,0.9352608527612782,0.9544303919167654,0.1761095566042501,0.8179191302739406,0.8179191302739406,1,0.006402482253889921,0.055110696802847664,0.9352608526153409,11.825087547302246,8.75528621673584,1.3506226129646215,fullKTA,donuts,88,4,0.85,28
1.8305339245135754,1.283082837667465,0.054972158853042824,0.9357518220407567,0.9546207044477018,0.1759192399095615,0.8184477583972305,0.8184477583972305,1,0.0064059320861644216,0.054972158844469626,0.9357518218948213,11.83572006225586,8.76120662689209,1.3509235161656103,fullKTA,donuts,89,4,0.85,28
1.8255523477367355,1.281286247791789,0.05494320658400709,0.9363549237917128,0.9548419999206259,0.17590231732327408,0.8190465651373983,0.8190465651373983,1,0.006409400396605451,0.054943206575443035,0.9363549236457622,11.846677780151367,8.765714645385742,1.351478830808859,fullKTA,donuts,90,4,0.85,28
1.8196908587462293,1.2793817872337871,0.0549629794599275,0.937043430131945,0.9550847890711675,0.17596592935735098,0.8197105013150894,0.8197105013150894,1,0.00641288688109431,0.054962979451365024,0.9370434299859666,11.855517387390137,8.7678804397583,1.3521531764540802,fullKTA,donuts,91,4,0.85,28
1.814567354006678,1.278174894369918,0.05518942059393715,0.9376837034490452,0.9552725841660779,0.176366646024097,0.8202501396308559,0.8202501396308559,1,0.006416322351747827,0.055189420585344005,0.9376837033030452,11.85909366607666,8.766936302185059,1.3527067218589879,fullKTA,donuts,92,4,0.8666666666666667,28
1.811800564591946,1.2784104450976734,0.055793307005715886,0.9381748457853123,0.9553369713086847,0.17737773244083793,0.8204864259370018,0.8204864259370018,1,0.00641970506925901,0.05579330699703329,0.9381748456393127,11.856097221374512,8.763376235961914,1.3529143223042017,fullKTA,donuts,93,4,0.8833333333333333,29
1.8106332548053754,1.279648735197467,0.05666311187608407,0.9385658157750741,0.9552868429257745,0.1788120345276983,0.8204779125227541,0.8204779125227541,1,0.006422967861809043,0.05666311186727059,0.9385658156290879,11.848546028137207,8.758808135986328,1.3527578003969591,fullKTA,donuts,94,4,0.8833333333333333,29
1.8072306639072657,1.2803660244566786,0.05740078685773541,0.9390139488066955,0.9552004554873322,0.1800316717294596,0.8205071347878526,0.8205071347878526,1,0.0064261041187974165,0.057400786848811565,0.9390139486607112,11.840867042541504,8.755416870117188,1.3524047133556607,fullKTA,donuts,95,4,0.8833333333333333,28
1.8049007360136857,1.2792741508279104,0.05763261863719651,0.9396175927681194,0.9551507861367245,0.18045149778443262,0.8208241605316658,0.8208241605316658,1,0.006429172672871305,0.057632618628240886,0.9396175926221106,11.836606979370117,8.754690170288086,1.3520303687662385,fullKTA,donuts,96,4,0.8833333333333333,28
1.7973776058783035,1.276370752601627,0.05729400833664229,0.9403165740614857,0.9551543507616455,0.17997201536856344,0.8214372536243776,0.8214372536243776,1,0.00643219304968721,0.057294008327743465,0.940316573915437,11.836482048034668,8.756819725036621,1.3516873042608875,fullKTA,donuts,97,4,0.8833333333333333,28
1.7869089352943397,1.2725884465979518,0.05657420137819951,0.9409665837356227,0.9551942962054103,0.1788858178118788,0.8221814807697977,0.8221814807697977,1,0.0064352093890143805,0.056574201369416606,0.9409665835895415,11.839285850524902,8.761299133300781,1.3513162455010426,fullKTA,donuts,98,4,0.8833333333333333,28
1.7772347283515282,1.2686549918859298,0.05564590882235581,0.9414785988980158,0.9552620053187981,0.1774593770543575,0.8229300173145535,0.8229300173145535,1,0.006438277188333417,0.05564590881372112,0.9414785987519246,11.84378719329834,8.767608642578125,1.3508571922086055,fullKTA,donuts,99,4,0.8833333333333333,28
1.7684379457075854,1.2646738756443254,0.05456939165591245,0.9418730707444282,0.9553553317944036,0.17578382964188802,0.8236716795245339,0.8236716795245339,1,0.006441500575448722,0.05456939164744905,0.9418730705983489,11.849200248718262,8.775296211242676,1.3502906299089974,fullKTA,donuts,100,4,0.8833333333333333,28
7.616503506774549,4.570624356626613,0.01777211369148215,0.41341343909965045,0.41356493014673723,0.06403127940544573,0.3530148424823062,0.3930565906512479,10,0.0022248243664598467,0.017772113683503073,0.4134134389140419,8.539999008178711,6.25487756729126,1.3653343197052668,randomKTA,donuts,1,4,0.8333333333333334,47
8.581616363959343,4.859256282104223,0.006415587682950762,0.38913226108325566,0.3930786069609587,0.04018169089864601,0.35728694115759807,0.4106537683953893,27,0.0023231973676096076,0.006415587680192511,0.38913226091595626,7.76392126083374,5.8579301834106445,1.3253693741211594,randomKTA,donuts,2,4,0.8166666666666667,49
9.553136870185774,5.424100949609188,0.00036662319124697394,0.3717073203133575,0.40363041561497115,0.009509054061338451,0.34742572499524293,0.39111001994512273,27,0.002315346328097833,0.00036662319108881524,0.37170732015300556,7.984458923339844,6.058272361755371,1.3179432099723305,randomKTA,donuts,3,4,0.8666666666666667,48
10.599799398783261,5.652581411565593,0.0037237161652886215,0.381924924819831,0.4363186704447331,0.030249866751528895,0.34794998280603834,0.34794998280603834,1,0.0023211788443025148,0.0037237161636862652,0.38192492465548444,8.068293571472168,6.193573951721191,1.3026878558911354,randomKTA,donuts,4,4,0.85,46
9.236322325242915,5.123274757289194,0.008991688349753335,0.3928735607511395,0.4662432789507769,0.04742008491314175,0.3546965851071955,0.3881268849655293,9,0.0023660014013167086,0.008991688345957444,0.3928735605852857,8.024675369262695,6.1234259605407715,1.3104878577731198,randomKTA,donuts,5,4,0.85,47
8.820838972252279,5.250881319793519,0.009128468313280557,0.3672832793477288,0.45667742395488076,0.046981587599822246,0.34025503493479525,0.4195499962366933,9,0.002329702520131806,0.009128468309366854,0.36728327919026116,8.21781063079834,6.147170543670654,1.3368444184875192,randomKTA,donuts,6,4,0.85,47
9.23676529488259,5.581295130924569,0.005473686906271174,0.3311099166419459,0.44275727429794154,0.03580734301622096,0.32145855669536105,0.43649340062564956,9,0.002266177192415629,0.005473686903858622,0.3311099164960077,8.255309104919434,6.093689441680908,1.3547308545873156,randomKTA,donuts,7,4,0.8666666666666667,50
9.516525374929758,6.3565869134966855,0.00251507960063515,0.28159097464665367,0.43162470729752145,0.023632694978597935,0.29664720571748615,0.4174156103933795,9,0.002192610305849031,0.002515079599489415,0.28159097451837595,8.477267265319824,5.969974040985107,1.419983940821218,randomKTA,donuts,8,4,0.8333333333333334,49
8.648762843308623,5.701301841125204,0.0006265063674356556,0.24442191373376312,0.4274599092056561,0.011620773476509874,0.2754721018855717,0.47119665100371066,8,0.002132922867760211,0.000626506367142268,0.24442191361930243,8.452866554260254,5.853543758392334,1.4440596847234257,randomKTA,donuts,9,4,0.8166666666666667,50
9.20284228140062,6.193844799311127,0.0001813761727955051,0.21001630366441482,0.41594171845503425,0.006213649343590727,0.2547622239423376,0.4520454356958599,8,0.002102467513637157,0.0001813761727093386,0.2100163035646422,8.375137329101562,5.763853073120117,1.4530449029240156,randomKTA,donuts,10,4,0.8333333333333334,50
10.386155019873765,6.952778989390472,5.516160430289197e-05,0.23386692777733137,0.4149790911880187,0.0035186852754544307,0.27388547832416804,0.40778339627472027,8,0.0021556540203237777,5.516160427733357e-05,0.2338669276689722,7.9617018699646,5.570038795471191,1.4293799670545488,randomKTA,donuts,11,4,0.8166666666666667,51
10.29878003942514,6.784155052653551,3.39153692658857e-05,0.28259778149186693,0.4280697625473638,0.0028406564409488924,0.30691648454128484,0.3631439579935157,8,0.002215995913139139,3.3915369250599826e-05,0.28259778136449826,7.534977436065674,5.377730369567871,1.4011445197595036,randomKTA,donuts,12,4,0.8166666666666667,52
10.221982865521888,6.280018131186215,0.00015758281468692664,0.3286938901859993,0.4290706097303211,0.006299244820962058,0.33830363505357786,0.35233055480758113,27,0.002272647099286112,0.00015758281461767559,0.3286938900415521,7.1265549659729,5.15131139755249,1.3834447999702584,randomKTA,donuts,13,4,0.8166666666666667,50
9.952016134646934,5.526151634806572,0.0008445027150114662,0.374993665263863,0.4331740451232183,0.015005772147838686,0.36817531630412237,0.36817531630412237,1,0.002335837040154704,0.0008445027146503911,0.374993665103531,6.786477088928223,4.994539737701416,1.35877927603598,randomKTA,donuts,14,4,0.8333333333333334,49
10.030077321546214,5.284674545773457,0.001871347669928363,0.3928440042978912,0.4293021378908027,0.022821818767893805,0.3861038604186511,0.3861038604186511,1,0.00239799259019964,0.001871347669149007,0.39284400413428433,6.559723854064941,4.788171291351318,1.369985210410525,randomKTA,donuts,15,4,0.8333333333333334,48
9.954284735171301,5.248649079305892,0.0030820641612779383,0.39689956103244645,0.4381045886237314,0.029646551806383703,0.3961744005492782,0.3961744005492782,1,0.0024615120900201275,0.003082064160027495,0.39689956087141787,6.5161824226379395,4.662535190582275,1.3975620893539629,randomKTA,donuts,16,4,0.8666666666666667,48
9.383742419453466,5.195768007120117,0.0038995132973647395,0.393506782809867,0.45574420402103677,0.03370006766159997,0.4013829654690548,0.4013829654690548,1,0.0025178168065589585,0.0038995132958180357,0.3935067826537863,6.48759126663208,4.569238185882568,1.4198409018543106,randomKTA,donuts,17,4,0.8666666666666667,48
8.726920741030293,5.026497442801808,0.002655326998238708,0.390928607369117,0.47600919954136567,0.02793279403378604,0.4086661277264785,0.4086661277264785,1,0.0025797237052240826,0.002655326997210772,0.3909286072177798,6.592658519744873,4.503721714019775,1.463824574067469,randomKTA,donuts,18,4,0.8666666666666667,47
8.765958159074286,5.0056583328643836,0.0015850601452656202,0.3938999359741255,0.4910159571231816,0.021751237343247874,0.41923504552300594,0.41923504552300594,1,0.002649942186827857,0.0015850601446682694,0.39389993582567906,6.654096603393555,4.433338642120361,1.5009222485674039,randomKTA,donuts,19,4,0.8333333333333334,47
9.447750823338774,4.977495149340481,0.0010437411737172252,0.4048888563644121,0.5002204649748164,0.017721792661086262,0.43318826315965053,0.43318826315965053,1,0.0027118799233772336,0.0010437411733328615,0.40488885621530935,6.75435733795166,4.373891353607178,1.544244424905468,randomKTA,donuts,20,4,0.8333333333333334,47
9.701364684238653,4.843206689639435,0.0008478013344156444,0.4221880829483253,0.5078231676107982,0.01601355191036021,0.4507516037718141,0.4507516037718141,1,0.002784840864156861,0.0008478013341116149,0.42218808279692477,6.923094749450684,4.342501163482666,1.594264339562502,randomKTA,donuts,21,4,0.85,46
9.947785692965924,4.969082801087603,0.0014298734273374245,0.4151673683749514,0.47422959944764914,0.021001789490745028,0.4463974033562721,0.4463974033562721,1,0.002829500964975425,0.0014298734268327537,0.4151673682284189,6.878948211669922,4.405737400054932,1.5613613765501757,randomKTA,donuts,22,4,0.85,46
10.070511692838974,5.243125694520209,0.001844671515362538,0.3947483832729759,0.43580921281780577,0.0239989455883829,0.4328762314607427,0.4328762314607427,1,0.0028568266270868102,0.0018446715147176942,0.39474838313498334,6.850091457366943,4.484564781188965,1.5274818832139367,randomKTA,donuts,23,4,0.85,45
9.82304735386512,5.619007451407273,0.00203082741580033,0.35821356635615675,0.37546281178465385,0.025178574462333736,0.4096083462695349,0.4096083462695349,1,0.002854710639683775,0.0020308274150898867,0.3582135662308431,6.834405899047852,4.529239654541016,1.508952146569274,randomKTA,donuts,24,4,0.85,44
11.092673832621177,6.540855722992214,0.002901011814943443,0.3073896836601353,0.34084837315987837,0.030123362639940525,0.377344566286429,0.3828625362383651,5,0.0028283207429740382,0.0029010118139191263,0.30738968355159924,6.698619365692139,4.480615139007568,1.4950222587460058,randomKTA,donuts,25,4,0.8666666666666667,44
12.099815480938375,7.582894439515537,0.00413397248943807,0.24679231063886387,0.29694146785977654,0.03589768409907702,0.33567675879158265,0.4049382465602581,5,0.002806853585799726,0.0041339724879672565,0.24679231055105844,6.627480983734131,4.449041366577148,1.4896424729877182,randomKTA,donuts,26,4,0.8833333333333333,46
13.274601078428509,8.624647287702828,0.006297407415034038,0.19328907321794025,0.23034373322693744,0.04411230867722947,0.2926547385765412,0.39887767593745427,4,0.0027690059164433194,0.006297407412762902,0.19328907314823124,6.549576282501221,4.41857385635376,1.4822828576423293,randomKTA,donuts,27,4,0.8833333333333333,47
11.859281940720878,6.80331558499299,0.009910820945696336,0.18602365556455833,0.2147280273430567,0.055552424756072125,0.28349462632703015,0.4647524790042533,4,0.0027668733946555773,0.009910820942119312,0.18602365549741845,6.453763484954834,4.403629779815674,1.4655554185173825,randomKTA,donuts,28,4,0.8666666666666667,48
12.517910038167837,8.222876655644724,0.012237847940991793,0.1783439076920654,0.2156713393658097,0.06186148589865051,0.2758528494946363,0.40449677871973544,4,0.002771799030053664,0.01223784793658277,0.17834390762781208,6.411856174468994,4.376731872558594,1.4649872007624771,randomKTA,donuts,29,4,0.85,48
12.02008111449057,8.759908743488545,0.01630471500505535,0.18474423937061552,0.2351280863894024,0.07143721697949831,0.2767018762813749,0.3846142418531107,9,0.002761765295770892,0.016304714999159794,0.18474423930381462,6.373112201690674,4.3884100914001465,1.452259945846548,randomKTA,donuts,30,4,0.85,48
12.41747648917325,9.182081078426549,0.021752149407836575,0.19623840873609721,0.24908654135340236,0.08230979831933215,0.2796842229668423,0.3789847792123652,9,0.002738746409508222,0.02175214939990521,0.19623840866454387,6.343716144561768,4.407272815704346,1.4393745088699508,randomKTA,donuts,31,4,0.8333333333333334,49
13.684359373611402,9.697424894181129,0.026700216342659622,0.2016127576974775,0.27216520639501074,0.09095872623536667,0.27826475588680055,0.35562933199408975,5,0.002719095750462436,0.02670021633285372,0.20161275762343334,6.328028202056885,4.429420471191406,1.428635696974907,randomKTA,donuts,32,4,0.8333333333333334,49
13.750252285877115,9.321486594565458,0.03113947006073702,0.21324478531760668,0.2938747806020005,0.0983977536768597,0.2826166159325134,0.38430750743482256,5,0.002720141543736185,0.031139470049305153,0.2132447852393206,6.310258388519287,4.4733567237854,1.4106316080194183,randomKTA,donuts,33,4,0.8166666666666667,49
13.150879027463786,8.239799980237963,0.036981428166333645,0.22672411536806866,0.3622361088000571,0.10776479931147255,0.2866903310375608,0.41869114701335164,5,0.002726708425275118,0.03698142815278978,0.22672411528503447,6.265944480895996,4.542507648468018,1.3794020760774803,randomKTA,donuts,34,4,0.8,49
13.955995652197142,8.764679365836887,0.04094173603155098,0.24023065590211634,0.34873620535224714,0.11357702020761117,0.29125290378946994,0.4090829791944984,6,0.0027260527595523074,0.04094173601655303,0.240230655814114,6.266729354858398,4.638720989227295,1.3509606138007757,randomKTA,donuts,35,4,0.8166666666666667,49
13.75185860844723,8.140292274820006,0.04309060881546368,0.2451728166294304,0.31333025649637614,0.11658224179060818,0.2909106952337548,0.4401746161972254,6,0.002723799688778501,0.04309060879966539,0.24517281653954284,6.280158042907715,4.730003356933594,1.3277280308269677,randomKTA,donuts,36,4,0.8166666666666667,50
13.414423143595293,7.392327890691649,0.04355635712108909,0.255105685898127,0.2892753887807821,0.11701037259506293,0.29554048755761186,0.46373656795873885,6,0.002714012092788367,0.043556357105062386,0.2551056858042601,6.3022027015686035,4.79807710647583,1.3134850819844857,randomKTA,donuts,37,4,0.8166666666666667,49
10.80779902152356,5.883027934555037,0.04038818984211557,0.2577590114205912,0.27065578151678155,0.11252168772272751,0.2984299265866057,0.505838380405473,6,0.0026917936449728725,0.04038818982713194,0.25775901132496504,6.26810359954834,4.795907020568848,1.3069693746488784,randomKTA,donuts,38,4,0.8166666666666667,50
8.906301555499597,4.747666306334166,0.038316901551112635,0.2660814002329365,0.2740556023356799,0.10906035273486801,0.30404403372337674,0.5453630645853204,6,0.002667879073823077,0.03831690153676993,0.2660814001333375,6.298530101776123,4.817211151123047,1.3075055056090754,randomKTA,donuts,39,4,0.85,50
8.737703592913826,4.600091869617151,0.03685161340679176,0.2792517494018355,0.2824402761477269,0.10677703573617893,0.313694469585918,0.5501271086470446,6,0.0026654271709869665,0.036851613392984775,0.27925174929720986,6.335297584533691,4.8282012939453125,1.3121444610184343,randomKTA,donuts,40,4,0.8666666666666667,50
8.528801719778627,4.999424725839944,0.03398778319918744,0.28348527114956346,0.28413461049505057,0.10198877174283948,0.31866980839537784,0.5231215905802094,6,0.0026563912248211007,0.03398778318641004,0.2834852710429897,6.411668300628662,4.8210015296936035,1.329945294797453,randomKTA,donuts,41,4,0.8666666666666667,50
8.293182917839612,5.268518867528395,0.02984333631753921,0.2891845780958619,0.28920788022850347,0.09474347730295787,0.3230144632094441,0.49408690289508916,6,0.0026314848641486553,0.029843336306213556,0.2891845779861153,6.519505977630615,4.874090671539307,1.3375840576167053,randomKTA,donuts,42,4,0.85,49
8.946771120576603,5.636252077033964,0.026399930994884382,0.28956352939310415,0.2897018129709793,0.0880633343390519,0.32282692173810995,0.4697930475445343,6,0.0025934248528351484,0.02639993098471837,0.28956352928159984,6.631693363189697,4.9192423820495605,1.3481127474807026,randomKTA,donuts,43,4,0.85,48
11.256996583314042,7.065822403470846,0.023204144958043432,0.2910530017460108,0.2918366452101403,0.08158198763842882,0.3221915777432895,0.38518283124793185,6,0.002551804816507331,0.023204144948962214,0.2910530016321037,6.737553119659424,4.98639440536499,1.3511873654456545,randomKTA,donuts,44,4,0.8666666666666667,48
12.10556188778666,7.523804995384859,0.019139739304410593,0.2908159511942952,0.2923496696213069,0.07307921090520259,0.31962855344077656,0.35471043496803656,7,0.0025004491240406272,0.019139739296766087,0.29081595107814184,6.849450588226318,5.082388877868652,1.3476832947693196,randomKTA,donuts,45,4,0.8666666666666667,49
12.159014221975745,7.556875378338368,0.016489714625624298,0.2925435549584537,0.29413156131708057,0.0672669666838178,0.31881717423436573,0.3585112695142212,7,0.0024637078785585236,0.01648971461893997,0.2925435548398672,6.8922271728515625,5.136419773101807,1.3418348727927485,randomKTA,donuts,46,4,0.8666666666666667,51
12.903131403045261,7.796829850536806,0.015398903314233266,0.28900689511473915,0.29050931608305647,0.06473231775360813,0.31554509013375065,0.347141601600123,7,0.0024403558400567966,0.015398903307931387,0.28900689499646526,6.881570816040039,5.145718574523926,1.3373391327906763,randomKTA,donuts,47,4,0.8666666666666667,51
12.415609252236514,7.548273025123134,0.014348222283736419,0.2889390714823682,0.2903432446743533,0.06292570025250724,0.31664249345728557,0.35145133708359694,7,0.0024524123624418614,0.014348222277893423,0.28893907136470415,6.78549861907959,5.12846565246582,1.3231050140339202,randomKTA,donuts,48,4,0.8666666666666667,50
11.869246431644953,7.239016013680902,0.01246670737057599,0.29186117903750247,0.2935309718206966,0.059251232391331995,0.32056767407891873,0.37169382342399215,7,0.0024731331167093377,0.012466707365541776,0.2918611789196453,6.663388252258301,5.101718425750732,1.3061066284300977,randomKTA,donuts,49,4,0.8666666666666667,51
11.957335022339684,7.119974700278682,0.014843471012979741,0.29216929124592345,0.29283867004541936,0.0653330017552717,0.3227379795989127,0.40380696854689113,7,0.0025039413001312493,0.014843471007059577,0.29216929112939477,6.5516462326049805,5.016148090362549,1.3061110068084423,randomKTA,donuts,50,4,0.8666666666666667,51
11.430209747494368,6.455336830198502,0.017190907960183698,0.2992742764163232,0.2993725633195056,0.07092766038599783,0.3272929137009345,0.43897706730467656,7,0.0025278402763020723,0.017190907953392166,0.29927427629809034,6.456060409545898,4.975128650665283,1.2976670279031446,randomKTA,donuts,51,4,0.8666666666666667,51
9.644984538257205,5.378952817145757,0.023972693235224836,0.288417486266364,0.29328609511865544,0.08410176227561272,0.3197609073798099,0.5014693416062495,7,0.0025490034242274533,0.023972693225832786,0.2884174861533675,6.406928539276123,4.889084339141846,1.3104557203035254,randomKTA,donuts,52,4,0.8833333333333333,51
9.234151982294922,5.1361090729806325,0.03010050560226475,0.27435835032268974,0.28166470434371715,0.0942466534082371,0.30844757886238916,0.5229345498051214,7,0.0025425052673253476,0.03010050559044193,0.27435835021492777,6.337503433227539,4.80133581161499,1.3199458821220253,randomKTA,donuts,53,4,0.8666666666666667,50
10.042010927193555,5.427534365628248,0.034884219777650285,0.2527566776631581,0.257941617729649,0.10107314882537392,0.29200800028916996,0.5245662782178719,7,0.0025107334177154154,0.034884219763775356,0.25275667756262615,6.234066963195801,4.66473388671875,1.3364249954201801,randomKTA,donuts,54,4,0.8666666666666667,49
10.598116180767983,5.624909133770417,0.04063350105058247,0.2514078607714145,0.25772647865135045,0.10944835545921787,0.288473563619296,0.5230667468848805,7,0.0025235081942829806,0.04063350103450271,0.2514078606719258,6.200178146362305,4.629607200622559,1.3392449678078968,randomKTA,donuts,55,4,0.8666666666666667,50
10.487027534642019,5.524057408674885,0.04464443685597608,0.25475917385216507,0.2651367847554909,0.11577496824832934,0.2906158103711328,0.5297242230449153,7,0.0025649724494122583,0.04464443683859475,0.2547591737529802,6.170357704162598,4.608826637268066,1.3388131491573758,randomKTA,donuts,56,4,0.85,49
10.371127973581647,5.533346168136022,0.04622212987122474,0.2599719362401105,0.2752531759123067,0.11885739326989292,0.2957300110135828,0.5289360158323388,7,0.0026064833968948617,0.04622212985351581,0.25997193614050834,6.149575710296631,4.593698978424072,1.3386980163869997,randomKTA,donuts,57,4,0.85,50
10.332409482351219,5.950018280842526,0.04491774030848002,0.2758484169114553,0.29553797866737547,0.11857391458036746,0.31111963050519975,0.5041128465970097,7,0.002669940183497482,0.04491774029167982,0.27584841680828204,6.159329891204834,4.599606513977051,1.3390993061008232,randomKTA,donuts,58,4,0.85,48
12.070354082521652,6.766472100825638,0.04000987419835658,0.3054976621229454,0.3278345559157301,0.11392031348496001,0.3374913574043754,0.4558230427605757,7,0.0027538351331579565,0.040009874183847896,0.3054976620121635,6.138204574584961,4.640830993652344,1.3226520386067449,randomKTA,donuts,59,4,0.8333333333333334,48
12.022120573902633,6.924930532249799,0.0327504828370759,0.3277483174660906,0.35177478035531473,0.10459969951809717,0.35914469475205335,0.4039764933922289,7,0.0028245977491368206,0.03275048282549717,0.32774831735021726,6.1208176612854,4.676624774932861,1.3088109386265574,randomKTA,donuts,60,4,0.8333333333333334,47
10.781243582692218,6.336465615586468,0.022995498807869188,0.3326126957169728,0.35421828655366333,0.08873794590476886,0.3705335433827406,0.37394291674463476,5,0.002882444657833854,0.02299549879990242,0.33261269560173945,6.099937915802002,4.710546970367432,1.2949532090802822,randomKTA,donuts,61,4,0.8333333333333334,47
10.685601253824553,6.489268619841276,0.015149463811654933,0.327220334170196,0.3432522597086125,0.07225527760647134,0.37449735971960224,0.37449735971960224,1,0.0029119931749678222,0.015149463806459653,0.3272203340579808,6.141029357910156,4.709109306335449,1.3040744986842745,randomKTA,donuts,62,4,0.8333333333333334,46
11.19556413106919,6.870313265561637,0.01119846710949276,0.3161347877350907,0.32771835967070834,0.06190640695613172,0.3719187766062416,0.3719187766062416,1,0.002918939042899595,0.011198467105661527,0.31613478762693425,6.23029899597168,4.7003960609436035,1.3254838348068105,randomKTA,donuts,63,4,0.85,47
11.321548345785756,7.011348079619933,0.009939633314259871,0.30375583883276536,0.31421857251156926,0.05807103673794724,0.3665304728208709,0.3665304728208709,1,0.0029124201402207926,0.009939633310851693,0.30375583872861117,6.280774116516113,4.66033935546875,1.347707460218426,randomKTA,donuts,64,4,0.8333333333333334,47
11.373563263162463,6.996419124293651,0.009845507918518626,0.297160300830129,0.30851023415048695,0.05784499538487336,0.363795687026893,0.3672387748189991,4,0.0029169295994041756,0.009845507915147943,0.297160300728394,6.274652481079102,4.629414081573486,1.355388040584406,randomKTA,donuts,65,4,0.85,47
11.154966321266768,6.777192384193613,0.00770233504713884,0.299223599979683,0.3125705368505423,0.05117690580201238,0.3684151082204207,0.3809470260919968,4,0.002934290251731086,0.007702335044517487,0.29922359987784747,6.3175129890441895,4.613889217376709,1.3692381180826725,randomKTA,donuts,66,4,0.85,46
10.70123335119624,6.486747785254726,0.005997367584894108,0.30008295760933423,0.31525873385877995,0.045221556386401796,0.3710976485891716,0.38446356475346793,4,0.002950488491274806,0.005997367582864213,0.3000829575077668,6.342371463775635,4.618270397186279,1.3733218106151612,randomKTA,donuts,67,4,0.85,46
10.524570292126501,6.4514149604143185,0.00597361624699371,0.2983285334716668,0.31191389228619226,0.045229615860099645,0.37040450066678937,0.37040450066678937,1,0.002958473701611635,0.005973616244977316,0.298328533370966,6.319465637207031,4.611547946929932,1.3703567023330527,randomKTA,donuts,68,4,0.85,46
10.824498184696846,6.536838576590843,0.005961004667367625,0.29873874058532834,0.3119026334526228,0.04536598294379654,0.37213633406232505,0.3765157448325714,5,0.0029809137627325793,0.005961004665370642,0.29873874048524857,6.299167633056641,4.597886562347412,1.3700137112211146,randomKTA,donuts,69,4,0.85,46
11.203499084313421,6.661654397199777,0.008446683559472052,0.2992481617963869,0.31044135303450654,0.053951916584076366,0.37387235073254094,0.3882289225471531,5,0.002991153831521548,0.008446683556652049,0.2992481616964801,6.310678005218506,4.524321556091309,1.394834104291448,randomKTA,donuts,70,4,0.8666666666666667,45
10.161461243737255,6.242782446310682,0.011305555404691865,0.2852690025293175,0.29793392997504886,0.061970301297826574,0.3640019988888697,0.4488791281747446,5,0.002965034731584398,0.011305555400884156,0.28526900243323894,6.341005802154541,4.453675270080566,1.4237692282487424,randomKTA,donuts,71,4,0.8666666666666667,46
9.796505416828545,5.8394299590503,0.013669073953559343,0.2761239869393555,0.30120817790083565,0.06792518517038071,0.35902149470967,0.49085348404950346,5,0.0029568001271117685,0.013669073948942791,0.27612398684609823,6.350718975067139,4.364748954772949,1.4550021183053454,randomKTA,donuts,72,4,0.8666666666666667,48
9.288595821065881,5.374523653944016,0.015858905559065876,0.26647649320079575,0.3013839229198935,0.07267372915518899,0.35328305529421344,0.524809835568327,5,0.002937187295102094,0.01585890555367397,0.26647649311019583,6.3945536613464355,4.276198387145996,1.4953828336324613,randomKTA,donuts,73,4,0.8833333333333333,48
8.793167319928227,4.973700428579636,0.017836715419839836,0.2675835862325046,0.316979912682802,0.07711072912960358,0.3564723917015643,0.5433139892515997,5,0.0029446050734176876,0.017836715413790775,0.2675835861417576,6.39781379699707,4.191742420196533,1.5262898230983328,randomKTA,donuts,74,4,0.8666666666666667,47
8.260231538114054,4.694268175009339,0.020009928230517428,0.2871828309402954,0.34026083764346743,0.08211635003000321,0.37232932366189153,0.547907353094302,5,0.0029679486502925956,0.020009928223784744,0.28718283084366775,6.369173049926758,4.136516094207764,1.5397433262362439,randomKTA,donuts,75,4,0.8333333333333334,46
8.189800871422332,4.583015044436493,0.022653709808826143,0.32046589938417586,0.3629028325365578,0.08776557314444584,0.39489708481100005,0.5359165298183719,5,0.0029911939090581274,0.022653709801263126,0.32046589927718727,6.375879764556885,4.140223503112793,1.539984437980629,randomKTA,donuts,76,4,0.8333333333333334,47
7.989324887738875,4.52750709130655,0.0222822734917473,0.3539101727301386,0.3805204732541591,0.08771561864313357,0.4167064681453416,0.5138770138356342,5,0.0030226040604562857,0.02228227348438556,0.3539101726132118,6.365487098693848,4.197750091552734,1.5164044928500633,randomKTA,donuts,77,4,0.8333333333333334,46
7.391935557524817,4.254059908033654,0.022076488089080564,0.38297634970516886,0.3994569512634566,0.0879025591887973,0.43373728126024313,0.5072541553081483,5,0.003054344687044646,0.022076488081862564,0.3829763495799531,6.374195575714111,4.279880523681641,1.4893396066648628,randomKTA,donuts,78,4,0.8166666666666667,46
6.991236652675992,4.008707417255064,0.02298790817845615,0.40189321573753023,0.41109660969273026,0.09005207055246561,0.44176257700996147,0.5121673589909235,5,0.003067660154652374,0.022987908170972737,0.40189321560669916,6.380814552307129,4.370357036590576,1.4600213435384446,randomKTA,donuts,79,4,0.8166666666666667,47
8.21826632890947,4.843066021485962,0.02655179278060281,0.41303856048255855,0.4188803362236494,0.09713074746910773,0.4412451287883487,0.4412451287883487,1,0.003066496817323035,0.026551792771955882,0.4130385603480473,6.363186359405518,4.4881672859191895,1.417769426591438,randomKTA,donuts,80,4,0.8,46
8.287447479087412,4.664704481521448,0.02546280136829841,0.42742048879660094,0.43252353267829535,0.09535686394509424,0.44724092183616937,0.44724092183616937,1,0.0030918139657039054,0.025462801360073922,0.42742048865854404,6.442957878112793,4.623600482940674,1.3934936424294144,randomKTA,donuts,81,4,0.8,46
7.678013110945312,4.235771444686457,0.02729989067617067,0.44197543206828876,0.44557159884845665,0.09886047053103639,0.4545694803109102,0.4545694803109102,1,0.0031245070371543095,0.027299890667444985,0.44197543192702315,6.541031837463379,4.6993584632873535,1.391898891851362,randomKTA,donuts,82,4,0.8166666666666667,45
7.133240856624409,3.9420648069904507,0.03142908102343722,0.4435565466570683,0.4471595209875493,0.10603773556806705,0.4508705313414916,0.5017136601495098,6,0.0031221030325740426,0.03142908101338399,0.44355654651518767,6.555630683898926,4.754792213439941,1.378741780843196,randomKTA,donuts,83,4,0.8166666666666667,47
7.1386319169235675,3.9348060734395713,0.03458858557988892,0.43678898100633534,0.44219164316201326,0.1111825459069431,0.44495353668611526,0.514957735609505,6,0.003114632975542767,0.03458858556879857,0.4367889808662849,6.5272626876831055,4.738977909088135,1.377356639532783,randomKTA,donuts,84,4,0.8333333333333334,47
7.463453043466597,4.217424917205519,0.03957023895358246,0.42932704699457086,0.43679493665950253,0.11872995638892651,0.43718719436202624,0.4973023252612587,6,0.0031005639808299994,0.039570238940837284,0.4293270468562889,6.495702743530273,4.718858242034912,1.3765411907622291,randomKTA,donuts,85,4,0.8166666666666667,47
8.198848399058742,4.598013753005852,0.040612679423791494,0.4251545327226163,0.4366375159590034,0.119775724320572,0.4323380791299769,0.46287558208574264,6,0.0030985583066059415,0.04061267941070207,0.42515453258558944,6.5588603019714355,4.766515254974365,1.376028387851102,randomKTA,donuts,86,4,0.8166666666666667,47
8.970732776908616,5.094087467615152,0.042965631086914625,0.4124600582220269,0.4269129314243285,0.12204699443081045,0.4202207636756061,0.42352466647786513,6,0.003066655701048036,0.04296563107292276,0.41246005808770825,6.622996807098389,4.804413795471191,1.3785233930807705,randomKTA,donuts,87,4,0.8333333333333334,48
9.180405042036579,5.297283963185073,0.04548384886435877,0.40279975415452285,0.423042681202791,0.12494118038785451,0.41265534441284457,0.41265534441284457,1,0.0030665316736021857,0.04548384884954623,0.4027997540233448,6.690553188323975,4.818295478820801,1.3885726223581434,randomKTA,donuts,88,4,0.8166666666666667,48
9.030377586894732,5.321979701034406,0.04850470312871315,0.39544224336738787,0.42349624959730425,0.12796926768556846,0.40526557182799916,0.4495111262441679,7,0.0030630352436937366,0.048504703112898694,0.39544224323845806,6.823379039764404,4.866300106048584,1.4021697986282968,randomKTA,donuts,89,4,0.8,47
9.547767004406255,5.408423015780707,0.04912319989732577,0.387014206797027,0.42026417721905873,0.12771047480135594,0.39792553470206943,0.4780435436872896,7,0.003044128211638907,0.04912319988121014,0.38701420667006103,6.9137468338012695,4.8983845710754395,1.4114340622875892,randomKTA,donuts,90,4,0.8,47
10.09944301808419,5.70018572582536,0.051889891733420755,0.3711017009815285,0.40562109845892097,0.13053673716078923,0.38535839692622553,0.4829657241406271,7,0.003017300994234049,0.05188989171624613,0.3711017008587005,6.92167329788208,4.885883808135986,1.4166676019504751,randomKTA,donuts,91,4,0.8,47
10.932887884562385,6.343851375929043,0.05491417964683445,0.3508743915208324,0.3859642106966712,0.1338481288098488,0.36933589437348624,0.4665178266604637,7,0.0029891353464441602,0.05491417962848763,0.3508743914036054,6.8866400718688965,4.874586582183838,1.412763924850061,randomKTA,donuts,92,4,0.8,47
11.766601959325062,7.043815793566277,0.059155940321295154,0.3345712139844266,0.36850839908692723,0.13852017993446436,0.3541447439304238,0.4483780601973889,7,0.002962249252464385,0.05915594030135181,0.334571213871632,6.858159065246582,4.884967803955078,1.40393127252395,randomKTA,donuts,93,4,0.8333333333333334,47
12.28706618041417,7.810513398515679,0.06255800606307797,0.32393692058222995,0.359498015594422,0.1420519629367768,0.3433619579348269,0.4114590109279329,7,0.0029414946231529956,0.06255800604183885,0.3239369204722499,6.852898597717285,4.900631904602051,1.3983704002091066,randomKTA,donuts,94,4,0.8333333333333334,47
11.705481571438312,7.641751840834002,0.06692557635840772,0.32388886098149716,0.36484736747832597,0.14570325175544466,0.3391422333493443,0.3813012031365839,6,0.002930888326363816,0.06692557633560332,0.3238888608711344,6.993331432342529,4.956074237823486,1.4110626872716732,randomKTA,donuts,95,4,0.8333333333333334,48
12.180706691640538,7.648517517536374,0.06618374307648624,0.3343223758757736,0.3801226369520717,0.14510606341463392,0.3467604719030124,0.36794796839911026,6,0.002952009301157336,0.06618374305409581,0.33432237576267004,7.059162616729736,5.0081024169921875,1.4095483736069407,randomKTA,donuts,96,4,0.8333333333333334,49
11.833601734276987,7.349426988095649,0.06352433384059215,0.3518669854205096,0.40297083134496103,0.1425734348835772,0.3612487003640557,0.3612487003640557,1,0.002988681811669687,0.06352433381936494,0.3518669853029302,7.153907775878906,5.057975769042969,1.4143815831745472,randomKTA,donuts,97,4,0.8,49
11.145254879546542,6.709664573546913,0.057464429733595855,0.3665592240095456,0.41803967058086405,0.13574981640710515,0.3751826586966677,0.3751995303190959,6,0.00301053927784208,0.057464429714532875,0.36655922388794504,7.23134708404541,5.09219217300415,1.4200852674768243,randomKTA,donuts,98,4,0.8,48
10.570427052155365,6.222775604530123,0.05360833965383366,0.3757350964007986,0.4265436729973855,0.13102662311735727,0.38310786746852676,0.4124679694269574,6,0.0030103313083219563,0.05360833963604858,0.37573509627614493,7.265433311462402,5.106612682342529,1.4227500230403505,randomKTA,donuts,99,4,0.8,47
9.886195909813551,5.753660625144916,0.048768384242208834,0.37490772726715327,0.42270112759117,0.12522210989249305,0.38672046114669356,0.46037538198532685,6,0.003002833259855142,0.048768384225989135,0.3749077271424642,7.191813945770264,5.042791366577148,1.4261573448061093,randomKTA,donuts,100,4,0.8,46
8.278832213183984,4.266323592353487,0.02227152083152563,0.4733719659524094,0.48647924592669844,0.06421875282477324,0.35314138324624245,0.35314138324624245,1,0.0019110011041023442,0.0222715208198833,0.4733719657049565,9.985087394714355,6.688084602355957,1.4929666695896007,quackKTA,donuts,1,4,0.8166666666666667,49
8.278832213183984,4.266323592353487,0.02227152083152563,0.4733719659524094,0.48647924592669844,0.06421875282477324,0.35314138324624245,0.35314138324624245,1,0.0019110011041023442,0.0222715208198833,0.4733719657049565,9.985087394714355,6.688084602355957,1.4929666695896007,quackKTA,donuts,2,4,0.8166666666666667,49
9.39829258671094,5.020383736391629,0.060826709867151024,0.46581384621358,0.4907938070547026,0.10733305862459891,0.3392089369103386,0.3392089369103386,1,0.001942217128117422,0.06082670983586563,0.465813845973995,9.795146942138672,6.529655933380127,1.5001015431860034,quackKTA,donuts,3,4,0.8166666666666667,49
9.39829258671094,5.020383736391629,0.060826709867151024,0.46581384621358,0.4907938070547026,0.10733305862459891,0.3392089369103386,0.3392089369103386,1,0.001942217128117422,0.06082670983586563,0.465813845973995,9.795146942138672,6.529655933380127,1.5001015431860034,quackKTA,donuts,4,4,0.8166666666666667,49
11.063549946686603,6.9422524302559765,0.12002808579502576,0.4195828213734532,0.45844813410579704,0.15252140394846705,0.29555160012868176,0.29776774806840745,30,0.0019915505824776823,0.12002808573482157,0.41958282116299705,9.609831809997559,6.3871049880981445,1.504567691920393,quackKTA,donuts,5,4,0.8333333333333334,48
11.063549946686603,6.9422524302559765,0.12002808579502576,0.4195828213734532,0.45844813410579704,0.15252140394846705,0.29555160012868176,0.29776774806840745,30,0.0019915505824776823,0.12002808573482157,0.41958282116299705,9.609831809997559,6.3871049880981445,1.504567691920393,quackKTA,donuts,6,4,0.8333333333333334,48
11.195948221435403,7.5973958896504445,0.15820208428209626,0.40261308370075055,0.4681504784311058,0.17686380031972668,0.2734519100448024,0.3968188185636163,23,0.002076106938373789,0.1582020842059769,0.40261308350703223,9.76439094543457,6.310585975646973,1.5473033697844454,quackKTA,donuts,7,4,0.8,48
11.195948221435403,7.5973958896504445,0.15820208428209626,0.40261308370075055,0.4681504784311058,0.17686380031972668,0.2734519100448024,0.3968188185636163,23,0.002076106938373789,0.1582020842059769,0.40261308350703223,9.76439094543457,6.310585975646973,1.5473033697844454,quackKTA,donuts,8,4,0.8,48
12.821393448101306,8.750190749642316,0.16983172862144955,0.39058558401811405,0.44580609461493176,0.1870511099754375,0.26817993160633985,0.32586931545980213,30,0.0021772926263909508,0.1698317285435329,0.39058558383891834,9.73635482788086,6.156783580780029,1.5814028055612988,quackKTA,donuts,9,4,0.8,48
12.821393448101306,8.750190749642316,0.16983172862144955,0.39058558401811405,0.44580609461493176,0.1870511099754375,0.26817993160633985,0.32586931545980213,30,0.0021772926263909508,0.1698317285435329,0.39058558383891834,9.73635482788086,6.156783580780029,1.5814028055612988,quackKTA,donuts,10,4,0.8,48
10.682340026256087,7.152494071957111,0.16539338385862287,0.39271599456556017,0.49078623603794236,0.19101729418547903,0.2812437505300052,0.36284166719993244,5,0.0022988977358950834,0.1653933837867576,0.3927159943949207,9.444967269897461,5.988314151763916,1.5772330960816037,quackKTA,donuts,11,4,0.7833333333333333,48
10.682340026256087,7.152494071957111,0.16539338385862287,0.39271599456556017,0.49078623603794236,0.19101729418547903,0.2812437505300052,0.36284166719993244,5,0.0022988977358950834,0.1653933837867576,0.3927159943949207,9.444967269897461,5.988314151763916,1.5772330960816037,quackKTA,donuts,12,4,0.7833333333333333,48
8.736485259500002,6.1211874273795805,0.16071301964715137,0.4285120584360297,0.5603823561576096,0.19601554238437563,0.3188388352722608,0.37055252844981057,5,0.0024629356404327766,0.16071301958197157,0.4285120582622395,9.232528686523438,5.8145647048950195,1.5878280069270534,quackKTA,donuts,13,4,0.7833333333333333,47
8.736485259500002,6.1211874273795805,0.16071301964715137,0.4285120584360297,0.5603823561576096,0.19601554238437563,0.3188388352722608,0.37055252844981057,5,0.0024629356404327766,0.16071301958197157,0.4285120582622395,9.232528686523438,5.8145647048950195,1.5878280069270534,quackKTA,donuts,14,4,0.7833333333333333,47
8.307439467957623,5.640157928963579,0.17134056565396194,0.48543122270952643,0.6290778987446576,0.20912234516776265,0.3613893873374374,0.3613893873374374,1,0.0026239932534803524,0.17134056558873778,0.4854312225247375,9.136881828308105,5.608450889587402,1.6291275448751679,quackKTA,donuts,15,4,0.8,46
8.307439467957623,5.640157928963579,0.17134056565396194,0.48543122270952643,0.6290778987446576,0.20912234516776265,0.3613893873374374,0.3613893873374374,1,0.0026239932534803524,0.17134056558873778,0.4854312225247375,9.136881828308105,5.608450889587402,1.6291275448751679,quackKTA,donuts,16,4,0.8,46
7.974064421935528,5.243036501232516,0.18492783334523838,0.5283205239903654,0.6800877896643862,0.22160778167017847,0.38996347673044945,0.38996347673044945,1,0.0027381818483090273,0.1849278332777784,0.528320523797639,9.074493408203125,5.441683769226074,1.6675892596919588,quackKTA,donuts,17,4,0.8166666666666667,44
7.974064421935528,5.243036501232516,0.18492783334523838,0.5283205239903654,0.6800877896643862,0.22160778167017847,0.38996347673044945,0.38996347673044945,1,0.0027381818483090273,0.1849278332777784,0.528320523797639,9.074493408203125,5.441683769226074,1.6675892596919588,quackKTA,donuts,18,4,0.8166666666666667,44
8.128445600917939,5.326259844231987,0.19562566011758628,0.5305750205617169,0.685156632419093,0.23002441706718108,0.3903852471671174,0.3903852471671174,1,0.0027791230043607167,0.19562566004727605,0.5305750203710218,8.939202308654785,5.313897609710693,1.6822308153468135,quackKTA,donuts,19,4,0.8333333333333334,44
8.128445600917939,5.326259844231987,0.19562566011758628,0.5305750205617169,0.685156632419093,0.23002441706718108,0.3903852471671174,0.3903852471671174,1,0.0027791230043607167,0.19562566004727605,0.5305750203710218,8.939202308654785,5.313897609710693,1.6822308153468135,quackKTA,donuts,20,4,0.8333333333333334,44
7.668707984782144,5.391491948512367,0.19298863529353277,0.5167400304103651,0.6656861413057356,0.2306186043866364,0.3855532250421303,0.3855532250421303,1,0.0027930071481969544,0.19298863522451612,0.5167400302255682,8.70807933807373,5.2266364097595215,1.6660962529958583,quackKTA,donuts,21,4,0.8166666666666667,47
7.668707984782144,5.391491948512367,0.19298863529353277,0.5167400304103651,0.6656861413057356,0.2306186043866364,0.3855532250421303,0.3855532250421303,1,0.0027930071481969544,0.19298863522451612,0.5167400302255682,8.70807933807373,5.2266364097595215,1.6660962529958583,quackKTA,donuts,22,4,0.8166666666666667,47
8.890383909599045,5.844575002216004,0.17877233196240871,0.5020757426106188,0.633246604962182,0.2239613028503354,0.385964327304766,0.385964327304766,1,0.002797215244311501,0.17877233189857314,0.5020757424313388,8.47116470336914,5.158277988433838,1.64224664168197,quackKTA,donuts,23,4,0.8,45
8.890383909599045,5.844575002216004,0.17877233196240871,0.5020757426106188,0.633246604962182,0.2239613028503354,0.385964327304766,0.385964327304766,1,0.002797215244311501,0.17877233189857314,0.5020757424313388,8.47116470336914,5.158277988433838,1.64224664168197,quackKTA,donuts,24,4,0.8,45
9.712187371829865,6.138571611037187,0.15896812233204785,0.48389199451656273,0.5783473971807095,0.21293588968864707,0.3866669288652342,0.3866669288652342,1,0.002793650654412702,0.15896812227521215,0.4838919943435573,8.240926742553711,5.108240127563477,1.6132614240440664,quackKTA,donuts,25,4,0.8,45
9.712187371829865,6.138571611037187,0.15896812233204785,0.48389199451656273,0.5783473971807095,0.21293588968864707,0.3866669288652342,0.3866669288652342,1,0.002793650654412702,0.15896812227521215,0.4838919943435573,8.240926742553711,5.108240127563477,1.6132614240440664,quackKTA,donuts,26,4,0.8,45
9.18206743178149,5.713385499492876,0.13382529265219997,0.45943124999829643,0.4625786927452566,0.1971001937417562,0.3861084206658292,0.3861084206658292,1,0.0027863860754776576,0.13382529260422946,0.45943124983361044,7.9850077629089355,5.062733173370361,1.5772128392837226,quackKTA,donuts,27,4,0.8166666666666667,45
9.18206743178149,5.713385499492876,0.13382529265219997,0.45943124999829643,0.4625786927452566,0.1971001937417562,0.3861084206658292,0.3861084206658292,1,0.0027863860754776576,0.13382529260422946,0.45943124983361044,7.9850077629089355,5.062733173370361,1.5772128392837226,quackKTA,donuts,28,4,0.8166666666666667,45
10.185812928345769,6.285566387621275,0.10604029166903176,0.41559974262985067,0.44137897566865575,0.17777095737518586,0.37597384791872046,0.37597384791872046,1,0.0027912978910389218,0.10604029163108858,0.4155997424811414,7.663608074188232,5.001644134521484,1.5322177804078998,quackKTA,donuts,29,4,0.8,44
10.185812928345769,6.285566387621275,0.10604029166903176,0.41559974262985067,0.44137897566865575,0.17777095737518586,0.37597384791872046,0.37597384791872046,1,0.0027912978910389218,0.10604029163108858,0.4155997424811414,7.663608074188232,5.001644134521484,1.5322177804078998,quackKTA,donuts,30,4,0.8,44
11.389907181040439,7.352680596109887,0.07951743538036224,0.34772589132453824,0.4265462953014297,0.1565866172943752,0.35039688462515606,0.35039688462515606,1,0.0028113806749101257,0.0795174353521135,0.34772589120100794,7.288435459136963,4.909454345703125,1.4845713893875998,quackKTA,donuts,31,4,0.7833333333333333,44
11.389907181040439,7.352680596109887,0.07951743538036224,0.34772589132453824,0.4265462953014297,0.1565866172943752,0.35039688462515606,0.35039688462515606,1,0.0028113806749101257,0.0795174353521135,0.34772589120100794,7.288435459136963,4.909454345703125,1.4845713893875998,quackKTA,donuts,32,4,0.7833333333333333,44
11.909312393272213,8.09318200666467,0.055026490389514855,0.26704645008664607,0.40933635813293845,0.1313742750896651,0.31070288659519507,0.35345776678305796,3,0.002801337390028688,0.055026490369897145,0.2670464499914403,6.956597805023193,4.792166709899902,1.451660225144181,quackKTA,donuts,33,4,0.8,45
11.909312393272213,8.09318200666467,0.055026490389514855,0.26704645008664607,0.40933635813293845,0.1313742750896651,0.31070288659519507,0.35345776678305796,3,0.002801337390028688,0.055026490369897145,0.2670464499914403,6.956597805023193,4.792166709899902,1.451660225144181,quackKTA,donuts,34,4,0.8,45
11.5354566497224,7.6387854481008315,0.036455438277462726,0.2039557492692492,0.35704639733866944,0.10604145125572606,0.2740173391710903,0.39639247878337486,3,0.002741341026664386,0.036455438264181766,0.20395574919494672,6.78110408782959,4.666045188903809,1.453287272903848,quackKTA,donuts,35,4,0.8,47
11.5354566497224,7.6387854481008315,0.036455438277462726,0.2039557492692492,0.35704639733866944,0.10604145125572606,0.2740173391710903,0.39639247878337486,3,0.002741341026664386,0.036455438264181766,0.20395574919494672,6.78110408782959,4.666045188903809,1.453287272903848,quackKTA,donuts,36,4,0.8,47
12.250061798059324,7.936473698710229,0.02716249025978978,0.18429469667671391,0.32935398347391454,0.09052428414834025,0.26495023149181673,0.40468210358631873,3,0.0026887995826972255,0.02716249024970112,0.18429469660826336,6.707319259643555,4.5294575691223145,1.4808217446094256,quackKTA,donuts,37,4,0.8166666666666667,47
12.250061798059324,7.936473698710229,0.02716249025978978,0.18429469667671391,0.32935398347391454,0.09052428414834025,0.26495023149181673,0.40468210358631873,3,0.0026887995826972255,0.02716249024970112,0.18429469660826336,6.707319259643555,4.5294575691223145,1.4808217446094256,quackKTA,donuts,38,4,0.8166666666666667,47
11.926561410242716,8.555367440041486,0.024994126815863167,0.2002421457280718,0.37592400112064517,0.08622106143390468,0.28081102020343707,0.3441836311494665,4,0.002674928986222205,0.024994126806531815,0.20024214565331305,6.728231906890869,4.447485446929932,1.512817070943719,quackKTA,donuts,39,4,0.8333333333333334,46
11.926561410242716,8.555367440041486,0.024994126815863167,0.2002421457280718,0.37592400112064517,0.08622106143390468,0.28081102020343707,0.3441836311494665,4,0.002674928986222205,0.024994126806531815,0.20024214565331305,6.728231906890869,4.447485446929932,1.512817070943719,quackKTA,donuts,40,4,0.8333333333333334,46
11.375684395257341,7.686221913026591,0.02333962165613709,0.22873073692283255,0.44633719746832323,0.08234031952410283,0.3036161412211787,0.3816421551198104,12,0.0026566135344752596,0.023339621647363355,0.228730736836849,6.84551477432251,4.43066930770874,1.5450294975548577,quackKTA,donuts,41,4,0.8,45
11.375684395257341,7.686221913026591,0.02333962165613709,0.22873073692283255,0.44633719746832323,0.08234031952410283,0.3036161412211787,0.3816421551198104,12,0.0026566135344752596,0.023339621647363355,0.228730736836849,6.84551477432251,4.43066930770874,1.5450294975548577,quackKTA,donuts,42,4,0.8,45
11.306062454564556,7.276739532745647,0.019661038794463816,0.24456429380913733,0.24496338670914208,0.07446824085355773,0.31664361141589203,0.38271560557978646,12,0.002624247209397876,0.019661038786981725,0.24456429371606733,6.989687442779541,4.422295570373535,1.580556372035433,quackKTA,donuts,43,4,0.8333333333333334,47
11.306062454564556,7.276739532745647,0.019661038794463816,0.24456429380913733,0.24496338670914208,0.07446824085355773,0.31664361141589203,0.38271560557978646,12,0.002624247209397876,0.019661038786981725,0.24456429371606733,6.989687442779541,4.422295570373535,1.580556372035433,quackKTA,donuts,44,4,0.8333333333333334,47
11.096774731751402,7.034335667740989,0.01627112019770543,0.24526581013142856,0.25011245631471807,0.06692637913501798,0.3183960025729371,0.38494717440030435,3,0.0025937891536139466,0.01627112019144064,0.2452658100369951,7.104419708251953,4.417697906494141,1.6081723690989933,quackKTA,donuts,45,4,0.8333333333333334,46
11.096774731751402,7.034335667740989,0.01627112019770543,0.24526581013142856,0.25011245631471807,0.06692637913501798,0.3183960025729371,0.38494717440030435,3,0.0025937891536139466,0.01627112019144064,0.2452658100369951,7.104419708251953,4.417697906494141,1.6081723690989933,quackKTA,donuts,46,4,0.8333333333333334,46
10.810536109904762,6.877501265363152,0.012721629438984701,0.2418741071329144,0.2545721085552557,0.05874541889866636,0.31734516108591215,0.3925463886307537,12,0.002574115225345636,0.012721629434049107,0.24187410703907486,7.166475772857666,4.423557758331299,1.620070577660878,quackKTA,donuts,47,4,0.85,46
10.810536109904762,6.877501265363152,0.012721629438984701,0.2418741071329144,0.2545721085552557,0.05874541889866636,0.31734516108591215,0.3925463886307537,12,0.002574115225345636,0.012721629434049107,0.24187410703907486,7.166475772857666,4.423557758331299,1.620070577660878,quackKTA,donuts,48,4,0.85,46
11.769606095733304,7.7508827774656455,0.009566294057448688,0.23921668479088673,0.2574933830070482,0.05076604746253679,0.31703948113557184,0.4121008374625283,12,0.002565574982578349,0.009566294053724911,0.23921668469776922,7.19318151473999,4.427560329437256,1.6246377190873016,quackKTA,donuts,49,4,0.8666666666666667,47
11.769606095733304,7.7508827774656455,0.009566294057448688,0.23921668479088673,0.2574933830070482,0.05076604746253679,0.31703948113557184,0.4121008374625283,12,0.002565574982578349,0.009566294053724911,0.23921668469776922,7.19318151473999,4.427560329437256,1.6246377190873016,quackKTA,donuts,50,4,0.8666666666666667,47
12.506952264285252,8.488840641385533,0.00763474729773461,0.23816949629468104,0.25873861507473206,0.04527124613414745,0.31746801003224245,0.42430448803902693,12,0.002563230588760662,0.0076347472947599915,0.2381694962018864,7.209194183349609,4.426631927490234,1.6285958040869628,quackKTA,donuts,51,4,0.85,47
12.506952264285252,8.488840641385533,0.00763474729773461,0.23816949629468104,0.25873861507473206,0.04527124613414745,0.31746801003224245,0.42430448803902693,12,0.002563230588760662,0.0076347472947599915,0.2381694962018864,7.209194183349609,4.426631927490234,1.6285958040869628,quackKTA,donuts,52,4,0.85,47
12.920095453650665,8.522348433148114,0.007029764302720176,0.23783871006236404,0.2604508884205045,0.04345046299466296,0.3181708337217195,0.4199973596684332,12,0.00256909596214918,0.007029764299987526,0.23783870996991,7.21524715423584,4.418055534362793,1.6331273108985143,quackKTA,donuts,53,4,0.8333333333333334,47
12.920095453650665,8.522348433148114,0.007029764302720176,0.23783871006236404,0.2604508884205045,0.04345046299466296,0.3181708337217195,0.4199973596684332,12,0.00256909596214918,0.007029764299987526,0.23783870996991,7.21524715423584,4.418055534362793,1.6331273108985143,quackKTA,donuts,54,4,0.8333333333333334,47
13.158611693512679,8.68997009758072,0.007313731349827291,0.23693611902732317,0.2612162948510667,0.04437192515904956,0.31811874499983955,0.4166850490467583,12,0.002577019770767451,0.0073137313469930024,0.23693611893550334,7.20930290222168,4.403586387634277,1.637143516126879,quackKTA,donuts,55,4,0.8333333333333334,48
13.158611693512679,8.68997009758072,0.007313731349827291,0.23693611902732317,0.2612162948510667,0.04437192515904956,0.31811874499983955,0.4166850490467583,12,0.002577019770767451,0.0073137313469930024,0.23693611893550334,7.20930290222168,4.403586387634277,1.637143516126879,quackKTA,donuts,56,4,0.8333333333333334,48
12.642091334061039,8.456705714455913,0.007997391423714646,0.23575765778678404,0.26080196675556644,0.046477620408596265,0.3176771915156861,0.4246266085381024,12,0.002585381151166733,0.007997391420625449,0.23575765769571663,7.1951727867126465,4.386180877685547,1.6404186209729859,quackKTA,donuts,57,4,0.8166666666666667,49
12.642091334061039,8.456705714455913,0.007997391423714646,0.23575765778678404,0.26080196675556644,0.046477620408596265,0.3176771915156861,0.4246266085381024,12,0.002585381151166733,0.007997391420625449,0.23575765769571663,7.1951727867126465,4.386180877685547,1.6404186209729859,quackKTA,donuts,58,4,0.8166666666666667,49
12.206936152430112,8.11498658393993,0.008800075233438372,0.23555901390392434,0.2604289740703982,0.04887147695094211,0.3179483016928776,0.4386079559951057,12,0.002596251660978361,0.00880007523005336,0.23555901381331484,7.177995204925537,4.36997652053833,1.6425706571164023,quackKTA,donuts,59,4,0.8166666666666667,48
12.206936152430112,8.11498658393993,0.008800075233438372,0.23555901390392434,0.2604289740703982,0.04887147695094211,0.3179483016928776,0.4386079559951057,12,0.002596251660978361,0.00880007523005336,0.23555901381331484,7.177995204925537,4.36997652053833,1.6425706571164023,quackKTA,donuts,60,4,0.8166666666666667,48
11.812554944706699,7.801579009257219,0.009606831172501815,0.23658865383515448,0.260482674252245,0.051207655930847966,0.31920615562712806,0.4521646118251913,12,0.0026092302025089316,0.009606831168824867,0.2365886537446018,7.1620965003967285,4.3549017906188965,1.6446057442267241,quackKTA,donuts,61,4,0.8166666666666667,47
11.812554944706699,7.801579009257219,0.009606831172501815,0.23658865383515448,0.260482674252245,0.051207655930847966,0.31920615562712806,0.4521646118251913,12,0.0026092302025089316,0.009606831168824867,0.2365886537446018,7.1620965003967285,4.3549017906188965,1.6446057442267241,quackKTA,donuts,62,4,0.8166666666666667,47
11.444651290916516,7.5443781682338535,0.010386754361526317,0.23862888692878553,0.2608841781920436,0.05342400157908706,0.3213442732637176,0.4635093325394256,12,0.0026240580418556963,0.01038675435757333,0.23862888683796826,7.143644332885742,4.338778495788574,1.646464400019051,quackKTA,donuts,63,4,0.8,47
11.444651290916516,7.5443781682338535,0.010386754361526317,0.23862888692878553,0.2608841781920436,0.05342400157908706,0.3213442732637176,0.4635093325394256,12,0.0026240580418556963,0.01038675435757333,0.23862888683796826,7.143644332885742,4.338778495788574,1.646464400019051,quackKTA,donuts,64,4,0.8,47
10.86012091454574,7.111755636409958,0.011191719689945489,0.24149844404707285,0.2615916519315371,0.05567679424694155,0.32418769937287006,0.47230389776145454,12,0.0026406705354287477,0.011191719685712954,0.24149844395574194,7.118587017059326,4.320748329162598,1.6475356754780783,quackKTA,donuts,65,4,0.8,47
10.86012091454574,7.111755636409958,0.011191719689945489,0.24149844404707285,0.2615916519315371,0.05567679424694155,0.32418769937287006,0.47230389776145454,12,0.0026406705354287477,0.011191719685712954,0.24149844395574194,7.118587017059326,4.320748329162598,1.6475356754780783,quackKTA,donuts,66,4,0.8,47
9.66519881144735,6.34924313699234,0.012079983961127768,0.2452456445488027,0.26290729723864464,0.05810769945597262,0.3276728737579373,0.47808550310167597,12,0.0026584808156846244,0.012079983956589926,0.24524564445667626,7.085803031921387,4.301042079925537,1.647461917425001,quackKTA,donuts,67,4,0.8,47
9.66519881144735,6.34924313699234,0.012079983961127768,0.2452456445488027,0.26290729723864464,0.05810769945597262,0.3276728737579373,0.47808550310167597,12,0.0026584808156846244,0.012079983956589926,0.24524564445667626,7.085803031921387,4.301042079925537,1.647461917425001,quackKTA,donuts,68,4,0.8,47
9.05743061153595,6.082970012787151,0.013065852817244074,0.2498972903771848,0.26499463022771785,0.06073519753416144,0.33172706758202175,0.48051775923434203,12,0.002676908800673159,0.013065852812369693,0.24989729028395752,7.045659065246582,4.280971050262451,1.6458086220445223,quackKTA,donuts,69,4,0.8166666666666667,47
9.05743061153595,6.082970012787151,0.013065852817244074,0.2498972903771848,0.26499463022771785,0.06073519753416144,0.33172706758202175,0.48051775923434203,12,0.002676908800673159,0.013065852812369693,0.24989729028395752,7.045659065246582,4.280971050262451,1.6458086220445223,quackKTA,donuts,70,4,0.8166666666666667,47
9.064604521212846,6.048417596897381,0.014146226938533506,0.2554230127216533,0.26788041825704356,0.06354083773090079,0.33626926831834514,0.4788641915379368,12,0.0026958133209357533,0.014146226933293107,0.25542301262703315,6.998374938964844,4.261903762817383,1.642077186261203,quackKTA,donuts,71,4,0.8166666666666667,46
9.064604521212846,6.048417596897381,0.014146226938533506,0.2554230127216533,0.26788041825704356,0.06354083773090079,0.33626926831834514,0.4788641915379368,12,0.0026958133209357533,0.014146226933293107,0.25542301262703315,6.998374938964844,4.261903762817383,1.642077186261203,quackKTA,donuts,72,4,0.8166666666666667,46
9.323764134879887,6.161392625632311,0.01531415923909377,0.26179612027878746,0.2715796879128484,0.0664998940829796,0.3411971254614016,0.4652603146093953,12,0.0027148892635997213,0.015314159233460604,0.26179612018248827,6.943718910217285,4.245367527008057,1.6355990066917172,quackKTA,donuts,73,4,0.8166666666666667,46
9.323764134879887,6.161392625632311,0.01531415923909377,0.26179612027878746,0.2715796879128484,0.0664998940829796,0.3411971254614016,0.4652603146093953,12,0.0027148892635997213,0.015314159233460604,0.26179612018248827,6.943718910217285,4.245367527008057,1.6355990066917172,quackKTA,donuts,74,4,0.8166666666666667,46
10.062116175001893,6.738309972221674,0.016547031318145805,0.2688814799744067,0.27601653201118276,0.06955395199827427,0.3463180992323079,0.43515941379070255,10,0.0027335484046673783,0.016547031312100714,0.26888147987617683,6.881745338439941,4.2330002784729,1.6257370389120263,quackKTA,donuts,75,4,0.8166666666666667,46
10.062116175001893,6.738309972221674,0.016547031318145805,0.2688814799744067,0.27601653201118276,0.06955395199827427,0.3463180992323079,0.43515941379070255,10,0.0027335484046673783,0.016547031312100714,0.26888147987617683,6.881745338439941,4.2330002784729,1.6257370389120263,quackKTA,donuts,76,4,0.8166666666666667,46
9.08998172433522,6.055550576160208,0.01779749645490729,0.2764445191249917,0.2810920617722878,0.07259544698410633,0.35136953626644984,0.4617146409946924,11,0.0027509677623055433,0.01779749644844657,0.2764445190246388,6.813102722167969,4.226531028747559,1.6119845508824462,quackKTA,donuts,77,4,0.8166666666666667,47
9.08998172433522,6.055550576160208,0.01779749645490729,0.2764445191249917,0.2810920617722878,0.07259544698410633,0.35136953626644984,0.4617146409946924,11,0.0027509677623055433,0.01779749644844657,0.2764445190246388,6.813102722167969,4.226531028747559,1.6119845508824462,quackKTA,donuts,78,4,0.8166666666666667,47
8.981545251141569,6.000777683116266,0.01900756111714366,0.28419796714496126,0.2867570804473245,0.07550338353443312,0.3560739592407012,0.46163854458102316,11,0.002766402398530833,0.019007561110282203,0.28419796704236994,6.739252090454102,4.227615833282471,1.5941022922179553,quackKTA,donuts,79,4,0.8166666666666667,47
8.981545251141569,6.000777683116266,0.01900756111714366,0.28419796714496126,0.2867570804473245,0.07550338353443312,0.3560739592407012,0.46163854458102316,11,0.002766402398530833,0.019007561110282203,0.28419796704236994,6.739252090454102,4.227615833282471,1.5941022922179553,quackKTA,donuts,80,4,0.8166666666666667,47
9.10685303367927,6.110141870670277,0.02012374646339081,0.29183713042316645,0.2929446726940383,0.07817588058123455,0.3601881042187688,0.4540528951234035,11,0.002779447013870701,0.02012374645616056,0.29183713031831243,6.662186622619629,4.237462043762207,1.5722115157173353,quackKTA,donuts,81,4,0.8166666666666667,48
9.10685303367927,6.110141870670277,0.02012374646339081,0.29183713042316645,0.2929446726940383,0.07817588058123455,0.3601881042187688,0.4540528951234035,11,0.002779447013870701,0.02012374645616056,0.29183713031831243,6.662186622619629,4.237462043762207,1.5722115157173353,quackKTA,donuts,82,4,0.8166666666666667,48
9.497581908751531,6.358623467659377,0.021098527748445062,0.29902016585563806,0.2993710170890298,0.08052958307309836,0.3635093481513909,0.4446171144296136,11,0.002790029788914614,0.021098527740893377,0.29902016574861134,6.583954334259033,4.256344318389893,1.546856607866746,quackKTA,donuts,83,4,0.8166666666666667,48
9.497581908751531,6.358623467659377,0.021098527748445062,0.29902016585563806,0.2993710170890298,0.08052958307309836,0.3635093481513909,0.4446171144296136,11,0.002790029788914614,0.021098527740893377,0.29902016574861134,6.583954334259033,4.256344318389893,1.546856607866746,quackKTA,donuts,84,4,0.8166666666666667,48
9.98097689426464,6.5693253995143195,0.02186516227640076,0.30526665871627134,0.3053628677547493,0.0824411461467188,0.36581864783888896,0.434574344177696,11,0.0027979465696002987,0.021865162268596854,0.30526665860731844,6.506688594818115,4.283174991607666,1.5191274247644844,quackKTA,donuts,85,4,0.8166666666666667,48
9.98097689426464,6.5693253995143195,0.02186516227640076,0.30526665871627134,0.3053628677547493,0.0824411461467188,0.36581864783888896,0.434574344177696,11,0.0027979465696002987,0.021865162268596854,0.30526665860731844,6.506688594818115,4.283174991607666,1.5191274247644844,quackKTA,donuts,86,4,0.8166666666666667,48
10.232828613653254,6.656747483439679,0.022301851273627542,0.30993063940123877,0.31001467496796736,0.08366899143044691,0.3668731637447797,0.42220003168392695,11,0.002802434697696652,0.022301851265680562,0.30993063929079895,6.433246612548828,4.315377712249756,1.4907725444949436,quackKTA,donuts,87,4,0.8166666666666667,48
10.232828613653254,6.656747483439679,0.022301851273627542,0.30993063940123877,0.31001467496796736,0.08366899143044691,0.3668731637447797,0.42220003168392695,11,0.002802434697696652,0.022301851265680562,0.30993063929079895,6.433246612548828,4.315377712249756,1.4907725444949436,quackKTA,donuts,88,4,0.8166666666666667,48
10.528711561554081,6.79666461444422,0.022238958728955562,0.3124270770166027,0.312733301864894,0.08386507114419031,0.36655651648013726,0.40007215899542353,11,0.00280256542667215,0.02223895872103139,0.31242707690527893,6.367527484893799,4.349269866943359,1.4640451569328334,quackKTA,donuts,89,4,0.8166666666666667,48
10.528711561554081,6.79666461444422,0.022238958728955562,0.3124270770166027,0.312733301864894,0.08386507114419031,0.36655651648013726,0.40007215899542353,11,0.00280256542667215,0.02223895872103139,0.31242707690527893,6.367527484893799,4.349269866943359,1.4640451569328334,quackKTA,donuts,90,4,0.8166666666666667,48
11.049433321279556,7.058038452256358,0.02158787707928034,0.31259735375382125,0.31355693467216667,0.08282181752979582,0.36503960842492955,0.36503960842492955,1,0.0027983083875244884,0.021587877071576486,0.3125973536422677,6.313355445861816,4.380936622619629,1.4410971875884466,quackKTA,donuts,91,4,0.8166666666666667,50
11.049433321279556,7.058038452256358,0.02158787707928034,0.31259735375382125,0.31355693467216667,0.08282181752979582,0.36503960842492955,0.36503960842492955,1,0.0027983083875244884,0.021587877071576486,0.3125973536422677,6.313355445861816,4.380936622619629,1.4410971875884466,quackKTA,donuts,92,4,0.8166666666666667,50
11.433865097497526,7.176143403600237,0.020509683332704944,0.31083435433768636,0.3129266644456075,0.0808105065660755,0.3627103833741957,0.3627103833741957,1,0.002791029803884888,0.02050968332536679,0.31083435422647304,6.272379398345947,4.407303810119629,1.4231783576939914,quackKTA,donuts,93,4,0.8,51
11.433865097497526,7.176143403600237,0.020509683332704944,0.31083435433768636,0.3129266644456075,0.0808105065660755,0.3627103833741957,0.3627103833741957,1,0.002791029803884888,0.02050968332536679,0.31083435422647304,6.272379398345947,4.407303810119629,1.4231783576939914,quackKTA,donuts,94,4,0.8,51
12.120723291489208,7.334603408996172,0.019368508446091396,0.3078327991832693,0.311503265964218,0.07854158725589881,0.3599578142743139,0.3599578142743139,1,0.002782711061511772,0.019368508439140838,0.30783279907280076,6.243038177490234,4.426780700683594,1.4102885594772652,quackKTA,donuts,95,4,0.8,51
12.120723291489208,7.334603408996172,0.019368508446091396,0.3078327991832693,0.311503265964218,0.07854158725589881,0.3599578142743139,0.3599578142743139,1,0.002782711061511772,0.019368508439140838,0.30783279907280076,6.243038177490234,4.426780700683594,1.4102885594772652,quackKTA,donuts,96,4,0.8,51
12.432490913853702,7.419519809801608,0.018472837600058488,0.3042403199971876,0.3099328992276634,0.07668185047447457,0.35706210001768734,0.35706210001768734,1,0.002774788553314625,0.018472837593410434,0.3042403198876968,6.221761226654053,4.439051628112793,1.4015969508554138,quackKTA,donuts,97,4,0.8333333333333334,51
12.432490913853702,7.419519809801608,0.018472837600058488,0.3042403199971876,0.3099328992276634,0.07668185047447457,0.35706210001768734,0.35706210001768734,1,0.002774788553314625,0.018472837593410434,0.3042403198876968,6.221761226654053,4.439051628112793,1.4015969508554138,quackKTA,donuts,98,4,0.8333333333333334,51
12.433025868504588,7.423183700597735,0.017910952939250525,0.300472616560245,0.30860749803029086,0.07547319056637317,0.35420165723035385,0.3669084908820569,10,0.0027677530403311867,0.017910952932788302,0.3004726164518353,6.205081939697266,4.444534778594971,1.396115060136272,quackKTA,donuts,99,4,0.8333333333333334,51
12.433025868504588,7.423183700597735,0.017910952939250525,0.300472616560245,0.30860749803029086,0.07547319056637317,0.35420165723035385,0.3669084908820569,10,0.0027677530403311867,0.017910952932788302,0.3004726164518353,6.205081939697266,4.444534778594971,1.396115060136272,quackKTA,donuts,100,4,0.8333333333333334,51
16.48251308930518,12.052422690773783,0.012025702122378535,0.18143131985754093,0.21380535541444295,0.058009843796405204,0.26831021167249236,0.32370825981263185,12,0.0023990723698580334,0.01202570211737285,0.1814313197820204,6.173075199127197,4.064881801605225,1.5186358424217714,centroidBasedKTA,donuts,1,4,0.7666666666666667,51
13.938172370919698,8.133439849729161,0.01965945252757429,0.11334016687817752,0.1246765949623563,0.0772405382121462,0.2106163025935367,0.43889059945258013,3,0.002635413530976907,0.019659452520125967,0.11334016683523664,5.683228492736816,3.6423401832580566,1.5603233654171298,centroidBasedKTA,donuts,2,4,0.8,53
12.432342999215516,7.096472320267231,0.00855552874839051,0.3194915676671421,0.3671243902937716,0.04715844634890365,0.36820637690896674,0.3965059567669921,18,0.002369898284650725,0.008555528744785724,0.31949156753252755,6.215926170349121,3.70566725730896,1.6774107707828638,centroidBasedKTA,donuts,3,4,0.7166666666666667,54
16.62997721030063,11.005828072329873,0.006360451544002915,0.21668260757317187,0.2216875181014337,0.037044649933544595,0.2671676257842068,0.3716156567669827,17,0.0019801604746479515,0.006360451540795405,0.21668260746390106,6.438383102416992,4.093145847320557,1.5729669409728204,centroidBasedKTA,donuts,4,4,0.7,58
18.390715189326837,12.625471423454188,2.7012167830024416e-05,0.0007436981203469778,0.04410807793633036,0.0021122443534421914,0.016240293712158488,0.29739638810253755,9,0.0017314808414003137,2.7012167814445897e-05,0.0007436981199180706,7.4012370109558105,3.3218064308166504,2.2280759475602627,centroidBasedKTA,donuts,5,4,0.6333333333333333,56
16.914032441344315,8.222898097888184,0.008119186244458395,0.27620267841978263,0.2887194546510452,0.040953629819129214,0.2980321621866414,0.3804089889070899,12,0.0017833705674147086,0.008119186239912621,0.27620267826514217,5.659548759460449,3.5285632610321045,1.603924413644614,centroidBasedKTA,donuts,6,4,0.65,56
19.961157889938804,14.10593643884388,0.04328352860846193,0.1717819488736045,0.17402944983274113,0.08233398431511892,0.17510560039925754,0.2799196998478722,32,0.0015925548064076424,0.043283528581319376,0.17178194876588224,7.650075435638428,5.021101951599121,1.5235849638943315,centroidBasedKTA,donuts,7,4,0.6,56
13.294492440818646,8.659883709850092,0.002587086243354485,0.04034539136286274,0.11668258835784295,0.025148117702572893,0.12338459963589063,0.42593896420183947,8,0.0021823098875330365,0.0025870862421708213,0.04034539134440359,5.826948165893555,3.5329036712646484,1.6493368368025936,centroidBasedKTA,donuts,8,4,0.7666666666666667,57
14.713703606389345,9.364398509218383,0.034173753225105886,0.1310107230749305,0.13181172821294315,0.09002719285492176,0.19026115243821667,0.42914391765049265,9,0.002140817013712687,0.034173753209167275,0.1310107230138272,5.921821594238281,3.757084846496582,1.5761745704941168,centroidBasedKTA,donuts,9,4,0.7666666666666667,56
16.641901387178294,10.20472545851848,0.016477916219906387,0.08247278066709329,0.17561429028029868,0.06666850459219624,0.17252232348026822,0.41227034049304995,6,0.002336208027441415,0.016477916212863795,0.08247278063184478,5.719293594360352,3.420590400695801,1.672019424832417,centroidBasedKTA,donuts,10,4,0.7666666666666667,54
16.02812736893734,10.192436380945994,0.033471596125237715,0.24835393507450054,0.28387232979514926,0.10230576544449746,0.3133114415414092,0.38579096015490866,17,0.0026637138555931517,0.033471596112691245,0.2483539349814077,5.550018787384033,3.7989752292633057,1.4609252370563173,centroidBasedKTA,donuts,11,4,0.75,53
12.296444469360376,7.460702918073712,0.016502885449521446,0.23838151053319973,0.24370412210119136,0.07410685632295134,0.3239415340434798,0.39382513746738124,3,0.0026958509466674593,0.016502885443409412,0.2383815104449124,5.190849304199219,3.652393102645874,1.4212186800039217,centroidBasedKTA,donuts,12,4,0.75,54
14.456210592751182,8.984786157007306,0.02641805765099248,0.28989691833640896,0.35042118175798426,0.08547139716159262,0.3538759282841436,0.3746957636919224,20,0.0024454449462226664,0.02641805764020613,0.2898969182180456,5.74984884262085,3.3453447818756104,1.7187612092393671,centroidBasedKTA,donuts,13,4,0.8166666666666667,53
14.335898177016032,9.769109134589536,0.03565445785509344,0.23359510514837933,0.251818544147431,0.1061148079524158,0.31373804261851207,0.39587662311097527,16,0.002455508615182497,0.03565445784059634,0.2335951050533996,4.889907360076904,3.1055562496185303,1.5745673132392883,centroidBasedKTA,donuts,14,4,0.8,54
18.173877362254057,11.9654741882744,0.051509554949847505,0.13154184095345317,0.13478674187619522,0.1269541777428221,0.18540170727826197,0.35642508720821475,3,0.0024744918507337353,0.05150955492906414,0.1315418409003779,5.012201309204102,3.6515097618103027,1.3726380692236841,centroidBasedKTA,donuts,15,4,0.7666666666666667,52
12.478524681611194,6.35551268188109,0.0029469101616485275,0.041242956824604576,0.3959187873752188,0.02718288015729393,0.127257324424149,0.44742181380886326,2,0.0023677139238489735,0.002946910160405768,0.04124295680721176,6.30772066116333,3.740114212036133,1.68650482406731,centroidBasedKTA,donuts,16,4,0.7666666666666667,53
17.89139185354506,12.634166837223603,0.005964075505004748,0.18916588323861003,0.18929779969724486,0.04480668874972597,0.295274658091398,0.3060097320330628,12,0.002602347001201311,0.005964075502716584,0.18916588316603505,4.865716934204102,3.441650867462158,1.4137741222399536,centroidBasedKTA,donuts,17,4,0.85,53
13.87964502395007,10.14721700241972,0.05309948871852458,0.20922477534854866,0.2724554891459269,0.13877992602770356,0.29475049360413075,0.4069523619940654,8,0.0028968658792339398,0.053099488700224164,0.20922477527644057,4.954521179199219,3.229451894760132,1.5341678218636796,centroidBasedKTA,donuts,18,4,0.75,55
20.619065834200924,15.740308304017265,0.012526293139137758,0.13022550033789376,0.16280039206792138,0.06569982876314878,0.23796185054491947,0.3087515409541923,5,0.0025935387183094543,0.012526293134316068,0.13022550028776664,4.478635311126709,3.2078235149383545,1.3961601348294186,centroidBasedKTA,donuts,19,4,0.7666666666666667,53
19.547962026160413,13.249942180935298,8.711818043585594e-06,0.037367640962073685,0.03867182895237426,0.0017194837598183965,0.1352606179741896,0.3273050924401481,6,0.0023076931880380166,8.711818039817116e-06,0.03736764094590954,3.8651607036590576,2.6785922050476074,1.442982136800819,centroidBasedKTA,donuts,20,4,0.7666666666666667,59
16.767760919499047,11.092841572059784,0.013024254267859907,0.13211045116203568,0.13212920707596462,0.06996244005990532,0.24571387499281536,0.38834502247178904,13,0.0024902131102380286,0.013024254262638956,0.13211045110907735,3.7576887607574463,2.7854790687561035,1.3490278217865583,centroidBasedKTA,donuts,21,4,0.8333333333333334,58
21.617126842851906,14.074585258746122,0.006851694301239793,0.1602705289764791,0.18147656511876076,0.04668207412616034,0.2666181339196107,0.3644125496717497,18,0.002373313143518533,0.006851694298357624,0.1602705289090612,4.482754707336426,3.0771353244781494,1.4567947895158617,centroidBasedKTA,donuts,22,4,0.8,58
17.9492715090769,11.820261763904753,0.009287910317362376,0.09644815832074782,0.14129176010225256,0.047620155889101345,0.18038010330904292,0.35596355922770473,18,0.0020275137560771452,0.009287910312788751,0.09644815827325408,5.2038254737854,3.4035139083862305,1.5289567235091026,centroidBasedKTA,donuts,23,4,0.75,57
14.17507096334961,7.009483239676787,0.009905380855248707,0.05721720679190846,0.06415091054265645,0.049034265286355926,0.1376647960356294,0.46908295272996625,6,0.0020411638729362623,0.009905380850403801,0.05721720676392247,5.162883758544922,3.1285595893859863,1.6502430626729867,centroidBasedKTA,donuts,24,4,0.8166666666666667,57
15.149121173273405,9.47472314475176,9.652280313943653e-05,0.08645747855905042,0.14440592624906268,0.00566488517557423,0.21195985108860968,0.4567003825016648,9,0.0025771411391489977,9.65228031020459e-05,0.08645747852555886,4.622522354125977,2.9542112350463867,1.564723029716536,centroidBasedKTA,donuts,25,4,0.8833333333333333,59
17.178698487623276,11.27310984573668,0.02466241322949494,0.11315663461104566,0.11592082847843446,0.08400869983388809,0.19229229734565056,0.38350731770365964,9,0.002327633714021183,0.02466241321891666,0.11315663456251016,5.009639263153076,3.430919647216797,1.4601447361833424,centroidBasedKTA,donuts,26,4,0.7333333333333333,57
14.401900409060337,7.74780611469987,0.012152859577611436,0.07507077935163935,0.11091319615804313,0.05891289825367973,0.1640581037395646,0.48364869834812463,10,0.002184091808549282,0.012152859572056519,0.07507077931732546,4.552950859069824,3.0395846366882324,1.4978858637833412,centroidBasedKTA,donuts,27,4,0.7166666666666667,57
20.03974379044104,12.615523067229105,0.008477995815816718,0.09039184989065865,0.14894605376491737,0.04768870469949458,0.18026243649747314,0.34271878367592756,12,0.002180453310217615,0.008477995811934941,0.0903918498492714,4.935665607452393,3.3375706672668457,1.4788198062313258,centroidBasedKTA,donuts,28,4,0.7833333333333333,56
18.368284276392853,12.209377318837511,0.03551650022346992,0.23196651921745456,0.2704384274237382,0.09122604389586692,0.2701617018672588,0.3214750559742704,20,0.0020820455704497307,0.035516500206438546,0.2319665191062187,5.595148086547852,3.5287721157073975,1.5855793185513287,centroidBasedKTA,donuts,29,4,0.7666666666666667,56
23.408092706100753,14.405278020017795,0.002293475066140053,0.03362474698750615,0.06054974937389104,0.022743001799415775,0.10396811401396468,0.3604481570344856,16,0.0019370195308649968,0.0022934750649579424,0.03362474697017516,5.319708824157715,3.4774997234344482,1.5297510416197342,centroidBasedKTA,donuts,30,4,0.7666666666666667,58
8.943142355581275,5.388046443570205,0.0010468931262326189,0.0011206524741613135,0.2729033818016647,0.01845089633011683,0.006133015696134472,0.4507114426275717,3,0.0028659737864281305,0.001046893125867901,0.0011206524737708994,5.689963340759277,3.6283650398254395,1.568189329988543,centroidBasedKTA,donuts,31,4,0.8333333333333334,51
13.662649442882428,8.01870714610659,0.007388034551361624,0.1405034281366023,0.41451432893624174,0.05141471221685192,0.258510202038034,0.41396262099672604,2,0.002945934630651291,0.007388034548857702,0.14050342808898347,5.224174499511719,3.723372459411621,1.403075989968475,centroidBasedKTA,donuts,32,4,0.75,52
8.922397623897572,5.637414886524474,0.008745654067783755,0.01756927062243454,0.24617395167824704,0.0522849497361122,0.06503222497606057,0.4448958931571933,3,0.0028085255881456655,0.00874565406467456,0.017569270616188428,5.864221572875977,3.824378490447998,1.53337897583131,centroidBasedKTA,donuts,33,4,0.8,51
9.15383669338673,5.6030327188753954,0.003435889275859704,0.14692280865341295,0.20680373509152356,0.03417204560034888,0.2738145937076419,0.48140436625201455,7,0.002964044436055907,0.0034358892747023413,0.14692280860392273,5.535490036010742,3.6004600524902344,1.537439648075145,centroidBasedKTA,donuts,34,4,0.8,52
10.239218176676033,5.151222369594618,0.0029193098906813673,0.003741348462816445,0.1576667161281951,0.028315323260692624,0.019010494834485893,0.4830503106808709,3,0.0025401763001297413,0.0029193098895338413,0.0037413484613457912,6.148393630981445,3.840872287750244,1.6007805441979976,centroidBasedKTA,donuts,35,4,0.85,55
10.188244401691604,4.65075776755874,0.0024772024611171358,0.07460959849596602,0.5104903141362747,0.02732602454755185,0.18117515178098542,0.5109714761476626,2,0.0026781798702639275,0.002477202460193589,0.07460959846815017,5.826345920562744,3.8594086170196533,1.509647331683813,centroidBasedKTA,donuts,36,4,0.85,52
12.7492484701018,7.4257171424700195,0.0023812568902143454,0.05943654922472124,0.258831597089623,0.025509756887154886,0.15151965463375636,0.41122182666838236,3,0.002494602417031677,0.002381256889261232,0.05943654920093137,6.009488582611084,4.081331729888916,1.4724332596147913,centroidBasedKTA,donuts,37,4,0.8333333333333334,53
17.78825329298364,10.135707098493484,3.5949093986061047e-06,0.020582708719960173,0.10848999120697647,0.0009134543909765369,0.08345413878801276,0.4746017141809956,14,0.0020408286299168393,3.594909396847346e-06,0.020582708709890367,5.662051677703857,3.883206844329834,1.4580865518327957,centroidBasedKTA,donuts,38,4,0.8166666666666667,58
18.9325859958283,12.552398172692637,0.00014249258593572285,0.13411591386099755,0.2994512454602945,0.005843152577147626,0.21088417095227666,0.3005413626299074,2,0.0021823697039625263,0.00014249258587052652,0.13411591379963392,6.178797245025635,4.460020065307617,1.385374315484853,centroidBasedKTA,donuts,39,4,0.7666666666666667,57
17.698944918851556,12.459410702770755,0.009268033074594994,0.11892799624887185,0.2060370054897113,0.04484923279630183,0.1904095771991829,0.35575634067944595,25,0.002042763271530928,0.009268033070064517,0.11892799619073648,6.540083885192871,4.293152332305908,1.5233756873655082,centroidBasedKTA,donuts,40,4,0.8333333333333334,54
15.245825429159998,9.899279070325488,0.01378252398779765,0.12087061778551661,0.2923315850684002,0.059255351822168484,0.20681843363372085,0.3320538726081025,3,0.0022902271187489396,0.013782523981788607,0.12087061773281821,6.060938835144043,3.8657076358795166,1.5678730535356444,centroidBasedKTA,donuts,41,4,0.9,53
13.568285085070578,7.46016467475853,0.05035810054839511,0.28476574598746235,0.5358981706805198,0.12251629381371984,0.31871222926301224,0.36980064264130663,2,0.0025868806339352777,0.05035810052895749,0.2847657458775462,5.804159164428711,3.9923810958862305,1.4538088987566573,centroidBasedKTA,donuts,42,4,0.9,52
14.182702254089644,7.981657373242848,0.012089798046232062,0.07139739416765185,0.3681320837638711,0.05476328430821398,0.1592411945480159,0.38006551702328173,2,0.0023070039002356926,0.012089798040999265,0.07139739413674909,6.347415924072266,3.682615280151367,1.7236163544647116,centroidBasedKTA,donuts,43,4,0.9166666666666666,53
11.35512012882297,5.919320776285903,0.0353552270256384,0.36847030359444655,0.5683623617502089,0.10452235155919132,0.3943673100083913,0.3943673100083913,1,0.0027316176105094477,0.03535522701271479,0.36847030345975734,5.911319732666016,3.9123854637145996,1.5109246743422935,centroidBasedKTA,donuts,44,4,0.9166666666666666,52
13.619472217121448,8.605827720195624,0.0017487088131389952,0.036354824175897825,0.2410906494814105,0.022789423608041162,0.13232945007238692,0.3974313540146194,11,0.0026157230750383145,0.0017487088124714903,0.03635482416202072,5.70270299911499,3.3471083641052246,1.7037700542563037,centroidBasedKTA,donuts,45,4,0.7833333333333333,55
18.65551158286696,13.058340578096795,0.0035381105565532567,0.09790687991939256,0.232416469512745,0.0328109008634873,0.19136082890617762,0.36424003965329865,6,0.0024551774874372874,0.003538110555114477,0.09790687987957855,5.052155017852783,3.9615375995635986,1.2753015441297468,centroidBasedKTA,donuts,46,4,0.7166666666666667,56
20.768357624720878,12.029867511677628,2.489046558442493e-05,0.00038878979815112853,0.08173478855814031,0.002438194709140626,0.012214896245751207,0.3948460744515432,6,0.0020471289078926053,2.4890465572286206e-05,0.00038878979796152136,5.211810111999512,3.0359458923339844,1.7167005924440382,centroidBasedKTA,donuts,47,4,0.7666666666666667,58
27.21111785852736,20.937098800389734,0.0003275127283217563,0.04491079621897014,0.14138906244457358,0.008857380831207726,0.13421279282196527,0.28696692062616747,17,0.0018932989114478903,0.0003275127281490701,0.044910796195290224,4.573081016540527,2.711287498474121,1.6866824411326773,centroidBasedKTA,donuts,48,4,0.6,59
14.827848715174653,7.5875896682622255,0.008669221473040693,0.012614507232815281,0.13580677226370072,0.0499815874537541,0.043723859887606076,0.4278091514299503,3,0.002190251259394501,0.008669221469089557,0.012614507227066018,4.324094772338867,2.571441650390625,1.6815838584866651,centroidBasedKTA,donuts,49,4,0.6333333333333333,56
16.45282262112662,8.96330600060982,0.03185981957257768,0.11117772594991873,0.384324112055786,0.10194616325125373,0.2050966196675382,0.41912277888915456,2,0.0024920049132528977,0.03185981955981567,0.11117772590538456,4.282516956329346,2.634218454360962,1.6257258198301632,centroidBasedKTA,donuts,50,4,0.65,56
23.155996756696773,16.699021647764813,0.003093232430156615,0.06522068062882035,0.1337546871535924,0.02874491754399105,0.15722194307386167,0.3313900341649962,41,0.001922618604255795,0.0030932324285507192,0.06522068059496008,3.9018561840057373,2.6196184158325195,1.489475016827682,centroidBasedKTA,donuts,51,4,0.55,60
17.196183536792866,10.538078567077989,0.003058156780886856,0.016755385413898854,0.039161119897411834,0.031945281742957236,0.08611264382636147,0.38423822090340437,16,0.002375056976423117,0.0030581567796015723,0.016755385406856893,3.932868719100952,2.424164056777954,1.622360792002935,centroidBasedKTA,donuts,52,4,0.7333333333333333,57
13.346671478013336,7.188264978437441,4.4353147259650885e-05,0.2971042532174718,0.3055831240585439,0.004228405424499551,0.4291228406680433,0.4291228406680433,1,0.0026593545345123997,4.435314724300357e-05,0.297104253105958,3.5671920776367188,2.3197226524353027,1.5377666264931515,centroidBasedKTA,donuts,53,4,0.8166666666666667,58
23.38038826988491,15.383203795438325,0.002477920604542834,0.026802973020024577,0.18953294005795396,0.026315489279925205,0.1038169187316556,0.2818489360110999,32,0.0020369982894912642,0.002477920603328557,0.026802973006890083,4.067260265350342,2.565399408340454,1.5854296419206901,centroidBasedKTA,donuts,54,4,0.6833333333333333,57
15.575750737721293,6.485823631777183,0.006590641279707575,0.012763374907399608,0.0400868478179581,0.04145978477416063,0.05064151915484579,0.5192698198659838,7,0.002019636695070669,0.00659064127645001,0.012763374901091038,4.421452045440674,2.775590658187866,1.5929769875813633,centroidBasedKTA,donuts,55,4,0.6,58
16.410952453916977,9.081155107629913,0.006572309321603727,0.020224675287751834,0.03817407531532004,0.046119609141417287,0.0796470263070691,0.43426292244449455,6,0.0022415217816018056,0.006572309318677009,0.020224675278745573,3.7915515899658203,2.6408212184906006,1.4357471696366861,centroidBasedKTA,donuts,56,4,0.6833333333333333,59
21.802782612041078,12.116334489511868,0.0043466048530890295,0.004372887028189272,0.12295208415752723,0.03767116315851353,0.003776245592493746,0.3692045145039445,3,0.0023428742604007517,0.004346604851237201,0.004372887026326246,3.8977036476135254,2.3454034328460693,1.6618478480191057,centroidBasedKTA,donuts,57,4,0.6833333333333333,60
22.895448912318358,17.60689711062132,0.0005738861276378075,0.08677265548369359,0.10166709422734298,0.011603461094099307,0.1700446882447334,0.3080338616923787,32,0.0017741001727655855,0.0005738861273149005,0.08677265543486945,4.268362522125244,2.985283613204956,1.4298013439136403,centroidBasedKTA,donuts,58,4,0.5666666666666667,60
21.309484626836497,10.598595882044828,0.0007301298255518519,0.06297822648792507,0.06641358462836075,0.016023360537050016,0.17939878896892028,0.4094378187917993,3,0.0022927676717717812,0.0007301298252340038,0.06297822646050871,3.4554386138916016,2.3501596450805664,1.4702995267249916,centroidBasedKTA,donuts,59,4,0.75,60
21.08873622860009,13.940506056615918,0.00497332629602872,0.02137570508864279,0.11383053102076915,0.04168431840256308,0.09633584298772693,0.34982795181417925,22,0.0023518539632364963,0.004973326293917983,0.0213757050795707,3.646214485168457,2.2514986991882324,1.619461066746991,centroidBasedKTA,donuts,60,4,0.6166666666666667,59
16.063031230776552,9.839669753382575,0.0012479792310730704,0.002999070860216284,0.1862005750306599,0.021205071655741523,0.03045413888686127,0.34078065685918646,4,0.0024008966404519467,0.0012479792305542241,0.0029990708589694233,3.642697334289551,2.478057861328125,1.4699807422316453,centroidBasedKTA,donuts,61,4,0.65,57
18.86410334579581,9.97965033266168,0.00041757293059914,0.021371404790536234,0.13861931084311632,0.011292712065805094,0.09843592603577343,0.3916657275106321,3,0.0021677732951291794,0.00041757293040686386,0.02137140478069553,3.8913753032684326,2.5699429512023926,1.5141874263964772,centroidBasedKTA,donuts,62,4,0.75,59
20.005403763757077,11.868332837189039,6.396745879525068e-05,0.22007202716490631,0.2303465887027918,0.004529405942717668,0.3126408153765387,0.3292889759954173,21,0.0022006698418705617,6.396745876623575e-05,0.22007202706508405,3.8122596740722656,2.7520296573638916,1.3852538485077808,centroidBasedKTA,donuts,63,4,0.7333333333333333,57
19.058961555903444,11.27395521446374,0.00037152746658421156,0.053629874144428026,0.12818664229034832,0.009801221284807357,0.1464062067114264,0.3940294156200109,6,0.002023718526285598,0.00037152746640094523,0.05362987411797359,4.48783016204834,2.8831987380981445,1.5565455487841633,centroidBasedKTA,donuts,64,4,0.5666666666666667,58
24.546111560567354,16.216534372322553,0.0021832692060961595,0.14510005206967486,0.23473564331549712,0.026410800083001826,0.26073470028060547,0.33527249338101384,27,0.002112465976053717,0.0021832692050645745,0.14510005200111573,3.5379106998443604,2.3762288093566895,1.4888762756818361,centroidBasedKTA,donuts,65,4,0.65,58
26.025339676274044,16.88894555187569,0.002823253981536601,0.007668914009545049,0.03947759051158756,0.026629408617958997,0.043585720962531556,0.3121765083176966,5,0.0018096639281587497,0.002823253979979371,0.007668914005315084,3.918496608734131,2.510481595993042,1.5608545447960458,centroidBasedKTA,donuts,66,4,0.6,60
28.10009122801107,20.975615318313654,0.002732429274966133,0.054216896705205055,0.05467044694678292,0.027343377087860374,0.15053977778707114,0.33047543979770333,30,0.0019041289788689012,0.002732429273533798,0.054216896676784636,3.744807243347168,2.327868938446045,1.6086847422971255,centroidBasedKTA,donuts,67,4,0.6333333333333333,59
23.272453105418162,14.952288806956995,0.0034716927711524468,0.05131026249743074,0.06659523509650096,0.031625789835300774,0.14827779386009124,0.3079241523140695,3,0.002132954380411063,0.0034716927695277303,0.051310262473418064,4.114501953125,2.579198122024536,1.5952640155823838,centroidBasedKTA,donuts,68,4,0.6666666666666666,59
28.8682784839017,20.995751512959053,3.5561672904243657e-06,0.002964919081720388,0.025594233111376763,0.0010173707670697585,0.03648241420350786,0.27628057402537975,18,0.001939188622014174,3.556167288593907e-06,0.0029649190801942617,3.6108040809631348,2.3383243083953857,1.5441844691934161,centroidBasedKTA,donuts,69,4,0.6333333333333333,59
18.923846226278144,11.54218375809502,0.004982218377058182,0.012251599573181744,0.0232709288310411,0.04257388846292041,0.06410298922065395,0.3611221427486812,3,0.0024122981262320385,0.0049822183749966545,0.01225159956811231,3.5925800800323486,2.312124490737915,1.5538004525371478,centroidBasedKTA,donuts,70,4,0.8333333333333334,59
22.427600440864026,15.114527587558037,0.0019107211483666996,0.16042273439613927,0.19802836521767186,0.025485378878904022,0.29954125031782775,0.29954125031782775,1,0.0023172413912032333,0.001910721147543663,0.1604227343270377,3.6729438304901123,2.2057082653045654,1.6651992868972112,centroidBasedKTA,donuts,71,4,0.7833333333333333,55
22.84115260851454,12.899081787846546,0.0028443048069694125,0.031328737838627385,0.08769749499560645,0.03018083316076285,0.1194538442090482,0.38876558076214596,5,0.0022328484171506608,0.0028443048056979196,0.031328737824622456,3.7750425338745117,2.413323163986206,1.5642507353377082,centroidBasedKTA,donuts,72,4,0.6666666666666666,58
24.52750603729837,16.9043195470262,0.025463734347369427,0.032500819704534084,0.0604185343355718,0.0826743101161827,0.05853555303266326,0.31010222015509725,13,0.002164717524665436,0.02546373433562712,0.032500819689546705,4.567534923553467,2.517991781234741,1.8139594249636042,centroidBasedKTA,donuts,73,4,0.7333333333333333,58
26.15624087718944,18.763097874857422,0.0014524895253988513,0.001582481128244225,0.002115475759620976,0.02073670552314312,0.007503268776282113,0.28981710089134877,24,0.0019518877993251315,0.0014524895246561017,0.0015824811274350026,3.513650894165039,2.4018142223358154,1.4629153501916046,centroidBasedKTA,donuts,74,4,0.65,59
26.568321229110875,19.200910000893106,0.0009758354156909906,0.017923273019847467,0.033457688656296544,0.017467348612708114,0.09399455237481924,0.304675976861244,35,0.002006162427795261,0.0009758354152054989,0.017923273010930385,3.366539716720581,2.0191092491149902,1.6673390596346012,centroidBasedKTA,donuts,75,4,0.6833333333333333,59
18.828092475884812,11.580667636478301,0.002628127468675622,0.00270574157352989,0.10446338303536605,0.02746374497645615,0.005938717733616761,0.3964747508339915,46,0.0019926312434643072,0.0026281274673591584,0.002705741572174549,3.7224678993225098,2.351036310195923,1.5833306713203064,centroidBasedKTA,donuts,76,4,0.5666666666666667,58
25.375304368581325,18.011703370992503,0.00012463134703569637,0.05433565406082615,0.09138273284391128,0.0059345836944430935,0.15447920929244613,0.3051875592643926,8,0.001993685415193108,0.0001246313469732981,0.054335654033622297,3.8437411785125732,2.467487096786499,1.5577553307236596,centroidBasedKTA,donuts,77,4,0.65,60
30.999114127745145,23.542721533482,0.00030920477743022874,0.01594485269983654,0.03737582755522024,0.009221638455015654,0.08109124420854144,0.28250409713952584,46,0.0018869244909101462,0.0003092047772666682,0.015944852691402164,3.6683969497680664,2.398911714553833,1.5291921447175107,centroidBasedKTA,donuts,78,4,0.6,60
24.28937395616028,15.278528137140707,0.0051542808136786755,0.08056258033196342,0.22122315716610633,0.04184088514939296,0.19784951808467616,0.3537429801525005,12,0.002241698723933144,0.005154280811383722,0.08056258029609278,3.511679172515869,2.297722816467285,1.5283302003822616,centroidBasedKTA,donuts,79,4,0.6666666666666666,59
22.5208966070994,15.262632359165973,0.011324508008888555,0.14646011144173243,0.15304000388284783,0.05359044211901588,0.2263088104453915,0.3783024222221403,26,0.0019799819126004752,0.011324508003178862,0.14646011136788886,4.552813529968262,3.04650616645813,1.4944376545476916,centroidBasedKTA,donuts,80,4,0.6333333333333333,59
23.76410667983283,15.879549871139352,0.004266894857516503,0.0717303690400487,0.07217027936529608,0.03524894311689564,0.17810010450696315,0.3838488509563026,13,0.0020493059369671137,0.0042668948554382006,0.07173036900511054,3.8425402641296387,2.3797922134399414,1.6146536838078438,centroidBasedKTA,donuts,81,4,0.6166666666666667,60
22.71223412201834,16.03040612631811,0.0019504290163317717,0.11922947124718292,0.13464691119116962,0.025789420335909127,0.2550478080584515,0.318578933071205,14,0.002273557934671866,0.0019504290154754896,0.11922947119483852,3.5902345180511475,2.2072577476501465,1.626558802147912,centroidBasedKTA,donuts,82,4,0.65,59
25.47472645065774,17.686776111242892,0.001306528256641225,0.013509588848646387,0.014526899594781578,0.01872221415009208,0.0712215007149424,0.30887538705103657,23,0.001960047311088381,0.0013065282559758405,0.013509588841766266,4.07395601272583,2.629410982131958,1.5493797053441483,centroidBasedKTA,donuts,83,4,0.65,60
24.450248800891398,18.22456705044277,0.005576848702110781,0.005761244982736828,0.0652515411569338,0.03596824705649531,0.008170717567711018,0.31855948137897966,40,0.0017897367080019011,0.005576848699000137,0.005761244979523332,4.475520133972168,2.8676421642303467,1.5606968644122314,centroidBasedKTA,donuts,84,4,0.5333333333333333,60
20.63782356206204,13.225965274191383,0.0016738527990264502,0.13297790110727273,0.26691195637765086,0.0232698916959084,0.24730380684896452,0.3686936105017523,15,0.002314872531631317,0.0016738527983046429,0.13297790104992932,4.045820236206055,2.8099238872528076,1.4398326782296271,centroidBasedKTA,donuts,85,4,0.6,58
19.655566245535013,13.861891401334134,0.0017159126234019757,0.12118781727860836,0.12120107421005341,0.022926643145320183,0.23315846350352137,0.3312833328717446,46,0.0021540951411793802,0.0017159126226068367,0.12118781722245099,3.88312029838562,2.614147186279297,1.4854252732077267,centroidBasedKTA,donuts,86,4,0.6666666666666666,58
19.055616395518886,11.849398503262853,1.402569741670663e-07,0.06239473146605806,0.0703451985430841,0.00021329422630694816,0.18014341814419443,0.34870604892660056,5,0.002346089516186628,1.402569741073919e-07,0.062394731439511304,3.971613645553589,2.4769136905670166,1.6034525791824426,centroidBasedKTA,donuts,87,4,0.6,59
24.437775303562137,15.980878061577913,0.01308102106254132,0.14053628003438623,0.17096592424361043,0.06482359256770806,0.25193445663862635,0.29658837135359273,3,0.0023153175035653816,0.01308102105690171,0.14053627997379692,4.006500244140625,2.584475040435791,1.5502181996168567,centroidBasedKTA,donuts,88,4,0.7,58
20.041268703302123,13.562810220208222,0.030396697574972383,0.15471445249002538,0.19935064187017915,0.09706715515328004,0.24373902358302435,0.33381166357591363,4,0.0023482141916362485,0.03039669756205084,0.15471445242425674,4.252571105957031,2.7583718299865723,1.5416961048272417,centroidBasedKTA,donuts,89,4,0.7666666666666667,57
18.410397987183554,10.701848017389228,0.0005733268147803078,0.15188379730799625,0.367321921357078,0.013605983489831011,0.2710452377225169,0.35125980787626176,2,0.0022971541033660523,0.0005733268145311803,0.15188379724199827,3.911482810974121,2.601264238357544,1.5036853055121975,centroidBasedKTA,donuts,90,4,0.7833333333333333,59
21.110477974454206,8.698341104625724,0.0006221755050143711,0.08317205539728358,0.107898631579846,0.014522745496892739,0.20254526005458973,0.4452451066810855,3,0.0022952000239988522,0.000622175504743797,0.08317205536111337,3.651712417602539,2.4908833503723145,1.4660310837339083,centroidBasedKTA,donuts,91,4,0.7333333333333333,59
20.75778311756288,13.73684121799989,0.0004330309537383887,0.020167294552099813,0.16788423974668865,0.011560460401725828,0.09392284747226563,0.3351263417172728,7,0.0021680628378920514,0.00043303095353902036,0.020167294542814754,3.861633777618408,2.6661269664764404,1.4484058059397313,centroidBasedKTA,donuts,92,4,0.6666666666666666,57
25.999300655980864,18.823905675706293,0.008124604703877793,0.03540499718908529,0.03891540503428894,0.04617183364606255,0.10121193235647472,0.32695795478801415,13,0.0019499981321810006,0.008124604699718712,0.03540499717096105,4.1926422119140625,2.9297258853912354,1.431069791484177,centroidBasedKTA,donuts,93,4,0.6333333333333333,60
23.349774339607563,14.085832173506379,0.0002754228850127629,0.04141653762196459,0.0454678203685279,0.00862070893710172,0.1270938157508048,0.43319598324500563,23,0.001969914554371193,0.0002754228848731967,0.04141653760097742,4.109155178070068,2.8240065574645996,1.4550798995869978,centroidBasedKTA,donuts,94,4,0.6333333333333333,58
22.866604018895334,14.80371941335225,0.001218364004070372,0.040971585377526556,0.041227313974179426,0.017848833253335195,0.12465414462835532,0.414689994006138,34,0.0019338927174190866,0.001218364003441492,0.04097158535637835,4.137423515319824,2.7677793502807617,1.4948530904021058,centroidBasedKTA,donuts,95,4,0.65,58
27.20426040437373,18.27810172615663,0.005220645451462335,0.06051072399983017,0.12192293652720737,0.04012470587959578,0.15463645911429896,0.30002997366417444,3,0.0020633648818119514,0.005220645448936812,0.060510723970557685,3.650552988052368,2.6030445098876953,1.4024166602546737,centroidBasedKTA,donuts,96,4,0.7,59
16.561573937423695,9.248776291748257,0.0029553140289948,0.2268641493764844,0.2268644476021097,0.029366923946664847,0.3184275605050021,0.3401703376672637,34,0.0020786832672688837,0.0029553140275756337,0.2268641492675423,3.960171699523926,2.5519797801971436,1.5518037134355531,centroidBasedKTA,donuts,97,4,0.5333333333333333,57
22.529970772276297,14.599513293699106,0.003407550853836484,0.13338739028882016,0.15141551332520092,0.030736812284288054,0.23027528118624313,0.3239633639564574,48,0.0019507417095306113,0.003407550852092874,0.13338739022056717,3.8555753231048584,2.6202688217163086,1.4714426592985743,centroidBasedKTA,donuts,98,4,0.5833333333333334,59
22.565277449344048,15.65419251754815,0.007019177483809529,0.12305004045721801,0.1576613346117815,0.042653798351435304,0.20929842446737468,0.3678321788189779,47,0.0018962783149830372,0.007019177480114608,0.12305004039244405,4.082030296325684,2.802509069442749,1.4565627425911944,centroidBasedKTA,donuts,99,4,0.6166666666666667,58
26.311187077548446,17.323618864701572,0.0022517773121619234,0.01876603054772447,0.08487479291189151,0.022702471178465626,0.07899931010274305,0.27991498403016957,3,0.0018642665361607966,0.0022517773109561484,0.018766030537675688,4.7137064933776855,2.854931592941284,1.6510751098311793,centroidBasedKTA,donuts,100,4,0.6333333333333333,58
9.00104642285403,5.042954573317113,9.420177683245465e-05,0.4018656297900983,0.4020364516053354,0.004026582409950609,0.3202095027813141,0.3202095027813141,1,0.0017917889926550377,9.420177677993404e-05,0.40186562956604494,10.22428035736084,6.8953680992126465,1.4827751340101516,greedyKTA,donuts,1,4,0.85,49
8.116423139742935,5.485332238067826,0.00028438954545264645,0.33411881906032187,0.33487572564257473,0.006445314245175714,0.2869605935329264,0.39105467529805216,12,0.0015960226943633707,0.00028438954527463644,0.33411881885118444,11.037887573242188,6.53652811050415,1.6886468453341,greedyKTA,donuts,2,4,0.8333333333333334,49
10.668938145132389,6.886905770704291,0.0029304022521691245,0.2966591230558499,0.3710696653742659,0.019345953834971806,0.259164921437097,0.306801202645955,10,0.0014757063433460604,0.0029304022501852266,0.2966591228550101,12.30624008178711,6.873412609100342,1.7904119513343282,greedyKTA,donuts,3,4,0.8666666666666667,49
11.658839757636962,8.179488885189816,0.007859813994894303,0.2663282007006351,0.382987807903813,0.030149204607967967,0.23894460524153321,0.29301044578432556,10,0.001397617924109527,0.007859813989275622,0.26632820051024725,13.483551979064941,7.059220314025879,1.9100624968840718,greedyKTA,donuts,4,4,0.8833333333333333,49
11.28934887900677,7.639190609246622,0.011642390537270144,0.2854141295277397,0.4067875522451463,0.03651331765976666,0.24890472889378726,0.3588584096536801,25,0.0014124087690447302,0.01164239052903448,0.28541412932584176,13.98623275756836,7.077558994293213,1.9761379267687886,greedyKTA,donuts,5,4,0.8666666666666667,50
9.38860425111919,5.553152552471989,0.016734355595928892,0.38136041004738785,0.4516809300874306,0.04741516737414187,0.30530620673573783,0.41832501385640075,10,0.0016226698280421739,0.01673435558562542,0.38136040981258124,13.279836654663086,6.979024887084961,1.9028212206602377,greedyKTA,donuts,6,4,0.8666666666666667,46
8.399148663453376,4.682262049581563,0.024902538690949296,0.44561078652295427,0.4726636916332387,0.06134689417805377,0.3404767477451492,0.40068061258847365,25,0.0017951842649433277,0.02490253867709031,0.4456107862749589,12.80586051940918,7.023545742034912,1.8232757341873806,greedyKTA,donuts,7,4,0.8333333333333334,46
8.369097395312586,4.626062550418645,0.03205578976785495,0.45623105333469977,0.4766942326326209,0.07135361953789963,0.35000959289999634,0.3665754043386429,9,0.0018772477562164003,0.03205578975079502,0.4562310530918958,12.599699974060059,6.929009914398193,1.8183983180449186,greedyKTA,donuts,8,4,0.8666666666666667,46
8.097804114428467,4.552404392393173,0.03261778289758961,0.45883044491354574,0.4648474843862155,0.0734461701696297,0.350887742505804,0.3652730614801596,9,0.0019249131697812525,0.032617782880660626,0.4588304446754077,12.267727851867676,7.023247241973877,1.7467315942615307,greedyKTA,donuts,9,4,0.8833333333333333,48
8.088373618450111,4.611704027974664,0.027973455450180255,0.4492497320879165,0.45002873449494585,0.06978896347151016,0.34942013068626054,0.34942013068626054,1,0.001978768625812792,0.02797345543605719,0.4492497318611021,11.698694229125977,7.028067588806152,1.6645676896672463,greedyKTA,donuts,10,4,0.8666666666666667,48
8.418979653907819,4.761311424875185,0.020403791537288864,0.43119098548332385,0.43124692376197127,0.06143178965757527,0.3464798453259903,0.3464798453259903,1,0.0020360714950253722,0.020403791527277785,0.4311909852717609,10.947267532348633,6.92854642868042,1.5800236954509403,greedyKTA,donuts,11,4,0.85,47
9.020935018581438,4.980248011059605,0.012152619483919817,0.4109098991729983,0.4127750439673557,0.04892448874276019,0.33680564233016813,0.33680564233016813,1,0.002081285034254785,0.012152619478086858,0.4109098989757716,10.220290184020996,7.076130390167236,1.444333218932955,greedyKTA,donuts,12,4,0.8333333333333334,47
8.851343062479929,4.9863470998884445,0.007478948734237279,0.3956045349013912,0.3987963862201884,0.03914725470821473,0.3333385441579332,0.3649604961335867,6,0.0021210855197721454,0.007478948730715009,0.39560453471507817,9.782780647277832,7.002056121826172,1.3971297111976069,greedyKTA,donuts,13,4,0.8333333333333334,47
9.014842242405061,4.94999390191894,0.0055189062491784145,0.38824954131362416,0.3932601458461326,0.034337712078759824,0.33546245039800276,0.38728334535464226,6,0.002175660933613955,0.005518906246644511,0.3882495411353666,9.382524490356445,6.817337512969971,1.3762740178999258,greedyKTA,donuts,14,4,0.85,47
8.729174838888051,4.928794726494088,0.005770782645459856,0.3808827406509841,0.3836932755658667,0.035506979012708544,0.33756083206885745,0.4007330599153476,6,0.0022085193820806895,0.005770782642849781,0.38088274047871407,9.145258903503418,6.577268123626709,1.3904342550139688,greedyKTA,donuts,15,4,0.8333333333333334,47
9.131291578916628,5.08939660687299,0.004669538002367602,0.375842788487766,0.3758489698636857,0.0320447704102189,0.3387120643512189,0.3899805766006307,6,0.0022189791915286183,0.004669538000265589,0.37584278831857865,9.03809928894043,6.430324077606201,1.4055433567360125,greedyKTA,donuts,16,4,0.8166666666666667,47
9.008449752985683,5.17439805071702,0.004694827280875582,0.36839435415641103,0.36841257721944437,0.03193477456121641,0.3352422275290745,0.3909448043262854,7,0.00218865337916602,0.004694827278732916,0.36839435398827997,8.97385025024414,6.308298110961914,1.4225469520295626,greedyKTA,donuts,17,4,0.8333333333333334,47
9.594090594148327,5.595353067383026,0.0046075336322536535,0.36202854918846233,0.3620817479447972,0.031506416996894854,0.33215072636418597,0.3541898639738963,7,0.0021623662857083287,0.004607533630125283,0.3620285490212296,8.861305236816406,6.184959888458252,1.432718303210187,greedyKTA,donuts,18,4,0.8333333333333334,49
10.56865596303561,6.314749185954402,0.0026827505954412074,0.32788073592426353,0.32962772598635587,0.023837028703401035,0.31798103341559203,0.32845382358394754,7,0.0021280407694080875,0.0026827505941819786,0.3278807357703629,8.81107234954834,6.0020294189453125,1.4680155218391397,greedyKTA,donuts,19,4,0.8166666666666667,48
10.351751920467256,6.4118086486233254,0.001217464945321669,0.3238867073101578,0.3321607529489465,0.016214069432526276,0.32007703806239085,0.3207392716023197,8,0.002155904887274578,0.0012174649447576097,0.323886707160099,8.641674041748047,5.8772478103637695,1.4703606723044922,greedyKTA,donuts,20,4,0.8333333333333334,48
10.552831044069203,6.5412739659766785,0.0006821271221891276,0.31138463793219023,0.32605902919169405,0.012158588004508843,0.31683257373587626,0.3670121360420476,8,0.0021629493162211642,0.0006821271218741258,0.311384637788395,8.568522453308105,5.7476725578308105,1.490781245294252,greedyKTA,donuts,21,4,0.8333333333333334,50
10.215525886820744,6.478778130287233,0.0003515102333635074,0.29855459255661904,0.3154150319851129,0.008662290155992743,0.31058758500791706,0.38255054472365646,8,0.0021415206804053567,0.00035151023319955773,0.29855459241736865,8.630634307861328,5.695267677307129,1.5154045071926456,greedyKTA,donuts,22,4,0.8333333333333334,51
9.929855750689311,6.224944926797042,5.628138840718306e-06,0.2993757816598149,0.31565823716248514,0.0011062837196509495,0.314392845760018,0.40116139078789276,8,0.002174205331819116,5.628138838132733e-06,0.2993757815222813,8.565118789672852,5.64111328125,1.5183383780184272,greedyKTA,donuts,23,4,0.8333333333333334,51
10.479661527412299,6.332947287340099,8.846106489265846e-06,0.3060524474067009,0.3154545839225233,0.0014227649872937814,0.3262400893722882,0.40719476654833636,8,0.0022691887515905004,8.846106485372093e-06,0.30605244727198705,8.400352478027344,5.527392864227295,1.519767580189934,greedyKTA,donuts,24,4,0.8333333333333334,50
11.04913568241249,6.801754284643742,0.00015657739960239428,0.3084419897308247,0.3096870063926538,0.006140710337132926,0.33650726376799783,0.34591165971943416,8,0.002368074538068378,0.0001565773995363531,0.3084419896007301,8.236273765563965,5.400115013122559,1.525203397621693,greedyKTA,donuts,25,4,0.8166666666666667,48
10.980719085314066,6.867304305728977,0.0007536480998620883,0.31106441744570934,0.31141102470443416,0.013827485557638339,0.3458938259907205,0.3458938259907205,1,0.0024624437515049524,0.0007536480995564023,0.311064417319539,8.00660228729248,5.268382549285889,1.519745806685247,greedyKTA,donuts,26,4,0.8166666666666667,47
10.935414079506588,6.76636896037801,0.0017700290654502667,0.31676846356369065,0.31683886417950247,0.021689024343004702,0.3553455505197249,0.3553455505197249,1,0.002542350754246232,0.0017700290647549057,0.31676846343924725,7.7781453132629395,5.156824111938477,1.5083208471769238,greedyKTA,donuts,27,4,0.8166666666666667,47
11.30116001016782,6.880177093538783,0.003140742268760992,0.31774588121858144,0.31817566719642304,0.029461543889616897,0.3600102346539157,0.3600102346539157,1,0.0026011391391385914,0.0031407422675550525,0.3177458810965777,7.530529022216797,5.051732063293457,1.490682587252224,greedyKTA,donuts,28,4,0.8166666666666667,47
11.752958795474997,7.129181983988399,0.006210039226230676,0.3147707437488814,0.3158501642180151,0.04201016944561579,0.3602955064867651,0.3602955064867651,1,0.002639689106060283,0.006210039223881094,0.3147707436297872,7.327362060546875,4.949770927429199,1.4803436700354664,greedyKTA,donuts,29,4,0.8166666666666667,49
11.998398016572512,7.406749936525113,0.009011315248880455,0.3076452997396016,0.30987279860068495,0.050981846627902956,0.3564174318909962,0.3564174318909962,1,0.002658160308055181,0.009011315245494733,0.30764529962401344,7.206812381744385,4.886608123779297,1.4748087424225804,greedyKTA,donuts,30,4,0.8166666666666667,48
11.618129023998124,7.909438410819911,0.007686188666777703,0.26321046364769585,0.2677964278390332,0.046453968849505256,0.32825601252300174,0.32825601252300174,1,0.0026165310298375474,0.007686188663843904,0.26321046354722905,7.30242395401001,4.861927032470703,1.5019608285436583,greedyKTA,donuts,31,4,0.8166666666666667,48
11.809364574574655,8.373869035028395,0.007983199152144562,0.2152505387705959,0.23289795873555466,0.04632287759982582,0.29291081400946506,0.3213894617480761,6,0.0025570247623904674,0.007983199149026444,0.21525053868652227,7.525997638702393,4.886953830718994,1.540018158426839,greedyKTA,donuts,32,4,0.8333333333333334,47
12.198347298019394,8.284207569601973,0.007252365273320226,0.17795823288133192,0.17939018816307278,0.04339232253429768,0.26430076623970283,0.3663518222961185,3,0.0025187451086346336,0.007252365270444468,0.1779582328107667,7.759535312652588,4.923040866851807,1.5761671541055255,greedyKTA,donuts,33,4,0.85,47
15.01764007133583,11.590807218001972,0.004138025892695526,0.11764960646907567,0.2595476517286196,0.03175712227283431,0.2124189262323778,0.28525113022068604,23,0.0024385564574665856,0.004138025891000697,0.11764960642088941,8.137062072753906,4.988965034484863,1.6310120468888933,greedyKTA,donuts,34,4,0.8333333333333334,46
14.145448988113657,10.613134280047683,0.0012462209801945374,0.07673349832032496,0.19345041535045213,0.016926580435245364,0.17142188535923422,0.32302024621727293,3,0.0023742646524621356,0.0012462209796702858,0.07673349828804524,8.530198097229004,5.037832736968994,1.6932277315660729,greedyKTA,donuts,35,4,0.8166666666666667,47
12.050055531387,8.789144118119063,2.2930858936004973e-09,0.06847306202330224,0.16475704910951394,2.2783956122277016e-05,0.16456413882206838,0.3732282619947433,3,0.002383179684891987,2.2930858926394602e-09,0.06847306199460504,8.743035316467285,5.004371166229248,1.7470797081291118,greedyKTA,donuts,36,4,0.8166666666666667,47
11.1905351157585,7.096978115093562,0.0005597037799820184,0.07008602433172713,0.13615064620883072,0.011169058684037919,0.16722647148708936,0.4257637260163132,3,0.002389799594880303,0.0005597037797480934,0.07008602430243507,8.957091331481934,4.963420867919922,1.8046205570380898,greedyKTA,donuts,37,4,0.8,47
8.522349226218452,5.456454696078359,0.002086308924230259,0.0993105623742682,0.13755877203116396,0.021292302064538755,0.20307048000172895,0.4693139070832357,3,0.002409502144070758,0.0020863089233654148,0.09931056233310069,9.383353233337402,4.807349681854248,1.9518765753100338,greedyKTA,donuts,38,4,0.8,47
8.389344572745964,5.324802086666552,0.0032082622881592603,0.1913178383822887,0.2394485411265403,0.02730232080724012,0.29243793417121916,0.4831056087676242,3,0.0025631029148119166,0.003208262286909043,0.19131783830773463,9.25117015838623,4.727912425994873,1.9567135185329902,greedyKTA,donuts,39,4,0.8,47
8.286718181417205,5.1143194654096025,0.0029309328789146488,0.2837698365431236,0.31373359560078157,0.026641931629990068,0.36086542017567497,0.4686780258262387,3,0.002660917908463462,0.002930932877814494,0.2837698364366078,9.169357299804688,4.788849353790283,1.9147307886278362,greedyKTA,donuts,40,4,0.8,47
8.05473784725789,4.707514577406499,0.0019149713533276002,0.3662448722691192,0.37626520096184973,0.02195476286029658,0.4109271691808832,0.43316191236460466,3,0.0027420678433210523,0.0019149713526300744,0.366244872135715,9.040366172790527,4.909602642059326,1.8413641249379638,greedyKTA,donuts,41,4,0.8,47
7.361954592288207,4.252316868159413,0.0008941163841891857,0.4239306851046153,0.4285177388226734,0.015054562070110557,0.43764451550965777,0.43764451550965777,1,0.002767639288814829,0.0008941163838665116,0.4239306849516246,9.118844985961914,5.105249404907227,1.7861703244497684,greedyKTA,donuts,42,4,0.8166666666666667,45
8.079602219816845,4.147193559869037,0.00032986057793747665,0.4584646664280016,0.46063916343345424,0.009099016914805823,0.44952093578763574,0.44952093578763574,1,0.0027454426078180514,0.0003298605778174712,0.45846466626120913,9.195077896118164,5.23247766494751,1.7573085801616408,greedyKTA,donuts,43,4,0.8333333333333334,45
7.359840480195361,3.7346613568959546,5.801488292242126e-06,0.48514389412338177,0.48823170645987607,0.0011887615494362638,0.45520168963011376,0.45520168963011376,1,0.0026880015090428432,5.801488290086367e-06,0.48514389394310836,9.412692070007324,5.368112087249756,1.7534455162295193,greedyKTA,donuts,44,4,0.8333333333333334,46
6.164269093979542,3.441222468965968,0.00013058519295010474,0.48613674948888297,0.48972510537321085,0.005612176371489114,0.4549668521907172,0.4549668521907172,1,0.0026452948116629867,0.00013058519290079767,0.48613674930532474,9.332199096679688,5.284877777099609,1.7658306379602822,greedyKTA,donuts,45,4,0.8833333333333333,48
6.212162387253459,3.495079958452478,0.0010087730491860278,0.4823961196331023,0.4840299738379359,0.01570072236629942,0.44997343970083736,0.44997343970083736,1,0.002635528768366015,0.0010087730488037214,0.4823961194502832,9.113423347473145,5.294784069061279,1.7212077449434413,greedyKTA,donuts,46,4,0.9166666666666666,47
7.335671664336876,4.030815276971573,0.0023578171164826147,0.44993836971712714,0.45132038983179945,0.024099839060673256,0.4313064884091632,0.4313064884091632,1,0.002608212005534182,0.002357817115579696,0.4499383695448246,8.872942924499512,5.2587809562683105,1.687262313886936,greedyKTA,donuts,47,4,0.9166666666666666,46
8.931403106332706,4.953383865380258,0.0032946555161206363,0.4024902871558959,0.40394101096801815,0.028709518236719016,0.40618373429666427,0.40618373429666427,1,0.002584747572806464,0.003294655514847523,0.4024902870003666,8.553683280944824,5.177685737609863,1.6520282833719733,greedyKTA,donuts,48,4,0.9166666666666666,48
10.748074489177306,6.086400987781502,0.00368161727015639,0.3466739658057233,0.3491981999814368,0.030579449593492958,0.37639569912205895,0.37639569912205895,1,0.002562446647767263,0.003681617268721391,0.34667396567059877,8.239335060119629,5.06649923324585,1.626238292123352,greedyKTA,donuts,49,4,0.8833333333333333,48
10.946594433613264,6.664914770570306,0.003346003976720982,0.28743070655147657,0.29587598685894384,0.029365800968321067,0.3439153319499853,0.3841448137079295,6,0.0025493315537448774,0.003346003975410108,0.287430706438869,7.974245548248291,4.936187267303467,1.6154665770212633,greedyKTA,donuts,50,4,0.8833333333333333,48
11.77772179862214,7.78003026747667,0.002623335983080903,0.2384756092960685,0.2533955144381995,0.026128882020767734,0.314098839449103,0.37896044110651655,6,0.0025479810650200206,0.002623335982052613,0.23847560920259137,7.845142841339111,4.880856037139893,1.6073292843799258,greedyKTA,donuts,51,4,0.8666666666666667,47
12.46567620963812,8.41529115983653,0.0025397332855662982,0.21729941464458274,0.22891934356808175,0.02594580817569659,0.2999715922564215,0.3956009583788974,7,0.002575496014259822,0.0025397332845814168,0.21729941456031632,7.775343894958496,4.9187912940979,1.5807427943296999,greedyKTA,donuts,52,4,0.9,47
11.941818456086907,7.743620206035225,0.0033609474598230256,0.2123496002917905,0.22140708064321055,0.030133081091709694,0.29647754081546746,0.4001057799781168,7,0.0026091516503939684,0.0033609474585364974,0.2123496002105058,7.7278056144714355,4.963872909545898,1.556809724038005,greedyKTA,donuts,53,4,0.8833333333333333,47
10.596328187951276,7.056102217787303,0.0039211479430048225,0.21035089570238735,0.22876656371695717,0.032535984222550086,0.29349588205943977,0.3857397200335117,7,0.0026179249370108485,0.003921147941508874,0.2103508956221368,7.8142218589782715,5.055552959442139,1.5456710515478402,greedyKTA,donuts,54,4,0.8666666666666667,48
10.998167778890041,7.45401199581074,0.005092788470624798,0.21750137778638837,0.24632316123277448,0.03709093395489137,0.2940927918198626,0.36323081673134877,3,0.002621693108013162,0.0050927884686846284,0.21750137770352812,7.897201061248779,5.239096641540527,1.5073593028673629,greedyKTA,donuts,55,4,0.8666666666666667,48
11.147739682433034,7.1626746030664235,0.0067028428480006876,0.24809176276149258,0.2666067080687066,0.04289469427928568,0.30837869123476125,0.36153687646057076,3,0.002649239277851719,0.006702842845473664,0.24809176266796004,7.938055515289307,5.531091690063477,1.435169756731473,greedyKTA,donuts,56,4,0.8666666666666667,48
8.922280991842786,5.882631679432568,0.007186610328148235,0.295364910716333,0.2953668662653097,0.04498196210347111,0.33010168353100966,0.3679607906190423,5,0.002690094761493818,0.007186610325479933,0.2953649106066676,7.960753440856934,5.927515029907227,1.3430169979645226,greedyKTA,donuts,57,4,0.85,46
9.63250078357727,6.061838634746503,0.0031524901848154555,0.3286787935640374,0.33411773804129413,0.029777902759834288,0.34319628836792504,0.3554009935326047,8,0.002680094704520015,0.0031524901836405862,0.32867879344154544,8.056633949279785,6.263095378875732,1.2863661595274505,greedyKTA,donuts,58,4,0.8666666666666667,45
9.84898997794815,5.796474129552083,2.144080552010638e-05,0.3593962803618054,0.3645453262211924,0.002440503668039308,0.35350419304031266,0.35350419304031266,1,0.0026552804499008517,2.144080551204099e-05,0.35939628022661135,8.218260765075684,6.565325736999512,1.251767405653561,greedyKTA,donuts,59,4,0.8666666666666667,46
8.77576166558221,5.152641735645304,0.002154972612845496,0.3793485715382969,0.3869053978505671,0.024173847661921856,0.35799519585898043,0.35799519585898043,1,0.0026226156502376324,0.00215497261202475,0.3793485713938177,8.432390213012695,6.729928016662598,1.2529688567446378,greedyKTA,donuts,60,4,0.8666666666666667,47
8.36067124442131,4.9520588282520555,0.009605936910672736,0.3928484303097824,0.39561571726426964,0.05030935910238092,0.3588168890022774,0.3588168890022774,1,0.0025949829466799025,0.00960593690697518,0.39284843015856563,8.728168487548828,6.845558166503906,1.2750119530435768,greedyKTA,donuts,61,4,0.8666666666666667,48
8.246024973328117,4.966750491536572,0.016682450530166412,0.40120920142383704,0.4012177327625139,0.0654324625284246,0.3583900025318837,0.3583900025318837,1,0.0025728097099413584,0.016682450523689468,0.40120920126806797,9.037506103515625,6.943686008453369,1.3015430266449115,greedyKTA,donuts,62,4,0.85,49
8.240228680903389,4.751635440597908,0.021240122374570784,0.4125339803486117,0.4150647332029592,0.07291922472538602,0.359810515044534,0.37915694378572473,6,0.0025465145993116937,0.02124012236623901,0.4125339801867888,9.33859920501709,7.065845489501953,1.3216534693393096,greedyKTA,donuts,63,4,0.8333333333333334,49
7.224240522589714,4.306521514502097,0.021583954000292113,0.42219540334016165,0.42853427904644775,0.07306915748366186,0.36392712454826737,0.4339606973358264,6,0.0025382431401463146,0.021583953991797765,0.42219540317400694,9.531959533691406,7.132041931152344,1.3364979658988019,greedyKTA,donuts,64,4,0.85,49
6.73676470626227,4.052045608380571,0.023266790270088503,0.44285355547562383,0.4554730927777079,0.07595128356706676,0.373421326950485,0.44725058161412357,6,0.002560317409006313,0.023266790261010695,0.4428535553028393,9.720511436462402,7.251810073852539,1.3404255403088652,greedyKTA,donuts,65,4,0.8666666666666667,47
7.72688406685078,4.263463535448072,0.026396505968334393,0.45831398634763854,0.47181069072221477,0.08086756829392476,0.3798015334527206,0.39088678678936595,7,0.0025717852119016716,0.02639650595808136,0.45831398616961855,9.817824363708496,7.282909870147705,1.3480634167875583,greedyKTA,donuts,66,4,0.8833333333333333,46
7.234898609164375,4.013845850488535,0.031977230404723736,0.47273046697561216,0.4813107852957908,0.08898737382290063,0.3840984500414627,0.4263649101280861,7,0.0025793414045776147,0.031977230392339406,0.4727304667925303,9.85274887084961,7.289265155792236,1.3516793065236503,greedyKTA,donuts,67,4,0.8833333333333333,46
7.061278142114051,4.044262306646434,0.039094604695064795,0.4744823722327483,0.47654624009206403,0.09842838453433374,0.3810159835901591,0.43287824421757115,7,0.002576800690928946,0.039094604679909155,0.4744823720488077,9.787240028381348,7.274011135101318,1.3455079799302063,greedyKTA,donuts,68,4,0.8833333333333333,45
7.298024222531337,4.226375649721286,0.04625633385057828,0.4693979701379193,0.4702403897352561,0.10706741172502633,0.37467710686156325,0.430758281561607,7,0.002570029832459167,0.046256333832599084,0.46939796995547084,9.738009452819824,7.274196624755859,1.3387058331194501,greedyKTA,donuts,69,4,0.8666666666666667,45
7.350513344574249,4.393486623098761,0.05046275567585264,0.45889122104028146,0.45975467409192966,0.1117105472393896,0.36728765085832005,0.43803776189060756,7,0.0025563605844160903,0.0504627556561336,0.4588912208609633,9.70064926147461,7.263092041015625,1.335608747168898,greedyKTA,donuts,70,4,0.85,46
6.797703043347443,4.122290256437259,0.04523149892432607,0.4479793094063327,0.44802108206925656,0.10551458684867761,0.36420268405701517,0.4938130386029892,7,0.002540514859386892,0.04523149890654099,0.44797930923018664,9.679289817810059,7.233932018280029,1.3380399198318855,greedyKTA,donuts,71,4,0.85,45
6.2972670657799545,3.8923108312871344,0.0404288431652269,0.4412622550250645,0.4418185587418302,0.10015745400843834,0.36459483819987604,0.5249274955641756,7,0.002554664347948745,0.04042884314941832,0.44126225485252113,9.631857872009277,7.2065629959106445,1.3365397454339227,greedyKTA,donuts,72,4,0.85,44
6.897945693744148,4.136080956916671,0.03207242710582908,0.43370078641237075,0.438968393154453,0.08954048418162053,0.36623669065475006,0.49367353217806265,7,0.0025679057846459664,0.03207242709335275,0.43370078624365904,9.58210277557373,7.17246675491333,1.3359563875299107,greedyKTA,donuts,73,4,0.85,43
7.180650880106263,4.219499323466469,0.02625207968445808,0.4296525405154208,0.44168208809140214,0.08092136015892215,0.3669758054232253,0.47904055443015936,7,0.002561811262792422,0.026252079674221586,0.4296525403478861,9.589020729064941,7.164706707000732,1.3383689132304664,greedyKTA,donuts,74,4,0.85,43
7.552520066323592,4.347708684682959,0.02236538713669822,0.4217670583867146,0.44781134690961605,0.0738256820234619,0.36330059685022364,0.468189957878729,7,0.0025147463767070757,0.022365387127814006,0.4217670582191758,9.679656982421875,7.137993335723877,1.3560753740097022,greedyKTA,donuts,75,4,0.8666666666666667,44
7.815418097867185,4.528366080997976,0.019663503107326626,0.4103308384459686,0.4565648629522747,0.06806899565271829,0.3562239024292094,0.45472528353165864,7,0.0024438640120922916,0.019663503099289093,0.41033083827824435,9.775238037109375,7.091304302215576,1.3784823807453677,greedyKTA,donuts,76,4,0.8666666666666667,44
7.912847538107181,4.522552571727859,0.01960035889485284,0.4169240273129928,0.45751236070744145,0.06697533113168039,0.3566726229784742,0.4376755646134425,7,0.0023911486601420487,0.01960035888666441,0.4169240271388147,9.93558406829834,7.101727485656738,1.399037640963231,greedyKTA,donuts,77,4,0.8666666666666667,45
7.669666328476252,4.380711411554369,0.02239234547762829,0.43382301500326886,0.46065984502219576,0.07096995795445762,0.36125100393124554,0.4201965313900268,7,0.0023606876045859405,0.02239234546815267,0.4338230148196909,10.055072784423828,7.13038969039917,1.4101715643902655,greedyKTA,donuts,78,4,0.8833333333333333,45
7.382701657231222,4.198237969865639,0.02701845007888197,0.45485862619110173,0.46348941180465414,0.07739869540410788,0.3667626600944986,0.3996871363718475,7,0.002336152997176953,0.027018450067328594,0.4548586259965993,10.168527603149414,7.170942783355713,1.4180182314032541,greedyKTA,donuts,79,4,0.8833333333333333,45
7.203400145132327,4.084277263770796,0.030961324360837327,0.4729997716457481,0.47300264896544186,0.08214453269850128,0.3708449043230165,0.3753604310379274,7,0.0023095744346666863,0.030961324347445453,0.4729997714411589,10.31725788116455,7.227323532104492,1.427535080632939,greedyKTA,donuts,80,4,0.8666666666666667,47
7.094171533289537,4.021945710399144,0.03300527214366676,0.4784975347096441,0.4880709045148796,0.08330114773039918,0.36707425270541716,0.4236964827656234,9,0.002239823139060907,0.033005272128946134,0.47849753449623006,10.448841094970703,7.2630510330200195,1.438629722889965,greedyKTA,donuts,81,4,0.8333333333333334,47
6.89696018314258,4.197718326780868,0.03625537636893993,0.46486566713918587,0.4672835723080441,0.08451487546903466,0.3505864858081512,0.4149863696330316,9,0.0021304830713141897,0.036255376351939546,0.46486566692120723,10.791251182556152,7.413750171661377,1.4555725419240073,greedyKTA,donuts,82,4,0.8333333333333334,48
7.7653007812065855,4.779650824382041,0.03242337025113474,0.43401432984481875,0.43412031829193043,0.07833736582893008,0.3302557381623595,0.37245595166395784,26,0.002050890571115831,0.03242337023534102,0.4340143296334064,10.920653343200684,7.610471725463867,1.4349509119992983,greedyKTA,donuts,83,4,0.85,46
8.461170533732925,5.18081986254036,0.028554236178928535,0.4072260243202391,0.40858920511904917,0.07307395358710214,0.31287371220655785,0.4109403825721059,27,0.002005183661253186,0.028554236164702387,0.407226024117353,10.85680866241455,7.853832721710205,1.3823580215048243,greedyKTA,donuts,84,4,0.85,48
9.069778104686941,5.714483034348391,0.03151755518386979,0.38620919852778535,0.3896163131569757,0.07610220392107234,0.2963014490642019,0.44420270500928183,27,0.0019372075917008786,0.0315175551676164,0.38620919832861983,10.59738540649414,7.867270469665527,1.3470218733872175,greedyKTA,donuts,85,4,0.8666666666666667,48
9.867444126505477,6.237785160674034,0.03981339636954762,0.36960883807899175,0.37160505343468164,0.08480528079478955,0.28217423198994385,0.4279967856236465,28,0.0018666298038500357,0.03981339634824019,0.3696088378811836,10.207037925720215,7.637060642242432,1.3365139290974435,greedyKTA,donuts,86,4,0.85,49
10.065347074455259,6.277622372881278,0.048276598608322896,0.3562791508170362,0.3569185407050876,0.09214863577165798,0.2720729971814818,0.39044092027633615,9,0.001786083291600662,0.04827659858132161,0.35627915061776794,9.793065071105957,7.167096138000488,1.3663923132244613,greedyKTA,donuts,87,4,0.8,49
11.548484899792228,7.151295876267887,0.04787243206397825,0.3361892515935252,0.3505487606353537,0.09073236001211242,0.264473477378285,0.3883155974183232,27,0.0017193018836780083,0.04787243203616367,0.33618925139819433,9.428521156311035,6.683258056640625,1.410767185166709,greedyKTA,donuts,88,4,0.8166666666666667,52
13.978137407290923,8.788266902144642,0.03725097712442889,0.30751590765157183,0.3545412549348037,0.07931984803947771,0.2566188950127032,0.39145282136148896,27,0.0016679817581465545,0.03725097710211995,0.3075159074674061,9.18241024017334,6.36495304107666,1.442651686652295,greedyKTA,donuts,89,4,0.8166666666666667,49
14.50914192152173,9.639143364549112,0.020251051653265496,0.26181251940703104,0.3680540600431835,0.05799000387108862,0.24077474650883357,0.3179240220880088,13,0.0016182396523797965,0.020251051640764826,0.2618125192454181,8.982794761657715,6.215498447418213,1.4452251637819222,greedyKTA,donuts,90,4,0.8333333333333334,49
14.816298594606298,9.870891632284746,0.007406592978269751,0.23217848362182086,0.3780589362705311,0.03469151854951086,0.22951215991516039,0.2898238656635958,13,0.0015752749621319314,0.007406592973573066,0.23217848347459136,8.949437141418457,6.205181121826172,1.4422523639057314,greedyKTA,donuts,91,4,0.8333333333333334,50
12.337970761574939,8.530192528172075,0.0014974172534282053,0.23842718668241905,0.3836197464648762,0.015503928707651778,0.23453960974037075,0.37069535942210297,13,0.0015570063401031758,0.0014974172524675118,0.238427186529452,9.01447582244873,6.232587814331055,1.4463455776298293,greedyKTA,donuts,92,4,0.8166666666666667,50
12.113683439805758,8.259327354831685,8.144860966791841e-05,0.24557180137401025,0.3768229568117792,0.0036044440295485633,0.23983118281709426,0.3976133654488351,13,0.0015546369966708067,8.144860961558388e-05,0.2455718012162189,9.083413124084473,6.1839375495910645,1.4688720659353485,greedyKTA,donuts,93,4,0.8166666666666667,49
11.272356653753178,7.054373411680323,0.0007225300754335283,0.2934668738425483,0.3770713565251492,0.010909980606610074,0.2670995034373138,0.42890066666181553,13,0.0015998826463130638,0.0007225300749823998,0.2934668736593154,9.02609634399414,6.101468086242676,1.4793318946212812,greedyKTA,donuts,94,4,0.85,49
12.339863108290738,6.884208036608008,0.0033589060941190095,0.3234133292903419,0.3690169986672479,0.02388909305738745,0.28315560967794806,0.4084095846332662,13,0.0016466414179587955,0.003358906092081347,0.323413329094145,9.026448249816895,6.121979236602783,1.4744330062158768,greedyKTA,donuts,95,4,0.85,49
11.310135163428852,6.183164279025356,0.005910491334043918,0.3550909425101977,0.3600302251056198,0.03247585823066783,0.29884663780820175,0.3892881806469107,12,0.0017172636752247708,0.005910491330605797,0.35509094230364197,8.985174179077148,6.268698215484619,1.4333397254442708,greedyKTA,donuts,96,4,0.8333333333333334,49
9.674587559938287,5.76780365136998,0.00705789493830806,0.35069931551755584,0.3562289778429361,0.036581566127557905,0.29752421927334394,0.4408933809509169,12,0.0018042366990805052,0.007057894934400393,0.35069931532338805,8.908671379089355,6.557271957397461,1.3585941588159767,greedyKTA,donuts,97,4,0.8,48
10.723628801458705,6.464568743745671,0.007473220701479518,0.3343425006765223,0.3582166834458463,0.038707693811765795,0.2909169150714425,0.3685092067719822,11,0.0018855583446293048,0.007473220697520338,0.33434250049939357,8.834799766540527,6.841001033782959,1.2914483893380937,greedyKTA,donuts,98,4,0.8,47
10.440292858155098,6.579636897593449,0.006458829902251623,0.3222900862753719,0.36150762878007964,0.03686465934935641,0.28775048297367445,0.3499464441546028,11,0.001955768986826629,0.006458829898952684,0.3222900861107577,8.744538307189941,7.018211841583252,1.2459781073259821,greedyKTA,donuts,99,4,0.8,48
10.451602472412938,6.5320728644392645,0.003320639958883311,0.3217658269417401,0.3643319969454378,0.027008607865399964,0.29417223703701195,0.32329914360001893,22,0.002029143643592954,0.003320639957248586,0.32176582678333737,8.646716117858887,6.989806175231934,1.2370466220503942,greedyKTA,donuts,100,4,0.8,48
