method,epoch,n_sv,sv_fraction,test_accuracy,train_accuracy,margin,proximity_ratio,local_block_ratio,global_block_ratio,block_ratio_lift,local_kta,global_kta,kta_lift,sv4_sv_sep,sv4_non_sv_sep,sv4_sv_within,sv4_sv_between,sv4_non_sv_within,sv4_non_sv_between,dataset,centroids
fullKTA,1,29,0.9666666666666667,0.43333333333333335,0.8333333333333334,0.20512895641682838,,1.007480175194597,1.0397767113003078,0.9689389694425683,0.06739983234759006,0.07582965930434807,0.8888320596060248,,,,,,,checkerboard,4
fullKTA,2,27,0.9,0.5,0.8333333333333334,0.21251960344450105,,0.9781283590109069,1.084357927936698,0.9020345899825468,0.07086472816748123,0.09238387369348056,0.7670681608989002,,,,,,,checkerboard,4
fullKTA,3,27,0.9,0.4666666666666667,0.9,0.2146603723528692,,0.9934940576218324,1.1247978502022886,0.8832645415839224,0.08063564074727107,0.10494575468660976,0.7683554319203347,,,,,,,checkerboard,4
fullKTA,4,26,0.8666666666666667,0.5333333333333333,0.9,0.2135655338851899,,0.9726218126325027,1.1474549514116794,0.8476339845421834,0.08448857344066464,0.11202804120920361,0.7541734413393116,,,,,,,checkerboard,4
fullKTA,5,24,0.8,0.5666666666666667,0.9,0.21438226324993642,,0.8856952911453833,1.176863302696218,0.7525897774541683,0.07571314136149067,0.11978243238929653,0.6320888613466438,,,,,,,checkerboard,4
fullKTA,6,24,0.8,0.5666666666666667,0.9,0.2183439085213602,,0.9135584305841973,1.2252360617569034,0.7456183008518833,0.08506119479341492,0.13069734048256496,0.6508257506561851,,,,,,,checkerboard,4
fullKTA,7,25,0.8333333333333334,0.5666666666666667,0.9,0.22427760979255476,,1.0174497279131427,1.296031120285482,0.7850503833661957,0.10615065202727639,0.14547341833862562,0.7296910539849637,,,,,,,checkerboard,4
fullKTA,8,25,0.8333333333333334,0.5666666666666667,0.9,0.23144850749066434,,1.0794102780582047,1.3894237721738874,0.7768762127134731,0.12145023697251914,0.1633849383714533,0.7433380219054829,,,,,,,checkerboard,4
fullKTA,9,23,0.7666666666666667,0.5666666666666667,0.9,0.23591956983222195,,1.0338944581111513,1.5084609886039646,0.6853968818904955,0.12439592993916782,0.18199556684772622,0.6835107691106427,,,,,,,checkerboard,4
fullKTA,10,23,0.7666666666666667,0.5666666666666667,0.9,0.2439096950652539,,1.1276217929589467,1.6894743059958879,0.6674394448559002,0.1463748576856204,0.20310772647933925,0.7206759691066824,,,,,,,checkerboard,4
fullKTA,11,24,0.8,0.5666666666666667,0.9,0.2490079596325978,,1.3413092102192585,1.9309916904160567,0.694621948300976,0.1772359556037693,0.22370741204792943,0.7922668002013707,,,,,,,checkerboard,4
fullKTA,12,23,0.7666666666666667,0.6333333333333333,0.9,0.26085942779500576,,1.407303849863696,2.1718154391526463,0.6479850103413806,0.19040570097916745,0.23946796707250328,0.7951197115312157,,,,,,,checkerboard,4
fullKTA,13,23,0.7666666666666667,0.6666666666666666,0.9333333333333333,0.2696312662090017,,1.574425080546092,2.4278905904909376,0.648474476835006,0.20935332149741864,0.2559135393244419,0.8180627018338352,,,,,,,checkerboard,4
fullKTA,14,24,0.8,0.7,0.9666666666666667,0.278797107864255,,1.9700883888783187,2.721869963193656,0.7237995993366163,0.24343814990425117,0.2748093607615178,0.8858437323280438,,,,,,,checkerboard,4
fullKTA,15,22,0.7333333333333333,0.8,1.0,0.28944901584578026,,2.0514768760197475,3.007192574541157,0.6821900577034201,0.25741893140865557,0.29290761698526696,0.8788400041290819,,,,,,,checkerboard,4
fullKTA,16,21,0.7,0.8,1.0,0.2927091109644723,,2.125199843033881,3.292954483876594,0.645377837250722,0.270276875707748,0.31059406898923686,0.8701932928091253,,,,,,,checkerboard,4
fullKTA,17,21,0.7,0.8333333333333334,1.0,0.31543249120645916,,2.377593125573849,3.630821982186715,0.6548360501211975,0.2913504470511527,0.32958922049480144,0.8839805092088868,,,,,,,checkerboard,4
fullKTA,18,18,0.6,0.8666666666666667,1.0,0.3287565867716675,,2.421734282736058,4.16035818210007,0.582097544653091,0.3126077341837303,0.35156141773437044,0.8891980698832196,,,,,,,checkerboard,4
fullKTA,19,18,0.6,0.9,1.0,0.346462451363459,,2.998873588572646,4.864283162093978,0.6165088438683819,0.3364906024971446,0.37290530706307834,0.9023486553651837,,,,,,,checkerboard,4
fullKTA,20,17,0.5666666666666667,0.9333333333333333,1.0,0.3587920149183454,,3.0102095512394103,5.547472038086418,0.5426272598615043,0.3439256869676952,0.3900752619898616,0.8816905874140388,,,,,,,checkerboard,4
fullKTA,21,19,0.6333333333333333,1.0,1.0,0.3735176334274787,,3.6346857378169157,5.93719654099115,0.6121888862296153,0.3671696058387073,0.4011540061128568,0.9152834077491002,,,,,,,checkerboard,4
fullKTA,22,17,0.5666666666666667,1.0,1.0,0.38627681710091494,,3.222083103288252,6.051013500850669,0.5324865169747239,0.3650022910219033,0.4085709650411161,0.8933632640680557,,,,,,,checkerboard,4
fullKTA,23,16,0.5333333333333333,1.0,1.0,0.40085674750187117,,3.4335056332103884,6.183797407823259,0.5552422575828665,0.3780107252465386,0.41637783883819335,0.9078550535026195,,,,,,,checkerboard,4
fullKTA,24,16,0.5333333333333333,1.0,1.0,0.4105105521854838,,3.5049243761158584,6.266740021166654,0.5592898962174326,0.38348302930812633,0.42257706749620816,0.907486607092844,,,,,,,checkerboard,4
fullKTA,25,15,0.5,1.0,1.0,0.4141312348044815,,3.13038211046859,6.269035636288391,0.49934029602550034,0.3752240845943232,0.4272436797303439,0.8782437337477353,,,,,,,checkerboard,4
fullKTA,26,17,0.5666666666666667,1.0,1.0,0.4202884052467299,,3.691909332696995,6.31467632880719,0.584655355302417,0.39322815858983823,0.4330790093383765,0.9079824928476273,,,,,,,checkerboard,4
fullKTA,27,17,0.5666666666666667,1.0,1.0,0.42643647976656596,,3.590049384419685,6.410513047978617,0.5600252830771022,0.3832621678575537,0.44067755744696707,0.8697111102979322,,,,,,,checkerboard,4
fullKTA,28,18,0.6,1.0,1.0,0.43806549919903254,,4.007700340662898,6.509361370740787,0.6156825704309055,0.3939436694860869,0.44879956049084513,0.8777719589730872,,,,,,,checkerboard,4
fullKTA,29,18,0.6,1.0,1.0,0.4469401199802119,,4.025768264624768,6.534670186002364,0.6160629610942855,0.3973853355659279,0.45507161797117823,0.8732369143350365,,,,,,,checkerboard,4
fullKTA,30,18,0.6,1.0,1.0,0.4458395250275124,,4.042625822234512,6.486047052582687,0.6232803723744874,0.40048545983538114,0.45867705739706366,0.8731316582973958,,,,,,,checkerboard,4
fullKTA,31,18,0.6,1.0,1.0,0.43979953394574034,,4.107218423870548,6.484102976343507,0.6334289320808001,0.4051499321848213,0.46190349209770715,0.8771311302652075,,,,,,,checkerboard,4
fullKTA,32,18,0.6,1.0,1.0,0.4346432330513813,,4.2541653002372986,6.6113152055542175,0.6434673235060695,0.41294976300007347,0.46722768894066036,0.883829817209606,,,,,,,checkerboard,4
fullKTA,33,17,0.5666666666666667,1.0,1.0,0.4264317321563734,,3.7389064087949055,6.8044198021542135,0.5494820304232634,0.4012293917999702,0.47434438657019157,0.8458609463401161,,,,,,,checkerboard,4
fullKTA,34,16,0.5333333333333333,1.0,1.0,0.41969058231465417,,3.825972782156323,6.9547442301518965,0.5501241534539867,0.41217647338363456,0.48191836911897523,0.8552827609614292,,,,,,,checkerboard,4
fullKTA,35,15,0.5,1.0,1.0,0.41747237533436493,,3.5341436008738856,6.988930577189321,0.5056773081075037,0.40647740574245383,0.48907152050636876,0.8311205797436094,,,,,,,checkerboard,4
fullKTA,36,14,0.4666666666666667,1.0,1.0,0.4208222722885867,,3.0620693837526765,6.967779281578396,0.439461306101402,0.4020090609361872,0.49625267666798456,0.8100894559489509,,,,,,,checkerboard,4
fullKTA,37,15,0.5,1.0,1.0,0.42509332908344016,,3.0781924850773725,6.995294846343964,0.4400375613391281,0.414439715192072,0.5041547659297853,0.8220485912605398,,,,,,,checkerboard,4
fullKTA,38,15,0.5,1.0,1.0,0.4285164360549789,,3.1382266118266458,7.050362987515012,0.44511560856361543,0.4167715455870272,0.5123836323125698,0.8133974608530118,,,,,,,checkerboard,4
fullKTA,39,15,0.5,1.0,1.0,0.43489217680800224,,3.585797034375296,7.119904899586788,0.5036299058619503,0.4319546926858043,0.5214079301815961,0.8284390543360532,,,,,,,checkerboard,4
fullKTA,40,16,0.5333333333333333,1.0,1.0,0.44450365503112804,,3.837175753970174,7.237597974550368,0.5301725472193749,0.4463316471865998,0.5316657385463418,0.8394967265014883,,,,,,,checkerboard,4
fullKTA,41,14,0.4666666666666667,1.0,1.0,0.4558543992434785,,3.49335569054299,7.369138211927235,0.4740521333744906,0.43365557218760675,0.5415852213402997,0.800715298387088,,,,,,,checkerboard,4
fullKTA,42,14,0.4666666666666667,1.0,1.0,0.46422603269656454,,3.5973875339817556,7.493217675093943,0.48008581759085844,0.44280216935191197,0.5499883311301688,0.8051119345777544,,,,,,,checkerboard,4
fullKTA,43,14,0.4666666666666667,1.0,1.0,0.4668823773267398,,3.710781221823404,7.636622730891794,0.48591914941193803,0.4518513529502107,0.556920298289395,0.8113393500954408,,,,,,,checkerboard,4
fullKTA,44,12,0.4,1.0,1.0,0.46652969248990134,,3.3185722603675716,7.7671688045155145,0.4272563586355383,0.44813735533388127,0.5624445186214354,0.796767219551894,,,,,,,checkerboard,4
fullKTA,45,11,0.36666666666666664,1.0,1.0,0.46764433618668544,,3.0427365581621957,7.850498595175916,0.3875851350375606,0.43186409240609774,0.5672905805984111,0.7612749217066409,,,,,,,checkerboard,4
fullKTA,46,11,0.36666666666666664,1.0,1.0,0.4686433342502496,,2.7175009271419266,7.894585280478047,0.3442233924342317,0.4530603322719709,0.5716332236035275,0.7925717286631097,,,,,,,checkerboard,4
fullKTA,47,11,0.36666666666666664,1.0,1.0,0.47134289010846087,,2.7362536516463467,7.912048720890913,0.34583377177480973,0.4562192732557751,0.5747218699213966,0.7938087917879134,,,,,,,checkerboard,4
fullKTA,48,10,0.3333333333333333,1.0,1.0,0.47292641913197425,,2.4637180011108524,7.919684213530627,0.3110879088929492,0.48336733840150603,0.5766692824883186,0.8382054550087413,,,,,,,checkerboard,4
fullKTA,49,10,0.3333333333333333,1.0,1.0,0.4747381835914455,,2.4692825368739717,7.940041784830828,0.3109911262130069,0.48470307340098784,0.5784858819275506,0.8378822862575991,,,,,,,checkerboard,4
fullKTA,50,10,0.3333333333333333,1.0,1.0,0.47578486304973255,,2.4722753069026346,7.974669853826917,0.3100160072062704,0.48600444652336283,0.5807858314885537,0.836804928925441,,,,,,,checkerboard,4
fullKTA,51,10,0.3333333333333333,1.0,1.0,0.47520856041494897,,2.47250440365956,7.999681580189284,0.3090753524179833,0.4873443897262627,0.5832000878697482,0.8356384022897169,,,,,,,checkerboard,4
fullKTA,52,10,0.3333333333333333,1.0,1.0,0.4740175754457833,,2.6867932219923762,8.00817836527698,0.335506166247322,0.436272215445064,0.5852712919726061,0.7454187850220784,,,,,,,checkerboard,4
fullKTA,53,9,0.3,1.0,1.0,0.47549319562987047,,2.458930121670841,8.02800352521143,0.3062941008830028,0.40370034867757426,0.587215165894631,0.6874828377325414,,,,,,,checkerboard,4
fullKTA,54,9,0.3,1.0,1.0,0.47610739016304293,,2.440092157773509,8.063904033517137,0.30259439442745745,0.4017501381226102,0.589082347412717,0.6819931709359823,,,,,,,checkerboard,4
fullKTA,55,8,0.26666666666666666,1.0,1.0,0.47762221914065883,,2.049440484270577,8.096445619941242,0.25312841961138716,0.393917430465717,0.5906931726990015,0.6668731730877098,,,,,,,checkerboard,4
fullKTA,56,8,0.26666666666666666,1.0,1.0,0.4790276429632886,,2.0994765411368124,8.12935457329707,0.25825869965215326,0.39954766334576236,0.5922018833265998,0.6746815140706727,,,,,,,checkerboard,4
fullKTA,57,7,0.23333333333333334,1.0,1.0,0.4804373795546576,,1.8875855841443852,8.162812872781048,0.23124205020250155,0.35741206901029304,0.5935215111012754,0.6021889051449851,,,,,,,checkerboard,4
fullKTA,58,7,0.23333333333333334,1.0,1.0,0.48326570728861057,,1.9283653991071543,8.192350711327318,0.23538608966255833,0.36221284320405917,0.594463456379751,0.6093105291097016,,,,,,,checkerboard,4
fullKTA,59,7,0.23333333333333334,1.0,1.0,0.4850404718021261,,1.9562383914076877,8.21389964327362,0.23816195428998688,0.3653255549528778,0.5950424348622436,0.6139487429599172,,,,,,,checkerboard,4
fullKTA,60,7,0.23333333333333334,1.0,1.0,0.4869729301426619,,1.982775995545081,8.224963574353707,0.24106805794295263,0.3682299084324293,0.5954338818872366,0.6184228334529382,,,,,,,checkerboard,4
fullKTA,61,8,0.26666666666666666,1.0,1.0,0.49190966306713846,,2.31224105647292,8.243814457668938,0.280481938102558,0.4227957451811013,0.5959331181877323,0.7094684490700923,,,,,,,checkerboard,4
fullKTA,62,8,0.26666666666666666,1.0,1.0,0.4961070018683554,,2.3391688489901554,8.271409574034916,0.2828017193471891,0.42575508240709314,0.5964508937021926,0.7138141409983214,,,,,,,checkerboard,4
fullKTA,63,8,0.26666666666666666,1.0,1.0,0.4976915524833299,,2.3619534268506537,8.325174639173733,0.28371217772516355,0.42805256575239325,0.5971035215574617,0.7168816632737139,,,,,,,checkerboard,4
fullKTA,64,9,0.3,1.0,1.0,0.4966111839285846,,2.54744568119997,8.406968825876916,0.30301595425553973,0.4708889415300673,0.5979064893519879,0.7875628544551528,,,,,,,checkerboard,4
fullKTA,65,10,0.3333333333333333,1.0,1.0,0.49508559065972774,,3.112746456975643,8.488736204915055,0.36669138748082025,0.46689387371932045,0.5985890152369512,0.7799907144244899,,,,,,,checkerboard,4
fullKTA,66,9,0.3,1.0,1.0,0.4957368828276523,,2.863542970108611,8.557244592711594,0.3346337642976916,0.4348130425680623,0.5991216463786807,0.7257508473006488,,,,,,,checkerboard,4
fullKTA,67,10,0.3333333333333333,1.0,1.0,0.4978912644302164,,3.139861948079984,8.613638627888514,0.3645221356138103,0.46948996602594895,0.5995963882008224,0.7830099967019848,,,,,,,checkerboard,4
fullKTA,68,10,0.3333333333333333,1.0,1.0,0.500544403983482,,3.1479543651711563,8.66740714318709,0.36319447247949443,0.469916513856827,0.6000774922939618,0.7830930501694575,,,,,,,checkerboard,4
fullKTA,69,10,0.3333333333333333,1.0,1.0,0.5020344128402935,,3.1505962200810784,8.72704143031635,0.3610153847901201,0.46997900911234974,0.6005703139358629,0.7825545121504042,,,,,,,checkerboard,4
fullKTA,70,10,0.3333333333333333,1.0,1.0,0.5023892336441373,,3.1624078505067748,8.792947557295012,0.35965275919872153,0.4706131209244262,0.6010824851344377,0.7829426617561064,,,,,,,checkerboard,4
fullKTA,71,11,0.36666666666666664,1.0,1.0,0.5030657882278955,,3.428217998719997,8.863502448009577,0.3867791562974266,0.5048260362591723,0.6016518649497484,0.8390666855448542,,,,,,,checkerboard,4
fullKTA,72,10,0.3333333333333333,1.0,1.0,0.5040003357927014,,2.8024723277999315,8.931615240170247,0.3137699343747297,0.5191610153454869,0.6022118543692798,0.8620903283330674,,,,,,,checkerboard,4
fullKTA,73,9,0.3,1.0,1.0,0.5046725005826753,,2.637826360307151,8.996577950211519,0.29320330184165333,0.47783970449493984,0.6027565180324946,0.7927574238025971,,,,,,,checkerboard,4
fullKTA,74,9,0.3,1.0,1.0,0.5058863401731507,,2.6526114477734226,9.06034900180644,0.29277144260284804,0.47892601270424595,0.6033229397523552,0.7938136958980019,,,,,,,checkerboard,4
fullKTA,75,9,0.3,1.0,1.0,0.5071274206418367,,2.6678744675340686,9.115745223386241,0.29266663362425155,0.48015815615582674,0.6038408344621573,0.7951733779382237,,,,,,,checkerboard,4
fullKTA,76,9,0.3,1.0,1.0,0.5082457559211572,,2.6849455190064657,9.165784712111948,0.2929313313926306,0.4815669903218485,0.6043023844258646,0.7968973855691233,,,,,,,checkerboard,4
fullKTA,77,9,0.3,1.0,1.0,0.508734209755676,,2.7031391584289297,9.219606680382665,0.2931946288068132,0.48293584944402296,0.6047445149263337,0.7985783044646438,,,,,,,checkerboard,4
fullKTA,78,9,0.3,1.0,1.0,0.5082350332277423,,2.720184702290671,9.281648480249357,0.2930712909511398,0.48401736197573314,0.6051996482355667,0.7997647773042966,,,,,,,checkerboard,4
fullKTA,79,9,0.3,1.0,1.0,0.5073812265567189,,2.735474320839016,9.341970656489494,0.29281555481118,0.4848907933789991,0.6056467018086235,0.8006165836467424,,,,,,,checkerboard,4
fullKTA,80,9,0.3,1.0,1.0,0.5069006986575844,,2.7516714469692816,9.391572526222134,0.29299368548313526,0.48595104970125874,0.6060837398145582,0.8017886270464293,,,,,,,checkerboard,4
fullKTA,81,9,0.3,1.0,1.0,0.5069183646752474,,2.7697252688244665,9.430852843539402,0.29368767753517605,0.4873176591750876,0.6065014867549877,0.8034896364427273,,,,,,,checkerboard,4
fullKTA,82,9,0.3,1.0,1.0,0.5074633889152922,,2.7865026948918152,9.46678543810889,0.2943451832810336,0.488635052477828,0.6068917001642206,0.8051437386029376,,,,,,,checkerboard,4
fullKTA,83,9,0.3,1.0,1.0,0.5081305979863929,,2.799418377564002,9.505855577239307,0.29449409943040183,0.4895992874895247,0.6072863251594015,0.8062083190830833,,,,,,,checkerboard,4
fullKTA,84,10,0.3333333333333333,1.0,1.0,0.5091094811434683,,3.4516243537227633,9.545128906519725,0.3616110780158241,0.4846677676808697,0.6076804660424543,0.7975700959379735,,,,,,,checkerboard,4
fullKTA,85,10,0.3333333333333333,1.0,1.0,0.5108087441651489,,3.463005968775651,9.577601420920173,0.36157340617404643,0.48531202023393466,0.6080433764649739,0.7981536168942637,,,,,,,checkerboard,4
fullKTA,86,10,0.3333333333333333,1.0,1.0,0.5134720498259373,,3.47851386860468,9.60459019761456,0.3621720236884654,0.4862521580524553,0.6083882384628407,0.7992464798482952,,,,,,,checkerboard,4
fullKTA,87,11,0.36666666666666664,1.0,1.0,0.5163750325416181,,3.750176692215983,9.632078045051225,0.38934243209374914,0.5193837137375643,0.6087312264571847,0.8532233785262747,,,,,,,checkerboard,4
fullKTA,88,11,0.36666666666666664,1.0,1.0,0.5206771774316005,,3.76026753290924,9.663621310425109,0.3891157788658124,0.5199579943206524,0.609058589068165,0.853707678650089,,,,,,,checkerboard,4
fullKTA,89,11,0.36666666666666664,1.0,1.0,0.5242451040154434,,3.773653297249834,9.702374895380826,0.38894119614029005,0.5206090425025022,0.6093725761819351,0.8543361857190548,,,,,,,checkerboard,4
fullKTA,90,12,0.4,1.0,1.0,0.5274791183789022,,4.076817492081195,9.750615514117806,0.41810873232942125,0.5532653112627188,0.609689623337771,0.907454038897857,,,,,,,checkerboard,4
fullKTA,91,12,0.4,1.0,1.0,0.5301518673287521,,4.093394647620779,9.804896826737505,0.4174847242060244,0.5538109987319213,0.6099988173034191,0.9078886432752896,,,,,,,checkerboard,4
fullKTA,92,11,0.36666666666666664,1.0,1.0,0.5325237530879919,,4.303105494784418,9.859811770009092,0.4364287671119311,0.5454913878065357,0.610298679800788,0.8938105320745777,,,,,,,checkerboard,4
fullKTA,93,11,0.36666666666666664,1.0,1.0,0.5346335283006564,,4.304954788266783,9.911669138335041,0.4343319705430053,0.5455550321326799,0.6105983038311185,0.8934761669338405,,,,,,,checkerboard,4
fullKTA,94,10,0.3333333333333333,1.0,1.0,0.5366980381225488,,4.033671996677576,9.960925350551221,0.404949525739982,0.5184639681287441,0.6109018589718284,0.8486861849077861,,,,,,,checkerboard,4
fullKTA,95,10,0.3333333333333333,1.0,1.0,0.5384827259981843,,4.047875152491277,10.011660150059235,0.4043160766325948,0.5190273299918642,0.6112118712739258,0.8491774363366951,,,,,,,checkerboard,4
fullKTA,96,11,0.36666666666666664,1.0,1.0,0.5404069450279795,,4.435697095671076,10.06800126508712,0.44057375231057205,0.5152575125894153,0.6115337050203448,0.8425660078507314,,,,,,,checkerboard,4
fullKTA,97,11,0.36666666666666664,1.0,1.0,0.5436260670246211,,4.4533709074195755,10.12968636652478,0.439635616171939,0.5156396999151409,0.6118578900134548,0.8427442192819112,,,,,,,checkerboard,4
fullKTA,98,11,0.36666666666666664,1.0,1.0,0.5464041937052312,,4.473590245212751,10.193959945763323,0.4388471476217758,0.5160426466442324,0.612172128485693,0.8429698487522628,,,,,,,checkerboard,4
fullKTA,99,11,0.36666666666666664,1.0,1.0,0.5487575224822765,,4.494407543861405,10.259432910904847,0.4380756307729689,0.5164430487786429,0.6124722623962476,0.8432105099319611,,,,,,,checkerboard,4
fullKTA,100,11,0.36666666666666664,1.0,1.0,0.5510226284533336,,4.510774420467973,10.326134039452228,0.43683089946250336,0.516700711309101,0.612752943037724,0.8432447646244369,,,,,,,checkerboard,4
randomKTA,1,28,0.9333333333333333,0.43333333333333335,0.8333333333333334,0.2045050508760373,,0.9781942853589535,1.033322401310456,0.946649645864394,0.057493571260901793,0.07204921894636228,0.7979763281529227,,,,,,,checkerboard,4
randomKTA,2,28,0.9333333333333333,0.4666666666666667,0.8666666666666667,0.21168960680890433,,0.9996197603600566,1.0721276112594877,0.9323701299815521,0.07171251646319866,0.08799152321897218,0.8149934648049952,,,,,,,checkerboard,4
randomKTA,3,28,0.9333333333333333,0.5333333333333333,0.9,0.21483789412608814,,1.0183473580526103,1.0998411654804077,0.9259040213458536,0.08011743831814216,0.09689608067353464,0.826838791399546,,,,,,,checkerboard,4
randomKTA,4,28,0.9333333333333333,0.5666666666666667,0.9,0.21430693521089306,,1.019253553717335,1.107462663849828,0.9203502627186635,0.08421338909651019,0.10094536332571723,0.834247222840308,,,,,,,checkerboard,4
randomKTA,5,28,0.9333333333333333,0.5666666666666667,0.9,0.214925427293026,,1.0262148371993918,1.1212688775812243,0.9152263632979776,0.0893670691232484,0.1061358497701703,0.8420064401666906,,,,,,,checkerboard,4
randomKTA,6,28,0.9333333333333333,0.5666666666666667,0.9,0.2163908459140879,,1.0404370481680356,1.1419384992759967,0.91111478309609,0.09647986770073998,0.11267744951362639,0.8562482380598043,,,,,,,checkerboard,4
randomKTA,7,27,0.9,0.5666666666666667,0.9,0.2141837356209599,,1.0213521524420492,1.1624236107466492,0.8786402331402656,0.10100374251283913,0.11809881263049211,0.8552477385470008,,,,,,,checkerboard,4
randomKTA,8,27,0.9,0.5666666666666667,0.9,0.2149956578205024,,1.028281836089385,1.1828293457861856,0.8693408222121745,0.10406816481945048,0.1229081371902723,0.8467150110140599,,,,,,,checkerboard,4
randomKTA,9,26,0.8666666666666667,0.5666666666666667,0.9,0.21608231791052016,,0.9947942773397698,1.2052764440384527,0.8253660661648968,0.10194075108544548,0.12755356867969364,0.799199521116608,,,,,,,checkerboard,4
randomKTA,10,26,0.8666666666666667,0.5666666666666667,0.9,0.21589635792412315,,1.0074299509838722,1.2231745137294576,0.8236191480395202,0.10503711132148855,0.130935381886257,0.8022057119176026,,,,,,,checkerboard,4
randomKTA,11,24,0.8,0.5666666666666667,0.9,0.21639722241765452,,0.8941240369297137,1.2394440163558575,0.7213912246608983,0.09258521441556031,0.13411036005568136,0.6903658621756231,,,,,,,checkerboard,4
randomKTA,12,24,0.8,0.5666666666666667,0.9,0.2163183711388397,,0.8948352345235795,1.2549899466596932,0.7130218348234494,0.09546408116090829,0.1369222161265379,0.6972139641894409,,,,,,,checkerboard,4
randomKTA,13,25,0.8333333333333334,0.5666666666666667,0.9,0.21788625179983004,,0.9697333751202165,1.2651313681902001,0.7665080476431407,0.10687135393543461,0.13884167561539787,0.7697354082249982,,,,,,,checkerboard,4
randomKTA,14,25,0.8333333333333334,0.5666666666666667,0.9,0.21959070414639045,,0.9785992687107751,1.2846241029378558,0.7617786918341336,0.10994800883502703,0.14220805969288192,0.773148926967713,,,,,,,checkerboard,4
randomKTA,15,25,0.8333333333333334,0.5666666666666667,0.9,0.22047607157103455,,0.9949035980096169,1.3111789158329303,0.7587855371375636,0.11389905847467574,0.1467027516562339,0.7763934698643836,,,,,,,checkerboard,4
randomKTA,16,24,0.8,0.5666666666666667,0.9,0.22218141503595593,,0.9422379552281172,1.348983665602464,0.6984798846600268,0.11117387472321091,0.15277873299612615,0.7276789934713094,,,,,,,checkerboard,4
randomKTA,17,24,0.8,0.5666666666666667,0.9,0.22463303915050806,,0.9794447772102175,1.4118549106195784,0.6937290579745372,0.11986746014451591,0.16189898412587625,0.7403842631728973,,,,,,,checkerboard,4
randomKTA,18,24,0.8,0.5666666666666667,0.9,0.2269996269123751,,1.010028384382486,1.4721774616302097,0.6860778748748316,0.12707719595956637,0.16934912381524075,0.7503859070636144,,,,,,,checkerboard,4
randomKTA,19,24,0.8,0.5666666666666667,0.9,0.2293536583746071,,1.0424668027821313,1.5199367978040412,0.6858619412462872,0.1331990829528043,0.1753171965326873,0.7597605112969835,,,,,,,checkerboard,4
randomKTA,20,24,0.8,0.5666666666666667,0.9,0.23110348565496544,,1.0624158715516878,1.5534022141325485,0.683928387521045,0.13638539966347524,0.17931257600839454,0.7606014180568695,,,,,,,checkerboard,4
randomKTA,21,24,0.8,0.5666666666666667,0.9,0.23267485540112404,,1.0788754489231613,1.5827154848708591,0.6816610181475703,0.1389914147878887,0.1827550665717504,0.7605338517784224,,,,,,,checkerboard,4
randomKTA,22,24,0.8,0.5666666666666667,0.9,0.23385730474837044,,1.0881369310156142,1.6006645137662812,0.679803245208019,0.14022168858772885,0.18500498852261701,0.7579346353398095,,,,,,,checkerboard,4
randomKTA,23,24,0.8,0.5666666666666667,0.9,0.23523879004448686,,1.0986816949129432,1.6222569503406374,0.6772550394156236,0.14185531040808008,0.1875716866238016,0.7562725104506914,,,,,,,checkerboard,4
randomKTA,24,24,0.8,0.5666666666666667,0.9,0.23755918513262791,,1.1126357076994489,1.6514330686621432,0.6737395106986939,0.14421038585184034,0.19043448980189062,0.757270313408751,,,,,,,checkerboard,4
randomKTA,25,24,0.8,0.5666666666666667,0.9,0.24026484262677478,,1.14559671773458,1.6955867033913163,0.6756344074742545,0.1497749134292408,0.19520094596966941,0.7672857967388357,,,,,,,checkerboard,4
randomKTA,26,24,0.8,0.5666666666666667,0.9,0.2423587462026142,,1.1913442256342937,1.749766495167618,0.6808589768156942,0.15735275251902955,0.20087091878923458,0.7833525798017479,,,,,,,checkerboard,4
randomKTA,27,24,0.8,0.5666666666666667,0.9,0.24407496324195063,,1.2313899683299179,1.7901934754899917,0.6878530086945436,0.16348657612014258,0.20467647983868853,0.7987560474418726,,,,,,,checkerboard,4
randomKTA,28,25,0.8333333333333334,0.5666666666666667,0.9,0.24442264015983073,,1.30223373953752,1.7887838146370207,0.7279995093923459,0.16777442057244837,0.20433603071251483,0.821071153752551,,,,,,,checkerboard,4
randomKTA,29,25,0.8333333333333334,0.6333333333333333,0.9333333333333333,0.2434824745336756,,1.3210169410320542,1.794420359462203,0.7361803124850589,0.17060640088828927,0.20468531430103293,0.8335058203248816,,,,,,,checkerboard,4
randomKTA,30,25,0.8333333333333334,0.6333333333333333,0.9333333333333333,0.24177986511050809,,1.3197292121973536,1.7700664265987254,0.7455817433127205,0.17081566730953515,0.20253242055767776,0.8433991296546514,,,,,,,checkerboard,4
randomKTA,31,25,0.8333333333333334,0.6333333333333333,0.9333333333333333,0.2423564127691178,,1.338501289954924,1.7976703285098692,0.7445755034461637,0.17315963386169797,0.2042486524818517,0.8477883779052351,,,,,,,checkerboard,4
randomKTA,32,24,0.8,0.6333333333333333,0.9333333333333333,0.24331213159479215,,1.3074265758816568,1.8532574567276217,0.7054748767177174,0.1764713270334526,0.206832694438701,0.8532080840847558,,,,,,,checkerboard,4
randomKTA,33,24,0.8,0.6333333333333333,0.9333333333333333,0.24292583025973954,,1.3092309209011002,1.8802984892709034,0.696288875570566,0.1764644515570289,0.206577751580603,0.8542277671308316,,,,,,,checkerboard,4
randomKTA,34,23,0.7666666666666667,0.6666666666666666,0.9666666666666667,0.24384875235263526,,1.2581883750118639,1.9166706136864011,0.6564447568412919,0.17696694973942367,0.20800105916955,0.8507983101667332,,,,,,,checkerboard,4
randomKTA,35,23,0.7666666666666667,0.6666666666666666,0.9666666666666667,0.2444636770221517,,1.2564276715380356,1.9332043837650557,0.6499197301767233,0.17699515645427286,0.2087593627317514,0.8478429616444136,,,,,,,checkerboard,4
randomKTA,36,24,0.8,0.6666666666666666,0.9666666666666667,0.24537340173877364,,1.4001132469401683,1.9353346901361312,0.7234476052146513,0.18565680392580777,0.20907646002677158,0.88798520796285,,,,,,,checkerboard,4
randomKTA,37,24,0.8,0.7666666666666667,0.9666666666666667,0.246871792250821,,1.424525413836564,1.9763536101329933,0.7207846847147085,0.1884436098924772,0.21215766640781905,0.888224371027064,,,,,,,checkerboard,4
randomKTA,38,24,0.8,0.8,0.9666666666666667,0.25022479533643627,,1.4917797690897467,2.0760625504964865,0.7185620532777947,0.19507768761039398,0.21893012323626104,0.8910500055342707,,,,,,,checkerboard,4
randomKTA,39,23,0.7666666666666667,0.8,0.9666666666666667,0.25299197868482115,,1.4114193240642245,2.1945281395930296,0.6431538965190274,0.19399164895722032,0.22602662145815106,0.8582690287538146,,,,,,,checkerboard,4
randomKTA,40,23,0.7666666666666667,0.8,0.9666666666666667,0.25614331741907564,,1.4856561474132661,2.3163294694276995,0.6413837784985709,0.20090811918692741,0.23273844163848942,0.8632356463599282,,,,,,,checkerboard,4
randomKTA,41,23,0.7666666666666667,0.8,0.9666666666666667,0.2591797138024823,,1.5624163008531036,2.4197264684875086,0.6456995537041625,0.20780081142513146,0.2388931386562903,0.8698483870527648,,,,,,,checkerboard,4
randomKTA,42,23,0.7666666666666667,0.8,0.9666666666666667,0.26308447829418674,,1.6545160417520457,2.5684721874002823,0.6441635030365163,0.21514802357385826,0.2457417751708567,0.8755044734934546,,,,,,,checkerboard,4
randomKTA,43,23,0.7666666666666667,0.8,1.0,0.2673378717146286,,1.7600680666879627,2.715927684662207,0.6480540982600077,0.2229975250598177,0.2523206616016447,0.8837862248613632,,,,,,,checkerboard,4
randomKTA,44,23,0.7666666666666667,0.8,1.0,0.2715775717423682,,1.8799343169914544,2.879064481596016,0.6529670762649997,0.2310429884490274,0.25883143977748735,0.8926388098694151,,,,,,,checkerboard,4
randomKTA,45,23,0.7666666666666667,0.8,1.0,0.2755815845451829,,1.9976432206946337,3.034430863053001,0.6583255018105546,0.23850935336471296,0.265026673619273,0.8999447112910293,,,,,,,checkerboard,4
randomKTA,46,23,0.7666666666666667,0.8,1.0,0.2809876253919633,,2.139564398985925,3.23601539314456,0.6611725035215952,0.2468718321630345,0.27277228492803013,0.9050473442991684,,,,,,,checkerboard,4
randomKTA,47,23,0.7666666666666667,0.8,1.0,0.28453643007912405,,2.273522362459167,3.440731498847421,0.6607671546456549,0.254179747466905,0.2800998325469114,0.9074612614543017,,,,,,,checkerboard,4
randomKTA,48,23,0.7666666666666667,0.8,1.0,0.2855642828942177,,2.3512071897577607,3.5317854326732556,0.6657276424382123,0.2588645674135643,0.28459458787880637,0.9095906188941365,,,,,,,checkerboard,4
randomKTA,49,23,0.7666666666666667,0.8333333333333334,1.0,0.28733803834484667,,2.377085121951419,3.596583877077057,0.6609285931118566,0.26218134678558896,0.2885698187473891,0.9085542896786593,,,,,,,checkerboard,4
randomKTA,50,23,0.7666666666666667,0.8333333333333334,1.0,0.2930853590877458,,2.5726352120431613,3.7619065189523724,0.6838647369396118,0.27079655638576733,0.29469838506318513,0.9188939268731232,,,,,,,checkerboard,4
randomKTA,51,23,0.7666666666666667,0.8333333333333334,1.0,0.3017902306925184,,2.683593939197839,3.8692676637577246,0.6935663728474786,0.2761880288414104,0.2987232123158294,0.9245616589612411,,,,,,,checkerboard,4
randomKTA,52,23,0.7666666666666667,0.8333333333333334,1.0,0.3061989520962401,,2.7228765932736274,3.8738688508647567,0.702883008699563,0.27884340233186156,0.30055939332119985,0.9277480871845326,,,,,,,checkerboard,4
randomKTA,53,23,0.7666666666666667,0.8666666666666667,1.0,0.3067757411172204,,2.7181280883761736,3.787553125205427,0.7176475150185477,0.2807176335675395,0.301368683900161,0.9314757918489948,,,,,,,checkerboard,4
randomKTA,54,22,0.7333333333333333,0.8666666666666667,1.0,0.30875144426130047,,2.5909035230372113,3.7284914611601208,0.6948932430065327,0.2795941766097714,0.30240553968647554,0.9245669798482828,,,,,,,checkerboard,4
randomKTA,55,22,0.7333333333333333,0.9,1.0,0.3114421360102039,,2.570851739992024,3.611044013827965,0.7119414025628402,0.28031945462847074,0.30196191118115945,0.9283271967617889,,,,,,,checkerboard,4
randomKTA,56,22,0.7333333333333333,0.9,1.0,0.3143102048098332,,2.619838811499519,3.6225599910363755,0.7232009457151022,0.283954363788276,0.30469028217985594,0.931944273586861,,,,,,,checkerboard,4
randomKTA,57,22,0.7333333333333333,0.9,1.0,0.32140969316529955,,2.8099065711427036,3.9835444117602092,0.7053784972942104,0.29263143599389074,0.31564962655646833,0.927076768927628,,,,,,,checkerboard,4
randomKTA,58,23,0.7666666666666667,0.9333333333333333,1.0,0.32960075827215934,,3.1154367354578847,4.224089629490076,0.7375403953633011,0.30118027523684365,0.323383833582475,0.9313399244705823,,,,,,,checkerboard,4
randomKTA,59,23,0.7666666666666667,0.9333333333333333,1.0,0.33350235208235524,,3.153410911789474,4.310799232765402,0.7315142138255861,0.3047477109912892,0.3273172805008151,0.9310468131468715,,,,,,,checkerboard,4
randomKTA,60,23,0.7666666666666667,0.9666666666666667,1.0,0.3328707300981193,,3.069383796755407,4.1616944926155295,0.7375322244648037,0.30557199041407535,0.3273248544484484,0.933543500189188,,,,,,,checkerboard,4
randomKTA,61,23,0.7666666666666667,1.0,1.0,0.3271359127012986,,2.819044124162054,3.7568803591165025,0.7503683520946527,0.29845872345691365,0.31854547114399645,0.936942290503647,,,,,,,checkerboard,4
randomKTA,62,24,0.8,1.0,1.0,0.33477244174624143,,2.975053388093276,3.7918962330339565,0.7845819624748619,0.30334947592929706,0.32093576734163665,0.9452030801909989,,,,,,,checkerboard,4
randomKTA,63,23,0.7666666666666667,1.0,1.0,0.335308681087981,,3.1179378523839225,3.829124030452688,0.8142692238501048,0.30978822979707393,0.32365668207932463,0.957150730555389,,,,,,,checkerboard,4
randomKTA,64,22,0.7333333333333333,1.0,1.0,0.3479483466862918,,3.1606986652964397,4.310067657788789,0.7333292458904583,0.3189768582955036,0.3399336010416206,0.9383504814595066,,,,,,,checkerboard,4
randomKTA,65,21,0.7,0.9666666666666667,1.0,0.35767847417429893,,3.332195534464631,4.815287459206306,0.6920034499756883,0.33208193215045273,0.35383025493390813,0.9385345866441771,,,,,,,checkerboard,4
randomKTA,66,20,0.6666666666666666,0.9666666666666667,1.0,0.36363435470623334,,3.4749353207601095,5.176924679516307,0.6712354410799846,0.338617185000973,0.36268866914686504,0.9336304486823994,,,,,,,checkerboard,4
randomKTA,67,20,0.6666666666666666,0.9666666666666667,1.0,0.36220005931078203,,3.4531857899325096,5.204453738893184,0.6635059053480102,0.3406617222767106,0.36617190639158803,0.9303327651230844,,,,,,,checkerboard,4
randomKTA,68,20,0.6666666666666666,0.9666666666666667,1.0,0.3585260656324242,,3.4094686557380176,5.129286751832431,0.6647061902814302,0.3422360403293243,0.36798259649213383,0.9300332230348747,,,,,,,checkerboard,4
randomKTA,69,20,0.6666666666666666,0.9666666666666667,1.0,0.3540077990571446,,3.2225055147801944,4.8369564857647225,0.6662258641766743,0.3462755136836644,0.36509408815939537,0.9484555483616579,,,,,,,checkerboard,4
randomKTA,70,20,0.6666666666666666,0.9666666666666667,1.0,0.353009556726791,,3.1914727450244387,4.706168146298881,0.678146773711544,0.34678253318167834,0.364178508638487,0.9522322840601762,,,,,,,checkerboard,4
randomKTA,71,20,0.6666666666666666,1.0,1.0,0.3530179823652413,,3.2420740178909675,4.649089893098482,0.6973567068759096,0.3506506818109852,0.3650574230287289,0.9605356845115747,,,,,,,checkerboard,4
randomKTA,72,20,0.6666666666666666,1.0,1.0,0.3542515983396127,,3.3646890508398606,4.641847017425052,0.7248599615921534,0.34771106584318984,0.3666357864151324,0.9483827783102633,,,,,,,checkerboard,4
randomKTA,73,20,0.6666666666666666,1.0,1.0,0.36481310245021104,,3.4861036304248425,4.767484937425925,0.7312248860997865,0.3524805415193718,0.37089158542137185,0.9503600385645871,,,,,,,checkerboard,4
randomKTA,74,19,0.6333333333333333,1.0,1.0,0.37607027316595715,,3.4788969663157174,5.450174769970694,0.6383092493510245,0.3555289884177523,0.38527600886673197,0.922790363644085,,,,,,,checkerboard,4
randomKTA,75,19,0.6333333333333333,1.0,1.0,0.3904327164279049,,3.967179297476237,6.4798468468648664,0.6122334973602729,0.3716328253306424,0.4040186285219508,0.9198408167421098,,,,,,,checkerboard,4
randomKTA,76,21,0.7,1.0,1.0,0.3970754924668471,,4.833793699674174,6.833005970874635,0.707418333923203,0.3864527154010874,0.41212049668332223,0.9377177753046094,,,,,,,checkerboard,4
randomKTA,77,19,0.6333333333333333,1.0,1.0,0.39493897317275006,,4.375463867609697,7.100203715172532,0.6162448350880522,0.3840020212084472,0.4179492213070221,0.9187767354027075,,,,,,,checkerboard,4
randomKTA,78,20,0.6666666666666666,1.0,1.0,0.3894120385610713,,4.7988107790807275,7.490269058801445,0.6406726836304785,0.38998156572547793,0.4213954537471384,0.9254527123278936,,,,,,,checkerboard,4
randomKTA,79,20,0.6666666666666666,1.0,1.0,0.3823969742029638,,4.828377462903326,7.770922099193266,0.6213390639114048,0.38782394020345373,0.42065707774934036,0.9219479728862522,,,,,,,checkerboard,4
randomKTA,80,17,0.5666666666666667,1.0,1.0,0.37877714084828396,,3.639360273532544,7.957738114195637,0.45733601951472047,0.36483715733660327,0.41839862833429176,0.8719845920668448,,,,,,,checkerboard,4
randomKTA,81,18,0.6,1.0,1.0,0.37260201698753864,,3.760006068608651,7.598081032342427,0.4948625912982643,0.3612335532790939,0.4109602665798608,0.878998731915112,,,,,,,checkerboard,4
randomKTA,82,19,0.6333333333333333,1.0,1.0,0.3703832125015608,,3.9341562371079517,7.097177167918139,0.554326902650304,0.3635069116345512,0.40432658655896236,0.8990428124904846,,,,,,,checkerboard,4
randomKTA,83,19,0.6333333333333333,1.0,1.0,0.37401578074574304,,3.8268111178131363,6.801943395831999,0.5626055518341738,0.3608774144399055,0.4009299213203011,0.9001009781497252,,,,,,,checkerboard,4
randomKTA,84,19,0.6333333333333333,1.0,1.0,0.38048594873318753,,3.8061330031878087,6.616695579985326,0.5752316933913901,0.364995037186158,0.40483288383141325,0.9015943409577257,,,,,,,checkerboard,4
randomKTA,85,19,0.6333333333333333,1.0,1.0,0.38571706058185473,,3.803250302501405,6.50488697170505,0.584675847403085,0.3685174156880089,0.4082203699593788,0.902741368918962,,,,,,,checkerboard,4
randomKTA,86,19,0.6333333333333333,1.0,1.0,0.39133615641443115,,3.8258448466312225,6.5016937814968845,0.5884381785959096,0.37183770902795266,0.4114749127574637,0.9036704241474827,,,,,,,checkerboard,4
randomKTA,87,19,0.6333333333333333,1.0,1.0,0.39133887987146776,,3.904780456223732,6.616289020203069,0.5901768263510453,0.3744517568906996,0.41345922615926967,0.9056558255538613,,,,,,,checkerboard,4
randomKTA,88,19,0.6333333333333333,1.0,1.0,0.39219339256416363,,4.075046567361825,6.880390852883901,0.5922696332861019,0.38041274159566035,0.41855232416637517,0.9088773841178289,,,,,,,checkerboard,4
randomKTA,89,18,0.6,1.0,1.0,0.40089895502368134,,3.9856013173324847,7.262431639769806,0.5487970854626777,0.3908500808194681,0.4309296735611447,0.906992729228499,,,,,,,checkerboard,4
randomKTA,90,18,0.6,1.0,1.0,0.4061374813835724,,4.2680307145647385,7.606766894735473,0.5610834108065634,0.40528597975106473,0.44642841547820944,0.9078409115740147,,,,,,,checkerboard,4
randomKTA,91,18,0.6,1.0,1.0,0.4076081627920913,,4.235456058722268,7.62749436737164,0.555287995594579,0.412684895067836,0.45767610828937916,0.90169639075137,,,,,,,checkerboard,4
randomKTA,92,18,0.6,1.0,1.0,0.4081800512936502,,4.22553146395023,7.543506078302027,0.5601548431237352,0.4159106752331112,0.4620089661344738,0.9002220857809775,,,,,,,checkerboard,4
randomKTA,93,18,0.6,1.0,1.0,0.4094602454891184,,4.3744901811012245,7.8064404435139165,0.5603693786813925,0.42108039657993457,0.46732173085953477,0.9010503229014099,,,,,,,checkerboard,4
randomKTA,94,17,0.5666666666666667,1.0,1.0,0.41110119961410907,,4.154461307816399,7.976138722302982,0.5208612152328238,0.422200694140328,0.4683142423582168,0.9015328936488558,,,,,,,checkerboard,4
randomKTA,95,18,0.6,1.0,1.0,0.4124511103402271,,3.912309342800542,7.7032353614348095,0.5078787235732396,0.4121934767936876,0.46185344455648847,0.8924767836261646,,,,,,,checkerboard,4
randomKTA,96,18,0.6,1.0,1.0,0.41292885734011964,,3.7518448507700617,7.311668386123165,0.5131311559259697,0.40519510988090596,0.4550636628668713,0.8904141175306372,,,,,,,checkerboard,4
randomKTA,97,18,0.6,1.0,1.0,0.41115478547671697,,3.4867389778278866,6.903245953238983,0.5050868825181305,0.39554052584828603,0.4492690597987345,0.8804090046562323,,,,,,,checkerboard,4
randomKTA,98,18,0.6,1.0,1.0,0.406982187526081,,3.3126436143281097,6.648008401357041,0.4982911293556848,0.3900839707726156,0.4480234194556978,0.8706776336814258,,,,,,,checkerboard,4
randomKTA,99,16,0.5333333333333333,1.0,1.0,0.398315573857983,,2.7315350109836576,6.345511248852509,0.4304672868454166,0.354779669147745,0.44811088132702853,0.7917229503955221,,,,,,,checkerboard,4
randomKTA,100,16,0.5333333333333333,1.0,1.0,0.393875143127991,,2.6766484928753043,6.233674123485628,0.42938537366718943,0.35335187379020927,0.44920458979590955,0.7866167927449017,,,,,,,checkerboard,4
quackKTA,1,30,1.0,0.43333333333333335,0.8333333333333334,0.1946669322509812,0.999999999666555,0.9556877862293659,0.9556877862293659,0.9999999998953633,0.03856576865211141,0.03856576865211141,0.9999999974070269,,,,,,,checkerboard,4
quackKTA,2,30,1.0,0.43333333333333335,0.8333333333333334,0.1946669322509812,0.9999999996714811,0.9556877862293659,0.9556877862293659,0.9999999998953633,0.03856576865211141,0.03856576865211141,0.9999999974070269,,,,,,,checkerboard,4
quackKTA,3,29,0.9666666666666667,0.3,0.6,0.1922725710220414,1.0210257917609935,0.9238728974414054,0.9342902598752995,0.9888499720267132,0.024361184742340024,0.029080776337850917,0.8377075073770047,0.914913041014455,0.22396774364691632,0.3409588932991028,0.3726680874824524,0.20943580567836761,0.9351159334182739,checkerboard,4
quackKTA,4,29,0.9666666666666667,0.3,0.6,0.1922725710220414,1.0286362929568507,0.9238728974414054,0.9342902598752995,0.9888499720267132,0.024361184742340024,0.029080776337850917,0.8377075073770047,0.8903305248402968,0.21717148724889745,0.32964104413986206,0.37024569511413574,0.20943580567836761,0.9643798470497131,checkerboard,4
quackKTA,5,29,0.9666666666666667,0.4,0.7333333333333333,0.19651712688261094,1.0286362929568507,0.9414840617916902,0.955131234695,0.9857117299632244,0.030843117250499135,0.036659606809717984,0.8413379152279733,0.8249023912565349,0.19980620031846152,0.32128942012786865,0.3894878029823303,0.19246460497379303,0.9632564187049866,checkerboard,4
quackKTA,6,29,0.9666666666666667,0.4,0.7333333333333333,0.19651712688261094,1.0270965406803358,0.9414840617916902,0.955131234695,0.9857117299632244,0.030843117250499135,0.036659606809717984,0.8413379152279733,0.7761564795819842,0.2051800521287354,0.2940962314605713,0.3789135813713074,0.19246460497379303,0.9380278587341309,checkerboard,4
quackKTA,7,29,0.9666666666666667,0.4666666666666667,0.7666666666666667,0.19732517313563216,1.0270965406803358,0.953116836548781,0.9673017819480793,0.9853355532238716,0.03527760759242927,0.04134769982874656,0.8531939540342576,0.7412751198850778,0.1877830803973544,0.2893219590187073,0.3903030753135681,0.17551898956298828,0.9346901178359985,checkerboard,4
quackKTA,8,29,0.9666666666666667,0.4666666666666667,0.7666666666666667,0.19732517313563216,1.018848176777561,0.953116836548781,0.9673017819480793,0.9853355532238716,0.03527760759242927,0.04134769982874656,0.8531939540342576,0.7136004125697671,0.19480744147022272,0.2722124457359314,0.3814634084701538,0.17551898956298828,0.9009870886802673,checkerboard,4
quackKTA,9,29,0.9666666666666667,0.4666666666666667,0.7333333333333333,0.19835899716960098,1.018848176777561,0.9519907960710641,0.9653638491427371,0.9861471369762155,0.037147266304376404,0.04281281971363322,0.8676668919748965,0.6894574471899148,0.14006120693537608,0.2593573033809662,0.3761759400367737,0.12408909201622009,0.8859633207321167,checkerboard,4
quackKTA,10,29,0.9666666666666667,0.4666666666666667,0.7333333333333333,0.19835899716960098,1.0097210093199431,0.9519907960710641,0.9653638491427371,0.9861471369762155,0.037147266304376404,0.04281281971363322,0.8676668919748965,0.6686583433635733,0.15934351101626093,0.2416509985923767,0.36139681935310364,0.12408909201622009,0.7787520885467529,checkerboard,4
quackKTA,11,29,0.9666666666666667,0.4666666666666667,0.7333333333333333,0.19865448749118012,1.0097210093199431,0.9520099367289818,0.9669990991723177,0.9844993004082263,0.040285448254890735,0.046255908504703895,0.8709254551491826,0.6429098163005658,0.10783602868936121,0.22537115216255188,0.3505486249923706,0.08091451972723007,0.7503477334976196,checkerboard,4
quackKTA,12,29,0.9666666666666667,0.4666666666666667,0.7333333333333333,0.19865448749118012,1.0096887376229384,0.9520099367289818,0.9669990991723177,0.9844993004082263,0.040285448254890735,0.046255908504703895,0.8709254551491826,0.6431096372089778,0.10779889901607434,0.22538483142852783,0.3504609763622284,0.08091451972723007,0.7506061792373657,checkerboard,4
quackKTA,13,29,0.9666666666666667,0.4666666666666667,0.7333333333333333,0.20014131933759524,1.0096887376229384,0.9543823003855344,0.9714546828447216,0.9824259609234303,0.043795901639297564,0.05020585301357827,0.8723266098122108,0.6227220799717808,0.06877125072270653,0.21249407529830933,0.3412342071533203,0.050122860819101334,0.7288345098495483,checkerboard,4
quackKTA,14,29,0.9666666666666667,0.4666666666666667,0.7333333333333333,0.20014131933759524,1.00968821473062,0.9543823003855344,0.9714546828447216,0.9824259609234303,0.043795901639297564,0.05020585301357827,0.8723266098122108,0.622724649255004,0.06877138007875835,0.21249428391456604,0.34123313426971436,0.050122860819101334,0.7288331389427185,checkerboard,4
quackKTA,15,29,0.9666666666666667,0.4666666666666667,0.8,0.20074385246822507,1.00968821473062,0.9577243452759264,0.9773647404853406,0.9799047433431539,0.04706982841716428,0.054057753668725395,0.8707322286927152,0.60371473271618,0.04283096770567224,0.20045852661132812,0.33204180002212524,0.030584417283535004,0.7140725255012512,checkerboard,4
quackKTA,16,29,0.9666666666666667,0.4666666666666667,0.8,0.20074385246822507,1.00965057402867,0.9577243452759264,0.9773647404853406,0.9799047433431539,0.04706982841716428,0.054057753668725395,0.8707322286927152,0.6038692326525787,0.04285842466044157,0.20049235224723816,0.3320128619670868,0.030584417283535004,0.7136150598526001,checkerboard,4
quackKTA,17,28,0.9333333333333333,0.43333333333333335,0.8,0.20060227004431955,0.9887518990640068,0.9490659910934364,0.9839361577662525,0.9645605393256051,0.04593872020589198,0.057726532790832986,0.7957990529721746,0.6059730602000769,0.04279790251804634,0.19990316033363342,0.32988786697387695,0.015097606927156448,0.35276511311531067,checkerboard,4
quackKTA,18,28,0.9333333333333333,0.43333333333333335,0.8,0.20060227004431955,0.9887770961330019,0.9490659910934364,0.9839361577662525,0.9645605393256051,0.04593872020589198,0.057726532790832986,0.7957990529721746,0.6059295752108443,0.04278481784915138,0.19988316297531128,0.3298785388469696,0.015097606927156448,0.3528729975223541,checkerboard,4
quackKTA,19,27,0.9,0.43333333333333335,0.8,0.20086275616469473,0.9979731622784671,0.9432641508566632,0.9932235258046547,0.9496997667242254,0.04813294803107406,0.06225290037647288,0.773184022955924,0.649721056783124,0.0667870705465244,0.19785039126873016,0.30451589822769165,0.028863659128546715,0.43217435479164124,checkerboard,4
quackKTA,20,27,0.9,0.43333333333333335,0.8,0.20086275616469473,0.9979406951516854,0.9432641508566632,0.9932235258046547,0.9496997667242254,0.04813294803107406,0.06225290037647288,0.773184022955924,0.649856870393826,0.06671228621246902,0.19787472486495972,0.30448970198631287,0.028863659128546715,0.4326588213443756,checkerboard,4
quackKTA,21,27,0.9,0.43333333333333335,0.8333333333333334,0.20207649252656373,0.9979406951516854,0.9493687065023,1.0049245321876688,0.9447164199893715,0.052560434578368925,0.06761525787302565,0.7773457671245938,0.631944240887212,0.05214647812373862,0.18588155508041382,0.29414233565330505,0.02183370292186737,0.4186994731426239,checkerboard,4
quackKTA,22,27,0.9,0.43333333333333335,0.8333333333333334,0.20207649252656373,0.9979381651843393,0.9493687065023,1.0049245321876688,0.9447164199893715,0.052560434578368925,0.06761525787302565,0.7773457671245938,0.6319521592681346,0.052142647932371215,0.18588414788246155,0.2941427528858185,0.02183370292186737,0.418730229139328,checkerboard,4
quackKTA,23,26,0.8666666666666667,0.4666666666666667,0.8333333333333334,0.20302756372412206,1.0182320398527847,0.9139315066298822,1.0207006391203584,0.8953962322664659,0.04649757418142625,0.07421579239434026,0.6265185969006823,0.6346290861089223,0.03353776881947177,0.17400598526000977,0.27418532967567444,0.017107494175434113,0.5100963711738586,checkerboard,4
quackKTA,24,26,0.8666666666666667,0.4666666666666667,0.8333333333333334,0.20302756372412206,1.0181089245493211,0.9139315066298822,1.0207006391203584,0.8953962322664659,0.04649757418142625,0.07421579239434026,0.6265185969006823,0.6345156789794876,0.035841404801463146,0.17404143512248993,0.27429020404815674,0.018300261348485947,0.5105899572372437,checkerboard,4
quackKTA,25,26,0.8666666666666667,0.4666666666666667,0.8333333333333334,0.2038771997434783,1.0181089245493211,0.9237794455352571,1.0429282302836775,0.8857555281588385,0.05341910958278774,0.08261984144732175,0.6465651420087891,0.6153376932078986,0.023126798696173866,0.1605558842420578,0.26092320680618286,0.011493107303977013,0.4969605803489685,checkerboard,4
quackKTA,26,26,0.8666666666666667,0.4666666666666667,0.8333333333333334,0.2038771997434783,1.0178331449980407,0.9237794455352571,1.0429282302836775,0.8857555281588385,0.05341910958278774,0.08261984144732175,0.6465651420087891,0.6150342965499146,0.026942234672641254,0.16069968044757843,0.2612857222557068,0.013397999107837677,0.4972861111164093,checkerboard,4
quackKTA,27,26,0.8666666666666667,0.4666666666666667,0.8333333333333334,0.20637882888244766,1.0178331449980407,0.9408325838049362,1.0757778774272624,0.8745602632836197,0.06279551509004284,0.09354389566237135,0.6712946320897484,0.591387056223718,0.015520355485193617,0.1473979949951172,0.2492411583662033,0.007532873190939426,0.4853544235229492,checkerboard,4
quackKTA,28,26,0.8666666666666667,0.4666666666666667,0.8333333333333334,0.20637882888244766,1.0172235035197177,0.9408325838049362,1.0757778774272624,0.8745602632836197,0.06279551509004284,0.09354389566237135,0.6712946320897484,0.5907602439962577,0.020945905849792782,0.14773543179035187,0.2500768005847931,0.010125873610377312,0.4834297299385071,checkerboard,4
quackKTA,29,26,0.8666666666666667,0.4666666666666667,0.8333333333333334,0.21129235886476175,1.0172235035197177,0.9732007127343969,1.1299513053067578,0.8612766834089951,0.07663975472410897,0.10901904773816273,0.7029941670182226,0.5558132369474454,0.011037421882714515,0.13334418833255768,0.23990826308727264,0.005193144083023071,0.4705033600330353,checkerboard,4
quackKTA,30,26,0.8666666666666667,0.4666666666666667,0.8333333333333334,0.21129235886476175,1.0164989251056769,0.9732007127343969,1.1299513053067578,0.8612766834089951,0.07663975472410897,0.10901904773816273,0.7029941670182226,0.5551273167472265,0.013916985816107029,0.1336289346218109,0.24071763455867767,0.006479618139564991,0.46559062600135803,checkerboard,4
quackKTA,31,26,0.8666666666666667,0.5666666666666667,0.9,0.21731990033893783,1.0164989251056769,1.0379301284436928,1.2258413532898695,0.846708365298219,0.09793711392904478,0.13196963089611705,0.7421185706878758,0.5069581744590868,0.010320508586463014,0.11884532868862152,0.234428271651268,0.004628865979611874,0.44851142168045044,checkerboard,4
quackKTA,32,26,0.8666666666666667,0.5666666666666667,0.9,0.21731990033893783,1.016483092417591,1.0379301284436928,1.2258413532898695,0.846708365298219,0.09793711392904478,0.13196963089611705,0.7421185706878758,0.5069138631930045,0.010304651694208744,0.118842713534832,0.23444360494613647,0.004620630294084549,0.44840237498283386,checkerboard,4
quackKTA,33,25,0.8333333333333334,0.6666666666666666,0.9666666666666667,0.22772109399674118,0.9922134550912581,1.0766161253620525,1.3757668862799837,0.7825570858119154,0.11438957640035671,0.16215614024282762,0.705428583577016,0.48089129802832953,0.023462893267819484,0.11207255721092224,0.23305174708366394,0.009333673864603043,0.39780575037002563,checkerboard,4
quackKTA,34,25,0.8333333333333334,0.6666666666666666,0.9666666666666667,0.22772109399674118,0.9928612579795256,1.0766161253620525,1.3757668862799837,0.7825570858119154,0.11438957640035671,0.16215614024282762,0.705428583577016,0.47566085822718523,0.02124776542468025,0.11158592998981476,0.23459136486053467,0.008623257279396057,0.40584301948547363,checkerboard,4
quackKTA,35,24,0.8,0.7333333333333333,1.0,0.2430140422481318,1.0181414415356933,1.2067653592378855,1.588727521935501,0.7595798162366824,0.14960243499425144,0.19840027053781423,0.7540435026288611,0.4388761263895925,0.14714060882497806,0.10623762756586075,0.24206745624542236,0.05954824015498161,0.40470296144485474,checkerboard,4
quackKTA,36,24,0.8,0.7333333333333333,1.0,0.2430140422481318,1.0263490189602376,1.2067653592378855,1.588727521935501,0.7595798162366824,0.14960243499425144,0.19840027053781423,0.7540435026288611,0.388229103231731,0.10256046544143066,0.09964213520288467,0.25665807723999023,0.04604034498333931,0.44890928268432617,checkerboard,4
quackKTA,37,21,0.7,0.7666666666666667,1.0,0.2549468791101597,1.027762048121025,1.2357479443985522,1.9618033402331705,0.6299040882398981,0.17686489858115467,0.2481161393791845,0.7128310917315098,0.36178123438083537,0.15272388526076852,0.09717807918787003,0.26861006021499634,0.05900285765528679,0.3863368034362793,checkerboard,4
quackKTA,38,21,0.7,0.7666666666666667,1.0,0.2549468791101597,1.0283205476466064,1.2357479443985522,1.9618033402331705,0.6299040882398981,0.17686489858115467,0.2481161393791845,0.7128310917315098,0.37024585305041796,0.15673374185701264,0.09692678600549698,0.26179033517837524,0.05937798693776131,0.3788462281227112,checkerboard,4
quackKTA,39,23,0.7666666666666667,0.8333333333333334,1.0,0.30177951121818,1.0653983628918084,1.9026240401846175,2.5549409268735594,0.7446841608343406,0.2685364704028876,0.3100968871394081,0.8659760270201162,0.32832547713874743,0.12515489093916013,0.09396576881408691,0.2861970067024231,0.04345088452100754,0.3471768796443939,checkerboard,4
quackKTA,40,23,0.7666666666666667,0.8333333333333334,1.0,0.30177951121818,1.0561677814055908,1.9026240401846175,2.5549409268735594,0.7446841608343406,0.2685364704028876,0.3100968871394081,0.8659760270201162,0.33900545166319024,0.1640905741580771,0.09224393963813782,0.27210164070129395,0.05264384672045708,0.3208218812942505,checkerboard,4
quackKTA,41,20,0.6666666666666666,0.8333333333333334,1.0,0.3140380965938881,1.0241122238315776,1.7869056154243568,3.018817920007262,0.5919222896890933,0.2687481867284843,0.3453227584216031,0.7782521716177928,0.2559349764500953,0.11889927305683784,0.06909719109535217,0.26997947692871094,0.038999784737825394,0.32800692319869995,checkerboard,4
quackKTA,42,20,0.6666666666666666,0.8333333333333334,1.0,0.3140380965938881,1.0252192886421136,1.7869056154243568,3.018817920007262,0.5919222896890933,0.2687481867284843,0.3453227584216031,0.7782521716177928,0.2523162515582585,0.1208650326969697,0.06779250502586365,0.2686806917190552,0.038597866892814636,0.3193468451499939,checkerboard,4
quackKTA,43,20,0.6666666666666666,0.8333333333333334,1.0,0.33284604193222617,1.0252192886421136,2.148811426833653,3.81867857581461,0.5627107346469956,0.3008625263129134,0.38336475894296584,0.7847944267594873,0.1899228544740443,0.07395404199328852,0.05617847293615341,0.295796275138855,0.024943627417087555,0.33728551864624023,checkerboard,4
quackKTA,44,20,0.6666666666666666,0.8333333333333334,1.0,0.33284604193222617,1.0212691427105522,2.148811426833653,3.81867857581461,0.5627107346469956,0.3008625263129134,0.38336475894296584,0.7847944267594873,0.22949151682142963,0.09367633352518118,0.06812531501054764,0.29685330390930176,0.037301771342754364,0.3981984555721283,checkerboard,4
quackKTA,45,18,0.6,0.8333333333333334,1.0,0.3466616415403818,1.0336676640542533,2.040822183126387,4.193307664917516,0.4866855347037509,0.29984917078830337,0.40001455404081704,0.7495956526690465,0.2345646033577712,0.09931452805578073,0.0660400539636612,0.28154313564300537,0.04036422073841095,0.40642815828323364,checkerboard,4
quackKTA,46,18,0.6,0.8333333333333334,1.0,0.3466616415403818,1.0593382738995318,2.040822183126387,4.193307664917516,0.4866855347037509,0.29984917078830337,0.40001455404081704,0.7495956526690465,0.17891959886063505,0.02539697442869459,0.062488920986652374,0.3492569923400879,0.014219939708709717,0.5599068403244019,checkerboard,4
quackKTA,47,18,0.6,0.8333333333333334,1.0,0.35495173170972605,1.0593382738995318,2.116822736509024,4.300557395167884,0.4922205523493929,0.30781808329698657,0.40864948076674856,0.7532570031512145,0.1666598872390175,0.022492751136168432,0.06087023764848709,0.3652362823486328,0.013035119511187077,0.579525351524353,checkerboard,4
quackKTA,48,18,0.6,0.8333333333333334,1.0,0.35495173170972605,1.0696235418668694,2.116822736509024,4.300557395167884,0.4922205523493929,0.30781808329698657,0.40864948076674856,0.7532570031512145,0.1870104454162251,0.026976263807919412,0.06806807219982147,0.3639800548553467,0.015362720936536789,0.5694903135299683,checkerboard,4
quackKTA,49,18,0.6,0.8333333333333334,1.0,0.36035608279398285,1.0696235418668694,2.2180456305435743,4.4644588635792966,0.49682295173297114,0.3169005535416668,0.41609028718536006,0.7616148783697331,0.17601320360844816,0.030449744646461684,0.06616051495075226,0.3758838176727295,0.01741962507367134,0.5720778703689575,checkerboard,4
quackKTA,50,18,0.6,0.8333333333333334,1.0,0.36035608279398285,1.0712774102297455,2.2180456305435743,4.4644588635792966,0.49682295173297114,0.3169005535416668,0.41609028718536006,0.7616148783697331,0.1699146072609015,0.02934895329579535,0.06230165436863899,0.36666449904441833,0.015996471047401428,0.5450440049171448,checkerboard,4
quackKTA,51,19,0.6333333333333333,0.8333333333333334,1.0,0.3657000020667118,1.0369269949540252,2.30465183761527,4.5671138173217285,0.5046188752344942,0.3264743515036384,0.4216739840112213,0.774234038155712,0.16087928493531042,0.024152854520331262,0.06037924066185951,0.37530773878097534,0.013634510338306427,0.5645092725753784,checkerboard,4
quackKTA,52,19,0.6333333333333333,0.8333333333333334,1.0,0.3657000020667118,1.0338100229301548,2.30465183761527,4.5671138173217285,0.5046188752344942,0.3264743515036384,0.4216739840112213,0.774234038155712,0.149654516205326,0.017208281750856168,0.05838941037654877,0.3901613652706146,0.010434983298182487,0.6063930988311768,checkerboard,4
quackKTA,53,19,0.6333333333333333,0.8333333333333334,1.0,0.36966225427083954,1.0338100229301548,2.3423215090914224,4.614747615800431,0.5075730471198019,0.3306223290507056,0.42613346594180074,0.775865674483951,0.1432815315751143,0.017927828042731426,0.057271867990493774,0.3997156322002411,0.010992499068379402,0.6131528615951538,checkerboard,4
quackKTA,54,19,0.6333333333333333,0.8333333333333334,1.0,0.36966225427083954,1.0364840489174527,2.3423215090914224,4.614747615800431,0.5075730471198019,0.3306223290507056,0.42613346594180074,0.775865674483951,0.13702684258278075,0.013090492717479014,0.05441039055585861,0.39707833528518677,0.007925780490040779,0.6054608225822449,checkerboard,4
quackKTA,55,18,0.6,0.8333333333333334,1.0,0.37218946197289554,1.0323526799639067,2.142055763831348,4.689499495389715,0.4567770539034161,0.32578809475230525,0.43078480091384064,0.7562664559788822,0.13697579241432842,0.013135526420413686,0.054578639566898346,0.3984546363353729,0.00790921226143837,0.6021237373352051,checkerboard,4
quackKTA,56,18,0.6,0.8333333333333334,1.0,0.37218946197289554,1.0333855632703604,2.142055763831348,4.689499495389715,0.4567770539034161,0.32578809475230525,0.43078480091384064,0.7562664559788822,0.13895620518538088,0.02540720623317779,0.053946830332279205,0.38822901248931885,0.014552908018231392,0.5727866291999817,checkerboard,4
quackKTA,57,18,0.6,0.8333333333333334,1.0,0.3780668548737261,1.0333855632703604,2.205062393344085,4.780372624651037,0.4612741655173639,0.3316587352682255,0.43523621731106615,0.7620200755374749,0.1338136920102191,0.022629320079868433,0.052837662398815155,0.3948599100112915,0.012984020635485649,0.5737698078155518,checkerboard,4
quackKTA,58,18,0.6,0.8333333333333334,1.0,0.3780668548737261,1.0328258787911382,2.205062393344085,4.780372624651037,0.4612741655173639,0.3316587352682255,0.43523621731106615,0.7620200755374749,0.13167198730355562,0.013016583093974129,0.05310923233628273,0.4033449590206146,0.007772791665047407,0.5971453189849854,checkerboard,4
quackKTA,59,17,0.5666666666666667,0.8333333333333334,1.0,0.3803060777765408,0.9957391693257507,2.142763415194774,4.847885551843504,0.4419995877039106,0.3268928528078458,0.4383037755895454,0.7458134539077915,0.13422561620820514,0.011997924600208992,0.05506611615419388,0.4102504253387451,0.006923778913915157,0.5770813822746277,checkerboard,4
quackKTA,60,17,0.5666666666666667,0.8333333333333334,1.0,0.3803060777765408,0.9963616351620244,2.142763415194774,4.847885551843504,0.4419995877039106,0.3268928528078458,0.4383037755895454,0.7458134539077915,0.14163622228560763,0.023805637999843043,0.05659550428390503,0.3995835483074188,0.013191817328333855,0.5541467666625977,checkerboard,4
quackKTA,61,16,0.5333333333333333,0.8333333333333334,1.0,0.38195868969432994,0.9954115799611456,2.0187941274724523,4.8913902838818295,0.41272399262098053,0.33427678694987123,0.43998807195417794,0.7597405661231427,0.14551251262600864,0.022614382810454584,0.05780085548758507,0.3972225785255432,0.012306764721870422,0.5442007780075073,checkerboard,4
quackKTA,62,16,0.5333333333333333,0.8333333333333334,1.0,0.38195868969432994,0.9957147739284959,2.0187941274724523,4.8913902838818295,0.41272399262098053,0.33427678694987123,0.43998807195417794,0.7597405661231427,0.13329668019570662,0.01447880191120486,0.053848881274461746,0.4039776623249054,0.008138779550790787,0.5621169209480286,checkerboard,4
quackKTA,63,15,0.5,0.8333333333333334,1.0,0.38244557257460304,1.034041830394405,1.9386454986381634,4.9089019609612965,0.3949244686522587,0.32511365263266795,0.4406029322184235,0.737883542721655,0.1331715184993157,0.0178012633594807,0.054379068315029144,0.4083385765552521,0.009680472314357758,0.5438081622123718,checkerboard,4
quackKTA,64,15,0.5,0.8333333333333334,1.0,0.38244557257460304,1.0328711389126388,1.9386454986381634,4.9089019609612965,0.3949244686522587,0.32511365263266795,0.4406029322184235,0.737883542721655,0.14425962617901775,0.020458932243394644,0.05839371681213379,0.40478211641311646,0.010967951267957687,0.5360959768295288,checkerboard,4
quackKTA,65,15,0.5,0.8333333333333334,1.0,0.3820660356079745,1.0328711389126388,1.9409131764341252,4.895875309423938,0.39643844128515077,0.3255583154739477,0.4403032555190794,0.7393956581497519,0.1414193481065266,0.019362756224551633,0.05724664032459259,0.4048006236553192,0.010318398475646973,0.5328992605209351,checkerboard,4
quackKTA,66,15,0.5,0.8333333333333334,1.0,0.3820660356079745,1.0351830353663394,1.9409131764341252,4.895875309423938,0.39643844128515077,0.3255583154739477,0.4403032555190794,0.7393956581497519,0.13275394659102302,0.02114017020552503,0.05349435657262802,0.4029586911201477,0.011166644282639027,0.5282192230224609,checkerboard,4
quackKTA,67,16,0.5333333333333333,0.8333333333333334,1.0,0.38372246943734784,1.0420442661009863,2.0499991779680222,4.856430543611587,0.42212055943484883,0.33715645593856974,0.4393703880474964,0.7673627195499267,0.12319229913149732,0.020837353130782093,0.04919964075088501,0.3993726968765259,0.011222736909985542,0.5385874509811401,checkerboard,4
quackKTA,68,16,0.5333333333333333,0.8333333333333334,1.0,0.38372246943734784,1.0372285777011103,2.0499991779680222,4.856430543611587,0.42212055943484883,0.33715645593856974,0.4393703880474964,0.7673627195499267,0.1304287558904798,0.017832612624796473,0.05306345969438553,0.40683865547180176,0.010039613582193851,0.562991738319397,checkerboard,4
quackKTA,69,16,0.5333333333333333,0.8333333333333334,1.0,0.38576696390420734,1.0372285777011103,2.05600268504664,4.793655373768265,0.42890081257291934,0.3378602273828798,0.4379535924550988,0.771452119873577,0.12731807093051928,0.01809208301703329,0.05208224803209305,0.4090719223022461,0.010126924142241478,0.5597434043884277,checkerboard,4
quackKTA,70,16,0.5333333333333333,0.8333333333333334,1.0,0.38576696390420734,1.0395452027073444,2.05600268504664,4.793655373768265,0.42890081257291934,0.3378602273828798,0.4379535924550988,0.771452119873577,0.1330158692482564,0.029354126329955346,0.052493687719106674,0.39464229345321655,0.015036413446068764,0.5122418999671936,checkerboard,4
quackKTA,71,17,0.5666666666666667,0.8333333333333334,1.0,0.38873012398606427,1.0391691769292137,2.2946496380619683,4.712757294246414,0.4869017211675019,0.3390144876510031,0.43618361663764305,0.7772288427213315,0.11912911215143583,0.0314201219704733,0.048098862171173096,0.4037540555000305,0.01604624278843403,0.5106995701789856,checkerboard,4
quackKTA,72,17,0.5666666666666667,0.8333333333333334,1.0,0.38873012398606427,1.0409361126106553,2.2946496380619683,4.712757294246414,0.4869017211675019,0.3390144876510031,0.43618361663764305,0.7772288427213315,0.1100985605639055,0.02145779543278055,0.04632709547877312,0.42077839374542236,0.012233525514602661,0.5701203346252441,checkerboard,4
quackKTA,73,18,0.6,0.8333333333333334,1.0,0.3927720445880178,1.065080271960269,2.522820245073814,4.623434090063047,0.5456593942674428,0.3479021908356075,0.43429758252115674,0.8010686790745667,0.10300667507771194,0.022661215403338913,0.043980106711387634,0.4269636571407318,0.013040399178862572,0.5754501223564148,checkerboard,4
quackKTA,74,18,0.6,0.8333333333333334,1.0,0.3927720445880178,1.0549444014689122,2.522820245073814,4.623434090063047,0.5456593942674428,0.3479021908356075,0.43429758252115674,0.8010686790745667,0.10522138912949015,0.02549759292970271,0.0436435230076313,0.41477805376052856,0.013534752652049065,0.5308247208595276,checkerboard,4
quackKTA,75,19,0.6333333333333333,0.8333333333333334,1.0,0.40067544951027634,1.0864927043217152,2.6272519947439252,4.537204383959343,0.5790464286718725,0.3540017870564978,0.43261679284623134,0.818280272121789,0.0973078241100519,0.026067454557933245,0.04033380001783371,0.4144969880580902,0.014182159677147865,0.5440561771392822,checkerboard,4
quackKTA,76,19,0.6333333333333333,0.8333333333333334,1.0,0.40067544951027634,1.0936876746472446,2.6272519947439252,4.537204383959343,0.5790464286718725,0.3540017870564978,0.43261679284623134,0.818280272121789,0.09051469924452744,0.02272761839795882,0.038073115050792694,0.42062908411026,0.012903491035103798,0.5677449703216553,checkerboard,4
quackKTA,77,20,0.6666666666666666,0.8333333333333334,1.0,0.407444439554426,1.10236851542841,2.8700459159795813,4.4651344585342345,0.6427680829252008,0.36509028134978677,0.43148110474862544,0.8461327211022827,0.08535277605321188,0.024478070453758344,0.03670709207653999,0.43006324768066406,0.013913354836404324,0.5684008002281189,checkerboard,4
quackKTA,78,20,0.6666666666666666,0.8333333333333334,1.0,0.407444439554426,1.1001999718834596,2.8700459159795813,4.4651344585342345,0.6427680829252008,0.36509028134978677,0.43148110474862544,0.8461327211022827,0.09209085217986736,0.022214156833198957,0.04005021974444389,0.4348990023136139,0.013024682179093361,0.5863234996795654,checkerboard,4
quackKTA,79,20,0.6666666666666666,0.8333333333333334,1.0,0.4116430623093545,1.1001999718834596,2.8601059112390113,4.411883515716446,0.6482732150533062,0.3650866628584246,0.43100892086701975,0.8470512908162302,0.09064235621122782,0.022664244172149933,0.03975477069616318,0.43858933448791504,0.013304384425282478,0.5870208740234375,checkerboard,4
quackKTA,80,20,0.6666666666666666,0.8333333333333334,1.0,0.4116430623093545,1.0957959144860185,2.8601059112390113,4.411883515716446,0.6482732150533062,0.3650866628584246,0.43100892086701975,0.8470512908162302,0.0888144844841162,0.025632112580811186,0.03823092207312584,0.4304581880569458,0.014263346791267395,0.5564639568328857,checkerboard,4
quackKTA,81,19,0.6333333333333333,0.8333333333333334,1.0,0.4144863811243407,1.0987126662346791,2.6553574927462287,4.3747736098802195,0.6069702639442947,0.36118795341544757,0.43104756067759986,0.8379306282672678,0.09259961155508623,0.022811281417811944,0.0396123006939888,0.427780419588089,0.012679382227361202,0.5558382272720337,checkerboard,4
quackKTA,82,19,0.6333333333333333,0.8333333333333334,1.0,0.4144863811243407,1.100009567612286,2.6553574927462287,4.3747736098802195,0.6069702639442947,0.36118795341544757,0.43104756067759986,0.8379306282672678,0.09413772611512414,0.020940050496270735,0.04078185185790062,0.4332147538661957,0.012044791132211685,0.575203537940979,checkerboard,4
quackKTA,83,19,0.6333333333333333,0.8333333333333334,1.0,0.41645477254204927,1.100009567612286,2.6622783534829058,4.349067127393182,0.6121492898219423,0.3623308824676751,0.43138614384610396,0.8399223933185568,0.09350302848228441,0.02125598585297798,0.04079198092222214,0.4362637400627136,0.012261754833161831,0.5768612623214722,checkerboard,4
quackKTA,84,19,0.6333333333333333,0.8333333333333334,1.0,0.41645477254204927,1.1002654353714496,2.6622783534829058,4.349067127393182,0.6121492898219423,0.3623308824676751,0.43138614384610396,0.8399223933185568,0.09256419120068922,0.02134942546194466,0.040318433195352554,0.43557268381118774,0.012263793498277664,0.5744320154190063,checkerboard,4
quackKTA,85,20,0.6666666666666666,0.8333333333333334,1.0,0.41823174223322596,1.0663458054401986,2.6025053597022163,4.331653465117756,0.6008110714764635,0.3633124483436689,0.43190722292167627,0.841181691294464,0.08999721164365033,0.01845228124263774,0.038981374353170395,0.4331398010253906,0.011281914077699184,0.6114102602005005,checkerboard,4
quackKTA,86,20,0.6666666666666666,0.8333333333333334,1.0,0.41823174223322596,1.0659462372977513,2.6025053597022163,4.331653465117756,0.6008110714764635,0.3633124483436689,0.43190722292167627,0.841181691294464,0.09077142165699893,0.018425566684465745,0.03935491293668747,0.4335606098175049,0.011282547377049923,0.6123310923576355,checkerboard,4
quackKTA,87,20,0.6666666666666666,0.8333333333333334,1.0,0.41961064834360506,1.0659462372977513,2.611824525385504,4.321187826623832,0.604422818474358,0.36462440916354516,0.4325779711412812,0.842910257582596,0.09067999327793935,0.018844750508648207,0.03953741118311882,0.43601030111312866,0.011569995433092117,0.6139638423919678,checkerboard,4
quackKTA,88,20,0.6666666666666666,0.8333333333333334,1.0,0.41961064834360506,1.0664314196236118,2.611824525385504,4.321187826623832,0.604422818474358,0.36462440916354516,0.4325779711412812,0.842910257582596,0.09085884908125284,0.01877981452841215,0.03970257192850113,0.4369697868824005,0.011592725291848183,0.6172971129417419,checkerboard,4
quackKTA,89,20,0.6666666666666666,0.8333333333333334,1.0,0.42070048652253095,1.0664314196236118,2.6230868750686267,4.316790744939608,0.6076474469101372,0.3660391821509817,0.4333827957206047,0.8446093976986125,0.0909324584646244,0.019196369278426512,0.039943333715200424,0.4392637610435486,0.011880500242114067,0.6188930869102478,checkerboard,4
quackKTA,90,20,0.6666666666666666,0.8333333333333334,1.0,0.42070048652253095,1.0671260397765157,2.6230868750686267,4.316790744939608,0.6076474469101372,0.3660391821509817,0.4333827957206047,0.8446093976986125,0.0904609320448357,0.019161357437288147,0.03977872431278229,0.43973374366760254,0.011897236108779907,0.6208973526954651,checkerboard,4
quackKTA,91,20,0.6666666666666666,0.8333333333333334,1.0,0.42122591202263404,1.0671260397765157,2.6357275008191325,4.317272841689249,0.6105075118965108,0.36751683257934836,0.43428875617777757,0.8462499368606243,0.09065052720175458,0.01956251472604167,0.04005541652441025,0.44186633825302124,0.01217636652290821,0.622433602809906,checkerboard,4
quackKTA,92,20,0.6666666666666666,0.8333333333333334,1.0,0.42122591202263404,1.0675447829620797,2.6357275008191325,4.317272841689249,0.6105075118965108,0.36751683257934836,0.43428875617777757,0.8462499368606243,0.09082905632610253,0.01956095877128084,0.040207259356975555,0.4426695704460144,0.012228069826960564,0.625126302242279,checkerboard,4
quackKTA,93,20,0.6666666666666666,0.8333333333333334,1.0,0.4212489887088093,1.0675447829620797,2.6490510372864895,4.321211717276738,0.6130343085560822,0.3690072906951636,0.43525031650583224,0.8478047611148343,0.09112051355037697,0.01994961480224062,0.04051511734724045,0.44463223218917847,0.012500512413680553,0.6266041994094849,checkerboard,4
quackKTA,94,20,0.6666666666666666,0.8333333333333334,1.0,0.4212489887088093,1.0680653516137966,2.6490510372864895,4.321211717276738,0.6130343085560822,0.3690072906951636,0.43525031650583224,0.8478047611148343,0.09089404184296385,0.01994503196325109,0.040459468960762024,0.44512784481048584,0.012534547597169876,0.6284546256065369,checkerboard,4
quackKTA,95,20,0.6666666666666666,0.8333333333333334,1.0,0.4211140546983822,1.0680653516137966,2.6624246182468236,4.327259082375301,0.6152681333616498,0.3704644692039675,0.4362221567490675,0.8492564244785664,0.09126674009835342,0.020320148981790624,0.040787748992443085,0.44690704345703125,0.012798694893717766,0.6298524141311646,checkerboard,4
quackKTA,96,20,0.6666666666666666,0.8333333333333334,1.0,0.4211140546983822,1.0686499917157795,2.6624246182468236,4.327259082375301,0.6152681333616498,0.3704644692039675,0.4362221567490675,0.8492564244785664,0.09105704800304172,0.020328776811867875,0.0407533198595047,0.44755810499191284,0.012851595878601074,0.6321873664855957,checkerboard,4
quackKTA,97,19,0.6333333333333333,0.8333333333333334,1.0,0.4212784778644597,1.101500210368466,2.663549596953989,4.334331612033964,0.614523722526763,0.3654708198542495,0.4371686806989382,0.8359949738081447,0.0955497370337201,0.021427499935021306,0.04318973049521446,0.4520130753517151,0.012892910279333591,0.6016992330551147,checkerboard,4
quackKTA,98,19,0.6333333333333333,0.8333333333333334,1.0,0.4212784778644597,1.1020293990790366,2.663549596953989,4.334331612033964,0.614523722526763,0.3654708198542495,0.4371686806989382,0.8359949738081447,0.0954689664125681,0.02145722752822798,0.04320865124464035,0.45259368419647217,0.012962395325303078,0.6041039228439331,checkerboard,4
quackKTA,99,19,0.6333333333333333,0.8333333333333334,0.9666666666666667,0.4215500507206993,1.1020293990790366,2.6750578881696523,4.3416454975585435,0.6161391780172553,0.36666362255238444,0.43806719172003994,0.8370031570476786,0.09593171173386965,0.021849939433285896,0.0435553640127182,0.45402467250823975,0.01322612538933754,0.6053163409233093,checkerboard,4
quackKTA,100,19,0.6333333333333333,0.8333333333333334,0.9666666666666667,0.4215500507206993,1.1025437817738006,2.6750578881696523,4.3416454975585435,0.6161391780172553,0.36666362255238444,0.43806719172003994,0.8370031570476786,0.09579985699276591,0.02188429674219402,0.04354485124349594,0.45453983545303345,0.013293284922838211,0.607434868812561,checkerboard,4
centroidBasedKTA,1,28,0.9333333333333333,0.5333333333333333,0.9,0.20469117509361445,0.9865114486707718,0.9575510892975989,1.0576145410470943,0.9053875982633843,0.07576863625085002,0.09450252158149249,0.801763115975017,1.4170314502179147,32.48810975252006,0.14432066679000854,0.10184718668460846,0.38652077317237854,0.011897299438714981,checkerboard,4
centroidBasedKTA,2,29,0.9666666666666667,0.5,0.9,0.2023988737463498,1.017890617268877,0.968462494001834,0.9943837525833733,0.9739323388866823,0.061416577929376465,0.06802723297427306,0.9028234010682312,1.9337064745310717,0.31599525951566065,0.21268722414970398,0.10998940467834473,0.013924119994044304,0.04406433179974556,checkerboard,4
centroidBasedKTA,3,30,1.0,0.4666666666666667,0.8333333333333334,0.2001133587942945,0.9999999995030461,0.9596638595245982,0.9596638595245982,0.9999999998957968,0.05071077235436409,0.05071077235436409,0.9999999980280324,,,,,,,checkerboard,4
centroidBasedKTA,4,28,0.9333333333333333,0.5,0.9,0.20237710361734584,0.9821598049992744,0.908813340406831,0.9968977041914663,0.9116415219882162,0.056604598176996056,0.07374973969603148,0.7675226832467006,1.4045174795365205,3.467836220089041,0.17266693711280823,0.12293683737516403,0.3124105930328369,0.09008804708719254,checkerboard,4
centroidBasedKTA,5,27,0.9,0.5,0.9,0.20883236967217553,0.9975005387352393,0.9762536505764018,1.1105598856770906,0.8790643918254701,0.0874878159472945,0.10811981476354884,0.8091746740198115,1.306595863100689,15.893775517576342,0.14794707298278809,0.11323093622922897,0.24165745079517365,0.0152045339345932,checkerboard,4
centroidBasedKTA,6,28,0.9333333333333333,0.43333333333333335,0.8666666666666667,0.20423133007442243,0.9771535995251852,0.9516165469693307,1.0469701043717605,0.9089242786444799,0.07273828248136177,0.08969021985934818,0.8109945824007365,0.8161346324462252,0.3190195701267749,0.16239556670188904,0.19898134469985962,0.038786113262176514,0.12157910317182541,checkerboard,4
centroidBasedKTA,7,29,0.9666666666666667,0.4666666666666667,0.9,0.20334925848360197,0.9648843663542631,0.9882840329144493,1.0381939838906873,0.9519261796486334,0.08252480108964112,0.08878863733738007,0.9294522753302005,1.0396820278170231,1.7551160232124405,0.20487158000469208,0.19705215096473694,0.027991661801934242,0.01594861038029194,checkerboard,4
centroidBasedKTA,8,29,0.9666666666666667,0.4,0.8,0.1966482453703758,1.0224494898239396,0.9621772408595732,0.9876096912267965,0.9742484802543236,0.04804395041845437,0.05584874013951304,0.8602512825251378,1.1866428442995736,0.20756391406391453,0.3142485022544861,0.26482146978378296,0.11445091664791107,0.5514008402824402,checkerboard,4
centroidBasedKTA,9,29,0.9666666666666667,0.3,0.7666666666666667,0.1944778767954579,1.0148979307228674,0.931862906826834,0.9440469857534785,0.9870937790075891,0.042525064152824456,0.04647651620104918,0.9149795969510838,1.0827655147894462,0.11968125904365899,0.2607440948486328,0.24081307649612427,0.02249225042760372,0.18793460726737976,checkerboard,4
centroidBasedKTA,10,30,1.0,0.43333333333333335,0.6666666666666666,0.1917314495956358,0.9999999995030461,0.944671103935426,0.944671103935426,0.999999999894143,0.02487311519016579,0.02487311519016579,0.9999999959795949,,,,,,,checkerboard,4
centroidBasedKTA,11,29,0.9666666666666667,0.4666666666666667,0.7666666666666667,0.19768744237279987,1.0148979307228674,0.9338350939614316,0.950031711459991,0.9829514979326702,0.03726498320611306,0.04344284093336548,0.8577934204968862,1.0681962077788565,0.02773448126996296,0.2940828800201416,0.27530792355537415,0.008108293637633324,0.2923542559146881,checkerboard,4
centroidBasedKTA,12,30,1.0,0.43333333333333335,0.6333333333333333,0.19224205660791924,0.9999999995030461,0.9407023865415455,0.9407023865415455,0.9999999998936965,0.024705539155327087,0.024705539155327087,0.9999999959523247,,,,,,,checkerboard,4
centroidBasedKTA,13,30,1.0,0.43333333333333335,0.6,0.19164424836330696,0.9999999995030461,0.9077485784142476,0.9077485784142476,0.9999999998898373,0.02640081198796173,0.02640081198796173,0.9999999962122377,,,,,,,checkerboard,4
centroidBasedKTA,14,29,0.9666666666666667,0.4666666666666667,0.5666666666666667,0.19057849985012107,1.0224494898239396,0.9415101219804201,0.9517202083769251,0.9892719662716372,0.013328758137240817,0.018290414378879453,0.728729146768761,1.0720070383452711,0.023331096497052353,0.35897815227508545,0.3348654806613922,0.016237540170550346,0.6959612965583801,checkerboard,4
centroidBasedKTA,15,30,1.0,0.4,0.8,0.19969107092483154,0.9999999995030461,0.966952299871848,0.966952299871848,0.9999999998965823,0.05457024625034791,0.05457024625034791,0.9999999981674995,,,,,,,checkerboard,4
centroidBasedKTA,16,30,1.0,0.4,0.7666666666666667,0.1970358949173254,0.9999999995030461,0.9964057845253921,0.9964057845253921,0.9999999998996393,0.04800445397527963,0.04800445397527963,0.9999999979168599,,,,,,,checkerboard,4
centroidBasedKTA,17,29,0.9666666666666667,0.4,0.7666666666666667,0.19718886086189774,1.0224494898239396,0.9406947552270033,0.9658207356925025,0.97398484042188,0.04298922565790576,0.05040779714975884,0.8528288876600618,1.1003807126310676,0.013643526961329625,0.2531512379646301,0.23005786538124084,0.0032881954684853554,0.2410077303647995,checkerboard,4
centroidBasedKTA,18,29,0.9666666666666667,0.4666666666666667,0.8,0.19108251231309775,1.0224494898239396,0.9692025749240524,0.9872325863067456,0.9817368148793412,0.028522046723372017,0.036173733903261715,0.7884739441275329,1.1014910022655702,0.13480556186217232,0.33125919103622437,0.30073708295822144,0.0748816654086113,0.5554790496826172,checkerboard,4
centroidBasedKTA,19,29,0.9666666666666667,0.4,0.6,0.1904876215447669,1.0224494898239396,0.9188469992591927,0.9326985130622124,0.9851489911181934,0.02094026525981017,0.0265028347884028,0.7901141650689331,1.1467845883844368,0.0005915451602042062,0.3147582411766052,0.2744702398777008,0.00019612463074736297,0.3315463364124298,checkerboard,4
centroidBasedKTA,20,30,1.0,0.4666666666666667,0.5333333333333333,0.19035915984424423,0.9999999995030461,0.9670956606129011,0.9670956606129011,0.9999999998965976,0.014836681110129778,0.014836681110129778,0.9999999932599483,,,,,,,checkerboard,4
centroidBasedKTA,21,29,0.9666666666666667,0.36666666666666664,0.6,0.1901626982839498,1.0224494898239396,0.9123032163870984,0.9251311746186427,0.9861339032970696,0.022051826307273172,0.027175394028957224,0.8114629801735039,1.1574915721940517,0.06384163139869298,0.3150114119052887,0.27215006947517395,0.01137250941246748,0.17813625931739807,checkerboard,4
centroidBasedKTA,22,29,0.9666666666666667,0.4,0.7666666666666667,0.1907477182285853,1.017890617268877,0.9608690767716097,0.9735207741631794,0.9870041833456042,0.02017569463194441,0.026486262285446486,0.7617418546389705,1.1337429381521067,1.02892961568562,0.42402416467666626,0.3740037977695465,0.42902451753616333,0.4169619679450989,checkerboard,4
centroidBasedKTA,23,29,0.9666666666666667,0.3333333333333333,0.7,0.19146392415915883,1.017890617268877,0.9427073832000471,0.9570752827431627,0.9849877016984148,0.02680131115162427,0.03304781983648523,0.8109857534667595,1.1847450047796362,3.9828412957894126,0.34996628761291504,0.29539376497268677,0.2688061594963074,0.06749105453491211,checkerboard,4
centroidBasedKTA,24,30,1.0,0.43333333333333335,0.5333333333333333,0.1894358000209564,0.9999999995030461,0.968164301786295,0.968164301786295,0.9999999998967117,0.012843578001528556,0.012843578001528556,0.9999999922140077,,,,,,,checkerboard,4
centroidBasedKTA,25,29,0.9666666666666667,0.4666666666666667,0.8,0.19068708994666278,1.017890617268877,0.9186097228730934,0.9393403572335904,0.9779306464385891,0.032146703346734216,0.0395241206545711,0.8133439209527852,1.2064151600822481,8.549536601326347,0.2953767776489258,0.2448384165763855,0.21427544951438904,0.025062814354896545,checkerboard,4
centroidBasedKTA,26,30,1.0,0.4,0.7666666666666667,0.19811077397281718,0.9999999995030461,1.0045857098267936,1.0045857098267936,0.9999999999004565,0.04466311705182987,0.04466311705182987,0.9999999977610161,,,,,,,checkerboard,4
centroidBasedKTA,27,29,0.9666666666666667,0.4666666666666667,0.8333333333333334,0.19667153613263116,1.017890617268877,0.9516635787994717,0.9710825540679087,0.9800027553938744,0.039740869869264485,0.04653473277839396,0.8540044695886959,1.1246745715599171,6.150234370670358,0.30708375573158264,0.27304232120513916,0.36844033002853394,0.05990671366453171,checkerboard,4
centroidBasedKTA,28,29,0.9666666666666667,0.4666666666666667,0.8333333333333334,0.19206842769919472,1.0224494898239396,0.9747821431242323,0.9926391328388243,0.9820105925486492,0.03111835725704797,0.03864479881146601,0.8052405015313736,1.0914233539926521,0.8961093746780752,0.4366004765033722,0.4000285267829895,0.47757458686828613,0.5329422950744629,checkerboard,4
centroidBasedKTA,29,28,0.9333333333333333,0.5333333333333333,0.9,0.20174612473649975,1.0339595680953289,0.9659930332567094,1.0301937599684141,0.9376809205217461,0.06958698998118591,0.08436179637809783,0.8248637758591618,1.0769738180250186,0.25541575886464557,0.200881227850914,0.18652378022670746,0.04081801697611809,0.15981009602546692,checkerboard,4
centroidBasedKTA,30,28,0.9333333333333333,0.5666666666666667,0.9,0.20481381526652345,1.041780825735725,0.9835370118509458,1.06085126290348,0.9271205551156697,0.06263979970863366,0.0836919663715688,0.7484565406873691,1.0345600134048138,0.37008746690338334,0.24226534366607666,0.23417234420776367,0.10237184166908264,0.2766152620315552,checkerboard,4
centroidBasedKTA,31,29,0.9666666666666667,0.4666666666666667,0.8,0.20479191001441335,1.0224494898239396,0.9881104992919792,1.0302907424989016,0.9590598638200679,0.06987543271804009,0.08070517727186217,0.865811029645319,0.9211996486261247,0.003334004525931103,0.17643138766288757,0.1915235072374344,0.000510277459397912,0.153052419424057,checkerboard,4
centroidBasedKTA,32,28,0.9333333333333333,0.4,0.8,0.21500310658636512,1.041780825735725,1.0191226753946216,1.1190358943224703,0.9107149113573221,0.075960272117341,0.09921964848210342,0.765576911457054,0.7754596603441752,0.13192454492691175,0.17584171891212463,0.22675804793834686,0.052695129066705704,0.39943385124206543,checkerboard,4
centroidBasedKTA,33,29,0.9666666666666667,0.43333333333333335,0.8,0.19923475588899933,1.0224494898239396,0.9781059407329188,1.010079939973976,0.9683450803520408,0.05827567516837213,0.06705895389253626,0.86902153551125,1.0795055621556062,0.005153398596165927,0.23675048351287842,0.2193138152360916,0.0013659411342814565,0.2650563716888428,checkerboard,4
centroidBasedKTA,34,29,0.9666666666666667,0.4,0.8,0.19248115507316021,1.017890617268877,0.9678436154136554,0.9914400451597328,0.9761998418775835,0.03538678147709659,0.04488339435262891,0.7884158920833118,1.0836699848341211,0.39965977069197806,0.307343989610672,0.28361400961875916,0.095313161611557,0.23848575353622437,checkerboard,4
centroidBasedKTA,35,29,0.9666666666666667,0.36666666666666664,0.7666666666666667,0.1956496692809593,1.017890617268877,0.9520524454811329,0.9778861262944641,0.9735821173692464,0.03999941234500679,0.04949040321140642,0.8082256289834645,1.1609332332001947,0.6346426772695578,0.28387027978897095,0.24451903998851776,0.04196504130959511,0.06612388789653778,checkerboard,4
centroidBasedKTA,36,28,0.9333333333333333,0.36666666666666664,0.6666666666666666,0.19467194289078205,1.041780825735725,0.9569478856709493,0.9968151809993469,0.9600053287867972,0.03391307190610403,0.04775662870544843,0.7101228196877032,1.0903456746686282,0.28470119598028026,0.3123818337917328,0.28649798035621643,0.11148164421319962,0.3915742039680481,checkerboard,4
centroidBasedKTA,37,28,0.9333333333333333,0.43333333333333335,0.8333333333333334,0.19747773009210123,1.041780825735725,0.954175081190401,1.0061655312987545,0.9483281343020394,0.04161411653337325,0.05762923115687518,0.7221008440644204,1.0367913656676377,0.07861260215244116,0.2636948823928833,0.25433745980262756,0.029385946691036224,0.37380707263946533,checkerboard,4
centroidBasedKTA,38,29,0.9666666666666667,0.36666666666666664,0.7666666666666667,0.19279317317906527,1.017890617268877,0.9674376341906094,0.9887717932229863,0.9784235763232295,0.03143869741405881,0.04033061656828283,0.7795243418329161,1.0624762877218072,0.43689272470689955,0.324078232049942,0.30502161383628845,0.19671057164669037,0.4502491354942322,checkerboard,4
centroidBasedKTA,39,30,1.0,0.36666666666666664,0.8,0.19519281298657867,0.9999999995030461,0.9625222023445686,0.9625222023445686,0.9999999998961063,0.03661380277049143,0.03661380277049143,0.9999999972687895,,,,,,,checkerboard,4
centroidBasedKTA,40,29,0.9666666666666667,0.36666666666666664,0.7666666666666667,0.1905821185660543,0.9874064432756267,0.9714237193761899,0.9764457686111244,0.9948568067005262,0.018503650363434192,0.023845260570742273,0.7759885965993173,1.0483263948014085,4.974226122463795,0.3863828778266907,0.3685711622238159,0.7502167224884033,0.150820791721344,checkerboard,4
centroidBasedKTA,41,30,1.0,0.36666666666666664,0.7,0.19094708158880272,0.9999999995030461,0.9579262682954884,0.9579262682954884,0.9999999998956078,0.02321604577166001,0.02321604577166001,0.9999999956926342,,,,,,,checkerboard,4
centroidBasedKTA,42,28,0.9333333333333333,0.36666666666666664,0.6,0.1889822365046136,1.0054862418106865,0.9476255544665187,0.9614336148168023,0.9856380510978093,0.00836937306793359,0.017905585247118057,0.46741689286804905,1.0042908045120815,1.6534248266120484,0.37880757451057434,0.37718912959098816,0.4646858274936676,0.2810444235801697,checkerboard,4
centroidBasedKTA,43,30,1.0,0.3333333333333333,0.8,0.19426593471099313,0.9999999995030461,0.9779467412040812,0.9779467412040812,0.9999999998977449,0.03964901037967318,0.03964901037967318,0.9999999974778689,,,,,,,checkerboard,4
centroidBasedKTA,44,29,0.9666666666666667,0.36666666666666664,0.6333333333333333,0.19062142393569526,1.017890617268877,0.9597060064907401,0.9755595008662643,0.9837493310660992,0.020152400302965987,0.02787716793079702,0.7228998397793788,1.097202201845971,0.26567615451202914,0.36688482761383057,0.33438214659690857,0.14976052939891815,0.5636957883834839,checkerboard,4
centroidBasedKTA,45,29,0.9666666666666667,0.43333333333333335,0.7,0.19105317969675475,1.017890617268877,0.9544325572101051,0.965703264884858,0.9883290155647039,0.02243998175522277,0.028119700209377964,0.7980163909406602,1.186332504402882,0.1686179629000145,0.3517920970916748,0.29653751850128174,0.06919018924236298,0.41033700108528137,checkerboard,4
centroidBasedKTA,46,29,0.9666666666666667,0.3333333333333333,0.6,0.19121097245984325,1.017890617268877,0.9461291901005204,0.9564453055171444,0.9892141082652213,0.0189995175432083,0.024282703707121798,0.78243006603062,1.1600575910674749,0.15577926527730107,0.3598466217517853,0.31019720435142517,0.060424283146858215,0.3878839910030365,checkerboard,4
centroidBasedKTA,47,29,0.9666666666666667,0.36666666666666664,0.6333333333333333,0.1912630094692612,1.017890617268877,0.9433281981263395,0.9542382574930866,0.9885667343769406,0.018924247501592415,0.024384952753610578,0.7760625011333733,1.2235553467759073,0.16789895421517206,0.36656489968299866,0.29958996176719666,0.05361395329236984,0.31932273507118225,checkerboard,4
centroidBasedKTA,48,29,0.9666666666666667,0.26666666666666666,0.5666666666666667,0.19087655653023375,1.017890617268877,0.945834618563901,0.9553983068472267,0.989989841604509,0.012946472209184302,0.018296837128666466,0.7075797881013277,1.1909347951970686,0.23024327057856608,0.38254037499427795,0.32121017575263977,0.09077123552560806,0.3942405581474304,checkerboard,4
centroidBasedKTA,49,29,0.9666666666666667,0.36666666666666664,0.6666666666666666,0.19131577354742602,1.017890617268877,0.9406287024141821,0.9503437684179924,0.989777313825122,0.016967007397000505,0.02202529030357153,0.7703420516194059,1.2027748093844532,0.194266177290254,0.35561156272888184,0.29565930366516113,0.04785669222474098,0.24634598195552826,checkerboard,4
centroidBasedKTA,50,29,0.9666666666666667,0.43333333333333335,0.6333333333333333,0.1905708792703832,1.017890617268877,0.9461097323895168,0.9558487977239201,0.9898110815679476,0.010859743671830879,0.016260441210042477,0.6678627882703209,1.1700442428030773,0.29731356284616406,0.3871527314186096,0.3308872580528259,0.12978948652744293,0.43654075264930725,checkerboard,4
centroidBasedKTA,51,29,0.9666666666666667,0.3333333333333333,0.7,0.19039856429344404,1.017890617268877,0.942964440751198,0.9548852429984255,0.987515984320224,0.019148410005958204,0.024991230973229892,0.7662051521131185,1.1740344750217797,0.19702161113348787,0.3463899791240692,0.2950424253940582,0.049073368310928345,0.24907606840133667,checkerboard,4
centroidBasedKTA,52,29,0.9666666666666667,0.36666666666666664,0.7,0.19110304279121812,1.017890617268877,0.9412548827236376,0.9549658512434105,0.9856424514023356,0.01665665670468791,0.023190048351934785,0.7182674386908501,1.1122916328371257,0.19675657708452926,0.34416526556015015,0.30941998958587646,0.05952511727809906,0.30253177881240845,checkerboard,4
centroidBasedKTA,53,29,0.9666666666666667,0.3,0.6,0.19031578455635065,1.017890617268877,0.9380139611064764,0.9513924176951813,0.9859380246904752,0.018670518753049304,0.024790772515805328,0.753123714310781,1.1808083702436596,0.15188772388108948,0.3320944011211395,0.2812432646751404,0.03785167261958122,0.2492082417011261,checkerboard,4
centroidBasedKTA,54,30,1.0,0.3,0.6666666666666666,0.19112567916539408,0.9999999995030461,0.9512034484571,0.9512034484571,0.99999999989487,0.01926066666579547,0.01926066666579547,0.9999999948080717,,,,,,,checkerboard,4
centroidBasedKTA,55,29,0.9666666666666667,0.3,0.5666666666666667,0.1893654878310993,1.017890617268877,0.9407330549378273,0.9559369134992269,0.9840953326049989,0.01851702497125302,0.02552704460158573,0.7253885119769758,1.1994238700504127,0.2739900915107611,0.33371207118034363,0.27822697162628174,0.06655388325452805,0.24290616810321808,checkerboard,4
centroidBasedKTA,56,29,0.9666666666666667,0.4,0.6666666666666666,0.1903206683978992,1.017890617268877,0.9451817692179024,0.9589070759082294,0.9856865100553193,0.014122789781089962,0.021156608074648104,0.6675356306883471,1.176501837510167,0.2660828532534638,0.34901154041290283,0.2966519296169281,0.08956076204776764,0.3365897536277771,checkerboard,4
centroidBasedKTA,57,29,0.9666666666666667,0.43333333333333335,0.6666666666666666,0.19065935284024532,1.017890617268877,0.9518405458945769,0.9614028422037747,0.990053808883814,0.013154632752621805,0.01832492282391104,0.7178547384478845,1.1546849129884393,0.19885945080566522,0.37427273392677307,0.32413408160209656,0.08967139571905136,0.4509285092353821,checkerboard,4
centroidBasedKTA,58,29,0.9666666666666667,0.43333333333333335,0.5666666666666667,0.19024370442548186,1.017890617268877,0.9500612149034338,0.9574360682832034,0.992297288849559,0.009143699918489748,0.01397896308865847,0.6541042990876671,1.0854546584226357,0.4276972005961443,0.4196397662162781,0.3866027593612671,0.18683207035064697,0.43683257699012756,checkerboard,4
centroidBasedKTA,59,28,0.9333333333333333,0.3333333333333333,0.6666666666666666,0.1990902021836097,0.9974676302220405,0.9372548365450057,0.9772512987969861,0.959072489955118,0.03810214359242374,0.051156850465123097,0.7448101900628029,1.122262179186296,5.252700547798362,0.29175564646720886,0.259971022605896,0.19094230234622955,0.03635126352310181,checkerboard,4
centroidBasedKTA,60,30,1.0,0.43333333333333335,0.7666666666666667,0.19035835976257676,0.9999999995030461,0.9970367767561147,0.9970367767561147,0.9999999998997028,0.030494623764436228,0.030494623764436228,0.9999999967207334,,,,,,,checkerboard,4
centroidBasedKTA,61,29,0.9666666666666667,0.4,0.8,0.19533554958071397,1.017890617268877,0.9310959765032213,0.9540627892751128,0.9759273570590316,0.036378320523235495,0.04424586445409987,0.8221857769047625,1.0513607888255165,0.9293759621683282,0.29002705216407776,0.27585873007774353,0.08606764674186707,0.0926079973578453,checkerboard,4
centroidBasedKTA,62,29,0.9666666666666667,0.43333333333333335,0.7666666666666667,0.1948039663117853,1.017890617268877,0.9719599319458511,0.9855756014655865,0.9861850581547402,0.02808007457946694,0.03445737913836583,0.8149219470586371,1.1076545616863167,0.24541148919063438,0.3556615710258484,0.3210943043231964,0.11942271888256073,0.4866223633289337,checkerboard,4
centroidBasedKTA,63,29,0.9666666666666667,0.4,0.8,0.19115769938638535,1.017890617268877,0.9513984504735273,0.9683660266212969,0.9824781376261014,0.03624357977436487,0.04216796945587303,0.8595049786862922,1.0783490798617283,0.10056954653878096,0.2871287763118744,0.26626700162887573,0.025980612263083458,0.25833478569984436,checkerboard,4
centroidBasedKTA,64,29,0.9666666666666667,0.4,0.7,0.19377468645941667,1.017890617268877,0.9620335998237252,0.979773266778325,0.9818941099392102,0.03152318299497972,0.038964390677816714,0.8090254297759112,1.157146341222556,0.4957895151798401,0.3463938534259796,0.2993518114089966,0.14371290802955627,0.28986677527427673,checkerboard,4
centroidBasedKTA,65,30,1.0,0.5,0.7666666666666667,0.19619423051832968,0.9999999995030461,0.967665589340892,0.967665589340892,0.9999999998966586,0.0401904799493789,0.0401904799493789,0.9999999975118485,,,,,,,checkerboard,4
centroidBasedKTA,66,28,0.9333333333333333,0.43333333333333335,0.7666666666666667,0.1964081392146272,1.041780825735725,0.9446517069076311,0.9859261810809858,0.9581363442200973,0.03635443033224876,0.04926269101780155,0.737970855983378,1.188951715493203,0.24319431906484437,0.3063253164291382,0.2576431930065155,0.054268863052129745,0.22315020859241486,checkerboard,4
centroidBasedKTA,67,29,0.9666666666666667,0.5,0.9,0.19773355524975908,1.017890617268877,0.9624669374884198,0.9902998007885627,0.9718945077287006,0.05030819529545614,0.05854507884300695,0.8593069853818228,1.1902182863549766,0.5838803387826282,0.2791934013366699,0.23457327485084534,0.061321645975112915,0.10502433776855469,checkerboard,4
centroidBasedKTA,68,26,0.8666666666666667,0.5666666666666667,0.9,0.21073251120842232,1.008872731303253,0.996019272903661,1.201555218545489,0.8289417393787959,0.08257486339612816,0.1251023732768542,0.6600583279693856,1.098035800860514,0.9765043507561038,0.1853051781654358,0.16876059770584106,0.26750028133392334,0.27393659949302673,checkerboard,4
centroidBasedKTA,69,26,0.8666666666666667,0.5,0.9,0.21147741278843277,0.9796761117690661,0.9693282220596211,1.1743113569974581,0.8254439644146053,0.09651703501106366,0.12672005959285162,0.7616555361874427,0.9381907182145962,1.2031679672792384,0.11984466016292572,0.12774018943309784,0.10968755930662155,0.09116562455892563,checkerboard,4
centroidBasedKTA,70,27,0.9,0.5666666666666667,0.9,0.21052893269089787,1.0133753204477376,0.9880487260613512,1.1250735264203409,0.8782081373092265,0.090682080427996,0.11389398101809171,0.7961973015410858,0.7143901303784017,0.9789802486361936,0.133466899394989,0.18682634830474854,0.06226373836398125,0.06360060721635818,checkerboard,4
centroidBasedKTA,71,24,0.8,0.5,0.9,0.21963885324587398,0.9943216866132635,0.9395548986035821,1.2750424432059875,0.736881272883326,0.10015625384025653,0.14139331399294516,0.7083521203443793,0.807465924559324,0.7477317836391139,0.13572809100151062,0.16809141635894775,0.10955573618412018,0.14651742577552795,checkerboard,4
centroidBasedKTA,72,26,0.8666666666666667,0.5666666666666667,0.9,0.21302174497207843,0.997616750267878,0.9769284721299005,1.1624629997980942,0.8403953263162283,0.08262465406685554,0.11570688555221159,0.7140858869471808,0.9092477027783222,0.7738138358218214,0.21222719550132751,0.23340965807437897,0.18281134963035583,0.2362471967935562,checkerboard,4
centroidBasedKTA,73,24,0.8,0.5333333333333333,0.9,0.21888491356503537,0.9912984744922158,0.9595432686288665,1.269071145681331,0.7560988773707427,0.11079244722672466,0.14090748115833707,0.7862779622296981,0.8047833549928984,1.0047320030470652,0.13529753684997559,0.1681167185306549,0.15694300830364227,0.15620385110378265,checkerboard,4
centroidBasedKTA,74,26,0.8666666666666667,0.5333333333333333,0.8666666666666667,0.21141044230580391,0.9747223188950447,0.980359800643556,1.1531742855361837,0.8501401851002172,0.08359091694706469,0.1165474035429318,0.7172267621092921,1.0197041512164216,0.6102867409192265,0.21727344393730164,0.21307498216629028,0.026272159069776535,0.04304887726902962,checkerboard,4
centroidBasedKTA,75,26,0.8666666666666667,0.5666666666666667,0.9,0.21099839185148028,1.0173089936024726,0.9936517054275028,1.1770276620197953,0.8442042081134803,0.10505865122118101,0.12515748620797057,0.8394116430452024,0.7544891073535006,0.9181500099575023,0.12916909158229828,0.1712007373571396,0.17399980127811432,0.18951129913330078,checkerboard,4
centroidBasedKTA,76,28,0.9333333333333333,0.4,0.8,0.2027982801135788,0.9957337105836053,0.9905274175224066,1.0548349672836808,0.939035439808393,0.056452796735641,0.07589521089313102,0.743825545735031,0.9024790176539454,0.1982876625197159,0.2909170389175415,0.3223532438278198,0.07152490317821503,0.36071282625198364,checkerboard,4
centroidBasedKTA,77,27,0.9,0.43333333333333335,0.8,0.2082714798574722,0.9975005387352393,0.9684860688819412,1.0870686468064208,0.8909152808684697,0.07082732026373692,0.09825196613702383,0.7208743293021997,0.9829110107269168,1.1093973416755698,0.22984133660793304,0.23383738100528717,0.09416811168193817,0.0848822221159935,checkerboard,4
centroidBasedKTA,78,29,0.9666666666666667,0.36666666666666664,0.7666666666666667,0.195410538127141,1.017890617268877,0.9481633290682855,0.9731212145737329,0.9743527473976453,0.04143311184765451,0.05013383889375556,0.8264500121926674,1.0864277969129488,0.9985286214391278,0.3127588629722595,0.2878781855106354,0.28828567266464233,0.28871047496795654,checkerboard,4
centroidBasedKTA,79,29,0.9666666666666667,0.4666666666666667,0.8333333333333334,0.1960150038694823,1.017890617268877,0.9490475342670328,0.9699611772939334,0.9784386802128608,0.04931568492779531,0.055855648829525956,0.8829131139451584,1.0051757039863756,2.303587465271344,0.27157506346702576,0.2701767086982727,0.105404332280159,0.04575660079717636,checkerboard,4
centroidBasedKTA,80,29,0.9666666666666667,0.4,0.6666666666666666,0.1988129463891671,1.017890617268877,0.9926232032536811,1.0153067959793707,0.9776583857083566,0.04109815596148623,0.05071530630934633,0.8103698640754391,1.2208245163990896,1.4205084826928864,0.35902562737464905,0.2940845489501953,0.263775110244751,0.18569062650203705,checkerboard,4
centroidBasedKTA,81,28,0.9333333333333333,0.5,0.8,0.19861608596226385,1.041780825735725,0.9634770432368115,1.0233812005114669,0.9414644735130342,0.04864500460485844,0.06660986900487102,0.7302972556254603,1.091810150364593,0.24809193338504487,0.27482369542121887,0.2517138123512268,0.062388114631175995,0.25147175788879395,checkerboard,4
centroidBasedKTA,82,29,0.9666666666666667,0.4666666666666667,0.8,0.196226151608532,1.017890617268877,0.9834217251156319,1.0021250780398345,0.9813363087780218,0.03362216853255887,0.041654929783279074,0.8071594077044726,1.0161373783606953,0.6409868351398296,0.3490777611732483,0.34353402256965637,0.2520044147968292,0.3931506872177124,checkerboard,4
centroidBasedKTA,83,30,1.0,0.43333333333333335,0.6666666666666666,0.19656743333869806,0.9999999995030461,0.9717429735354702,0.9717429735354702,0.9999999998970921,0.03911295712641445,0.03911295712641445,0.9999999974433025,,,,,,,checkerboard,4
centroidBasedKTA,84,29,0.9666666666666667,0.36666666666666664,0.7666666666666667,0.19735748384808374,1.017890617268877,0.9613490894309805,0.9802348128548813,0.9807334699050623,0.033540122171823034,0.04049787090551653,0.8281947010808117,1.0949785146938555,0.542265970803003,0.35115551948547363,0.32069626450538635,0.2502088248729706,0.4614134728908539,checkerboard,4
centroidBasedKTA,85,27,0.9,0.5,0.8666666666666667,0.201682663496283,0.9645536144257855,0.9359776605775714,1.031855206131096,0.9070823647789478,0.054000729977502805,0.07704081226538684,0.7009366635620322,1.1770136025994473,1.325111095112786,0.2979569435119629,0.25314655900001526,0.10450323671102524,0.07886375486850739,checkerboard,4
centroidBasedKTA,86,29,0.9666666666666667,0.3333333333333333,0.7666666666666667,0.19784653375342587,1.0224494898239396,0.977784292048882,1.003455474243037,0.974417218351455,0.045342400146852195,0.05320653872744512,0.852196010980958,1.0678536898783406,0.3683508670810476,0.3330793082714081,0.31191474199295044,0.21419936418533325,0.5815090537071228,checkerboard,4
centroidBasedKTA,87,27,0.9,0.5,0.8333333333333334,0.20214307401300852,1.0101242882438697,0.9368155543919477,1.045399930693509,0.8961312573273844,0.05963536338132866,0.08457035543411358,0.7051568248081119,0.9956723322397643,1.2491880178154064,0.2469255030155182,0.24799875915050507,0.08644305914640427,0.06919939815998077,checkerboard,4
centroidBasedKTA,88,27,0.9,0.43333333333333335,0.8666666666666667,0.20559845327329795,1.0593297454248918,0.9709375499198747,1.056945529095948,0.9186259112695219,0.04654599919867044,0.07187844705320447,0.6475654530969558,1.1203672989504236,1.485711365671618,0.3599932789802551,0.321317195892334,0.6196070313453674,0.4170440137386322,checkerboard,4
centroidBasedKTA,89,27,0.9,0.5,0.9,0.20086233266036715,0.9975005387352393,0.9335617407296152,1.0406926648683663,0.8970580577292648,0.06240246283365217,0.08559003715133232,0.7290855903054394,0.9454493385204956,1.179642954210564,0.24554525315761566,0.25971275568008423,0.12752878665924072,0.10810795426368713,checkerboard,4
centroidBasedKTA,90,27,0.9,0.5333333333333333,0.9,0.2031675901632555,1.005611472584539,0.9530606121716949,1.0478123344488297,0.9095718581916358,0.05279950950689285,0.0755498986883473,0.6988693612258892,1.061828413520709,0.7295995666740005,0.29341453313827515,0.27632951736450195,0.18867455422878265,0.2586001455783844,checkerboard,4
centroidBasedKTA,91,28,0.9333333333333333,0.4666666666666667,0.8666666666666667,0.19678789745481867,1.0339595680953289,0.9528126956408957,1.0279217059783066,0.926931195252249,0.05340280173210855,0.07320295242933575,0.7295170466069333,1.0002042099608444,0.7867434844393851,0.28478583693504333,0.28472769260406494,0.29453009366989136,0.3743661046028137,checkerboard,4
centroidBasedKTA,92,28,0.9333333333333333,0.36666666666666664,0.8666666666666667,0.2022865377364911,0.9790602367909075,0.9605667576020402,1.0243274830895046,0.9377535733114091,0.05294170896269409,0.06948987765688237,0.7618621685868583,1.0460880704349722,0.8789908723055316,0.3221495449542999,0.30795642733573914,0.17048025131225586,0.19394996762275696,checkerboard,4
centroidBasedKTA,93,29,0.9666666666666667,0.36666666666666664,0.8,0.20270472303967818,0.9648843663542631,0.9626364312203891,0.9995809061004942,0.9630400353278709,0.05476027959788222,0.061252351470078,0.894011057440492,0.9802649082534827,49.35999999540648,0.26819920539855957,0.27359870076179504,0.20004810392856598,0.004052838310599327,checkerboard,4
centroidBasedKTA,94,27,0.9,0.3333333333333333,0.7666666666666667,0.2029243587325747,0.9955246063532529,0.9358210321898343,1.0453858645226457,0.895191970600864,0.04590172493264598,0.07567685522378115,0.6065490530262765,1.0526851277472993,1.1865219101607967,0.31963449716567993,0.3036373257637024,0.27141714096069336,0.22875021398067474,checkerboard,4
centroidBasedKTA,95,28,0.9333333333333333,0.5,0.8333333333333334,0.200516703771595,0.9408343792791839,0.9271281245795965,1.0034709780166813,0.9239212142633508,0.06878896789704747,0.08274170421760528,0.8313699659001461,0.968244271214561,0.30070913691485807,0.1523159146308899,0.15731145441532135,0.026000233367085457,0.086463063955307,checkerboard,4
centroidBasedKTA,96,27,0.9,0.4666666666666667,0.9,0.2107058295775729,1.0040689966834149,0.9797973669046742,1.1112481710505195,0.8817088678672478,0.09041441336959538,0.1088817052202565,0.830391231508151,0.858182643116807,0.1735773045030241,0.14658525586128235,0.17080892622470856,0.042285021394491196,0.24360916018486023,checkerboard,4
centroidBasedKTA,97,24,0.8,0.5,0.9,0.221623944143265,0.9943216866132635,0.9622162370222052,1.2653684949709956,0.760423734880659,0.09912663343876739,0.14270895757814972,0.6946069472550337,1.24473241257116,1.0610411381788813,0.17482329905033112,0.14045050740242004,0.11273816972970963,0.10625240206718445,checkerboard,4
centroidBasedKTA,98,27,0.9,0.5666666666666667,0.9,0.21497668197971467,1.0610016365546668,1.026244120858503,1.1341701627187954,0.9048414025528058,0.10206256243521702,0.1154842220376038,0.8837792777753279,1.004354915057366,0.10096831730345332,0.15676343441009521,0.15608370304107666,0.03903908655047417,0.38664689660072327,checkerboard,4
centroidBasedKTA,99,28,0.9333333333333333,0.5,0.8666666666666667,0.20299255754950774,0.9771535995251852,0.9624394963387944,1.0342599353877304,0.9305586181146355,0.07497424424911187,0.08797815996279884,0.8521915461245749,1.0950915396211864,0.951666934769127,0.1433168649673462,0.13087204098701477,0.0952235534787178,0.10005974769592285,checkerboard,4
centroidBasedKTA,100,24,0.8,0.7,0.9666666666666667,0.23591985492837086,0.9648404478461139,1.1512124090204894,1.5017615544527436,0.7665746972483557,0.15738573663897706,0.1883772853925209,0.8354814978222292,1.365674938677649,0.7943548976698833,0.13868723809719086,0.10155215859413147,0.10254749655723572,0.12909531593322754,checkerboard,4
greedyKTA,1,29,0.9666666666666667,0.43333333333333335,0.8,0.2005436550861325,,0.9818246197365141,1.0129933920775784,0.9692310209703714,0.05135204950846258,0.06103622177342643,0.8413372900923266,,,,,,,checkerboard,4
greedyKTA,2,28,0.9333333333333333,0.36666666666666664,0.8,0.20061629516201004,,0.9669939728654076,1.0297557444086176,0.939051787787638,0.05170376525124942,0.0689928523159707,0.7494075609386004,,,,,,,checkerboard,4
greedyKTA,3,28,0.9333333333333333,0.4,0.8,0.20091697300919928,,0.961643886709744,1.0288290917477532,0.9346974092486575,0.055107401797430546,0.07273387128766413,0.7576580312041099,,,,,,,checkerboard,4
greedyKTA,4,28,0.9333333333333333,0.43333333333333335,0.8333333333333334,0.20061559590389574,,0.9585269785306537,1.030009086104219,0.9306005076741696,0.05996663391929665,0.07740768755705449,0.7746857674520864,,,,,,,checkerboard,4
greedyKTA,5,28,0.9333333333333333,0.4666666666666667,0.8333333333333334,0.19966701356378805,,0.9530646652825874,1.029839773784316,0.9254494625779012,0.06474410352057011,0.08195904798755357,0.7899567531751538,,,,,,,checkerboard,4
greedyKTA,6,28,0.9333333333333333,0.4666666666666667,0.8333333333333334,0.20115962753054356,,0.9598923732297048,1.048165292569925,0.9157833978500012,0.069000223664788,0.0881884729512425,0.7824177160284311,,,,,,,checkerboard,4
greedyKTA,7,28,0.9333333333333333,0.4666666666666667,0.8333333333333334,0.20123703583183025,,0.9605394804713591,1.0585591460441637,0.9074027502101848,0.071365704837983,0.09207033877042166,0.775121561553303,,,,,,,checkerboard,4
greedyKTA,8,28,0.9333333333333333,0.4666666666666667,0.8666666666666667,0.2032580118636608,,0.9603303238162004,1.0676919689858981,0.899445113030479,0.07448278527258533,0.09623901997287401,0.7739354080723759,,,,,,,checkerboard,4
greedyKTA,9,28,0.9333333333333333,0.5,0.9,0.20732002354890175,,0.9652352130198584,1.0810588903024239,0.8928608992434721,0.07877328107190061,0.10114342110679805,0.7788275315587813,,,,,,,checkerboard,4
greedyKTA,10,28,0.9333333333333333,0.5333333333333333,0.8666666666666667,0.20840194574616455,,0.9662564459364904,1.0855783858915977,0.8900844548907306,0.08150124396949839,0.10372300690246031,0.7857585922818954,,,,,,,checkerboard,4
greedyKTA,11,28,0.9333333333333333,0.5333333333333333,0.8666666666666667,0.2080446338259596,,0.9696019918760418,1.0892917446738783,0.8901214908934406,0.08452098267150147,0.10599814634084716,0.7973817043929997,,,,,,,checkerboard,4
greedyKTA,12,28,0.9333333333333333,0.5333333333333333,0.8666666666666667,0.2089067641594235,,0.9802504430748645,1.0996635069455214,0.8914094509769763,0.08789241136769019,0.108791552258781,0.8078973914981189,,,,,,,checkerboard,4
greedyKTA,13,27,0.9,0.5333333333333333,0.8666666666666667,0.21111824183778832,,0.9549375538023245,1.1194534585425284,0.8530390847693666,0.08915875963724362,0.11316093096359284,0.7878934787761621,,,,,,,checkerboard,4
greedyKTA,14,27,0.9,0.5333333333333333,0.8666666666666667,0.2133907700174753,,0.9763230506240611,1.1444174964129272,0.8531178993670975,0.09454361113257166,0.11839932794975286,0.7985147609354951,,,,,,,checkerboard,4
greedyKTA,15,27,0.9,0.5333333333333333,0.8666666666666667,0.21473448681160126,,0.9984898639344039,1.1687783370412517,0.8543021650937155,0.09925517863369453,0.12320122141734453,0.8056346959167217,,,,,,,checkerboard,4
greedyKTA,16,28,0.9333333333333333,0.5333333333333333,0.8666666666666667,0.2156036259128594,,1.0702660979323322,1.193743716821418,0.8965627066858822,0.10833888018216081,0.12809005330734866,0.8458024436731579,,,,,,,checkerboard,4
greedyKTA,17,27,0.9,0.5333333333333333,0.8666666666666667,0.2165015402918154,,1.0408739171115666,1.20680426508955,0.8625043407085398,0.10551435976009176,0.13059527431155665,0.8079492939964645,,,,,,,checkerboard,4
greedyKTA,18,27,0.9,0.5666666666666667,0.8666666666666667,0.21686897917254178,,1.0535238585032063,1.2187592665720512,0.8644232600421268,0.10756923765292944,0.13292575764027612,0.8092429900840525,,,,,,,checkerboard,4
greedyKTA,19,27,0.9,0.5666666666666667,0.9,0.21623578941466215,,1.0607451177772953,1.219164459713107,0.87005908779518,0.1085522137034423,0.13314911309402683,0.8152680186856253,,,,,,,checkerboard,4
greedyKTA,20,28,0.9333333333333333,0.7,0.9333333333333333,0.21771808491802075,,1.1255892376597223,1.2344319038497877,0.9118277274414217,0.12120195879481958,0.13645439327895129,0.8882232062563662,,,,,,,checkerboard,4
greedyKTA,21,28,0.9333333333333333,0.7333333333333333,0.9666666666666667,0.21879500304726468,,1.195445028881127,1.2387841208050039,0.9650148146940928,0.13463295977951462,0.13764134909192088,0.9781432728604577,,,,,,,checkerboard,4
greedyKTA,22,26,0.8666666666666667,0.7333333333333333,0.9666666666666667,0.2189422098739665,,1.0809856676830074,1.2357563383535566,0.8747563205184677,0.11653633876539311,0.13709178010165646,0.8500607300742092,,,,,,,checkerboard,4
greedyKTA,23,25,0.8333333333333334,0.7666666666666667,0.9666666666666667,0.21955601436600983,,1.0380773202552536,1.2366337977363995,0.8394379339069189,0.11388778584878329,0.137192433683754,0.8301316822492991,,,,,,,checkerboard,4
greedyKTA,24,25,0.8333333333333334,0.7666666666666667,0.9666666666666667,0.21925798588207268,,1.040443401090959,1.2306853457824596,0.8454178840854822,0.1135661249677785,0.1359172176978823,0.8355536318927502,,,,,,,checkerboard,4
greedyKTA,25,26,0.8666666666666667,0.7666666666666667,0.9666666666666667,0.21927182663948358,,1.0947003264781898,1.2310038750187797,0.8892744763882746,0.1202760609226456,0.13605059572217215,0.8840539080023949,,,,,,,checkerboard,4
greedyKTA,26,25,0.8333333333333334,0.7666666666666667,0.9666666666666667,0.21866222601222837,,1.058395747917454,1.2393020372743149,0.8540256660594672,0.11860515050457146,0.13806710656447735,0.8590398782875837,,,,,,,checkerboard,4
greedyKTA,27,28,0.9333333333333333,0.7666666666666667,0.9666666666666667,0.2223009113025937,,1.2037952493397839,1.2576038812706372,0.9572133699426815,0.13603515062902724,0.14176942821623253,0.959552085697811,,,,,,,checkerboard,4
greedyKTA,28,26,0.8666666666666667,0.7666666666666667,0.9666666666666667,0.22325603830568008,,1.1184005901422873,1.2862349722816877,0.8695149907729333,0.12912770518215486,0.14670916445721754,0.8801611376622228,,,,,,,checkerboard,4
greedyKTA,29,26,0.8666666666666667,0.8,0.9666666666666667,0.23060308918939462,,1.1754169606989489,1.368441147238739,0.8589459349310186,0.14128399474647974,0.16012659436238244,0.8823268565776605,,,,,,,checkerboard,4
greedyKTA,30,25,0.8333333333333334,0.8,0.9666666666666667,0.23737279781894938,,1.2351378322917002,1.4999230298924229,0.8234674763930651,0.15824421296397193,0.17838102156361263,0.8871135028163798,,,,,,,checkerboard,4
greedyKTA,31,24,0.8,0.8,0.9666666666666667,0.24378038711890915,,1.2453114302485366,1.5972348461179389,0.7796670810164736,0.16312870593317194,0.19042700535504856,0.8566469106803207,,,,,,,checkerboard,4
greedyKTA,32,24,0.8,0.7666666666666667,0.9666666666666667,0.2524684488438159,,1.3204832813037999,1.6875833984870992,0.7824699403948583,0.1769710947182415,0.2003725948879704,0.8832100753541977,,,,,,,checkerboard,4
greedyKTA,33,24,0.8,0.7666666666666667,0.9666666666666667,0.2580040131477338,,1.3728382684536302,1.7682676856973678,0.7763746855072874,0.18430905837524417,0.20851540916470257,0.883910973415258,,,,,,,checkerboard,4
greedyKTA,34,24,0.8,0.7666666666666667,0.9666666666666667,0.25727652385179584,,1.4103537612853798,1.7994444029321652,0.7837717902864096,0.18966920478709887,0.2129481910340594,0.8906823945158309,,,,,,,checkerboard,4
greedyKTA,35,22,0.7333333333333333,0.7666666666666667,0.9666666666666667,0.2572262549417626,,1.318730123824925,1.8535897016501417,0.7114466176521118,0.18529889592884755,0.21927975626926888,0.8450342110778466,,,,,,,checkerboard,4
greedyKTA,36,21,0.7,0.8333333333333334,0.9666666666666667,0.2599691787182968,,1.2692045410723864,1.8572920051611705,0.6833629485708749,0.1831533808429973,0.22292839578537627,0.821579413944062,,,,,,,checkerboard,4
greedyKTA,37,21,0.7,0.8333333333333334,0.9666666666666667,0.26301147108764544,,1.3097638166785497,1.8695944966825342,0.7005603722799669,0.18964566021022136,0.22829193689537308,0.8307155421527875,,,,,,,checkerboard,4
greedyKTA,38,21,0.7,0.8333333333333334,1.0,0.2672649878200094,,1.3502777682308267,1.8912528729252418,0.7139594009292511,0.19634766489497307,0.23470614819194416,0.8365680504063401,,,,,,,checkerboard,4
greedyKTA,39,21,0.7,0.8333333333333334,1.0,0.26836511312403827,,1.3171007184990255,1.8072595861000105,0.7287833626979922,0.19137868291339633,0.23072000673192772,0.8294845581068732,,,,,,,checkerboard,4
greedyKTA,40,23,0.7666666666666667,0.8333333333333334,1.0,0.2713596895758413,,1.3817251085547557,1.7093055461489404,0.8083546628552994,0.19219449179063966,0.2242945108861064,0.8568845084334001,,,,,,,checkerboard,4
greedyKTA,41,22,0.7333333333333333,0.8333333333333334,1.0,0.26618320721605,,1.2802103499011386,1.6212280098424303,0.7896547197865146,0.17782185792779248,0.2155979919595199,0.8247843879673118,,,,,,,checkerboard,4
greedyKTA,42,23,0.7666666666666667,0.8333333333333334,1.0,0.25871999189156,,1.265606162066199,1.5459399486433463,0.8186645044621408,0.1667370909151114,0.20419321889028685,0.8165652695990988,,,,,,,checkerboard,4
greedyKTA,43,22,0.7333333333333333,0.8333333333333334,1.0,0.24764487991933232,,1.187867987799048,1.4859101825418823,0.7994211236153395,0.15246359794268993,0.19272390995414804,0.7910985092604934,,,,,,,checkerboard,4
greedyKTA,44,23,0.7666666666666667,0.8333333333333334,1.0,0.2393527594011759,,1.1727557402930804,1.436079599116733,0.816637003222332,0.14510814986356227,0.182231210099672,0.7962859364461569,,,,,,,checkerboard,4
greedyKTA,45,23,0.7666666666666667,0.8333333333333334,1.0,0.23558573044859507,,1.139280985173817,1.3923647872813272,0.8182345571353508,0.1366312727459016,0.17256546398723818,0.7917648729344213,,,,,,,checkerboard,4
greedyKTA,46,23,0.7666666666666667,0.8333333333333334,1.0,0.2337121066226123,,1.1198445819319855,1.3708113251374794,0.8169210170028203,0.13384827409113165,0.16678945712844614,0.8024984091638596,,,,,,,checkerboard,4
greedyKTA,47,25,0.8333333333333334,0.8333333333333334,1.0,0.23478427645419397,,1.2084470333190924,1.386311090480582,0.8716997516141917,0.14824986851776625,0.16872871625348115,0.8786285566660011,,,,,,,checkerboard,4
greedyKTA,48,24,0.8,0.8333333333333334,1.0,0.2370396818114256,,1.2025731133994124,1.4148561090416056,0.8499614240836225,0.15161146328102038,0.17274131351267755,0.8776792309277284,,,,,,,checkerboard,4
greedyKTA,49,25,0.8333333333333334,0.8333333333333334,1.0,0.24181466988488828,,1.2591113279103339,1.4675841912526395,0.8579482767185159,0.16234298166636352,0.17951793721561157,0.9043273563295646,,,,,,,checkerboard,4
greedyKTA,50,25,0.8333333333333334,0.8333333333333334,1.0,0.249552693268064,,1.3137922573320684,1.532198085751536,0.8574558795391745,0.17229641049038508,0.18912021150613934,0.9110417603022176,,,,,,,checkerboard,4
greedyKTA,51,23,0.7666666666666667,0.8333333333333334,1.0,0.25480853755277344,,1.3776230971583443,1.6091891527127828,0.8560976779829316,0.19214972093732274,0.20247356080836548,0.9490114169735224,,,,,,,checkerboard,4
greedyKTA,52,21,0.7,0.8333333333333334,1.0,0.2693045779927042,,1.3707050681533217,1.7263790338528064,0.7939768968433801,0.19998685808576255,0.2234001826084969,0.8951955887462941,,,,,,,checkerboard,4
greedyKTA,53,21,0.7,0.8333333333333334,1.0,0.28615638132793425,,1.4801801221132327,1.8694637782707746,0.7917672111321675,0.2163863567604337,0.24614972863352838,0.879084278799611,,,,,,,checkerboard,4
greedyKTA,54,19,0.6333333333333333,0.8333333333333334,1.0,0.29299472334290766,,1.426441346793916,1.9654706041286614,0.725750537161412,0.2158105084782811,0.2598200780710823,0.8306152087914372,,,,,,,checkerboard,4
greedyKTA,55,19,0.6333333333333333,0.8333333333333334,1.0,0.29574078505141005,,1.4174017098260625,2.003590156377237,0.7074309609896338,0.21355406440665453,0.2649723115705545,0.80594860293241,,,,,,,checkerboard,4
greedyKTA,56,19,0.6333333333333333,0.8333333333333334,1.0,0.2918926013313543,,1.3778613650326614,1.979203634304911,0.6961695810784746,0.2055918052634034,0.26237675601759736,0.7835747659417555,,,,,,,checkerboard,4
greedyKTA,57,19,0.6333333333333333,0.8333333333333334,1.0,0.2834068902026683,,1.3323864191792878,1.918681025157067,0.6944283086349766,0.1951826578643051,0.25514350963212007,0.7649916631986093,,,,,,,checkerboard,4
greedyKTA,58,20,0.6666666666666666,0.8333333333333334,1.0,0.2752406789564547,,1.3506674691104399,1.8460445450557925,0.7316548631801588,0.18999232624919457,0.2452666247410958,0.7746358738058529,,,,,,,checkerboard,4
greedyKTA,59,21,0.7,0.8333333333333334,1.0,0.2731685772788142,,1.3358046499338716,1.788227318426858,0.7469993529873526,0.18153712547140505,0.2351150232298213,0.7721204834143808,,,,,,,checkerboard,4
greedyKTA,60,20,0.6666666666666666,0.8333333333333334,1.0,0.27236025353082366,,1.3156826107576467,1.816126358625981,0.7244444222926221,0.18210748665899346,0.23730565285192712,0.7673963278737587,,,,,,,checkerboard,4
greedyKTA,61,20,0.6666666666666666,0.8333333333333334,1.0,0.27629153095165254,,1.3613298378180494,1.913500240350997,0.7114343698735018,0.1939373357657732,0.24766280750259526,0.7830700848589627,,,,,,,checkerboard,4
greedyKTA,62,21,0.7,0.8333333333333334,1.0,0.28259670772621437,,1.4580473586815974,2.098799274018913,0.694705480729544,0.20904432427090786,0.2608307461487844,0.8014558378463487,,,,,,,checkerboard,4
greedyKTA,63,21,0.7,0.8333333333333334,1.0,0.2871513092463283,,1.5254651370485135,2.2295468488610237,0.6842041187694196,0.2188221341744716,0.26992002819833977,0.810692469002744,,,,,,,checkerboard,4
greedyKTA,64,20,0.6666666666666666,0.8333333333333334,1.0,0.29412987440033544,,1.5397243458406287,2.4040849410876484,0.6404617072639643,0.22870610372642713,0.2841998063276799,0.8047370144308167,,,,,,,checkerboard,4
greedyKTA,65,18,0.6,0.8333333333333334,1.0,0.3052047669518423,,1.5048526586745743,2.5952587821065034,0.5798468611269433,0.2308633855018651,0.3023758728576815,0.7634980372067423,,,,,,,checkerboard,4
greedyKTA,66,18,0.6,0.8666666666666667,1.0,0.3159119336655446,,1.6285269932826405,2.8058010393255617,0.5804142811266663,0.24680994467287382,0.31944809601021407,0.7726136035186164,,,,,,,checkerboard,4
greedyKTA,67,19,0.6333333333333333,0.9,1.0,0.33322011761415743,,1.9290060982575319,3.1208321239164856,0.6181063324146115,0.2774870982640055,0.33964854074333667,0.8169830424562219,,,,,,,checkerboard,4
greedyKTA,68,19,0.6333333333333333,0.9,1.0,0.34355691106696845,,2.008176530671148,3.2870890664348944,0.6109285419479309,0.28798897201549767,0.3530680653290474,0.8156755034345409,,,,,,,checkerboard,4
greedyKTA,69,19,0.6333333333333333,0.9,1.0,0.3529096934254691,,2.076269334551059,3.3898790049830994,0.6124906910947878,0.2971718429938543,0.3631254338366753,0.8183724278748195,,,,,,,checkerboard,4
greedyKTA,70,17,0.5666666666666667,0.9333333333333333,1.0,0.35532012972993926,,1.979884672658673,3.3675537737381456,0.5879296384336912,0.298046252658944,0.3689238330093271,0.807880179892365,,,,,,,checkerboard,4
greedyKTA,71,17,0.5666666666666667,0.9666666666666667,1.0,0.35709410871116315,,2.040323250000284,3.4271326732688228,0.5953441096269773,0.3065401445596284,0.37785139378106136,0.8112717050241185,,,,,,,checkerboard,4
greedyKTA,72,16,0.5333333333333333,1.0,1.0,0.3593178320326083,,1.88925136147635,3.455997367155997,0.546658796495665,0.29230956286278365,0.38198112483680513,0.7652460914427205,,,,,,,checkerboard,4
greedyKTA,73,16,0.5333333333333333,1.0,1.0,0.3568012992541285,,1.8662352234681436,3.4083237924667316,0.547552209546008,0.28867847503475297,0.37764742353897013,0.7644126689732929,,,,,,,checkerboard,4
greedyKTA,74,16,0.5333333333333333,1.0,1.0,0.34685443469700217,,1.8219019460273174,3.2930305475167856,0.5532599590811128,0.2812840334002833,0.36511263578369674,0.7704034474717104,,,,,,,checkerboard,4
greedyKTA,75,16,0.5333333333333333,1.0,1.0,0.34543214139202,,1.7948386583798177,3.1927361535099554,0.5621631641407117,0.27761649338759764,0.3592854970513511,0.7726905082134448,,,,,,,checkerboard,4
greedyKTA,76,17,0.5666666666666667,1.0,1.0,0.34547710140073,,1.8086862327188753,3.0343668585974206,0.596067093052585,0.27739145791089065,0.3525478328227844,0.7868193533092724,,,,,,,checkerboard,4
greedyKTA,77,17,0.5666666666666667,1.0,1.0,0.3422200161697248,,1.7695039043287708,2.8135348623498926,0.6289255299250036,0.2733591810359481,0.33938458038511254,0.8054555119894119,,,,,,,checkerboard,4
greedyKTA,78,17,0.5666666666666667,1.0,1.0,0.3296467422215567,,1.7129941875434278,2.6523253259633357,0.6458461828609492,0.26590765999866883,0.32704143516965767,0.8130702453021532,,,,,,,checkerboard,4
greedyKTA,79,17,0.5666666666666667,1.0,1.0,0.31840431428648064,,1.6286098184293738,2.448350534075177,0.6651865391399254,0.25363888350712116,0.30793113954851054,0.8236870223538888,,,,,,,checkerboard,4
greedyKTA,80,17,0.5666666666666667,1.0,1.0,0.31749858062588854,,1.6363296075147236,2.4535614397035554,0.6669201679521571,0.2543479453567405,0.3079255371397175,0.8260047141161037,,,,,,,checkerboard,4
greedyKTA,81,16,0.5333333333333333,1.0,1.0,0.32799820313210276,,1.6374978007743124,2.678494528371989,0.6113500637645364,0.2665278598290581,0.3280049822651566,0.8125725954136325,,,,,,,checkerboard,4
greedyKTA,82,15,0.5,1.0,1.0,0.35390420071441037,,1.8583796421286456,3.1510220226203938,0.5897704391555594,0.29861207904757003,0.3647492434444655,0.8186777199201157,,,,,,,checkerboard,4
greedyKTA,83,15,0.5,1.0,1.0,0.3908251251690431,,2.075311887476797,3.643119203768962,0.5696524794667255,0.3255505009522966,0.4015642448217318,0.8107058959289293,,,,,,,checkerboard,4
greedyKTA,84,15,0.5,1.0,1.0,0.40109001454388854,,2.2143385052001703,3.95693741476596,0.5596091807975133,0.3431769469569236,0.426208877961315,0.805184886147664,,,,,,,checkerboard,4
greedyKTA,85,16,0.5333333333333333,1.0,1.0,0.3893546724286222,,2.282915195934934,3.97022490667652,0.5750090358957685,0.34539094346921995,0.4319106269421236,0.7996815124336695,,,,,,,checkerboard,4
greedyKTA,86,16,0.5333333333333333,1.0,1.0,0.37931790972435997,,2.151610793218176,3.814741402352466,0.5640253338889296,0.3363952421703943,0.42498561570574334,0.7915450068412602,,,,,,,checkerboard,4
greedyKTA,87,16,0.5333333333333333,1.0,1.0,0.36769647152127716,,2.0384882973817815,3.7373469425198587,0.5454372657072113,0.3143389394634875,0.4174353350177664,0.7530242723098813,,,,,,,checkerboard,4
greedyKTA,88,16,0.5333333333333333,1.0,1.0,0.3642893527342134,,2.102262814903658,3.812846771065731,0.5513630473696998,0.3219679615866202,0.4150876681826291,0.7756625556204079,,,,,,,checkerboard,4
greedyKTA,89,17,0.5666666666666667,1.0,1.0,0.36723548889208485,,2.454224659517018,4.081363124377241,0.6013247497627073,0.34023231084849903,0.41276032357160547,0.8242854056854307,,,,,,,checkerboard,4
greedyKTA,90,15,0.5,0.9333333333333333,1.0,0.36147056107010256,,2.017063088159763,3.908822442320112,0.5160283225632825,0.3126037293874377,0.3886297889410529,0.8043740809442063,,,,,,,checkerboard,4
greedyKTA,91,17,0.5666666666666667,0.9,1.0,0.33811593423627173,,2.093680170956257,3.3497815642799202,0.6250199097217312,0.3010313496065251,0.3547593568034441,0.8485508380500805,,,,,,,checkerboard,4
greedyKTA,92,18,0.6,0.9,1.0,0.3272961593662474,,1.9403753264801085,3.0141620454355547,0.6437528232279707,0.2827575085146508,0.33006924102925156,0.856661188868326,,,,,,,checkerboard,4
greedyKTA,93,18,0.6,0.9,1.0,0.3182158856687636,,1.8416505984489742,2.824716593335148,0.6519771232020611,0.27166511983674285,0.31545319424640034,0.8611899473695814,,,,,,,checkerboard,4
greedyKTA,94,19,0.6333333333333333,0.9,1.0,0.31053123249781084,,1.949610049403729,2.806043629511718,0.6947896421957998,0.27193453071895135,0.3090707698831095,0.8798455147790663,,,,,,,checkerboard,4
greedyKTA,95,19,0.6333333333333333,0.9,1.0,0.3102820021980424,,1.9508665157999894,2.843096317985685,0.686176723380778,0.2716693819431388,0.3101267653188573,0.8759946326342456,,,,,,,checkerboard,4
greedyKTA,96,19,0.6333333333333333,0.9,1.0,0.31340349848864446,,1.9782851306145381,2.902658982289787,0.6815423866932508,0.27536374372783207,0.31615196988678124,0.8709853800352577,,,,,,,checkerboard,4
greedyKTA,97,18,0.6,0.9,1.0,0.3128430288300268,,1.7912203740301085,2.812275975125196,0.6369290886847173,0.2624397002516563,0.3129862842422244,0.838502239173843,,,,,,,checkerboard,4
greedyKTA,98,18,0.6,0.8333333333333334,1.0,0.313674557611667,,1.751410311041652,2.699735248742411,0.6487340978314889,0.2599237807924096,0.3112172323853341,0.835184410312685,,,,,,,checkerboard,4
greedyKTA,99,20,0.6666666666666666,0.8333333333333334,1.0,0.3186082563367344,,1.8928084996005254,2.5718886289696345,0.7359605226316653,0.2723209911298745,0.3089470595938435,0.8814487226379036,,,,,,,checkerboard,4
greedyKTA,100,20,0.6666666666666666,0.8666666666666667,1.0,0.31993086259297515,,1.8269270794884827,2.4482603168517323,0.7462143902095933,0.2682331962929153,0.3054729335533892,0.8780915319891198,,,,,,,checkerboard,4
