eff_rank,participation_ratio,top1_label_energy,top2_label_energy,top3_label_energy,top1_alignment,top2_alignment,max_alignment,argmax_alignment_rank,kta_spectral,kta_top1_frac,kta_top2_frac,lambda1,lambda2,spectral_decay,method,dataset,epoch,centroids,test_accuracy,n_sv
4.299277924073733,3.18305407394381,0.08959910818747728,0.1403890938763377,0.14171661155030826,0.0986976191790516,0.08960747855477681,0.46366734589778047,14,0.002527655289562479,0.08959910815212634,0.14038909382094777,8.533151626586914,5.868251323699951,1.4541217060903384,fullKTA,checkerboard,1,4,0.43333333333333335,29
4.301651983822565,2.8431679559381355,0.08765606382710144,0.13210521274997614,0.13226369336954935,0.10993098877265468,0.09422524990868009,0.4864810766836607,14,0.0030794623774277794,0.08765606379871901,0.1321052127072014,7.723483085632324,5.330897808074951,1.4488146957031829,fullKTA,checkerboard,2,4,0.5,27
6.492924274153973,4.697624060603558,0.09977501108121323,0.14055363020568526,0.14144598948593312,0.1262545521636249,0.0973061305848022,0.5329438185189518,14,0.0034981920384732318,0.09977501105277738,0.1405536301656275,7.260935306549072,4.995937347412109,1.4533679671360924,fullKTA,checkerboard,3,4,0.4666666666666667,27
6.467630405794997,4.523852272659821,0.11790057966914196,0.165285423951718,0.16535442236854395,0.14313573732633647,0.10892086931274716,0.6814486704989605,14,0.003734268333548185,0.11790057963766763,0.16528542390759396,6.904442310333252,4.792102336883545,1.4407960900981065,fullKTA,checkerboard,4,4,0.5333333333333333,26
5.570811646391011,3.663310663207463,0.1335474938262026,0.18213810175056547,0.18235172415364964,0.15897236812775903,0.11465357950658712,0.6369879753832601,14,0.003992748130341508,0.13354749379286168,0.18213810170509362,6.620205879211426,4.630801200866699,1.4296026955272796,fullKTA,checkerboard,5,4,0.5666666666666667,24
4.765436165399232,2.6983843946505712,0.14620852122700842,0.18632196968983816,0.1901292770632329,0.1748274232915732,0.11000512831441896,0.5015919815365503,3,0.00435657807876333,0.1462085211935568,0.18632196964720882,6.42906379699707,4.455108642578125,1.443076771585798,fullKTA,checkerboard,6,4,0.5666666666666667,24
4.24941197588136,2.5704920548755847,0.15863022055207718,0.1815891473931669,0.21399521844228148,0.19254753009097186,0.08942467105036334,0.6475794244696629,13,0.004849113757041986,0.15863022051947137,0.18158914735584195,6.3174920082092285,4.239079475402832,1.4902980811907043,fullKTA,checkerboard,7,4,0.5666666666666667,25
5.199936374522269,3.674291505384165,0.16777386073290387,0.17154950096096475,0.3514916846225662,0.21050197840217555,0.03859689880391607,0.656627499978779,13,0.0054461645820289275,0.16777386070220066,0.17154950092957058,6.188108444213867,4.14220666885376,1.4939159097836032,fullKTA,checkerboard,8,4,0.5666666666666667,25
5.445767806018226,3.7205385258444736,0.17387565347755204,0.18061274220570406,0.6393532627862757,0.22927902290540303,0.05362244583422439,0.6282815317638035,13,0.006066518966366151,0.1738756534489881,0.18061274217603332,5.895040512084961,4.1759538650512695,1.4116632277524392,fullKTA,checkerboard,9,4,0.5666666666666667,23
5.471120156611685,3.7921516671648963,0.19320905761600798,0.20974679545275687,0.6573722102901236,0.2602344029544097,0.08747081781087374,0.5791795613774698,13,0.006770257672670525,0.19320905758756962,0.20974679542188432,5.538052558898926,4.195741653442383,1.3199222012046257,fullKTA,checkerboard,10,4,0.5666666666666667,23
5.611507436121984,4.033249836210547,0.21576091363674346,0.2352724947903179,0.6392598394114598,0.2941002174130549,0.09894357330516144,0.5146656399223968,13,0.00745691387630605,0.21576091360791244,0.23527249475887962,5.208187103271484,4.161230564117432,1.251597820169057,fullKTA,checkerboard,11,4,0.5666666666666667,24
5.647740279202445,4.228216639589684,0.22250638866733763,0.2476776944942987,0.6178184786443539,0.31361457716300783,0.11596578719684379,0.48529390901168734,2,0.007982265747015837,0.22250638863956404,0.2476776944633832,4.957559585571289,4.101700305938721,1.2086596327850156,fullKTA,checkerboard,12,4,0.6333333333333333,23
5.701910106292232,4.331338183154584,0.22863143992616597,0.2619002080341045,0.6187308356808963,0.33022522298487533,0.13796139136407742,0.495694004356363,2,0.008530451374140715,0.22863143989946308,0.26190020800351604,4.84658145904541,4.040560722351074,1.1994823966472006,fullKTA,checkerboard,13,4,0.6666666666666666,23
5.650254655179942,4.2581768118131,0.22947628218073274,0.27239825085182734,0.6329672361469254,0.3429080088535167,0.16314129574927672,0.5239416131679092,2,0.009160312984603047,0.22947628215577492,0.27239825082220137,4.800590991973877,3.9670162200927734,1.2101263835670426,fullKTA,checkerboard,14,4,0.7,24
5.076302073958929,3.5092947212109307,0.20943779503446971,0.26060246219677413,0.7237048517145667,0.33738813272611473,0.18529841336474653,0.6228522074259318,2,0.009763587182654226,0.20943779501309903,0.2606024621701827,4.8048834800720215,3.8914742469787598,1.234720616178091,fullKTA,checkerboard,15,4,0.8,22
3.2565561660060744,2.1092986167301384,0.17708912886616987,0.21745863835139978,0.87925884644006,0.31796795493776264,0.17109425156047825,0.7612059983372381,2,0.010353135974266316,0.17708912884912884,0.21745863833047405,4.859017848968506,3.8256561756134033,1.2701135768397023,fullKTA,checkerboard,16,4,0.8,21
2.6513483222388086,1.7333311420708868,0.14075194543692904,0.15677160702883913,0.9018156851509687,0.2906790250451,0.11176067626306446,0.8151928199193423,2,0.010986306892018806,0.14075194542416503,0.1567716070146224,4.929254531860352,3.7951550483703613,1.2988282346924596,fullKTA,checkerboard,17,4,0.8333333333333334,21
2.266139962623599,1.5229511923681744,0.1039330554942295,0.11539528517848391,0.9181028284568054,0.2576824604280739,0.09759388277608066,0.8524571677991807,2,0.011718712699569929,0.1039330554853932,0.11539528516867309,4.979568004608154,3.828526020050049,1.3006488602999642,fullKTA,checkerboard,18,4,0.8666666666666667,18
2.6784718742888995,1.7866851359889524,0.07261628021804921,0.17895458603731923,0.914269205111764,0.22217019192226167,0.3038459256756324,0.8218258994197504,2,0.012430176869876665,0.07261628021222856,0.17895458602297487,5.019916534423828,3.9302210807800293,1.2772605996572208,fullKTA,checkerboard,19,4,0.9,18
3.350492072541798,2.6313246910853954,0.046700308195836565,0.42229764855526297,0.9054105939193348,0.1824803752308675,0.5750452390966286,0.676034436723218,2,0.01300250901579067,0.046700308192257844,0.42229764852290175,5.068950653076172,4.105340003967285,1.2347212772088172,fullKTA,checkerboard,20,4,0.9333333333333333,17
3.167155511101332,2.5289661202128597,0.023171354328019138,0.5297447792566994,0.8943769415295266,0.13025516008840415,0.6683241478063257,0.6683241478063257,1,0.013371800240775845,0.02317135432629245,0.5297447792172237,5.135310173034668,4.26455020904541,1.2041856517813088,fullKTA,checkerboard,21,4,1.0,19
2.947512572712573,2.3803191568517734,0.01016745990031336,0.5628516231721069,0.8916470202567739,0.08671337435079446,0.6998140149423467,0.6998140149423467,1,0.01361903237570952,0.010167459899569424,0.5628516231309241,5.236363410949707,4.370199203491211,1.1981978777455606,fullKTA,checkerboard,22,4,1.0,17
2.78212225547462,2.2846070082139613,0.006074607566948963,0.5782248074518452,0.9016625433618874,0.0672844478979128,0.7160562012321632,0.7160562012321632,1,0.013879261245514932,0.006074607566512808,0.578224807410329,5.360199928283691,4.45767068862915,1.2024665576924638,fullKTA,checkerboard,23,4,1.0,16
2.6948814457039614,2.234594564630783,0.005271498583601396,0.5887499901761217,0.9075499508649838,0.06277130684460633,0.7271031411303217,0.7271031411303217,1,0.014085902351336235,0.0052714985832284416,0.588749990134468,5.488585948944092,4.527740478515625,1.212213017726285,fullKTA,checkerboard,24,4,1.0,16
2.558476841854305,2.0606540164110942,0.004682090991939198,0.643975778955706,0.9114152231345465,0.05907622679751303,0.7638201318859809,0.7638201318859809,1,0.014241457124648117,0.004682090991611551,0.6439757789106414,5.620639801025391,4.590813159942627,1.2243233617232223,fullKTA,checkerboard,25,4,1.0,15
2.1876797835216895,1.6616126416304526,0.0029319536790387885,0.7587962902851652,0.922894831899705,0.04668647460089724,0.8326307141884595,0.8326307141884595,1,0.01443596694261131,0.0029319536788363727,0.7587962902327795,5.757625579833984,4.6666741371154785,1.23377493492434,fullKTA,checkerboard,26,4,1.0,17
1.7638723916815513,1.3429568373929186,0.000846198356019087,0.8590613130420021,0.9352266902672488,0.025059022286548195,0.8886081836316778,0.8886081836316778,1,0.014689252415072122,0.0008461983559616733,0.8590613129837157,5.907959938049316,4.765068531036377,1.2398478426003092,fullKTA,checkerboard,27,4,1.0,17
1.510620376828418,1.2004338093209765,1.5270573483395925e-05,0.9112559852370086,0.9438364161694982,0.0033627178531241966,0.9161769388417704,0.9161769388417704,1,0.014959984766218437,1.5270573482378564e-05,0.9112559851762986,6.064014911651611,4.874837875366211,1.2439418636450186,fullKTA,checkerboard,28,4,1.0,18
1.405602846804747,1.149484591094879,9.100040347811366e-05,0.9319793492177741,0.9485736770336598,0.008191433839424906,0.9258679429558253,0.9258679429558253,1,0.015169054675464137,9.100040347213449e-05,0.9319793491565387,6.196188926696777,4.966689109802246,1.247549180089961,fullKTA,checkerboard,29,4,1.0,18
1.3751108534707042,1.135951571844719,8.079352398641931e-05,0.9376276060620649,0.9495355815019779,0.007695615876837116,0.9266353898464899,0.9266353898464899,1,0.015289235730219017,8.079352398115249e-05,0.9376276060009423,6.2907891273498535,5.034896373748779,1.2494376567803596,fullKTA,checkerboard,30,4,1.0,18
1.3848469324516022,1.1370906501247908,1.4313098188995022e-05,0.9371088588500837,0.9477058465112009,0.003232874694398467,0.9234555662158642,0.9234555662158642,1,0.01539678133596569,1.4313098188068478e-05,0.9371088587894209,6.377125263214111,5.117059230804443,1.246248084216592,fullKTA,checkerboard,31,4,1.0,18
1.3989028619698032,1.13843267957157,3.7523046093553304e-05,0.936638425563287,0.9460198263356332,0.00523450765394974,0.9207428867879278,0.9207428867879278,1,0.015574256651874339,3.752304609115191e-05,0.9366384255033442,6.501923561096191,5.245335578918457,1.2395629342051728,fullKTA,checkerboard,32,4,1.0,18
1.3923814670342969,1.13479927159731,0.0002895956794703582,0.9384920606110995,0.946569576385631,0.014548506083657804,0.92034923905289,0.92034923905289,1,0.015811479342057663,0.0002895956794521019,0.9384920605519363,6.687839984893799,5.4140448570251465,1.2352760572743626,fullKTA,checkerboard,33,4,1.0,17
1.369800500122196,1.1268554479325223,0.0004624549270771445,0.9420036273712863,0.9498361887700885,0.018380634712164105,0.9219138213657478,0.9219138213657478,1,0.016063946213364138,0.00046245492704844756,0.9420036273128317,6.925484657287598,5.604804039001465,1.235633683014578,fullKTA,checkerboard,34,4,1.0,16
1.3506312666851692,1.1150462236043746,3.971940278709066e-05,0.9467421358672636,0.9558127805211901,0.005381961045280696,0.9252870450298536,0.9252870450298536,1,0.01630238360643141,3.971940278466183e-05,0.9467421358093705,7.186367511749268,5.794931888580322,1.2401125069148289,fullKTA,checkerboard,35,4,1.0,15
1.3143619466809477,1.1018907983992732,0.0005980942093887991,0.9529811675508738,0.963810476721217,0.02088336625557412,0.9301850497862927,0.9301850497862927,1,0.016541754267737917,0.0005980942093527529,0.9529811674934389,7.4346842765808105,5.967149257659912,1.2459356981955507,fullKTA,checkerboard,36,4,1.0,14
1.284007356667096,1.0902957635456436,0.0032079702679008756,0.9606947967851989,0.972563625185008,0.04846751715643029,0.9363417331995353,0.9363417331995353,1,0.016805158914469896,0.0032079702677105574,0.960694796728204,7.6468825340271,6.115326881408691,1.2504454270912755,fullKTA,checkerboard,37,4,1.0,15
1.2479547371949693,1.0778629543297318,0.006081412143617596,0.969125920316123,0.98022627120648,0.06694428039615065,0.943714441534166,0.943714441534166,1,0.01707945591861182,0.006081412143262582,0.9691259202595486,7.842824459075928,6.249714374542236,1.2549092628971743,fullKTA,checkerboard,38,4,1.0,15
1.2037158277519866,1.0623645773477048,0.0073044689165518975,0.9774076697596977,0.9854595069421043,0.07361882244855304,0.9520824157109898,0.9520824157109898,1,0.01738026352347441,0.007304468916132844,0.9774076697036242,8.074295043945312,6.411542892456055,1.2593372889144085,fullKTA,checkerboard,39,4,1.0,15
1.1587486292319784,1.046235834374381,0.0069505598362145605,0.9845518432671129,0.9892519950324693,0.07210143687855235,0.9603579293652181,0.9603579293652181,1,0.017722191432827824,0.0069505598358234775,0.9845518432117158,8.359172821044922,6.627151012420654,1.2613523979424701,fullKTA,checkerboard,40,4,1.0,16
1.1215170808258013,1.0340852988143754,0.006240053939990665,0.9895900696317593,0.9920583622932926,0.06860511740287664,0.9668969069057094,0.9668969069057094,1,0.018052840392632975,0.0062400539396459676,0.9895900695770947,8.651594161987305,6.863862991333008,1.2604555441899703,fullKTA,checkerboard,41,4,1.0,14
1.098919066225732,1.027552158607875,0.006281741568560401,0.9927583809916171,0.9940878058380693,0.06913989661081266,0.9714150578838331,0.9714150578838331,1,0.018332946619140277,0.0062817415682186835,0.9927583809376124,8.880888938903809,7.064980506896973,1.2570295035114185,fullKTA,checkerboard,42,4,1.0,14
1.0889798851693104,1.0251174349690173,0.007169885512891812,0.9948142270343177,0.9956040150989954,0.0742293204876134,0.9746703595753707,0.9746703595753707,1,0.018564011068233553,0.007169885512506624,0.994814226980873,9.015408515930176,7.202930450439453,1.251630649214292,fullKTA,checkerboard,43,4,1.0,14
1.0845320608524345,1.0249575752914497,0.008413185312050946,0.9961256751722172,0.9966947843924522,0.08074821888060854,0.9769145950495549,0.9769145950495549,1,0.018748150995057125,0.008413185311603389,0.9961256751192265,9.11058521270752,7.307504177093506,1.2467437570908,fullKTA,checkerboard,44,4,1.0,12
1.0837241503771,1.0257134222734279,0.009548674950625504,0.9968872753794696,0.9973974477282037,0.08624146609456389,0.9781271736922236,0.9781271736922236,1,0.01890968575269904,0.009548674950121867,0.9968872753268897,9.267633438110352,7.44960880279541,1.2440429670121063,fullKTA,checkerboard,45,4,1.0,11
1.0876602165614095,1.027599053089385,0.010851415980806923,0.99727067622268,0.9977562403336886,0.09202408373657722,0.9782813944948947,0.9782813944948947,1,0.019054440365883527,0.010851415980238893,0.9972706761704766,9.498440742492676,7.640167236328125,1.2432241924401115,fullKTA,checkerboard,46,4,1.0,11
1.0958039576845975,1.0314482952889608,0.012939799829791288,0.9974913723174464,0.9979193800289489,0.10049952440548424,0.9776842612430541,0.9776842612430541,1,0.019157395971762258,0.01293979982911755,0.9974913722655101,9.708030700683594,7.804998397827148,1.2438222541320432,fullKTA,checkerboard,47,4,1.0,11
1.1056716813209764,1.0362322908590336,0.015448319297813201,0.9976880119561882,0.9980461461109474,0.10981069072455694,0.977049838534516,0.977049838534516,1,0.019222309857678598,0.01544831929701155,0.9976880119044157,9.83686637878418,7.900395393371582,1.2451106418086426,fullKTA,checkerboard,48,4,1.0,10
1.1148403705887489,1.0406374994104484,0.01774823092007746,0.9978674093848509,0.9982121355349861,0.11775786794438621,0.9766512468484193,0.9766512468484193,1,0.019282863181742126,0.017748230919159336,0.9978674093332308,9.924189567565918,7.967456817626953,1.2455906313302765,fullKTA,checkerboard,49,4,1.0,10
1.125455073166646,1.0458383341978774,0.020334303454511485,0.9979623161524906,0.9984204937366984,0.12615397686869756,0.9759617829810753,0.9759617829810753,1,0.01935952805419285,0.020334303453463726,0.9979623161010689,10.034148216247559,8.060483932495117,1.2448567977158973,fullKTA,checkerboard,50,4,1.0,10
1.142479423456343,1.0541250811803977,0.02421700098071707,0.9979041691385333,0.9986346655157733,0.13775521886190525,0.974376059479233,0.974376059479233,1,0.01944000442519386,0.024217000979474376,0.997904169087326,10.18236255645752,8.182962417602539,1.244336957304458,fullKTA,checkerboard,51,4,1.0,10
1.164576974841438,1.0652314712910214,0.02931992472264476,0.9977734133299742,0.9988222551842968,0.15158890947115386,0.9720257232377869,0.9720257232377869,1,0.019509043437843286,0.029319924721145495,0.9977734132789532,10.344379425048828,8.309974670410156,1.2448147961126113,fullKTA,checkerboard,52,4,1.0,10
1.183290158175851,1.0753920595764674,0.03406194505348992,0.9977691899398518,0.9989565903106019,0.16339677583577084,0.969861736339403,0.969861736339403,1,0.019573840660256258,0.03406194505175388,0.9977691898889984,10.498641014099121,8.430941581726074,1.2452513058391372,fullKTA,checkerboard,53,4,1.0,9
1.1944139494111174,1.0820146321474382,0.03727684989768227,0.9979073434004959,0.9990323816659467,0.1709661913935946,0.9685517437010943,0.9685517437010943,1,0.019636078802097345,0.03727684989578836,0.9979073433497954,10.635129928588867,8.539546012878418,1.2453975788114346,fullKTA,checkerboard,54,4,1.0,9
1.2027876684127812,1.0870902760543408,0.03972129740466723,0.9980050228981354,0.9990859218868503,0.17649563847701463,0.9677593580494634,0.9677593580494634,1,0.019689773681986152,0.03972129740265459,0.9980050228475673,10.754623413085938,8.629767417907715,1.2462240165091434,fullKTA,checkerboard,55,4,1.0,8
1.2119543529555465,1.0923103057500192,0.0420721132985342,0.9979586797413901,0.9991662376719023,0.1816642920771345,0.9671220012090136,0.9671220012090136,1,0.01974006225274906,0.04207211329640784,0.9979586796909522,10.857385635375977,8.703900337219238,1.2474161254979967,fullKTA,checkerboard,56,4,1.0,8
1.2166365308421303,1.0948916520968555,0.043118753335430256,0.9978286394969527,0.9992838293969989,0.1839748209767794,0.9670795957253713,0.9670795957253713,1,0.019784049968046866,0.043118753333255815,0.997828639446633,10.92315673828125,8.752774238586426,1.2479650954694443,fullKTA,checkerboard,57,4,1.0,7
1.2141356494176003,1.0934832428805406,0.042380650443280425,0.9977391397701078,0.9993958693575191,0.1824952784989366,0.9678176516465641,0.9678176516465641,1,0.019815450049976282,0.04238065044114659,0.9977391397198723,10.937421798706055,8.766573905944824,1.247627855083487,fullKTA,checkerboard,58,4,1.0,7
1.2149335003971697,1.094063381309086,0.042641561257707676,0.9977344961994465,0.9994582409319176,0.1831396666457619,0.9681357063767186,0.9681357063767186,1,0.019834746600945082,0.042641561255562795,0.9977344961492605,10.92263126373291,8.7545166015625,1.2476566966338494,fullKTA,checkerboard,59,4,1.0,7
1.2340416685718656,1.1054513486291158,0.047858928776421,0.9977612478981011,0.9994771134410784,0.1940146803844309,0.9663404338935415,0.9663404338935415,1,0.019847796513123604,0.04785892877401528,0.9977612478479466,10.918418884277344,8.73543643951416,1.249899642665518,fullKTA,checkerboard,60,4,1.0,7
1.275000315069108,1.1307680364100912,0.05923004221078166,0.9977626621741514,0.9994824492343024,0.21574544896533554,0.9618920369025767,0.9618920369025767,1,0.019864438397937514,0.05923004220780684,0.997762662124039,10.942398071289062,8.72269058227539,1.2544750920688266,fullKTA,checkerboard,61,4,1.0,8
1.322488033625648,1.162118836921272,0.0729910358185313,0.9977431338679674,0.9994806405951305,0.23936083074137826,0.9562959223156822,0.9562959223156822,1,0.01988169730887408,0.0729910358148685,0.9977431338178994,10.981249809265137,8.716238975524902,1.2598610295219186,fullKTA,checkerboard,62,4,1.0,8
1.3566466700717044,1.186095477158764,0.08334588261995284,0.9977598811318437,0.9994651904067344,0.2557655785833252,0.9519882249075451,0.9519882249075451,1,0.019903451519635896,0.08334588261577498,0.9977598810818291,11.009535789489746,8.718640327453613,1.2627583402908829,fullKTA,checkerboard,63,4,1.0,8
1.3690269785308349,1.1951802588815685,0.08728248853100126,0.9978169351168191,0.999434696540421,0.26194391771285647,0.9502421219186412,0.9502421219186412,1,0.019930217053866744,0.08728248852663194,0.9978169350668689,11.015862464904785,8.732444763183594,1.2614866470552357,fullKTA,checkerboard,64,4,1.0,9
1.365149359525431,1.1923852306371208,0.08613018896327095,0.9978506934995482,0.9993989476435052,0.2605082144576616,0.9504994869119817,0.9504994869119817,1,0.01995296823106836,0.08613018895896421,0.9978506934496533,11.00804328918457,8.752971649169922,1.2576349759144083,fullKTA,checkerboard,65,4,1.0,10
1.3560906347396415,1.1857275817481348,0.08328180455590474,0.9978449778255494,0.9993682235281058,0.2564407105017486,0.9514449772535187,0.9514449772535187,1,0.01997072145305336,0.08328180455174414,0.9978449777756989,10.9996919631958,8.77507209777832,1.2535158504258281,fullKTA,checkerboard,66,4,1.0,9
1.3472318745427219,1.1793467928193913,0.08056458713456865,0.9978617754982297,0.9993317960586969,0.25245409581525224,0.9524351318297597,0.9524351318297597,1,0.019986545377445996,0.08056458713054698,0.9978617754484178,10.994511604309082,8.795000076293945,1.250086584301739,fullKTA,checkerboard,67,4,1.0,10
1.3376133099132306,1.172798985618256,0.07784338493449205,0.9979518578288558,0.9992793801293353,0.24837923000402795,0.9535586860264249,0.9535586860264249,1,0.020002584570499596,0.07784338493060934,0.9979518577790794,10.984579086303711,8.809199333190918,1.2469440945575208,fullKTA,checkerboard,68,4,1.0,10
1.3264463497003567,1.165332206035407,0.0747549331732392,0.9980829894834075,0.9992270381752144,0.24364488097790965,0.9549145623937622,0.9549145623937622,1,0.020019009319615994,0.0747549331695136,0.9980829894336652,10.96518325805664,8.816934585571289,1.2436502904308337,fullKTA,checkerboard,69,4,1.0,10
1.3148214983008342,1.1576851019130527,0.07153841659371839,0.9981849924896301,0.9991972747744082,0.23858571525143105,0.9563225525894125,0.9563225525894125,1,0.020036083346124462,0.07153841659015611,0.9981849924399254,10.946707725524902,8.825481414794922,1.2403524760896039,fullKTA,checkerboard,70,4,1.0,10
1.3039631184532012,1.1505494070892721,0.06846620441529869,0.9982303251013891,0.9991922146208695,0.23362643923690185,0.9576300082986458,0.9576300082986458,1,0.020055063893464082,0.06846620441189263,0.998230325051729,10.940328598022461,8.842506408691406,1.2372429368292956,fullKTA,checkerboard,71,4,1.0,11
1.2931618329253043,1.1434852272201026,0.065378530028617,0.9982472276652409,0.9991927243232144,0.2284879036778844,0.9589216425483219,0.9589216425483219,1,0.020073728655126386,0.06537853002536757,0.9982472276156261,10.942577362060547,8.864723205566406,1.234395830338861,fullKTA,checkerboard,72,4,1.0,10
1.2830742276558926,1.1370459590750697,0.06256516777165012,0.9982769548417603,0.9991805271058923,0.22369099384474098,0.9601177399938449,0.9601177399938449,1,0.020091884760981633,0.06256516776854332,0.9982769547921889,10.944184303283691,8.884661674499512,1.231806534028654,fullKTA,checkerboard,73,4,1.0,9
1.2776038167642711,1.1336624594725073,0.06111410614467139,0.998323238694508,0.9991536459979102,0.221243273533896,0.9607736225378211,0.9607736225378211,1,0.020110763140842296,0.06111410614163949,0.9983232386449807,10.940815925598145,8.89698314666748,1.2297220018557624,fullKTA,checkerboard,74,4,1.0,9
1.2798967891790647,1.1352366342777835,0.06184359438455916,0.9983520968641583,0.9991208871943434,0.22268323719759694,0.960515704589162,0.960515704589162,1,0.020128027766463698,0.0618435943814937,0.998352096814672,10.93304443359375,8.898652076721191,1.2286180355554395,fullKTA,checkerboard,75,4,1.0,9
1.2888602485601588,1.1410190096453607,0.06438863797776352,0.9983387922941283,0.9990935955269806,0.2273117670351766,0.9594579602371072,0.9594579602371072,1,0.020143412712239434,0.06438863797457436,0.9983387922446807,10.921704292297363,8.891945838928223,1.2282693226134818,fullKTA,checkerboard,76,4,1.0,9
1.299293818062857,1.1477819528429705,0.06732459257562456,0.9982983688330493,0.9990780062837765,0.2325371934352354,0.9581938390852739,0.9581938390852739,1,0.020158151503466806,0.06732459257229244,0.9982983687836402,10.904833793640137,8.880979537963867,1.2278863775131552,fullKTA,checkerboard,77,4,1.0,9
1.307268346653523,1.1530490015107586,0.0696040349271769,0.9982698579991233,0.9990709378231751,0.236576709554299,0.9571927451076262,0.9571927451076262,1,0.020173322013773923,0.06960403492373456,0.9982698579497525,10.882368087768555,8.86938762664795,1.2269582237077346,fullKTA,checkerboard,78,4,1.0,9
1.3136610409410534,1.1574435299636152,0.07153246328257556,0.9982768944339953,0.9990647466726268,0.23997081323292138,0.9563566671439857,0.9563566671439857,1,0.02018822246045269,0.07153246327904048,0.9982768943846609,10.862427711486816,8.860551834106445,1.2259312867708116,fullKTA,checkerboard,79,4,1.0,9
1.3217628622541833,1.1631762586488823,0.07406737391292799,0.9983119823289243,0.9990564814126945,0.244287216456652,0.9553002341054045,0.9553002341054045,1,0.020202791097188786,0.07406737390927028,0.9983119822796239,10.853316307067871,8.856133460998535,1.2255140863519605,fullKTA,checkerboard,80,4,1.0,9
1.3319850414590049,1.1704184635053418,0.07725039335247331,0.998351281185024,0.9990472383007459,0.24954389809497513,0.9539983229124773,0.9539983229124773,1,0.02021671443018569,0.07725039334866103,0.9983512811357558,10.851215362548828,8.852859497070312,1.2257299877105932,fullKTA,checkerboard,81,4,1.0,9
1.3402762269446518,1.1763423986927415,0.07984070132417033,0.9983815778167429,0.9990403723577432,0.2537598892578208,0.9529535026157276,0.9529535026157276,1,0.02022972312993895,0.07984070132023276,0.9983815777675049,10.845357894897461,8.84749984741211,1.2258104641921523,fullKTA,checkerboard,82,4,1.0,9
1.3433655281506933,1.1785741714819753,0.08082535414871614,0.9984033783607286,0.9990408905950163,0.255427033900001,0.9525876488771138,0.9525876488771138,1,0.02024287757488101,0.0808253541447326,0.9984033783115215,10.832245826721191,8.841739654541016,1.225126078119327,fullKTA,checkerboard,83,4,1.0,9
1.3428877923608242,1.1782269070874103,0.08068654283827385,0.9984130581881061,0.9990491006255487,0.2553317582703161,0.9526923376699091,0.9526923376699091,1,0.020256016935588764,0.08068654283429975,0.9984130581389307,10.818368911743164,8.838494300842285,1.2240058706278714,fullKTA,checkerboard,84,4,1.0,10
1.3432177885642655,1.1784392859375752,0.08077704233168467,0.9984122640862563,0.9990607336902732,0.25556526184737016,0.9527003007706096,0.9527003007706096,1,0.0202681121256109,0.08077704232770849,0.9984122640371103,10.811957359313965,8.838478088378906,1.22328270220284,fullKTA,checkerboard,85,4,1.0,10
1.346622286439665,1.1808990453686066,0.08184453152249747,0.9984214637136748,0.9990697496760781,0.2572955916667874,0.952317824365347,0.952317824365347,1,0.020279607804989767,0.08184453151847104,0.9984214636645562,10.813908576965332,8.840214729309082,1.2232631115974355,fullKTA,checkerboard,86,4,1.0,10
1.3517839522849455,1.1847578470424058,0.08353999862185363,0.9984579312565225,0.9990708287060195,0.2599788981490106,0.9517009193901234,0.9517009193901234,1,0.02029104035580763,0.0835399986177461,0.99845793120743,10.818079948425293,8.841238021850586,1.223593338589894,fullKTA,checkerboard,87,4,1.0,11
1.3567040800932313,1.188542324024703,0.08521382313626763,0.9985072274897511,0.9990648412882072,0.26261071381284923,0.9510949402134695,0.9510949402134695,1,0.020301953962845693,0.08521382313208004,0.9985072274406824,10.818921089172363,8.840185165405273,1.2238342169018528,fullKTA,checkerboard,88,4,1.0,11
1.360688560629333,1.191598795580909,0.0865528271775654,0.9985378930323541,0.9990583930341774,0.264725699211995,0.9505920147686198,0.9505920147686198,1,0.020312418895532758,0.08655282717331421,0.9985378929833092,10.815088272094727,8.837723731994629,1.2237413841010158,fullKTA,checkerboard,89,4,1.0,11
1.3634413893038517,1.1936362689816038,0.08742224608581496,0.9985386026422562,0.9990546630667556,0.2661401425934538,0.9502405133831819,0.9502405133831819,1,0.020322986001412705,0.08742224608152332,0.9985386025932371,10.805740356445312,8.834054946899414,1.2231914360275402,fullKTA,checkerboard,90,4,1.0,12
1.364909571291707,1.194672222416522,0.08784910664710757,0.9985256174427786,0.9990487424963425,0.26690392419972525,0.9500539178287725,0.9500539178287725,1,0.02033329410274734,0.08784910664279716,0.9985256173937849,10.78909969329834,8.827249526977539,1.2222493156360696,fullKTA,checkerboard,91,4,1.0,12
1.366544219873673,1.195851167420263,0.08834348566063129,0.9985189521139652,0.9990347349828876,0.2677788885931114,0.9498453632148123,0.9498453632148123,1,0.020343290220945675,0.08834348565629875,0.998518952064996,10.767117500305176,8.816514015197754,1.2212443015168788,fullKTA,checkerboard,92,4,1.0,11
1.370349932678004,1.1986542804591322,0.08953563973764596,0.9985195648929958,0.9990138564830322,0.2696910366506312,0.9493566391316494,0.9493566391316494,1,0.020353278127920805,0.08953563973325716,0.9985195648440509,10.74551010131836,8.803625106811523,1.2205778836496732,fullKTA,checkerboard,93,4,1.0,11
1.3761621338516243,1.2029440954569945,0.0913530801130576,0.998517864343206,0.9989917185342386,0.27250717075398806,0.9486062740033778,0.9486062740033778,1,0.02036339763319069,0.09135308010858192,0.9985178642942856,10.727587699890137,8.791215896606445,1.2202621145989536,fullKTA,checkerboard,94,4,1.0,10
1.3813034111820082,1.2067427291863628,0.09295599846306156,0.9985142448312159,0.9989715330261203,0.2749852253910416,0.9479371273331747,0.9479371273331747,1,0.02037372889436886,0.0929559984585097,0.9985142447823208,10.711350440979004,8.780977249145508,1.2198358038133084,fullKTA,checkerboard,95,4,1.0,10
1.3837038946650781,1.2085053777102903,0.0937022113426943,0.998515896522954,0.9989538729561684,0.2762147164407843,0.9476173708881283,0.9476173708881283,1,0.020384457246544332,0.09370221133810831,0.9985158964740846,10.693161964416504,8.772897720336914,1.2188859719208747,fullKTA,checkerboard,96,4,1.0,11
1.384151421992442,1.2088782933167803,0.09386415647994817,0.9985199905761496,0.9989387141219711,0.27660669578788083,0.9475266277236866,0.9475266277236866,1,0.02039526367720911,0.0938641564753567,0.9985199905273059,10.671725273132324,8.765178680419922,1.2175137167448873,fullKTA,checkerboard,97,4,1.0,11
1.3853482150783254,1.2097502515602547,0.09423043611961084,0.9985185835456333,0.9989251252471913,0.27730306853606873,0.9473294790884375,0.9473294790884375,1,0.020405738392590623,0.09423043611500385,0.9985185834968152,10.64736557006836,8.755179405212402,1.2161219179276015,fullKTA,checkerboard,98,4,1.0,11
1.3885952949730545,1.212141647873086,0.09523349150522496,0.998514296705303,0.9989098962422156,0.278927745121557,0.9468518807655465,0.9468518807655465,1,0.020415742066389457,0.09523349150057124,0.998514296656509,10.619322776794434,8.740760803222656,1.2149197324880403,fullKTA,checkerboard,99,4,1.0,11
1.3931134918863395,1.2155452859608564,0.0966670195403732,0.9985157304081511,0.9988905979490627,0.28117377889077483,0.946192940303843,0.946192940303843,1,0.020425098849601617,0.09666701953565161,0.9985157303593799,10.586554527282715,8.721681594848633,1.2138203409689177,fullKTA,checkerboard,100,4,1.0,11
6.4319868982486765,4.704746885367308,0.04563913185585039,0.13711737673815066,0.13806408733590245,0.06535464335814252,0.11481262455535239,0.46951079848689165,6,0.0022257993389362047,0.045639131835401095,0.1371173766767132,8.816275596618652,5.725840091705322,1.5397348608091095,randomKTA,checkerboard,1,4,0.36666666666666664,28
7.036383137530617,5.930899584039078,0.018212180089661866,0.18598714400773964,0.18946879809937722,0.04361143226235754,0.1649207465390978,0.47788311766486335,13,0.0024523463545773156,0.018212180082255936,0.18598714393210847,8.507993698120117,5.480781555175781,1.552332201615303,randomKTA,checkerboard,2,4,0.4,28
6.954168060220216,5.694695755819906,0.008335369206212207,0.2232021373895531,0.2290751814338879,0.02994498037065973,0.19063012079622377,0.54611864309952,13,0.0025068928272924955,0.008335369202896637,0.22320213730076974,8.233722686767578,5.237278461456299,1.5721376564874314,randomKTA,checkerboard,3,4,0.43333333333333335,28
5.575255313056225,3.826983515741292,0.004564864254600025,0.24103189507959702,0.2532023371118063,0.02122326238074081,0.19773978308273304,0.5544721530398347,13,0.0023686908913632095,0.004564864252678246,0.24103189497812405,8.586698532104492,5.123952865600586,1.6757957688778147,randomKTA,checkerboard,4,4,0.43333333333333335,29
4.626277745843839,3.1798794484583017,0.005004103994882615,0.2501180575376614,0.25756995683179595,0.021906396167950017,0.20147444968058167,0.5591129959953088,13,0.0023190574593809922,0.005004103992730824,0.2501180574301093,8.657979965209961,5.013721466064453,1.7268569911212799,randomKTA,checkerboard,5,4,0.4666666666666667,29
5.000266249008825,3.291206655951766,0.008749763797635188,0.23908591984510402,0.2455305092938299,0.028994631095794397,0.19470221417925948,0.5727930295332021,13,0.002295845951911726,0.008749763793834733,0.23908591974125717,8.531755447387695,4.980782508850098,1.712934751161357,randomKTA,checkerboard,6,4,0.5,28
5.466453891931792,3.838670574813259,0.00629647125951533,0.250299846210103,0.2512042839217674,0.02526262954874077,0.19894124170382682,0.5635274994777993,13,0.002386210096938447,0.00629647125688405,0.2502998461055033,8.381601333618164,5.237608909606934,1.6002724675076163,randomKTA,checkerboard,7,4,0.5,28
6.306449982068929,4.727323543952505,0.005357960322392939,0.25299561538807547,0.2574472345273834,0.024399571378391577,0.20497274802895027,0.5592740882710223,13,0.0025638174787578696,0.005357960320309066,0.2529956152896778,8.085693359375,5.295495510101318,1.5269002388822288,randomKTA,checkerboard,8,4,0.5,28
4.994965546506638,3.2745392707769363,0.00504095184523301,0.24999382770725337,0.25739471757030763,0.025289039456513805,0.21400945594486048,0.5499235939401123,13,0.0028448952660611506,0.0050409518434662536,0.24999382761963534,7.682384014129639,5.212724208831787,1.4737752672800328,randomKTA,checkerboard,9,4,0.5333333333333333,28
5.805607169085396,3.9403165282637698,0.0075794886964911335,0.23514964488601178,0.2479383529785404,0.03330542825038214,0.21763737759610396,0.5381149486430495,13,0.0031449028653251256,0.007579488694088254,0.2351496448114637,7.186417102813721,5.053018569946289,1.4222027889536701,randomKTA,checkerboard,10,4,0.5666666666666667,28
6.710868679595785,4.775805255266946,0.012351561727652846,0.203454883031755,0.23775746543912685,0.04476219757388696,0.2093369965532944,0.516125605776607,13,0.0033854450342800436,0.012351561724015506,0.20345488297184078,6.86559534072876,4.856857776641846,1.4135878908676613,randomKTA,checkerboard,11,4,0.5666666666666667,27
6.406237285170063,4.8032551116718745,0.014989762130975455,0.015246458406384673,0.2338591603008544,0.051865324207389076,0.007960511400665964,0.5042586199526565,13,0.0036462128030067572,0.01498976212687718,0.015246458402216218,6.539093494415283,4.753512382507324,1.3756340508289044,randomKTA,checkerboard,12,4,0.5666666666666667,28
7.569417593286394,5.5190813646335775,0.02239699716530678,0.04569267226883093,0.24292604785655902,0.06601211335318069,0.07766606293853037,0.4937968018207243,13,0.003876267330941233,0.02239699715954714,0.04569267225708054,6.278022289276123,4.717295169830322,1.3308521225099865,randomKTA,checkerboard,13,4,0.5666666666666667,27
8.965693800504189,7.047372070581581,0.031128874123945167,0.061900399346380225,0.25009515778674785,0.07963640597258334,0.09024578351295619,0.49741010737785113,13,0.0040093091646690605,0.03112887411620611,0.06190039933099095,6.087794303894043,4.686137676239014,1.2991070097579096,randomKTA,checkerboard,14,4,0.5666666666666667,26
9.121787260266961,7.233044425468765,0.030278991802072757,0.06603182651853048,0.2371463701485566,0.07908306297317795,0.09807764302333481,0.5121772027766386,13,0.004049099291608754,0.030278991794619264,0.06603182650227606,5.990620136260986,4.599046230316162,1.3025788035724655,randomKTA,checkerboard,15,4,0.5666666666666667,26
9.220573490428148,7.1279767657289685,0.034339130447981085,0.07246304134590364,0.2210217186820168,0.08482685131736062,0.10220710041960676,0.4954502258764832,13,0.0040899516625500605,0.03433913043961284,0.07246304132824483,5.9092278480529785,4.519011497497559,1.3076372678679744,randomKTA,checkerboard,16,4,0.5666666666666667,26
8.35185780692052,6.27670117484162,0.03273655327481492,0.07114922967845291,0.20500020514837053,0.0838269462276549,0.10422447934297094,0.46524167812897893,13,0.004175576599283842,0.032736553267001006,0.07114922966147025,5.844115257263184,4.4359660148620605,1.3174391412562687,randomKTA,checkerboard,17,4,0.5666666666666667,25
8.654670287115685,6.524390543327127,0.03322300820214185,0.07113227440008596,0.18880661989285674,0.08584532155881941,0.10576033382465395,0.4193592605837779,13,0.004305120142924031,0.03322300819445067,0.07113227438361872,5.780343532562256,4.345579624176025,1.3301662913740646,randomKTA,checkerboard,18,4,0.5666666666666667,25
8.79141879550867,6.402397879899428,0.03185948442614284,0.07634643290388271,0.1802195486092636,0.0855287434166064,0.1176013156154764,0.4030234886467215,13,0.004461293196958411,0.03185948441902571,0.07634643288682759,5.737089157104492,4.237261772155762,1.3539614651148446,randomKTA,checkerboard,19,4,0.5666666666666667,24
8.573634899137613,6.255546990930873,0.03273496185764293,0.0880840974527379,0.18200485159435018,0.08836068265611655,0.13456806738306054,0.42228225946623105,6,0.004634498982179677,0.03273496185060372,0.0880840974337966,5.691615581512451,4.149240970611572,1.371724520659057,randomKTA,checkerboard,20,4,0.5666666666666667,24
8.660833594369935,6.436128684773016,0.03137831510420921,0.10537095842853034,0.19054768256162594,0.08875553220179155,0.16061625940046068,0.43478917897553127,6,0.004869999509584448,0.03137831509778822,0.10537095840696814,5.629817485809326,4.053825855255127,1.3887664854941395,randomKTA,checkerboard,21,4,0.5666666666666667,24
8.577006120174877,6.387606897578658,0.03254072544435137,0.15411529770162283,0.21950071692879836,0.0926567795649754,0.21162580210504597,0.44246297488182446,13,0.005094230779215417,0.03254072543798573,0.15411529767147472,5.5728631019592285,3.991269588470459,1.3962632637134076,randomKTA,checkerboard,22,4,0.5666666666666667,24
8.289332514993447,6.033856498383472,0.03350671348938538,0.2039830489630501,0.25713244114585565,0.09690080413417389,0.25649306612048667,0.46345116396064584,13,0.0053412778433980755,0.03350671348313411,0.2039830489249935,5.459831714630127,3.96474289894104,1.3770960321505437,randomKTA,checkerboard,23,4,0.6333333333333333,24
8.25777500757221,5.860556922507537,0.03905527620760136,0.23170408992989586,0.2917075397729586,0.1064681526799217,0.27566804087186825,0.4839468022923182,13,0.005477902996272663,0.039055276200496765,0.23170408988774627,5.381772518157959,3.959848403930664,1.359085492468472,randomKTA,checkerboard,24,4,0.6333333333333333,25
8.28761140266478,6.085864422815817,0.057054985456178056,0.22129595456214396,0.3171993832913601,0.12995009606745536,0.2557353370114605,0.5104966458435819,13,0.005543683210909724,0.057054985445922426,0.221295954522366,5.315435886383057,3.9509224891662598,1.3453657724131654,randomKTA,checkerboard,25,4,0.6333333333333333,25
8.432274981355897,6.483395398898044,0.07516017114230164,0.19111324545259978,0.3209115301912633,0.1504477389206071,0.21545835633231075,0.5291176704201819,13,0.005604278321340879,0.07516017112893801,0.19111324541861943,5.245865821838379,3.945993185043335,1.3294158341987707,randomKTA,checkerboard,26,4,0.6333333333333333,25
8.497177008151434,6.85185072071998,0.09474884815173246,0.1731915907691804,0.31326385743941143,0.17082685481502094,0.17771935563261465,0.5382740736084811,13,0.0056977149423733066,0.09474884813516266,0.17319159073889245,5.172034740447998,3.9562442302703857,1.307309265912841,randomKTA,checkerboard,27,4,0.6333333333333333,25
8.560787322453656,7.147788745999293,0.10572547553250607,0.172632251693577,0.3189667449199112,0.18537900917952585,0.16739041723768516,0.5324846384956253,13,0.0059676102947181595,0.10572547551485345,0.17263225166475316,5.0875043869018555,3.948709487915039,1.288396728721318,randomKTA,checkerboard,28,4,0.6333333333333333,25
9.04888726633592,7.541275914024338,0.11468642663650484,0.176353585340406,0.33478426830312374,0.19803221908011387,0.16411073263110293,0.5213969593710092,13,0.006244751911116694,0.1146864266182063,0.17635358531226827,5.026486396789551,3.9355385303497314,1.2772042143725613,randomKTA,checkerboard,29,4,0.6333333333333333,25
9.051619887568993,7.74683108580281,0.11886669113277228,0.1830844159501485,0.3622118203269461,0.20953240151740177,0.17421447674187723,0.4999457392685497,13,0.006694029874391624,0.11886669111508019,0.18308441592289826,4.9472479820251465,3.8662712574005127,1.2795915373382645,randomKTA,checkerboard,30,4,0.6666666666666666,25
8.248652851537377,6.9759764175459225,0.11643041005835869,0.1919026469614006,0.38554114315013943,0.21487158028045894,0.19458444914942144,0.4720880127248803,13,0.007085134535958526,0.11643041004198632,0.19190264693441536,4.8385796546936035,3.8245503902435303,1.2651368555727773,randomKTA,checkerboard,31,4,0.6666666666666666,25
7.999787906832324,6.555797699290236,0.10933888073656105,0.2087193039428961,0.44489790650768163,0.21682097630602387,0.22923656186267383,0.45000978779587814,6,0.007537003075200412,0.10933888072210808,0.2087193039153065,4.711391925811768,3.8309834003448486,1.229812670393309,randomKTA,checkerboard,32,4,0.6666666666666666,25
7.403049227155363,5.56163344149193,0.11078158331475917,0.21864605851538457,0.5392240849987366,0.22541382374005287,0.24342841932181467,0.4641249236503917,6,0.007950822789803918,0.11078158330087794,0.21864605848798763,4.63283109664917,3.867905616760254,1.1977621885531988,randomKTA,checkerboard,33,4,0.6666666666666666,23
6.705820986520208,4.674982177151896,0.11671600863344106,0.2300166536184457,0.6109944756024781,0.23672768131938504,0.2535284621644413,0.5120694897756463,2,0.008283183162912369,0.11671600861940329,0.2300166535907809,4.590944766998291,3.8855156898498535,1.1815535268561779,randomKTA,checkerboard,34,4,0.7,23
6.312081687904738,4.286796221760353,0.12090623273303083,0.23402706054973005,0.64201248280836,0.24449199900394974,0.25596673083102567,0.5373369102435309,2,0.008480069312991383,0.12090623271882696,0.2340270605222369,4.5432844161987305,3.8781630992889404,1.1715042147223174,randomKTA,checkerboard,35,4,0.7333333333333333,23
6.161469630048639,4.19548585638878,0.12030494320393276,0.23461186395060768,0.6482668869370686,0.24642726644300497,0.2596861327929421,0.5451356786852837,2,0.008601986298410403,0.12030494319000011,0.234611863923437,4.491073131561279,3.8425469398498535,1.1687750863846567,randomKTA,checkerboard,36,4,0.7333333333333333,23
6.10714598276376,4.188772636728741,0.11929252156938565,0.23665754816600593,0.6527102174442457,0.2468543567524751,0.2652848466269083,0.5550361618535903,2,0.008704590901327133,0.11929252155573339,0.23665754813892198,4.465920925140381,3.804461717605591,1.1738640724054696,randomKTA,checkerboard,37,4,0.7333333333333333,22
6.1926046633763505,4.268126853828228,0.10912632682780021,0.22953359525975622,0.6423283069890541,0.23655812331814874,0.27069017738843165,0.5578378941447065,2,0.00875243161609458,0.10912632681537986,0.22953359523363157,4.456952095031738,3.7557084560394287,1.1867140773037046,randomKTA,checkerboard,38,4,0.7333333333333333,22
6.233225587895011,4.280588771030064,0.10030857054127058,0.22668673534474792,0.6430990020519595,0.22672681716417387,0.27898456839811664,0.565719357398671,2,0.008804294079460175,0.10030857052992112,0.2266867353190993,4.480615615844727,3.72835373878479,1.201767839041991,randomKTA,checkerboard,39,4,0.7333333333333333,23
6.801630175220673,4.558192278032438,0.0973213397988302,0.2245229045876305,0.6272609052502779,0.22306920069008992,0.28150357643988844,0.560767277326854,2,0.008842194704678747,0.09732133978786597,0.22452290456233573,4.506526947021484,3.6986031532287598,1.2184402490129862,randomKTA,checkerboard,40,4,0.7333333333333333,22
6.691668596231881,4.409293233659211,0.09691296686421143,0.2159190294306464,0.6331601346917322,0.22486703118673965,0.2753139271466281,0.5736042824577182,2,0.00900140743526418,0.09691296685348638,0.21591902940675134,4.487859725952148,3.6763908863067627,1.220724309448866,randomKTA,checkerboard,41,4,0.7666666666666667,22
6.594199095671369,4.257249725343021,0.09137019898124184,0.21417167908219453,0.644953335685795,0.22122504301192975,0.28307443705708357,0.5867887936502997,2,0.00921322511414452,0.09137019897136274,0.21417167905903792,4.466618061065674,3.6664445400238037,1.218242363222943,randomKTA,checkerboard,42,4,0.7666666666666667,22
5.970946178189296,3.657650706195933,0.0871807291571377,0.20708384758887474,0.6903746330815881,0.2213423933252788,0.28588323798532916,0.6321062595138605,2,0.009697829725995935,0.08718072914818262,0.20708384756760334,4.479720115661621,3.693283796310425,1.212936877511452,randomKTA,checkerboard,43,4,0.8,21
4.925082304941461,3.1032236097260113,0.09014524929001283,0.19236176256920823,0.7200292830787917,0.22819296152784668,0.26963633592407205,0.6682856539034415,2,0.01013357250242857,0.09014524928115132,0.19236176255029852,4.564332485198975,3.706834077835083,1.2313290504395784,randomKTA,checkerboard,44,4,0.8333333333333334,21
4.228482055805655,2.6112591973802903,0.08701552189494491,0.15957312815641683,0.7517457710733042,0.22895136661284737,0.23241114385265804,0.7125080832589368,2,0.01059288594117257,0.0870155218867619,0.15957312814141045,4.5835957527160645,3.7090706825256348,1.235780103708808,randomKTA,checkerboard,45,4,0.8666666666666667,20
3.6483501976725394,2.2109023601019375,0.07407259041552593,0.11073309041827006,0.7666173866326117,0.2146659815629494,0.16814010638998245,0.7508968103900048,2,0.010908306999875597,0.07407259040876145,0.1107330904081577,4.578814506530762,3.6938369274139404,1.2395822004343748,randomKTA,checkerboard,46,4,0.8666666666666667,20
3.2449031089862563,1.9626877360189137,0.06358045363276194,0.0814531334247586,0.783632448102482,0.20119276953132764,0.1186548018119951,0.7784213399506101,2,0.011112570765172391,0.06358045362706231,0.08145313341745679,4.566512107849121,3.6906661987304688,1.2373137699146817,randomKTA,checkerboard,47,4,0.9,20
3.0545349222584957,1.8151795660992098,0.047399333881802515,0.053350332747795264,0.7871874056159579,0.1753725488172285,0.06898840445219884,0.7954853916625491,2,0.011226297360286547,0.04739933387759646,0.05335033274306114,4.532831192016602,3.677546739578247,1.2325692949684193,randomKTA,checkerboard,48,4,1.0,19
2.8871127340103895,1.753771241426975,0.03196105583747983,0.032495161883719086,0.7798904289057146,0.1442531559634336,0.020735094908658994,0.8030583064863929,2,0.011256294188415034,0.03196105583465121,0.0324951618808432,4.555373668670654,3.6844186782836914,1.2363887132369664,randomKTA,checkerboard,49,4,1.0,19
3.089230686077248,1.8238090910092073,0.02412856389738813,0.0480977436826433,0.780147125435047,0.12556904740195024,0.13923594028061562,0.7945937644316364,2,0.01134429468702005,0.024128563895269215,0.04809774367841947,4.605895042419434,3.721330404281616,1.2377011826519984,randomKTA,checkerboard,50,4,1.0,19
3.3341449224321,2.0760142766026997,0.023589248247305013,0.08916851798997753,0.7637746232253008,0.12422177414878799,0.23000574681331012,0.7626589306852393,2,0.011363885225512717,0.023589248245236998,0.08916851798216033,4.629068851470947,3.753740072250366,1.2331884366981725,randomKTA,checkerboard,51,4,1.0,20
3.5425934075227072,2.282554200450746,0.02544758182853998,0.11268652206190151,0.7457500919795689,0.1293162059099805,0.2644070655110962,0.7380567606578134,2,0.011335545802126104,0.025447581826303474,0.11268652205199786,4.591892242431641,3.7654366493225098,1.219484662756605,randomKTA,checkerboard,52,4,1.0,21
3.637910621385376,2.3616152766352503,0.027671623099919645,0.12526939475433943,0.7437299893819864,0.13550254622815563,0.27942572056846204,0.7312176698488503,2,0.011341133003187115,0.027671623097488905,0.12526939474333548,4.5346293449401855,3.7610509395599365,1.2056814485659575,randomKTA,checkerboard,53,4,1.0,20
3.558174795744282,2.306342452628497,0.03101752740685363,0.11510213983950504,0.7423675319252446,0.1440530289870529,0.25885047286148194,0.7382812729722441,2,0.011310655838128608,0.031017527404121684,0.11510213982936714,4.465328693389893,3.7489500045776367,1.191087821373007,randomKTA,checkerboard,54,4,1.0,20
3.2437695618679396,2.059358065760235,0.03948315721972212,0.09780339997978604,0.774685152126944,0.16416140829948822,0.2171677113849509,0.7720211002938351,2,0.011391598965226775,0.03948315721626933,0.09780339997123316,4.384678840637207,3.700810670852661,1.1847887478193524,randomKTA,checkerboard,55,4,1.0,20
2.974213648515914,1.8740594892073,0.05287467757363976,0.08802043363760254,0.8057952925891463,0.19075364781772225,0.16931907323042655,0.7991436164597485,2,0.011455294578804913,0.05287467756904161,0.088020433629948,4.366950988769531,3.6841509342193604,1.1853344411617233,randomKTA,checkerboard,56,4,1.0,20
2.706751413235635,1.763757329316643,0.06420710256084149,0.07354500045103848,0.8153674929949047,0.20958064669891027,0.08689720914569891,0.8147267717227243,2,0.011356243684402752,0.06420710255520917,0.07354500044458702,4.348772048950195,3.678945779800415,1.182070166085714,randomKTA,checkerboard,57,4,1.0,20
2.5748469316228437,1.7000331754199567,0.0630065109652004,0.06642867088922752,0.823866301829607,0.2064353763143467,0.052245560182911356,0.8239782543622957,2,0.011209693619214072,0.06300651095960116,0.06642867088332417,4.337387561798096,3.678007125854492,1.1792765520510604,randomKTA,checkerboard,58,4,1.0,20
2.6246572056615585,1.722243755739895,0.061902314711547494,0.06197205481511882,0.8145591582126706,0.2037022079534538,0.007401577295238225,0.8205971631574183,2,0.011028368579216909,0.06190231470595599,0.06197205480952101,4.296041488647461,3.66595458984375,1.1718752601431963,randomKTA,checkerboard,59,4,1.0,20
2.777016392928909,1.7726952834295204,0.04623033934015181,0.047857956667703906,0.7884001214139318,0.17621749923121421,0.03591337297594856,0.8097947207234585,2,0.011069274987791007,0.04623033933599132,0.047857956663396935,4.310791015625,3.65399432182312,1.1797475956320038,randomKTA,checkerboard,60,4,1.0,20
2.2633585091842816,1.5234704679909115,0.027628951206227707,0.027660136096985928,0.832334972196113,0.13675329851191806,0.005030785447785688,0.8432628256399779,2,0.011281119216609972,0.02762895120378787,0.02766013609454334,4.3906989097595215,3.6619930267333984,1.198991608587237,randomKTA,checkerboard,61,4,1.0,20
2.0439149715793925,1.4186104979442933,0.015674630550672464,0.016735823702514925,0.8524566920744759,0.10308461432469225,0.02965209700998154,0.8581173282190516,2,0.011448608647225971,0.015674630549308496,0.016735823701058614,4.477184772491455,3.6633551120758057,1.2221541825775328,randomKTA,checkerboard,62,4,1.0,20
2.014661324002331,1.3878736753172765,0.008459269471589691,0.021980224422647653,0.8677199211733737,0.07588533664895447,0.10707765822199729,0.8629352619167114,2,0.011648481868224163,0.008459269470866202,0.021980224420767764,4.562663555145264,3.662781000137329,1.2456828718323452,randomKTA,checkerboard,63,4,1.0,20
2.237039850704793,1.5002927483689628,0.0036872398100878537,0.06285203047535069,0.8743314526801456,0.050040487998711636,0.22582109811692017,0.8442524843928151,2,0.011773146194827978,0.0036872398097758307,0.062852030470032,4.648369789123535,3.662491798400879,1.269182306743142,randomKTA,checkerboard,64,4,1.0,20
2.76720751098691,1.9882900822206846,0.001500842647397076,0.6762531987151699,0.8851520194933028,0.03209485092508718,0.7682984887850692,0.7682984887850692,1,0.012021051172391639,0.0015008426472726884,0.6762531986591231,4.715542316436768,3.699573516845703,1.2746178160708685,randomKTA,checkerboard,65,4,1.0,20
2.519427087426956,1.8128862816187796,0.00015038902502398992,0.7200011090628782,0.889333661381168,0.010180848730904222,0.793262697938386,0.793262697938386,1,0.012147457939808051,0.00015038902501165544,0.7200011090038257,4.761416912078857,3.754018545150757,1.2683519952846627,randomKTA,checkerboard,66,4,1.0,20
2.397030543894803,1.758329199209267,0.0009319699281287828,0.7340539102608719,0.8907950561818206,0.025496003898844613,0.797672607487814,0.797672607487814,1,0.012400959942964444,0.0009319699280539062,0.7340539102018961,4.832279205322266,3.88348126411438,1.2443163431671693,randomKTA,checkerboard,67,4,1.0,20
2.3565916320796565,1.626955691521825,0.011003560032487494,0.7848263642994725,0.8904131321822385,0.08797038666008206,0.818205837317612,0.818205837317612,1,0.01274872434526502,0.011003560031627531,0.7848263642381357,4.9724650382995605,4.042294025421143,1.2301096869815844,randomKTA,checkerboard,68,4,1.0,19
2.37522806354313,1.6054840901749148,0.02770290337160928,0.8092904235878876,0.8922753358435438,0.14008915960407822,0.8219162921411073,0.8219162921411073,1,0.013109355656492131,0.027702903369503692,0.8092904235263767,5.125273704528809,4.2007155418396,1.220095398862238,randomKTA,checkerboard,69,4,1.0,19
2.260931179120107,1.5440488763811178,0.03054877981883449,0.8292068147256946,0.8977941460853928,0.14774133278096205,0.8313858764181655,0.8313858764181655,1,0.013412435645202073,0.030548779816565008,0.8292068146640924,5.238481521606445,4.324851036071777,1.2112513189271137,randomKTA,checkerboard,70,4,1.0,19
2.0708864718678943,1.4619718763447043,0.024488324575498637,0.8465744942845191,0.9051283331793482,0.13290540283520175,0.8463954982672854,0.8463954982672854,1,0.013581888413759515,0.024488324573702067,0.8465744942224107,5.271249294281006,4.363253116607666,1.2081007343388042,randomKTA,checkerboard,71,4,1.0,19
1.9761546581255294,1.4110247544942274,0.01187830173376149,0.8493901073544831,0.9071913512541983,0.09257487382357404,0.8564397269061378,0.8564397269061378,1,0.013450283624738987,0.011878301732881525,0.849390107291559,5.205094814300537,4.288030624389648,1.2138660541959652,randomKTA,checkerboard,72,4,1.0,21
1.8950904155142085,1.3883342964006478,0.0029838574624600172,0.8470162800291391,0.9107691680661051,0.046402882998010486,0.8628386061942089,0.8628386061942089,1,0.01325154642534043,0.0029838574622356564,0.8470162799654506,5.1072564125061035,4.1782989501953125,1.222329104112128,randomKTA,checkerboard,73,4,1.0,21
1.9936155309183643,1.4587079967278966,0.0003217463542347955,0.8213635699056215,0.907158520072435,0.01517603623475653,0.8471743635279954,0.8471743635279954,1,0.013197629943669523,0.0003217463542105039,0.8213635698436094,5.1348042488098145,4.204812526702881,1.221173171502832,randomKTA,checkerboard,74,4,1.0,20
2.244192031850354,1.576015926509558,0.0035449808613268676,0.7902535877969946,0.8978583324393338,0.04994616150696906,0.8197701166511898,0.8197701166511898,1,0.013336051302664952,0.003544980861061992,0.7902535877379482,5.337990760803223,4.397419452667236,1.2138916512875007,randomKTA,checkerboard,75,4,1.0,20
2.3989323745914515,1.6429855602774017,0.0038314286847356866,0.7728660453867633,0.8870831600598557,0.05147071815249397,0.7999662463825568,0.7999662463825568,1,0.013448923493407452,0.003831428684451796,0.7728660453294975,5.556087017059326,4.616696357727051,1.203476812539078,randomKTA,checkerboard,76,4,1.0,20
2.4879138094392044,1.679716110522609,0.0003311023052843305,0.7607947844608512,0.8751240090013293,0.015047855682766603,0.7881176760366451,0.7881176760366451,1,0.013401869084875331,0.00033110230525971074,0.7607947844042808,5.6343159675598145,4.717637538909912,1.1943087872029527,randomKTA,checkerboard,77,4,1.0,19
2.573772421818141,1.749120377821795,0.0002894987740361104,0.7435544574025407,0.8604265546071957,0.014033233343785973,0.7756561205908101,0.7756561205908101,1,0.013155483407261347,0.00028949877401418143,0.743554457346218,5.525662422180176,4.643637657165527,1.1899426333689966,randomKTA,checkerboard,78,4,1.0,19
2.7846314899397187,1.8547447472636691,0.0020595891342927077,0.7208834450076191,0.8485480246806356,0.03737367118040779,0.7616565695661425,0.7616565695661425,1,0.012880594431072848,0.002059589134133373,0.7208834449518499,5.384101867675781,4.524476051330566,1.1899945555223403,randomKTA,checkerboard,79,4,1.0,19
2.8930544248305092,1.9163338466457063,0.004708168772232844,0.7097454543438166,0.8462836056060045,0.0557807117194939,0.7539973161976884,0.7539973161976884,1,0.012714364949488577,0.004708168771863842,0.7097454542881906,5.47573184967041,4.487771511077881,1.2201449731013643,randomKTA,checkerboard,80,4,1.0,19
2.5635071566782957,1.8057143998818712,0.0008807763021329638,0.7267798955969438,0.8681337445312047,0.024020124324898588,0.7667039406766097,0.7667039406766097,1,0.013007824743060547,0.000880776302065487,0.7267798955412647,5.736320495605469,4.640226364135742,1.2362156596368206,randomKTA,checkerboard,81,4,1.0,19
2.420010400858381,1.7501089444292932,0.00034345413019746894,0.7383486135161473,0.8824078038203403,0.015047209207944607,0.7732658227375773,0.7732658227375773,1,0.013298497831229227,0.00034345413017173085,0.7383486134608163,5.8911542892456055,4.7934184074401855,1.2290089845068233,randomKTA,checkerboard,82,4,1.0,18
2.5047427915441975,1.7720568501753655,0.005633614239757356,0.7369392887950331,0.8983169180709305,0.06168533694612787,0.7719800720974254,0.7719800720974254,1,0.01360882888931794,0.0056336142393447995,0.736939288741066,5.911498069763184,4.8996052742004395,1.20652537070482,randomKTA,checkerboard,83,4,1.0,18
2.5250555791507945,1.8358924729539774,0.02095433148979603,0.7346360926952167,0.9061249185973719,0.11995648766542798,0.7646014654026942,0.7646014654026942,1,0.013808367583086218,0.02095433148828368,0.7346360926421954,5.912139892578125,4.956244468688965,1.192866883368411,randomKTA,checkerboard,84,4,1.0,18
2.59876716466269,1.8415870911513519,0.041189462286399935,0.7567626597090453,0.9155471604838398,0.16962936035815165,0.7731413583530924,0.7731413583530924,1,0.014085973395917984,0.0411894622834857,0.756762659655503,5.9427571296691895,4.969814300537109,1.195770459476873,randomKTA,checkerboard,85,4,1.0,18
2.6368395140752385,1.8171542912330145,0.05132447347918216,0.7755030174414274,0.9186393627266698,0.19071443900074309,0.7824699213402315,0.7824699213402315,1,0.01427343631353883,0.05132447347559852,0.7755030173872793,5.952839374542236,4.989731311798096,1.1930180209234318,randomKTA,checkerboard,86,4,1.0,18
2.6131860398101323,1.784669679380887,0.060289175947180786,0.7939432652554534,0.9196368520987415,0.20744910664729993,0.7902249083926476,0.7902249083926476,1,0.014420162437712826,0.06028917594301396,0.793943265200581,6.002003192901611,5.033498287200928,1.1924118874068528,randomKTA,checkerboard,87,4,1.0,18
2.6290202789250148,1.784322379053768,0.08501310780035042,0.8201886372725117,0.9214291776789999,0.24700428381968986,0.7965123548777133,0.7965123548777133,1,0.014601795048555138,0.08501310779454782,0.8201886372165293,6.073229789733887,5.050667762756348,1.2024607586578382,randomKTA,checkerboard,88,4,1.0,19
2.648828116479416,1.789301197140452,0.09878158814036572,0.8332041261300469,0.920075203951806,0.2668543166941048,0.7999248282549835,0.7999248282549835,1,0.014597159869992046,0.09878158813362128,0.8332041260731589,6.024830341339111,4.984997272491455,1.2085925050720738,randomKTA,checkerboard,89,4,1.0,19
2.6459045328895088,1.7863751876761957,0.10522038029670817,0.8405245501832769,0.9167699723382169,0.2752711410386067,0.8022866126213519,0.8022866126213519,1,0.014481808951198022,0.10522038028946702,0.8405245501254327,5.953331470489502,4.897669792175293,1.2155436611916057,randomKTA,checkerboard,90,4,1.0,20
2.504904903350243,1.731270877856285,0.10583463633033452,0.8534313000769562,0.9263132864301219,0.27735691162501797,0.8143046753069157,0.8143046753069157,1,0.014535247973000804,0.10583463632307798,0.8534313000184407,5.897110939025879,4.832623481750488,1.220271134569869,randomKTA,checkerboard,91,4,1.0,20
2.408472786025041,1.6917170754926742,0.11247924443267787,0.8689230648335996,0.9351603266190474,0.2865297619183529,0.8255679314649091,0.8255679314649091,1,0.014618405409773834,0.1124792444250096,0.8689230647743608,5.905691146850586,4.7841949462890625,1.2344169109225358,randomKTA,checkerboard,92,4,1.0,19
2.363807503059328,1.6592328251811053,0.11346812054760982,0.8780179552398434,0.9391909247854568,0.2867143918628353,0.835359912657058,0.835359912657058,1,0.014527105894842334,0.11346812053982555,0.8780179551796085,5.907783031463623,4.68930196762085,1.2598427382700028,randomKTA,checkerboard,93,4,1.0,19
2.3105306971618775,1.6109165013004398,0.10054537740173726,0.8787117508364771,0.9406896269923345,0.2695416822628483,0.8450873389513152,0.8450873389513152,1,0.014363885115405197,0.10054537739476124,0.8787117507755104,5.8324995040893555,4.592125415802002,1.2701089312625962,randomKTA,checkerboard,94,4,1.0,18
2.2638739305668323,1.5791919502431984,0.08833453608019319,0.8755709723911522,0.9430385561136787,0.2519886278221354,0.8534072301604602,0.8534072301604602,1,0.01421099569394073,0.08833453607399848,0.8755709723297502,5.792747497558594,4.500994682312012,1.2869927441420046,randomKTA,checkerboard,95,4,1.0,18
2.26135012311821,1.5945300347742684,0.07531655922288812,0.8577526953475039,0.9482189566541306,0.23200320999325594,0.8498278787135086,0.8498278787135086,1,0.01411868349725254,0.07531655921757179,0.8577526952869581,5.790755748748779,4.483526229858398,1.2915628128109278,randomKTA,checkerboard,96,4,1.0,18
2.136926181851904,1.5367947174366334,0.05901183219130982,0.8566996515222636,0.957402430966579,0.20563349860315158,0.8559857753722728,0.8559857753722728,1,0.01429516013037049,0.05901183218719569,0.856699651462537,5.89633846282959,4.599714756011963,1.2818921988850764,randomKTA,checkerboard,97,4,1.0,18
1.9679073540912495,1.4481493722199534,0.041651971508287734,0.8652761762848287,0.9645484844432922,0.17266737509460353,0.8685343689576807,0.8685343689576807,1,0.01449635090916721,0.04165197150542406,0.8652761762253388,6.061471462249756,4.737161159515381,1.2795577896000006,randomKTA,checkerboard,98,4,1.0,18
1.8213232130601336,1.3785142088208948,0.026613947272297458,0.8722526090196293,0.9661061814198966,0.13799541163398762,0.8772471026139214,0.8772471026139214,1,0.014643926608888627,0.026613947270486073,0.8722526089602625,6.179405212402344,4.858560562133789,1.2718592540682856,randomKTA,checkerboard,99,4,1.0,17
1.7304558427831431,1.3385543611843556,0.016340039621325006,0.8750793778743157,0.967657180337819,0.10793437321948096,0.8831429524804583,0.8831429524804583,1,0.01467147722863244,0.016340039620214953,0.8750793778148676,6.238900661468506,4.897493362426758,1.273896705880535,randomKTA,checkerboard,100,4,1.0,17
5.385340688303906,4.302756475196044,0.009649615146515519,0.12422837366170889,0.12424928129082484,0.023286219649446098,0.0988910120710424,0.44690929102132854,6,0.001410769299082592,0.009649615139692258,0.12422837357386676,10.279159545898438,6.7676215171813965,1.5188732880230602,quackKTA,checkerboard,1,4,0.43333333333333335,30
5.385340688303906,4.302756475196044,0.009649615146515519,0.12422837366170889,0.12424928129082484,0.023286219649446098,0.0988910120710424,0.44690929102132854,6,0.001410769299082592,0.009649615139692258,0.12422837357386676,10.279159545898438,6.7676215171813965,1.5188732880230602,quackKTA,checkerboard,2,4,0.43333333333333335,30
5.488808299470718,4.043050681573924,0.00010558543654430727,0.1245452686179843,0.1325415494364251,0.0021495896558461915,0.09343474178860754,0.4873013621575355,6,0.0011295246107590094,0.00010558543645105253,0.12454526850798392,10.81808090209961,6.748378753662109,1.6030636834406207,quackKTA,checkerboard,3,4,0.4,29
5.488808299470718,4.043050681573924,0.00010558543654430727,0.1245452686179843,0.1325415494364251,0.0021495896558461915,0.09343474178860754,0.4873013621575355,6,0.0011295246107590094,0.00010558543645105253,0.12454526850798392,10.81808090209961,6.748378753662109,1.6030636834406207,quackKTA,checkerboard,4,4,0.4,29
7.110007941165193,5.299794186495092,0.0018861628994642405,0.1474978527390536,0.24281279303078623,0.008955418127965676,0.09940699385878585,0.44709253483673456,6,0.0011014693749333971,0.0018861628977559172,0.14749785260546278,10.864959716796875,6.807427406311035,1.596044888664194,quackKTA,checkerboard,5,4,0.4,29
7.110007941165193,5.299794186495092,0.0018861628994642405,0.1474978527390536,0.24281279303078623,0.008955418127965676,0.09940699385878585,0.44709253483673456,6,0.0011014693749333971,0.0018861628977559172,0.14749785260546278,10.864959716796875,6.807427406311035,1.596044888664194,quackKTA,checkerboard,6,4,0.4,29
6.961039814282356,5.659289376810937,0.009485037075689446,0.15980233194885146,0.389837018812736,0.021111123994336477,0.10612688317833807,0.3999580948508494,14,0.0012203842262194658,0.009485037067935843,0.15980233181822,10.870247840881348,6.8168110847473145,1.5946236012322603,quackKTA,checkerboard,7,4,0.43333333333333335,29
6.961039814282356,5.659289376810937,0.009485037075689446,0.15980233194885146,0.389837018812736,0.021111123994336477,0.10612688317833807,0.3999580948508494,14,0.0012203842262194658,0.009485037067935843,0.15980233181822,10.870247840881348,6.8168110847473145,1.5946236012322603,quackKTA,checkerboard,8,4,0.43333333333333335,29
6.859647806412429,5.295778212753405,0.01737806573143448,0.13662232075451625,0.4508050863912753,0.029973689157862922,0.0998871223345734,0.41889986540714397,14,0.0013457975711693262,0.017378065718552736,0.13662232065324292,10.811273574829102,6.679966449737549,1.6184622566857727,quackKTA,checkerboard,9,4,0.43333333333333335,29
6.859647806412429,5.295778212753405,0.01737806573143448,0.13662232075451625,0.4508050863912753,0.029973689157862922,0.0998871223345734,0.41889986540714397,14,0.0013457975711693262,0.017378065718552736,0.13662232065324292,10.811273574829102,6.679966449737549,1.6184622566857727,quackKTA,checkerboard,10,4,0.43333333333333335,29
6.85413490223806,4.666732369019573,0.02219753285056125,0.10215866975404446,0.4943530820860208,0.035020311708468484,0.0854456173307028,0.42070998024318645,14,0.0014400038446768894,0.022197532835183872,0.10215866968327386,10.704306602478027,6.477288246154785,1.6525907441020462,quackKTA,checkerboard,11,4,0.43333333333333335,29
6.85413490223806,4.666732369019573,0.02219753285056125,0.10215866975404446,0.4943530820860208,0.035020311708468484,0.0854456173307028,0.42070998024318645,14,0.0014400038446768894,0.022197532835183872,0.10215866968327386,10.704306602478027,6.477288246154785,1.6525907441020462,quackKTA,checkerboard,12,4,0.43333333333333335,29
6.946359707025992,4.328716178068014,0.02392160218201093,0.07777500618178017,0.5105136070597408,0.03756689335679594,0.07301302044884937,0.4172539199360402,14,0.00153593422970344,0.023921602166474723,0.07777500613126813,10.553871154785156,6.289912700653076,1.6779042344558581,quackKTA,checkerboard,13,4,0.4666666666666667,29
6.946359707025992,4.328716178068014,0.02392160218201093,0.07777500618178017,0.5105136070597408,0.03756689335679594,0.07301302044884937,0.4172539199360402,14,0.00153593422970344,0.023921602166474723,0.07777500613126813,10.553871154785156,6.289912700653076,1.6779042344558581,quackKTA,checkerboard,14,4,0.4666666666666667,29
6.518142154293648,4.02523621296261,0.022374470914653118,0.06575858172717253,0.5143916691386947,0.037563646359636244,0.06794480484002237,0.4229391919366688,14,0.0016330844498342804,0.02237447090098672,0.06575858168700698,10.329645156860352,6.121901035308838,1.6873263872253292,quackKTA,checkerboard,15,4,0.4666666666666667,29
6.518142154293648,4.02523621296261,0.022374470914653118,0.06575858172717253,0.5143916691386947,0.037563646359636244,0.06794480484002237,0.4229391919366688,14,0.0016330844498342804,0.02237447090098672,0.06575858168700698,10.329645156860352,6.121901035308838,1.6873263872253292,quackKTA,checkerboard,16,4,0.4666666666666667,29
6.417008254526856,3.9193047977675755,0.0196302648523222,0.05667464147894911,0.5107829243764176,0.03643602287432315,0.06510791174488811,0.42905416204874824,14,0.0017385129862757078,0.01963026484105958,0.05667464144643274,10.081512451171875,5.958215713500977,1.692035491149817,quackKTA,checkerboard,17,4,0.4666666666666667,29
6.417008254526856,3.9193047977675755,0.0196302648523222,0.05667464147894911,0.5107829243764176,0.03643602287432315,0.06510791174488811,0.42905416204874824,14,0.0017385129862757078,0.01963026484105958,0.05667464144643274,10.081512451171875,5.958215713500977,1.692035491149817,quackKTA,checkerboard,18,4,0.4666666666666667,29
6.613065459074529,4.049599090657854,0.018517538419740322,0.051633714084680135,0.5015891908129193,0.03701373059497897,0.06441496091784016,0.4193829296899583,14,0.0018843250732832914,0.01851753840993873,0.05163371405734969,9.795169830322266,5.783904552459717,1.6935220388716454,quackKTA,checkerboard,19,4,0.4666666666666667,29
6.613065459074529,4.049599090657854,0.018517538419740322,0.051633714084680135,0.5015891908129193,0.03701373059497897,0.06441496091784016,0.4193829296899583,14,0.0018843250732832914,0.01851753840993873,0.05163371405734969,9.795169830322266,5.783904552459717,1.6935220388716454,quackKTA,checkerboard,20,4,0.4666666666666667,29
6.494090104613509,4.112056300815327,0.018360812898466725,0.05065413213562775,0.4873900886780274,0.03924934459115829,0.06778511068088548,0.37746523179005376,7,0.002110378793124957,0.01836081288978968,0.05065413211168935,9.43375301361084,5.562902927398682,1.6958327579554844,quackKTA,checkerboard,21,4,0.43333333333333335,29
6.494090104613509,4.112056300815327,0.018360812898466725,0.05065413213562775,0.4873900886780274,0.03924934459115829,0.06778511068088548,0.37746523179005376,7,0.002110378793124957,0.01836081288978968,0.05065413211168935,9.43375301361084,5.562902927398682,1.6958327579554844,quackKTA,checkerboard,22,4,0.43333333333333335,29
6.317999347957852,4.234587653544574,0.01689924886210871,0.05368078816178104,0.4685378443322027,0.04062369055031977,0.0781016429485233,0.46776059237228296,13,0.0024142629526709234,0.016899248855128213,0.05368078813960737,8.985771179199219,5.291225433349609,1.6982400943573253,quackKTA,checkerboard,23,4,0.4666666666666667,27
6.317999347957852,4.234587653544574,0.01689924886210871,0.05368078816178104,0.4685378443322027,0.04062369055031977,0.0781016429485233,0.46776059237228296,13,0.0024142629526709234,0.016899248855128213,0.05368078813960737,8.985771179199219,5.291225433349609,1.6982400943573253,quackKTA,checkerboard,24,4,0.4666666666666667,27
6.196167275179128,4.41631731858101,0.013927781347703746,0.0637870288653749,0.4499308733541444,0.03978010654129717,0.09825932353271408,0.4330657321915675,7,0.002753606737502346,0.013927781342660114,0.06378702884227588,8.52216625213623,5.00032377243042,1.7043228878741796,quackKTA,checkerboard,25,4,0.5,27
6.196167275179128,4.41631731858101,0.013927781347703746,0.0637870288653749,0.4499308733541444,0.03978010654129717,0.09825932353271408,0.4330657321915675,7,0.002753606737502346,0.013927781342660114,0.06378702884227588,8.52216625213623,5.00032377243042,1.7043228878741796,quackKTA,checkerboard,26,4,0.5,27
6.200192959786701,4.6242445733272355,0.009848149631826262,0.09465574203603208,0.4373392819573625,0.03594120370003215,0.13807487940695184,0.4935574808629585,12,0.003120261183132425,0.00984814962867931,0.09465574200578507,8.12507438659668,4.740927696228027,1.7138152925342924,quackKTA,checkerboard,27,4,0.5,28
6.200192959786701,4.6242445733272355,0.009848149631826262,0.09465574203603208,0.4373392819573625,0.03594120370003215,0.13807487940695184,0.4935574808629585,12,0.003120261183132425,0.00984814962867931,0.09465574200578507,8.12507438659668,4.740927696228027,1.7138152925342924,quackKTA,checkerboard,28,4,0.5,28
6.329233568188098,5.192202060655575,0.005487003610734196,0.17940546413693761,0.4290954158265225,0.028860717288136866,0.21252706010194986,0.5513303194545139,12,0.0035499329575841877,0.005487003609193174,0.17940546408655167,7.78729248046875,4.55179500579834,1.710817923598742,quackKTA,checkerboard,29,4,0.5,27
6.329233568188098,5.192202060655575,0.005487003610734196,0.17940546413693761,0.4290954158265225,0.028860717288136866,0.21252706010194986,0.5513303194545139,12,0.0035499329575841877,0.005487003609193174,0.17940546408655167,7.78729248046875,4.55179500579834,1.710817923598742,quackKTA,checkerboard,30,4,0.5,27
6.409102451777875,5.220457627946483,0.0023793338962868945,0.2747129931375486,0.42420336143049914,0.02056304291230132,0.28561907001401227,0.5599259410595949,11,0.004086777650619562,0.002379333895706482,0.27471299307053537,7.475860595703125,4.435141563415527,1.68559683807347,quackKTA,checkerboard,31,4,0.6333333333333333,27
6.409102451777875,5.220457627946483,0.0023793338962868945,0.2747129931375486,0.42420336143049914,0.02056304291230132,0.28561907001401227,0.5599259410595949,11,0.004086777650619562,0.002379333895706482,0.27471299307053537,7.475860595703125,4.435141563415527,1.68559683807347,quackKTA,checkerboard,32,4,0.6333333333333333,27
6.450607362478389,5.004108036661425,0.0006607267475858627,0.3298019075519321,0.4239362592162081,0.011809801708231829,0.33779608898768876,0.5483229603448714,11,0.004771107369981449,0.0006607267474478136,0.32980190748302485,7.179783821105957,4.371673107147217,1.6423423355616726,quackKTA,checkerboard,33,4,0.6666666666666666,24
6.450607362478389,5.004108036661425,0.0006607267475858627,0.3298019075519321,0.4239362592162081,0.011809801708231829,0.33779608898768876,0.5483229603448714,11,0.004771107369981449,0.0006607267474478136,0.32980190748302485,7.179783821105957,4.371673107147217,1.6423423355616726,quackKTA,checkerboard,34,4,0.6666666666666666,24
5.395773741397602,4.081928545604736,1.91550606213472e-05,0.3624272059762023,0.4370294868411837,0.0022117804657084475,0.3843286621550191,0.5173499090869492,11,0.005675580702684897,1.915506061798306e-05,0.36242720591255045,6.908738613128662,4.329039573669434,1.5959056265385434,quackKTA,checkerboard,35,4,0.7333333333333333,24
5.395773741397602,4.081928545604736,1.91550606213472e-05,0.3624272059762023,0.4370294868411837,0.0022117804657084475,0.3843286621550191,0.5173499090869492,11,0.005675580702684897,1.915506061798306e-05,0.36242720591255045,6.908738613128662,4.329039573669434,1.5959056265385434,quackKTA,checkerboard,36,4,0.7333333333333333,24
4.899803897336609,3.5156267727148953,0.0003150145383447637,0.4078379688600069,0.4576725667199085,0.009969230418011059,0.44714623352306865,0.5204825575267125,4,0.006881379939209795,0.0003150145382991363,0.40783796880093476,6.637173175811768,4.26804256439209,1.5550859851266654,quackKTA,checkerboard,37,4,0.7666666666666667,22
4.899803897336609,3.5156267727148953,0.0003150145383447637,0.4078379688600069,0.4576725667199085,0.009969230418011059,0.44714623352306865,0.5204825575267125,4,0.006881379939209795,0.0003150145382991363,0.40783796880093476,6.637173175811768,4.26804256439209,1.5550859851266654,quackKTA,checkerboard,38,4,0.7666666666666667,22
4.413916980722085,3.1304255428957988,0.003350804358839159,0.4959387631675599,0.6315997434889766,0.03630577095034958,0.5400932804531577,0.5400932804531577,1,0.008327203756627901,0.0033508043584381244,0.4959387631082045,6.2704997062683105,4.165341854095459,1.5053985785347983,quackKTA,checkerboard,39,4,0.7666666666666667,24
4.413916980722085,3.1304255428957988,0.003350804358839159,0.4959387631675599,0.6315997434889766,0.03630577095034958,0.5400932804531577,0.5400932804531577,1,0.008327203756627901,0.0033508043584381244,0.4959387631082045,6.2704997062683105,4.165341854095459,1.5053985785347983,quackKTA,checkerboard,40,4,0.7666666666666667,24
2.8571957922876337,1.9120411783328883,0.014785325680148351,0.7134923808076041,0.8925996078068343,0.08457410176656836,0.6986460450603126,0.6986460450603126,1,0.009893967029606064,0.01478532567865917,0.7134923807357411,5.8795061111450195,4.071603298187256,1.4440272493543826,quackKTA,checkerboard,41,4,0.7666666666666667,21
2.8571957922876337,1.9120411783328883,0.014785325680148351,0.7134923808076041,0.8925996078068343,0.08457410176656836,0.6986460450603126,0.6986460450603126,1,0.009893967029606064,0.01478532567865917,0.7134923807357411,5.8795061111450195,4.071603298187256,1.4440272493543826,quackKTA,checkerboard,42,4,0.7666666666666667,21
1.9537775703499713,1.3474984171727715,0.009718929060725148,0.8682894769111598,0.9310826834573543,0.0736382989903761,0.8010820519357461,0.8010820519357461,1,0.01126924855419729,0.009718929059865747,0.868289476834381,5.752806663513184,4.294284820556641,1.3396425490860069,quackKTA,checkerboard,43,4,0.7666666666666667,18
1.9537775703499713,1.3474984171727715,0.009718929060725148,0.8682894769111598,0.9310826834573543,0.0736382989903761,0.8010820519357461,0.8010820519357461,1,0.01126924855419729,0.009718929059865747,0.868289476834381,5.752806663513184,4.294284820556641,1.3396425490860069,quackKTA,checkerboard,44,4,0.7666666666666667,18
1.7388632604534173,1.2579481659101062,0.00242530896431571,0.8924147330122653,0.9398777536991298,0.03764463765032939,0.829085991908403,0.829085991908403,1,0.011914958869454075,0.002425308964112873,0.8924147329376296,5.808135032653809,4.394015312194824,1.3218285827391223,quackKTA,checkerboard,45,4,0.8,20
1.7388632604534173,1.2579481659101062,0.00242530896431571,0.8924147330122653,0.9398777536991298,0.03764463765032939,0.829085991908403,0.829085991908403,1,0.011914958869454075,0.002425308964112873,0.8924147329376296,5.808135032653809,4.394015312194824,1.3218285827391223,quackKTA,checkerboard,46,4,0.8,20
2.060756161312884,1.4059022192315798,0.05461917845526589,0.8941779949993669,0.9495083229706284,0.18142493928022857,0.8305746097739134,0.8305746097739134,1,0.012418760965812964,0.054619178450883245,0.894177994927618,5.857962131500244,4.296246528625488,1.3635069804462634,quackKTA,checkerboard,47,4,0.8333333333333334,19
2.060756161312884,1.4059022192315798,0.05461917845526589,0.8941779949993669,0.9495083229706284,0.18142493928022857,0.8305746097739134,0.8305746097739134,1,0.012418760965812964,0.054619178450883245,0.894177994927618,5.857962131500244,4.296246528625488,1.3635069804462634,quackKTA,checkerboard,48,4,0.8333333333333334,19
2.3163104188583703,1.5625619167945315,0.10860279011099207,0.8992395112775198,0.9523251616425412,0.25741095086489046,0.8291816411059952,0.8291816411059952,1,0.012674991976327623,0.10860279010245395,0.8992395112068237,5.899253845214844,4.138926982879639,1.4253099582609792,quackKTA,checkerboard,49,4,0.8333333333333334,19
2.3163104188583703,1.5625619167945315,0.10860279011099207,0.8992395112775198,0.9523251616425412,0.25741095086489046,0.8291816411059952,0.8291816411059952,1,0.012674991976327623,0.10860279010245395,0.8992395112068237,5.899253845214844,4.138926982879639,1.4253099582609792,quackKTA,checkerboard,50,4,0.8333333333333334,19
2.2657536704870958,1.5580975048673387,0.12296478100525082,0.9133005231776239,0.9561664877719122,0.2739333061138031,0.8402972497506113,0.8402972497506113,1,0.012750562751846814,0.12296478099564095,0.9133005231062482,5.924860954284668,4.046996593475342,1.46401431714457,quackKTA,checkerboard,51,4,0.8333333333333334,19
2.2657536704870958,1.5580975048673387,0.12296478100525082,0.9133005231776239,0.9561664877719122,0.2739333061138031,0.8402972497506113,0.8402972497506113,1,0.012750562751846814,0.12296478099564095,0.9133005231062482,5.924860954284668,4.046996593475342,1.46401431714457,quackKTA,checkerboard,52,4,0.8333333333333334,19
2.180809690488315,1.5382829765155455,0.13446882865097937,0.9287373456044192,0.9586820792489367,0.2872846312859815,0.8501322293506816,0.8501322293506816,1,0.012843914849984593,0.13446882864054693,0.9287373455323653,5.917551517486572,3.9915318489074707,1.4825264438525758,quackKTA,checkerboard,53,4,0.8333333333333334,19
2.180809690488315,1.5382829765155455,0.13446882865097937,0.9287373456044192,0.9586820792489367,0.2872846312859815,0.8501322293506816,0.8501322293506816,1,0.012843914849984593,0.13446882864054693,0.9287373455323653,5.917551517486572,3.9915318489074707,1.4825264438525758,quackKTA,checkerboard,54,4,0.8333333333333334,19
2.081900306281779,1.4964101259332188,0.1373472715462909,0.9428510060941392,0.9626592485756372,0.2913823076943443,0.8625169206118417,0.8625169206118417,1,0.012957955016586573,0.13734727153572898,0.9428510060216346,5.9167914390563965,3.960270881652832,1.4940370534920353,quackKTA,checkerboard,55,4,0.8333333333333334,19
2.081900306281779,1.4964101259332188,0.1373472715462909,0.9428510060941392,0.9626592485756372,0.2913823076943443,0.8625169206118417,0.8625169206118417,1,0.012957955016586573,0.13734727153572898,0.9428510060216346,5.9167914390563965,3.960270881652832,1.4940370534920353,quackKTA,checkerboard,56,4,0.8333333333333334,19
1.8929415453035683,1.4240082946117105,0.13610879731694472,0.9628820522424585,0.9672567101519322,0.29203710065108746,0.8783736353217534,0.8783736353217534,1,0.013163400535220597,0.1361087973066414,0.962882052169569,5.934930801391602,3.985046148300171,1.4893003946570778,quackKTA,checkerboard,57,4,0.8333333333333334,20
1.8929415453035683,1.4240082946117105,0.13610879731694472,0.9628820522424585,0.9672567101519322,0.29203710065108746,0.8783736353217534,0.8783736353217534,1,0.013163400535220597,0.1361087973066414,0.962882052169569,5.934930801391602,3.985046148300171,1.4893003946570778,quackKTA,checkerboard,58,4,0.8333333333333334,20
1.8018256128917436,1.3942874963328322,0.13396467210000876,0.9701082228761795,0.9701324980480035,0.2915622715257111,0.885463463800682,0.885463463800682,1,0.013357954710224473,0.13396467209001536,0.9701082228038121,5.956817626953125,4.031124591827393,1.4777061564974596,quackKTA,checkerboard,59,4,0.8333333333333334,18
1.8018256128917436,1.3942874963328322,0.13396467210000876,0.9701082228761795,0.9701324980480035,0.2915622715257111,0.885463463800682,0.885463463800682,1,0.013357954710224473,0.13396467209001536,0.9701082228038121,5.956817626953125,4.031124591827393,1.4777061564974596,quackKTA,checkerboard,60,4,0.8333333333333334,18
1.8060185372721895,1.3920300020562713,0.13173337071315422,0.968914827022769,0.9722159907288981,0.2911133000329312,0.8866201348050906,0.8866201348050906,1,0.01356462272707471,0.13173337070347693,0.9689148269515916,5.977571964263916,4.09541130065918,1.4595779337963766,quackKTA,checkerboard,61,4,0.8333333333333334,16
1.8060185372721895,1.3920300020562713,0.13173337071315422,0.968914827022769,0.9722159907288981,0.2911133000329312,0.8866201348050906,0.8866201348050906,1,0.01356462272707471,0.13173337070347693,0.9689148269515916,5.977571964263916,4.09541130065918,1.4595779337963766,quackKTA,checkerboard,62,4,0.8333333333333334,16
1.8152289222085698,1.3921734819000011,0.12842441410263342,0.9660452513819882,0.9739135084734992,0.2887870455737287,0.8867703223666317,0.8867703223666317,1,0.013699848624467789,0.12842441409329233,0.9660452513117217,5.985044479370117,4.140000343322754,1.4456627978356855,quackKTA,checkerboard,63,4,0.8333333333333334,16
1.8152289222085698,1.3921734819000011,0.12842441410263342,0.9660452513819882,0.9739135084734992,0.2887870455737287,0.8867703223666317,0.8867703223666317,1,0.013699848624467789,0.12842441409329233,0.9660452513117217,5.985044479370117,4.140000343322754,1.4456627978356855,quackKTA,checkerboard,64,4,0.8333333333333334,16
1.8189502315854542,1.3924831744559276,0.1262380755619039,0.964062531426635,0.9751485239102665,0.28722668558143377,0.886726750439728,0.886726750439728,1,0.013771850839906227,0.12623807555276984,0.9640625313568795,5.974452018737793,4.16035795211792,1.4360427846586934,quackKTA,checkerboard,65,4,0.8333333333333334,16
1.8189502315854542,1.3924831744559276,0.1262380755619039,0.964062531426635,0.9751485239102665,0.28722668558143377,0.886726750439728,0.886726750439728,1,0.013771850839906227,0.12623807555276984,0.9640625313568795,5.974452018737793,4.16035795211792,1.4360427846586934,quackKTA,checkerboard,66,4,0.8333333333333334,16
1.827991412712101,1.4004753820441282,0.12870196661140484,0.9636867910457262,0.9760279792129112,0.29052479097966283,0.8859634235082787,0.8859634235082787,1,0.01379717918871779,0.1287019666021097,0.9636867909761264,5.954164981842041,4.153833389282227,1.4334144930327777,quackKTA,checkerboard,67,4,0.8333333333333334,16
1.827991412712101,1.4004753820441282,0.12870196661140484,0.9636867910457262,0.9760279792129112,0.29052479097966283,0.8859634235082787,0.8859634235082787,1,0.01379717918871779,0.1287019666021097,0.9636867909761264,5.954164981842041,4.153833389282227,1.4334144930327777,quackKTA,checkerboard,68,4,0.8333333333333334,16
1.8405587687185032,1.4143156965331378,0.13495113131758588,0.964759808277877,0.9766787804085679,0.2978016850122691,0.8847599325808486,0.8847599325808486,1,0.013795238036135762,0.1349511313078381,0.9647598082081906,5.926174640655518,4.128376483917236,1.435473403101791,quackKTA,checkerboard,69,4,0.8333333333333334,15
1.8405587687185032,1.4143156965331378,0.13495113131758588,0.964759808277877,0.9766787804085679,0.2978016850122691,0.8847599325808486,0.8847599325808486,1,0.013795238036135762,0.1349511313078381,0.9647598082081906,5.926174640655518,4.128376483917236,1.435473403101791,quackKTA,checkerboard,70,4,0.8333333333333334,15
1.857349980432155,1.43184235502041,0.1431513775488494,0.966372392100216,0.9770620327490823,0.3068252088036367,0.8831568583205144,0.8831568583205144,1,0.013770257531983592,0.14315137753849064,0.9663723920302869,5.894092082977295,4.09113883972168,1.4406971539926592,quackKTA,checkerboard,71,4,0.8333333333333334,15
1.857349980432155,1.43184235502041,0.1431513775488494,0.966372392100216,0.9770620327490823,0.3068252088036367,0.8831568583205144,0.8831568583205144,1,0.013770257531983592,0.14315137753849064,0.9663723920302869,5.894092082977295,4.09113883972168,1.4406971539926592,quackKTA,checkerboard,72,4,0.8333333333333334,15
1.8684931584877924,1.45138865940405,0.15190738183220717,0.9678198825738502,0.9772165452545508,0.31604581661677844,0.8811683078893178,0.8811683078893178,1,0.013732067871161213,0.15190738182118435,0.9678198825036224,5.861268520355225,4.049847602844238,1.4472812547902703,quackKTA,checkerboard,73,4,0.8333333333333334,15
1.8684931584877924,1.45138865940405,0.15190738183220717,0.9678198825738502,0.9772165452545508,0.31604581661677844,0.8811683078893178,0.8811683078893178,1,0.013732067871161213,0.15190738182118435,0.9678198825036224,5.861268520355225,4.049847602844238,1.4472812547902703,quackKTA,checkerboard,74,4,0.8333333333333334,15
1.8798182938069132,1.4714573886204592,0.16045727390102243,0.9689413510338851,0.9771967943741114,0.3246794739216856,0.8789803374891866,0.8789803374891866,1,0.013685288163080159,0.16045727388933953,0.9689413509633364,5.8297929763793945,4.007896900177002,1.4545765825763823,quackKTA,checkerboard,75,4,0.8333333333333334,16
1.8798182938069132,1.4714573886204592,0.16045727390102243,0.9689413510338851,0.9771967943741114,0.3246794739216856,0.8789803374891866,0.8789803374891866,1,0.013685288163080159,0.16045727388933953,0.9689413509633364,5.8297929763793945,4.007896900177002,1.4545765825763823,quackKTA,checkerboard,76,4,0.8333333333333334,16
1.894353322664177,1.4903603203724298,0.16841226757743236,0.9699246314745,0.9770686127564161,0.3324229098913791,0.8768813374637826,0.8768813374637826,1,0.013636427780654516,0.16841226756512642,0.9699246314036274,5.801360130310059,3.9679534435272217,1.4620534774096567,quackKTA,checkerboard,77,4,0.8333333333333334,16
1.894353322664177,1.4903603203724298,0.16841226757743236,0.9699246314745,0.9770686127564161,0.3324229098913791,0.8768813374637826,0.8768813374637826,1,0.013636427780654516,0.16841226756512642,0.9699246314036274,5.801360130310059,3.9679534435272217,1.4620534774096567,quackKTA,checkerboard,78,4,0.8333333333333334,16
1.9066452193830277,1.5070928421338934,0.1756627343151933,0.9709553872676399,0.9768827727278485,0.3392729145964299,0.8750516123955357,0.8750516123955357,1,0.013591454661095199,0.17566273430231522,0.9709553871964578,5.777408123016357,3.931981086730957,1.4693377194797792,quackKTA,checkerboard,79,4,0.8333333333333334,16
1.9066452193830277,1.5070928421338934,0.1756627343151933,0.9709553872676399,0.9768827727278485,0.3392729145964299,0.8750516123955357,0.8750516123955357,1,0.013591454661095199,0.17566273430231522,0.9709553871964578,5.777408123016357,3.931981086730957,1.4693377194797792,quackKTA,checkerboard,80,4,0.8333333333333334,16
1.9150654258129989,1.5214354146870073,0.18222913509001584,0.9721006441956487,0.9766804444428072,0.34534455630426736,0.8735319735156084,0.8735319735156084,1,0.013555590840133138,0.18222913507662108,0.9721006441241946,5.75916862487793,3.901629686355591,1.4760930913092218,quackKTA,checkerboard,81,4,0.8333333333333334,16
1.9150654258129989,1.5214354146870073,0.18222913509001584,0.9721006441956487,0.9766804444428072,0.34534455630426736,0.8735319735156084,0.8735319735156084,1,0.013555590840133138,0.18222913507662108,0.9721006441241946,5.75916862487793,3.901629686355591,1.4760930913092218,quackKTA,checkerboard,82,4,0.8333333333333334,16
1.919751418500146,1.5337352874356602,0.18818388380155257,0.9733139338309791,0.9764888613513146,0.3507872975452274,0.8722547861588248,0.8722547861588248,1,0.013532572135427644,0.18818388378769665,0.9733139337593143,5.7472944259643555,3.878141164779663,1.481971434706505,quackKTA,checkerboard,83,4,0.8333333333333334,17
1.919751418500146,1.5337352874356602,0.18818388380155257,0.9733139338309791,0.9764888613513146,0.3507872975452274,0.8722547861588248,0.8722547861588248,1,0.013532572135427644,0.18818388378769665,0.9733139337593143,5.7472944259643555,3.878141164779663,1.481971434706505,quackKTA,checkerboard,84,4,0.8333333333333334,17
1.9222881958492333,1.544847648864365,0.19361749082682855,0.974431026068604,0.976324116870368,0.355742235104974,0.8710763724012258,0.8710763724012258,1,0.013524278585794554,0.19361749081256385,0.9744310259968131,5.741973876953125,3.8620896339416504,1.486753136563373,quackKTA,checkerboard,85,4,0.8333333333333334,18
1.9222881958492333,1.544847648864365,0.19361749082682855,0.974431026068604,0.976324116870368,0.355742235104974,0.8710763724012258,0.8710763724012258,1,0.013524278585794554,0.19361749081256385,0.9744310259968131,5.741973876953125,3.8620896339416504,1.486753136563373,quackKTA,checkerboard,86,4,0.8333333333333334,18
1.9252381997627719,1.5558423954296556,0.19866662628115736,0.975272633974131,0.9761860348331712,0.3603638898987667,0.8698337753582348,0.8698337753582348,1,0.013530547413263339,0.19866662626652748,0.9752726339023116,5.742945194244385,3.8531906604766846,1.4904388856616881,quackKTA,checkerboard,87,4,0.8333333333333334,17
1.9252381997627719,1.5558423954296556,0.19866662628115736,0.975272633974131,0.9761860348331712,0.3603638898987667,0.8698337753582348,0.8698337753582348,1,0.013530547413263339,0.19866662626652748,0.9752726339023116,5.742945194244385,3.8531906604766846,1.4904388856616881,quackKTA,checkerboard,88,4,0.8333333333333334,17
1.9308381559855767,1.5675020461600178,0.20348428208217154,0.9757535697155879,0.9760631740120191,0.36479492456882806,0.8684190068689749,0.8684190068689749,1,0.013549806232082231,0.20348428206720814,0.9757535696438352,5.749740123748779,3.8505702018737793,1.4932178410743753,quackKTA,checkerboard,89,4,0.8333333333333334,17
1.9308381559855767,1.5675020461600178,0.20348428208217154,0.9757535697155879,0.9760631740120191,0.36479492456882806,0.8684190068689749,0.8684190068689749,1,0.013549806232082231,0.20348428206720814,0.9757535696438352,5.749740123748779,3.8505702018737793,1.4932178410743753,quackKTA,checkerboard,90,4,0.8333333333333334,17
1.9403118787423064,1.5800301368173095,0.20816276308428375,0.9758980212560663,0.9759382845357917,0.36910306866012077,0.8668127407029704,0.8668127407029704,1,0.013579419008696537,0.20816276306900966,0.9758980211844592,5.761713027954102,3.8530514240264893,1.4953636465955962,quackKTA,checkerboard,91,4,0.8333333333333334,17
1.9403118787423064,1.5800301368173095,0.20816276308428375,0.9758980212560663,0.9759382845357917,0.36910306866012077,0.8668127407029704,0.8668127407029704,1,0.013579419008696537,0.20816276306900966,0.9758980211844592,5.761713027954102,3.8530514240264893,1.4953636465955962,quackKTA,checkerboard,92,4,0.8333333333333334,17
1.9539273000862527,1.5932232583558281,0.2127252726899495,0.9757841749328071,0.9757941951828824,0.3732832765403808,0.8650567566133679,0.8650567566133679,1,0.013616188943072533,0.21272527267438274,0.9757841748614013,5.778096675872803,3.859327554702759,1.4971770584309287,quackKTA,checkerboard,93,4,0.8333333333333334,17
1.9539273000862527,1.5932232583558281,0.2127252726899495,0.9757841749328071,0.9757941951828824,0.3732832765403808,0.8650567566133679,0.8650567566133679,1,0.013616188943072533,0.21272527267438274,0.9757841748614013,5.778096675872803,3.859327554702759,1.4971770584309287,quackKTA,checkerboard,94,4,0.8333333333333334,17
1.9704055615684906,1.6066923208559813,0.21715183591213713,0.9755035445755109,0.975619797381669,0.3772894828827071,0.8632229977938843,0.8632229977938843,1,0.013656715240176715,0.21715183589629353,0.9755035445043372,5.798066139221191,3.8680646419525146,1.4989579223507896,quackKTA,checkerboard,95,4,0.8333333333333334,17
1.9704055615684906,1.6066923208559813,0.21715183591213713,0.9755035445755109,0.975619797381669,0.3772894828827071,0.8632229977938843,0.8632229977938843,1,0.013656715240176715,0.21715183589629353,0.9755035445043372,5.798066139221191,3.8680646419525146,1.4989579223507896,quackKTA,checkerboard,96,4,0.8333333333333334,17
1.9872814852002296,1.620002591991461,0.22140274501267798,0.9751414302532041,0.975412067840724,0.3810608010492221,0.861392662128298,0.861392662128298,1,0.01369753811334133,0.22140274499657228,0.9751414301822685,5.82061767578125,3.87786865234375,1.5009837097658834,quackKTA,checkerboard,97,4,0.8333333333333334,17
1.9872814852002296,1.620002591991461,0.22140274501267798,0.9751414302532041,0.975412067840724,0.3810608010492221,0.861392662128298,0.861392662128298,1,0.01369753811334133,0.22140274499657228,0.9751414301822685,5.82061767578125,3.87786865234375,1.5009837097658834,quackKTA,checkerboard,98,4,0.8333333333333334,17
2.00329823691835,1.6328164322953194,0.22545362507553476,0.9747662523209928,0.9751752120942276,0.3845572193155005,0.8596327461386998,0.8596327461386998,1,0.013735476840428385,0.2254536250591796,0.97476625225028,5.844605445861816,3.887380599975586,1.503481662149834,quackKTA,checkerboard,99,4,0.8333333333333334,17
2.00329823691835,1.6328164322953194,0.22545362507553476,0.9747662523209928,0.9751752120942276,0.3845572193155005,0.8596327461386998,0.8596327461386998,1,0.013735476840428385,0.2254536250591796,0.97476625225028,5.844605445861816,3.887380599975586,1.503481662149834,quackKTA,checkerboard,100,4,0.8333333333333334,17
9.314064968702967,7.656333040605554,0.1372460367414992,0.1378519599304205,0.37362026154697786,0.20738184469985452,0.015924862202037007,0.47923493048224935,13,0.005710604570665647,0.13724603671755606,0.1378519599063716,4.846866607666016,3.6288492679595947,1.3356483694319836,centroidBasedKTA,checkerboard,1,4,0.5666666666666667,24
7.225868072919357,4.328706192807483,0.057826427032890426,0.07480300268174359,0.3024326731955067,0.1022821503312283,0.07656495614325967,0.5239292897309876,5,0.004198466898170562,0.05782642701916302,0.07480300266398611,6.976187229156494,3.6549503803253174,1.9086954686738191,centroidBasedKTA,checkerboard,2,4,0.5333333333333333,27
7.387870662854023,6.105575001924711,0.028318667618758956,0.2641709023805952,0.2728504547375337,0.09672873913010344,0.33202761621308047,0.5576798577037859,11,0.006159823212134749,0.028318667614179005,0.26417090233787105,4.935295581817627,3.4885342121124268,1.4147189856073454,centroidBasedKTA,checkerboard,3,4,0.8,25
7.765079155967664,5.642682192285362,0.11729533190348977,0.12357476121435144,0.1438332230461433,0.2190295635057783,0.0559056889734376,0.4546615246895277,3,0.006901569516429279,0.1172953318865615,0.1235747611965169,4.2683796882629395,3.50748610496521,1.2169341689534818,centroidBasedKTA,checkerboard,4,4,0.7666666666666667,25
7.849962945533758,6.083133869309331,0.2068375011679396,0.2930425981644551,0.5699479793234898,0.2838670841382353,0.21847687072197503,0.43229530909584174,2,0.007303631877141497,0.20683750113972965,0.2930425981244879,4.832906723022461,3.400409460067749,1.4212719908515812,centroidBasedKTA,checkerboard,5,4,0.7,25
8.243940242811485,6.73974492399816,0.026064484321444675,0.1484656904208582,0.2658704832739337,0.1012063196472779,0.251846613185054,0.471764778528613,13,0.006894541120977402,0.02606448431767917,0.14846569039940954,4.438028812408447,3.3656558990478516,1.3186222672563326,centroidBasedKTA,checkerboard,6,4,0.8666666666666667,25
7.54550911286613,5.750522759657401,0.2626738201963699,0.3071684309050031,0.5570047428035745,0.3431268557139198,0.1812133937425126,0.4440979347868938,2,0.008457662723900727,0.26267382016543817,0.3071684308688318,4.66381311416626,2.8324391841888428,1.646571315705139,centroidBasedKTA,checkerboard,7,4,0.7666666666666667,23
7.72234712747737,6.5316666151266,0.20922379882744507,0.20938565631920827,0.3992017741712922,0.3474457625397755,0.010831413075772539,0.46201499344534785,8,0.009185368864994315,0.2092237988047613,0.20938565629650696,3.8501675128936768,3.064821243286133,1.2562453752650942,centroidBasedKTA,checkerboard,8,4,0.8,24
7.23556617063943,4.924847848194001,0.09655547086175338,0.11262162499041758,0.13928296855128544,0.21489142613930282,0.10219907440578563,0.5198480627231389,4,0.007994575487499007,0.09655547084972585,0.11262162497638878,4.029882431030273,2.9646379947662354,1.359316867065476,centroidBasedKTA,checkerboard,9,4,0.7333333333333333,23
4.862066391465944,2.7424849730196525,0.07746337132600141,0.07869262812567444,0.1900291782063734,0.20843458456822686,0.028728747984754773,0.6942230289650211,3,0.008795728579364568,0.07746337131723213,0.078692628116766,3.6680924892425537,3.0640275478363037,1.1971473597982563,centroidBasedKTA,checkerboard,10,4,0.8,24
9.201251379115996,7.856428643517193,0.11912148120553973,0.1338996946942827,0.3536416604006739,0.251566215528263,0.09459965796129195,0.3919659353795253,2,0.008143163250060124,0.11912148119097313,0.13389969467790896,3.627556085586548,3.1825225353240967,1.1398367318131153,centroidBasedKTA,checkerboard,11,4,0.9,24
8.080520230500762,5.3742045579587945,0.18331869157870087,0.20850097059585865,0.5560608602148926,0.33229161701031457,0.13132574617734682,0.5083167863262211,2,0.009125414917767754,0.18331869155869754,0.20850097057310746,3.560918092727661,3.131765842437744,1.1370320361993382,centroidBasedKTA,checkerboard,12,4,1.0,25
6.555283520904423,4.738990450254715,0.20843843405347098,0.21265077450189881,0.42713945321649205,0.3469403222704604,0.0532862913898521,0.5524411534683911,4,0.009032747992478484,0.20843843403049198,0.21265077447845543,3.727099657058716,3.1929728984832764,1.1672819580861438,centroidBasedKTA,checkerboard,13,4,0.9,25
9.214356845112366,7.806465451896369,0.17446828138390674,0.29437553925042714,0.3949374859651053,0.31734999302211464,0.2836167913447985,0.43721204602667885,13,0.009032469515809164,0.17446828136467324,0.294375539217975,3.677184820175171,3.164153575897217,1.1621385409939586,centroidBasedKTA,checkerboard,14,4,0.8,24
6.4268785455659065,4.791051448741982,0.21059816515381274,0.2168823700820583,0.5380544046288888,0.3447063195303077,0.06671605659019023,0.5148112748110424,2,0.009239400559329689,0.21059816513111604,0.21688237005868433,3.8569297790527344,3.0723822116851807,1.255354807218461,centroidBasedKTA,checkerboard,15,4,0.7666666666666667,23
7.451702488236108,5.7581164932178375,0.1504106668970763,0.18368824371442044,0.18572627209856946,0.2816137663899474,0.15147410683630938,0.5013221485230104,3,0.008945868677949147,0.15041066688033422,0.18368824369397427,3.998971462249756,3.0581045150756836,1.307663437444511,centroidBasedKTA,checkerboard,16,4,0.9333333333333333,23
7.172625974329639,5.6313368529679515,0.1115136001898581,0.11152260431254489,0.38422285509748233,0.23004893463010764,0.002560989348045967,0.4632390391546238,2,0.008554627177495446,0.11151360017687768,0.11152260429956341,4.266783237457275,2.779963254928589,1.5348344010990695,centroidBasedKTA,checkerboard,17,4,1.0,24
6.3420888219893925,4.162269186085183,0.1347112093787423,0.16607094334202127,0.1662284489120023,0.2610266512173882,0.13821832208685095,0.6049418237406338,3,0.008276794634179553,0.13471120936253586,0.16607094332204209,3.842677116394043,3.1903696060180664,1.2044614232609003,centroidBasedKTA,checkerboard,18,4,0.7666666666666667,25
8.19077612891189,6.021191394898719,0.043027107059437374,0.043114077121481575,0.21356738869375616,0.13774967298531554,0.006782628663811084,0.44033811807400125,4,0.007510912180898408,0.04302710705373245,0.04311407711576513,4.117771625518799,3.433009147644043,1.19946421591783,centroidBasedKTA,checkerboard,19,4,0.7666666666666667,23
6.756912449529643,4.8102456244750424,0.00950318658095559,0.06775529756639022,0.11239537507837494,0.07048565620830274,0.18850021142719156,0.5125925397621466,4,0.008159642835356003,0.009503186579795962,0.06775529755812237,3.6151509284973145,3.0984654426574707,1.1667552843176232,centroidBasedKTA,checkerboard,20,4,0.7333333333333333,24
7.558898059477142,5.290347724875854,0.07999574536800345,0.1298411186678097,0.13120344166748263,0.20253911915186673,0.1685770219009934,0.5441165484936927,4,0.007915491631021968,0.07999574535794016,0.12984111865147596,3.634394645690918,3.2689714431762695,1.1117853761850167,centroidBasedKTA,checkerboard,21,4,0.8,25
6.268529699614811,4.279932943537245,0.10649331354502754,0.14451375302851996,0.36750141224235633,0.24705441163382044,0.15840273458346868,0.5973162973096656,4,0.009046312890637809,0.10649331353330535,0.14451375301261268,3.7309820652008057,3.2402448654174805,1.151450652702121,centroidBasedKTA,checkerboard,22,4,1.0,25
8.426541628821077,6.2015630482785715,0.09416844610991465,0.12726891527126502,0.2560582845607623,0.22499960239439867,0.14557011204271442,0.5126025402755612,4,0.008284818827524486,0.09416844609859687,0.127268915255969,3.6038455963134766,3.0263140201568604,1.190836632388033,centroidBasedKTA,checkerboard,23,4,0.8,25
7.860193472727096,6.311571924759602,0.18651761066951258,0.21594060337174426,0.40187471323244744,0.31217588196384466,0.13794255820455642,0.4631179507179409,4,0.00857999185483717,0.186517610647865,0.2159406033466818,3.9194211959838867,3.1665844917297363,1.2377440760602216,centroidBasedKTA,checkerboard,24,4,0.7666666666666667,24
6.61898011177073,4.408972655788936,0.07162895684782666,0.07763911975638017,0.22214147662074352,0.1880087823774093,0.05951496648082927,0.582789034351251,4,0.008000632802100015,0.07162895683891178,0.07763911974671726,3.8168177604675293,3.195971727371216,1.194258925314644,centroidBasedKTA,checkerboard,25,4,0.8,25
7.4760996465700185,5.411469672832312,0.08643921330578165,0.0869330741410793,0.4405408901107654,0.2140581183933898,0.017172528172150207,0.5077422969570635,2,0.008238767353359872,0.0864392132953351,0.08693307413057307,3.6071512699127197,3.2022340297698975,1.1264483596068686,centroidBasedKTA,checkerboard,26,4,0.8333333333333334,24
6.914462651026775,4.953203497776156,0.04011376133499711,0.17256087421829083,0.17282631307419907,0.14890647425063203,0.28816075090028825,0.5814290913733239,4,0.008429351846285247,0.04011376133025873,0.1725608741979073,3.551128625869751,3.130927562713623,1.1342097684274748,centroidBasedKTA,checkerboard,27,4,0.8,25
9.205693427606308,7.4910766152557065,0.12272599595444589,0.13005483084679265,0.35320643997649914,0.27215932036996476,0.07035834225266606,0.40075220265616573,2,0.00860183099941651,0.12272599594024126,0.13005483083173977,3.236884593963623,2.8922832012176514,1.1191451074361511,centroidBasedKTA,checkerboard,28,4,0.8666666666666667,26
7.299502083657378,5.088208458214626,0.1870804114135622,0.23873808471709806,0.4020540252803245,0.3345296965206756,0.18950301821454477,0.5582161389837281,4,0.009144209568752473,0.18708041139319181,0.23873808469110291,3.534393548965454,3.041294813156128,1.1621344743282045,centroidBasedKTA,checkerboard,29,4,0.7333333333333333,23
8.377760547081698,5.8130644559366,0.123368403346311,0.17160414740262014,0.3054712620955593,0.26875410385376564,0.17757650511183506,0.55308672370174,3,0.00891239040164673,0.12336840333252883,0.17160414738344926,3.502105712890625,3.1364147663116455,1.1165952126312386,centroidBasedKTA,checkerboard,30,4,0.7333333333333333,26
6.911134655544827,5.117775647889135,0.19131071942956068,0.19323299849132508,0.19389198642252306,0.3387534705466334,0.0357342018499,0.5061716123604448,3,0.008826177430959814,0.19131071940798025,0.19323299846952777,3.360168933868408,3.034153699874878,1.10744849016906,centroidBasedKTA,checkerboard,31,4,0.9,24
7.3419015760707715,4.828400567684422,0.08330932183019768,0.0980297998847028,0.47705539132381103,0.21587849695242667,0.09922130747601493,0.525525232449042,2,0.008611164420215195,0.08330932182056604,0.09802979987336928,3.4684178829193115,2.901139497756958,1.1955364040921694,centroidBasedKTA,checkerboard,32,4,0.7666666666666667,25
9.024311616596421,6.721698037553593,0.06263165567824054,0.07950699564701895,0.11530801986084141,0.16260024744017273,0.09563110981505948,0.4693644685816209,4,0.007100834968674259,0.06263165566945784,0.07950699563586987,3.9422659873962402,3.0707790851593018,1.2837999341754813,centroidBasedKTA,checkerboard,33,4,1.0,27
7.425768385948922,5.512619196254245,0.07070582337130968,0.11200626062289049,0.44679109734471933,0.17660134340172376,0.15411282921835323,0.4743045959059427,2,0.007688534167352648,0.07070582336215184,0.11200626060838341,4.171487808227539,3.1996381282806396,1.3037373730971975,centroidBasedKTA,checkerboard,34,4,0.9666666666666667,25
7.337711387957624,4.802979562497013,0.1873828433762137,0.22317626838788912,0.2598444129304972,0.326598418296574,0.15501764937314333,0.5481716944423494,3,0.008825686874774391,0.1873828433550722,0.2231762683627092,3.656475782394409,3.100287675857544,1.179398870261884,centroidBasedKTA,checkerboard,35,4,0.7666666666666667,24
7.581005856552336,5.691064288152996,0.19375621358621922,0.2655906895340498,0.2655984174126602,0.3250505990996556,0.2167245762105822,0.5170735952993473,4,0.008426550791002695,0.19375621356332598,0.26559068950266895,3.542145013809204,2.954127550125122,1.1990494498648094,centroidBasedKTA,checkerboard,36,4,0.8666666666666667,25
7.9099414809797395,6.083455699287364,0.12690756172188739,0.22104284522444184,0.4729681849628856,0.2704825401582913,0.25130987556181644,0.4668769450543273,3,0.009265820507329195,0.12690756170824788,0.2210428452006851,3.874077320098877,3.3288373947143555,1.1637928984603179,centroidBasedKTA,checkerboard,37,4,1.0,24
8.008488337127101,7.030214551780508,0.10653152745926411,0.11061965659686335,0.20973535575202262,0.23758908062377854,0.049583191593681644,0.4554098334939542,8,0.008069779384945634,0.10653152744611816,0.11061965658321292,3.63254714012146,3.2006759643554688,1.1349312397051177,centroidBasedKTA,checkerboard,38,4,0.8333333333333334,24
7.56887379093414,5.735164904728047,0.1553325273685537,0.24195670342240616,0.5649909625509072,0.2993767483109313,0.24793902868526344,0.48787715224616074,2,0.009002237694158123,0.15533252735137298,0.24195670339564426,3.630647897720337,2.951937675476074,1.2299202411628063,centroidBasedKTA,checkerboard,39,4,0.7333333333333333,24
6.925546963491414,5.345284620505043,0.16950842483543976,0.19990162448418108,0.2233572935790531,0.3028519949518777,0.14185383505626004,0.4884873525677416,6,0.008478076220138556,0.16950842481553283,0.1999016244607048,3.608365774154663,2.9489974975585938,1.2235906531425413,centroidBasedKTA,checkerboard,40,4,0.9333333333333333,24
8.88658224554334,6.82906503471522,0.1658414361697718,0.1966801427496363,0.2952926872321222,0.2885356668488215,0.13984390608783023,0.5135176487872329,6,0.008095148051440678,0.16584143614937433,0.19668014272544584,3.709412097930908,2.9364330768585205,1.2632374043062065,centroidBasedKTA,checkerboard,41,4,0.9666666666666667,26
7.739052009725785,5.8907713348786865,0.14724904469541789,0.2331908094865211,0.5321786818765776,0.27835312728529504,0.2289419200377689,0.49178561210311594,2,0.008713856372733836,0.1472490446785916,0.2331908094598742,3.887622117996216,3.3541107177734375,1.1590619526643953,centroidBasedKTA,checkerboard,42,4,0.9333333333333333,25
8.975277430203807,6.125592127911448,0.06520199538045436,0.15590149440779927,0.21605177187324293,0.17333080109176296,0.2320965550403188,0.5392656758666355,4,0.007780625848418931,0.0652019953721103,0.15590149438784823,3.9310142993927,3.049739360809326,1.2889672966506278,centroidBasedKTA,checkerboard,43,4,1.0,25
9.614179457938505,7.896254500898397,0.1808068253632859,0.36827930970907397,0.3762607292984266,0.30621617715039046,0.3570146822131812,0.39297813335290577,5,0.008460901051444297,0.1808068253420091,0.36827930966573597,3.75309157371521,2.86283278465271,1.310971284747665,centroidBasedKTA,checkerboard,44,4,0.9333333333333333,25
7.1531574869281425,5.419476495417826,0.20797447317158657,0.21048652223605938,0.49427466694134137,0.34602251506222675,0.04035234713303598,0.45608870566115456,2,0.008906309137925785,0.20797447314833603,0.210486522212528,3.5827128887176514,3.1820075511932373,1.1259284684516306,centroidBasedKTA,checkerboard,45,4,1.0,24
6.940230247277221,4.587259264972726,0.11239421469734731,0.140869919932655,0.2886016120667262,0.24874316914335334,0.13393114534453834,0.599824327285561,4,0.008560544234831114,0.11239421468427487,0.14086991991627054,3.5892109870910645,3.1366689205169678,1.1442747315832003,centroidBasedKTA,checkerboard,46,4,0.9333333333333333,25
7.132267159015757,6.254249026683157,0.17834999124544398,0.1785406689065158,0.33251748749126886,0.32241769384858404,0.011030768601267551,0.5192140475896003,8,0.008784532779630766,0.17834999122522913,0.17854066888627934,3.481820583343506,3.1802356243133545,1.0948310108607666,centroidBasedKTA,checkerboard,47,4,0.7333333333333333,23
4.686106283791577,2.5276425318466953,0.08395057643715748,0.08554108595231019,0.699470956863592,0.22887027126045223,0.03328547832983618,0.6976288019222656,2,0.009212259030360928,0.08395057642808403,0.08554108594306482,3.410395622253418,3.054826259613037,1.1163959362730846,centroidBasedKTA,checkerboard,48,4,0.8,23
7.295149005273042,5.036859305319448,0.1923615299952794,0.25612040911292416,0.6184142106490946,0.33748416297317463,0.21071063401719958,0.5350981856186315,2,0.00929208141860298,0.1923615299746676,0.25612040908548056,3.6156387329101562,3.074265480041504,1.1760984067193077,centroidBasedKTA,checkerboard,49,4,0.8333333333333334,26
7.112235372157566,5.065844614246425,0.10182043508559104,0.10435537833095068,0.4662049844513536,0.23136685092089013,0.038923701667239546,0.4935047359055241,2,0.00813356706811519,0.10182043507312713,0.10435537831817647,3.5446102619171143,3.117997646331787,1.1368226227130367,centroidBasedKTA,checkerboard,50,4,0.8,24
7.215641144092826,5.533482891343384,0.07721293676567123,0.22004911804571683,0.3472421417857988,0.19965206801879878,0.29683267596091667,0.5418726487545258,8,0.008365056319957917,0.07721293675647999,0.22004911801952273,3.8176443576812744,3.1949777603149414,1.1948891804817319,centroidBasedKTA,checkerboard,51,4,0.8333333333333334,23
8.951184503533499,7.422656978899221,0.16267838125267603,0.17288238005169082,0.35732934284565904,0.294795886894577,0.07995839279402371,0.4620168069612119,8,0.00817090408733485,0.16267838123285325,0.17288238003062464,3.5127062797546387,2.995002031326294,1.1728560591987023,centroidBasedKTA,checkerboard,52,4,0.8666666666666667,24
6.1145091824107665,4.551320365543015,0.09470523699750504,0.09995002029238438,0.42302042505099713,0.2367960791037087,0.0582700784012937,0.49536918140719965,4,0.008783666015487732,0.09470523698677014,0.099950020281055,3.3982510566711426,3.107898473739624,1.0934240887801763,centroidBasedKTA,checkerboard,53,4,0.8333333333333334,25
8.30301188127922,6.1089766818314235,0.06206525982565305,0.3609421798062365,0.4206470777071337,0.1880402994702832,0.4371685127243929,0.4454744039894816,5,0.008437145686663415,0.062065259818329346,0.3609421797636453,3.3538920879364014,2.9881129264831543,1.122411425020214,centroidBasedKTA,checkerboard,54,4,0.7333333333333333,24
11.121385813382041,9.309194337987751,0.028687260334587374,0.10288959107874494,0.2429032777956714,0.10252421315330859,0.1935308064352611,0.36414210701499167,15,0.006715580979008947,0.028687260330333277,0.10288959106348722,4.4356279373168945,3.2198545932769775,1.3775864123109973,centroidBasedKTA,checkerboard,55,4,0.7666666666666667,27
8.374921734829158,7.054049725056612,0.010368040355455563,0.07030128312088471,0.23146754481107581,0.06315221144206934,0.17547894999464086,0.5016590813976927,8,0.007066723898158332,0.01036804035399435,0.07030128311097684,4.529405117034912,3.391090154647827,1.335678177362986,centroidBasedKTA,checkerboard,56,4,0.6666666666666666,25
8.269057436774954,6.228444515109215,0.0073886531098856035,0.1283509513650704,0.21201998270076527,0.05351417167370243,0.24568340164287342,0.4868566862706019,5,0.006811879425084824,0.0073886531088053885,0.12835095134630561,4.277379035949707,3.322373628616333,1.2874467215566652,centroidBasedKTA,checkerboard,57,4,0.7,27
11.450165678442104,9.08665225650299,0.058802931623602554,0.0854047269062005,0.22752931181751346,0.1528161138840196,0.11309704990311782,0.41856107434243706,7,0.0066265782696159296,0.05880293161476536,0.08540472689336547,4.0444560050964355,3.3404719829559326,1.2107438786288958,centroidBasedKTA,checkerboard,58,4,0.7666666666666667,26
9.283090618142726,6.266733728695053,0.021656540464869648,0.21379103244250305,0.22039310551704264,0.086346754772465,0.2954950410403238,0.46907252928106824,5,0.005982797728498509,0.021656540461264952,0.21379103240691785,4.165098667144775,3.155245780944824,1.320055221148647,centroidBasedKTA,checkerboard,59,4,0.7333333333333333,28
7.26912919157011,4.699665544507438,0.024998761494652504,0.025042836042461738,0.050389374780012305,0.10315700318135203,0.004861641142825611,0.5232201908487709,3,0.007006900974322206,0.02499876149109976,0.025042836038902727,3.917030096054077,3.1092662811279297,1.2597924210697902,centroidBasedKTA,checkerboard,60,4,0.7,25
8.00771712849112,5.44326832619912,0.002137987905160747,0.12456555501825102,0.16107379410494568,0.028836806221495905,0.25235957667333253,0.5172242315844691,8,0.0065444325703849105,0.0021379879048354675,0.12456555499929925,3.903280258178711,2.9184916019439697,1.3374306972743895,centroidBasedKTA,checkerboard,61,4,0.7666666666666667,27
11.344937818713358,9.264104112117348,0.1404753447298561,0.1763522198213876,0.28247283879921126,0.2719704925900258,0.152069956793332,0.3818044525504952,3,0.008051521078046795,0.14047534471248577,0.176352219799581,3.4764633178710938,2.839938163757324,1.2241334555222863,centroidBasedKTA,checkerboard,62,4,0.7333333333333333,24
9.414641855069119,6.738442884887979,0.07936309559712125,0.12348455450033215,0.12687367537748223,0.19527390247456713,0.16376428282917024,0.47252571853945863,3,0.00765830681872432,0.07936309558680367,0.12348455448427856,3.6363816261291504,2.8744235038757324,1.2650820664473295,centroidBasedKTA,checkerboard,63,4,0.8,26
10.704453439766946,8.872304457377988,0.06194177544875542,0.2125533156598201,0.2306087270295198,0.1625050350636794,0.28459516437650434,0.4142468359464302,8,0.006988515644216269,0.06194177543993061,0.21255331562953778,3.7678110599517822,2.987048864364624,1.261382465114769,centroidBasedKTA,checkerboard,64,4,0.8,24
9.051024789706759,6.914789516814287,0.06775461748226551,0.10446566884060339,0.2588206781151038,0.18490615008499847,0.1447235590445106,0.470609889979372,5,0.007663460629366691,0.06775461747346272,0.10446566882703104,3.4901154041290283,3.086895704269409,1.1306230396125159,centroidBasedKTA,checkerboard,65,4,0.7,25
6.328399530285639,3.642757072885508,0.08652864723716677,0.12101253491501615,0.2936366339990959,0.22407514679964743,0.15689111076601606,0.627020079573581,4,0.008825691721526708,0.08652864722740487,0.12101253490136386,3.5283565521240234,2.8682663440704346,1.230135604183678,centroidBasedKTA,checkerboard,66,4,0.6666666666666666,25
8.411628287073631,5.764358729819287,0.16209504840422176,0.2538830993631307,0.36598574971120656,0.30243247190055544,0.24834942652852818,0.5458926913286414,5,0.008356445359118553,0.1620950483849083,0.2538830993328807,3.413996696472168,2.8668832778930664,1.190839097914023,centroidBasedKTA,checkerboard,67,4,0.7333333333333333,24
5.46481816671911,4.069360968054086,0.00203332140372098,0.38662888971610887,0.3957916301710378,0.03305735977582598,0.4992400957406954,0.4992400957406954,1,0.008522935321707737,0.002033321403483427,0.386628889670939,3.7185139656066895,3.083791971206665,1.2058251660051038,centroidBasedKTA,checkerboard,68,4,0.7333333333333333,23
5.968451439648884,3.946217302450634,0.00026622333028091986,0.39497921185238605,0.6854879567062433,0.012730988881355477,0.5357155356244786,0.5357155356244786,1,0.009528285083648507,0.0002662233302531003,0.3949792118111118,3.6219873428344727,3.03275990486145,1.1942875322993123,centroidBasedKTA,checkerboard,69,4,0.8,26
8.956086116899153,6.404378212521211,0.045109443161332315,0.10774279349036275,0.2582494951930825,0.12701517485110547,0.17657354466556124,0.5676294720871327,7,0.006486443617190939,0.04510944315440708,0.107742793473822,4.320985794067383,3.1044235229492188,1.3918802515582769,centroidBasedKTA,checkerboard,70,4,0.7666666666666667,27
6.8386171241679055,4.795191907236485,0.26144197577821027,0.275400695681077,0.6186076982108342,0.389955811529203,0.1010099822512123,0.536024264541927,2,0.009668970973459578,0.2614419757512872,0.27540069565271647,3.869050979614258,3.078767776489258,1.2566881494468898,centroidBasedKTA,checkerboard,71,4,0.8666666666666667,22
4.538742846998589,2.5111780574510316,0.024695653582734418,0.03021326100938512,0.082079217969037,0.11599287809663737,0.05978699100703297,0.7207692562074182,3,0.008763254150976549,0.024695653579928332,0.030213261005952088,3.7746896743774414,3.174393653869629,1.1891057272543544,centroidBasedKTA,checkerboard,72,4,0.9666666666666667,26
7.917394354352803,6.338659569022846,0.02130448590935048,0.14564619792143763,0.27595067811914903,0.1063815978289509,0.27773114698536494,0.4749503971324649,3,0.008219102142570553,0.021304485906770115,0.14564619790379724,3.4261302947998047,2.9338202476501465,1.1678051160574026,centroidBasedKTA,checkerboard,73,4,0.8666666666666667,25
6.63909914818872,5.005064018471864,0.1243359789967083,0.23270154838810747,0.23271862594079637,0.26275594858148743,0.274224533275957,0.5201155534397565,3,0.008654166085617787,0.12433597898240505,0.23270154836133813,3.5019888877868652,2.8022170066833496,1.2497208030046547,centroidBasedKTA,checkerboard,74,4,0.8,26
6.50538437212044,5.051310002714285,0.13155748699156244,0.13162391978231908,0.13259549506109264,0.2712255638355071,0.006571240748967283,0.5021825159964348,5,0.008541514262790192,0.13155748697622854,0.13162391976697743,3.4487152099609375,2.9668169021606445,1.1624294062259717,centroidBasedKTA,checkerboard,75,4,0.9333333333333333,27
8.770658824810383,6.500938585189762,0.12265000453579088,0.22468987855817749,0.2461571054543718,0.2638796047994289,0.27086340758175176,0.4887011664635226,3,0.008984470044596371,0.12265000452220033,0.22468987853328015,3.5533597469329834,2.8057727813720703,1.266446011067961,centroidBasedKTA,checkerboard,76,4,0.8333333333333334,24
7.686687280546575,4.787262610301392,0.06655588602075548,0.0958491807307843,0.11032634567423089,0.18383675218260148,0.13671529605402452,0.5328619984329137,3,0.007829975657831926,0.06655588601229344,0.09584918071859785,3.439236879348755,2.73699688911438,1.2565731780792577,centroidBasedKTA,checkerboard,77,4,0.8,26
9.710708862821221,7.305678774898478,0.09170898727943833,0.16949115235576295,0.19274917067472755,0.20961120955277807,0.21771144878361315,0.4394246842628374,7,0.007655066015448333,0.09170898726751064,0.16949115233371892,3.6476640701293945,2.8678038120269775,1.2719364047256552,centroidBasedKTA,checkerboard,78,4,0.7333333333333333,25
10.323729525129083,8.045967620915901,0.09108343999653419,0.21284070417588496,0.23922115313487144,0.21035831544133704,0.25794796824959715,0.42549283198147436,6,0.007264300778318343,0.0910834399840507,0.21284070414671394,3.4076881408691406,3.029496431350708,1.1248364928255388,centroidBasedKTA,checkerboard,79,4,0.7333333333333333,26
10.939588863456748,8.690693555968151,0.07166638580216889,0.159310774432253,0.3868827144386832,0.1893334599582553,0.22501315828022186,0.40407733674246415,12,0.007573292778562425,0.07166638579274753,0.15931077441130978,3.437864065170288,2.976707935333252,1.1549215239970303,centroidBasedKTA,checkerboard,80,4,0.7,24
8.692975798348698,6.626445902284512,0.09790048468691621,0.11823848471163187,0.17221684392745623,0.21566975325903393,0.10570984401565454,0.49657210284336273,8,0.007255452393590619,0.09790048467348192,0.11823848469540672,3.4886577129364014,3.016680955886841,1.1564556424594303,centroidBasedKTA,checkerboard,81,4,0.7,26
7.640273967219794,4.953629648472341,0.07819940856019811,0.10144384058355206,0.3505579186767289,0.19970389890810478,0.12023778631887125,0.5555658032700425,4,0.00807454338969216,0.07819940855055647,0.10144384057104448,3.563077926635742,2.921675205230713,1.2195325203347374,centroidBasedKTA,checkerboard,82,4,0.7,24
8.261413350539101,5.813458928911575,0.04767373149317853,0.18758599125760292,0.2370901356368443,0.1583014143206786,0.30910618179941274,0.5046347786053551,4,0.008158582493226398,0.04767373148736131,0.1875859912347134,3.4664413928985596,2.668177366256714,1.2991795210977526,centroidBasedKTA,checkerboard,83,4,0.8333333333333334,26
9.17795365199364,6.408103248796874,0.10930816761372482,0.11502236750593348,0.37493384400267293,0.23136212291486685,0.06074537943095882,0.44481835769072964,5,0.00756206240863099,0.10930816759933479,0.1150223674907912,3.4451239109039307,2.6125564575195312,1.3186792197300703,centroidBasedKTA,checkerboard,84,4,0.6666666666666666,25
10.00335805287571,7.558323385103577,0.1192461019171804,0.13184239962083702,0.3612137367388102,0.2385087299961946,0.08719014200795061,0.4351111611847597,7,0.007465802812310214,0.11924610190127875,0.13184239960325564,3.53645920753479,2.795382022857666,1.265107659209409,centroidBasedKTA,checkerboard,85,4,0.6666666666666666,26
9.790553844444519,6.764457980844672,0.05962291090337294,0.1076417767999682,0.16802341027748474,0.15784338571904313,0.1495412096543826,0.4489724652552818,3,0.006604956951891418,0.05962291089438457,0.1076417767837408,3.6940128803253174,3.314577102661133,1.1144748684103432,centroidBasedKTA,checkerboard,86,4,0.7333333333333333,26
10.77639199067776,8.034106606596504,0.050744891457137814,0.11201470387813822,0.28081086540910594,0.1424469420384241,0.16530315484515853,0.4275160689120699,4,0.006582626898176071,0.050744891449461295,0.11201470386119301,3.917465925216675,3.5123956203460693,1.115325933822221,centroidBasedKTA,checkerboard,87,4,0.7666666666666667,25
13.551424403335204,10.70848178491667,0.05498416888633011,0.088506621627059,0.18393682799736824,0.14445579198307407,0.12005004516117183,0.3742758499985784,10,0.006136464907981061,0.05498416887740823,0.08850662161269768,3.7775838375091553,3.3347055912017822,1.1328087995158316,centroidBasedKTA,checkerboard,88,4,0.7,26
9.433485259248734,6.583529379903174,0.06365267463689808,0.07729703445883307,0.3578578443404362,0.15393843362323917,0.07756557737981742,0.4024835205091368,2,0.006332945299504836,0.06365267462688923,0.07729703444667875,4.052760124206543,3.4217121601104736,1.1844246197712056,centroidBasedKTA,checkerboard,89,4,0.7,25
10.899475943500084,8.178398840248777,0.08619171394574177,0.10926406032776119,0.25245667590552007,0.18301160749909104,0.10103868641026277,0.38042778232348384,9,0.006333547780853739,0.08619171393218959,0.10926406031058129,3.9190468788146973,3.4418234825134277,1.1386542333518026,centroidBasedKTA,checkerboard,90,4,0.7,26
8.826777079175386,7.145578603354755,0.1088467206929266,0.11751555633497796,0.25648281391636385,0.20570708042860444,0.06147554574927881,0.4239778929467755,9,0.006356465282904702,0.10884672067587368,0.1175155563165669,3.9508872032165527,3.5231711864471436,1.121400861364221,centroidBasedKTA,checkerboard,91,4,0.6666666666666666,27
9.287502619446153,7.504271911550921,0.1107082653439514,0.11070891173938102,0.3203152961524147,0.20399737455029976,0.000525118983300968,0.3876599801547196,6,0.006179492392362683,0.11070826532610989,0.11070891172153939,3.984764575958252,3.5111923217773438,1.134875054050031,centroidBasedKTA,checkerboard,92,4,0.6666666666666666,28
8.624567066959399,7.076044406023914,0.12735279149991702,0.12741979196318204,0.32842380420294753,0.22122827572611067,0.0054759355636194345,0.41559508641464005,8,0.006379261284318332,0.1273527914800361,0.12741979194329064,4.010058879852295,3.44337797164917,1.1645712183988197,centroidBasedKTA,checkerboard,93,4,0.6666666666666666,28
9.475840886604868,7.676072509931167,0.12002421254840401,0.12050222587554676,0.2919724049387603,0.2167971094486027,0.01484001351738711,0.38356473678376557,6,0.006406914781541061,0.12002421252974858,0.12050222585681704,3.9236435890197754,3.335024833679199,1.1764960636560045,centroidBasedKTA,checkerboard,94,4,0.7333333333333333,28
8.709013676734203,7.095995389338645,0.11042415212964087,0.11083978384388214,0.3212177822297278,0.21486603372372728,0.014152322099686357,0.4062649647549406,6,0.006708161949120713,0.11042415211324844,0.11083978382742801,3.8424017429351807,3.333707571029663,1.1525911199665444,centroidBasedKTA,checkerboard,95,4,0.7333333333333333,28
9.227427276265821,7.4529049104351595,0.10668518886273827,0.10748477247259955,0.32447988745570594,0.20461134335318615,0.01921401523325446,0.3837391979062953,12,0.006452305712134079,0.10668518884627262,0.10748477245601049,3.9521684646606445,3.3590645790100098,1.1765681700065018,centroidBasedKTA,checkerboard,96,4,0.7,27
9.223095170675851,7.283015471074853,0.09439828472003638,0.1012988439461318,0.33628846702974996,0.1959461390291639,0.05720050288623071,0.4054800071449241,12,0.00660428727179289,0.09439828470580272,0.10129884393085767,3.8793065547943115,3.3277294635772705,1.1657517827855322,centroidBasedKTA,checkerboard,97,4,0.7666666666666667,28
9.740608558639611,7.933654856726283,0.10071523953139526,0.10073710488932895,0.295760933566199,0.1988724690338209,0.00311516220551784,0.3768257513979883,12,0.00640736900660089,0.10071523951574171,0.100737104873672,3.9384665489196777,3.4847896099090576,1.130187755874688,centroidBasedKTA,checkerboard,98,4,0.7,27
10.813812679302341,9.161593616281033,0.09099961534232263,0.0911202198959133,0.2410233060237209,0.18749908816093566,0.007250928682545445,0.3625686186113356,12,0.006272630100908068,0.09099961532787533,0.09112021988144686,3.9189937114715576,3.4730398654937744,1.128404470794421,centroidBasedKTA,checkerboard,99,4,0.6666666666666666,27
9.86095073431264,7.68270683895745,0.11339851642096743,0.11485188127501893,0.3563358889815325,0.21831671296115418,0.026478639507008617,0.38115537872584915,12,0.006807938059250868,0.11339851640438006,0.11485188125821895,3.8852059841156006,3.3850412368774414,1.1477573572186057,centroidBasedKTA,checkerboard,100,4,0.6666666666666666,27
3.97545811931343,2.952822629421175,0.07049740055206484,0.11000355593453474,0.1127100494276507,0.07954870440246482,0.07562673583788482,0.48333659460474787,6,0.0021992598245687794,0.07049740052009529,0.11000355588464973,9.185847282409668,5.695428371429443,1.6128457217525471,greedyKTA,checkerboard,1,4,0.43333333333333335,30
4.753563337799636,3.13980657772106,0.06742870069897695,0.09971247486989468,0.1067436597216454,0.08263206963674029,0.07340434311899631,0.44181648254617156,6,0.0024516631212697405,0.06742870067154977,0.0997124748293358,8.75364875793457,5.311074256896973,1.6481879812855966,greedyKTA,checkerboard,2,4,0.4666666666666667,28
5.335657001990542,3.4342783133029386,0.0801171067012197,0.12280416757028179,0.13000956634232483,0.09868094550176461,0.09206892004716737,0.43894476458395376,14,0.0028495365086266024,0.08011710667318424,0.1228041675273088,8.200789451599121,5.019577503204346,1.6337608984744936,greedyKTA,checkerboard,3,4,0.4666666666666667,27
5.429937074162835,3.89502895257697,0.0931381888324426,0.15617983957261433,0.15620118292154422,0.11067347105696321,0.11019167897946677,0.46216050142111953,14,0.0029258601242560297,0.09313818880070278,0.15617983951939107,7.62122106552124,5.203718662261963,1.4645720801145248,greedyKTA,checkerboard,4,4,0.4666666666666667,29
7.237365227913317,5.371089264859761,0.08421432670318695,0.14140467524670655,0.14264482171373324,0.10418670664549383,0.09898399630285741,0.4647367144265517,14,0.002750193010406468,0.084214326672656,0.14140467519544192,7.234230995178223,5.442817687988281,1.3291334396781413,greedyKTA,checkerboard,5,4,0.5,28
6.5215422525578335,4.463225558527259,0.09739800057309485,0.15419573864158526,0.1561388693373464,0.11029190604177043,0.09762043365254956,0.4689466184049181,14,0.0026948319498665287,0.09739800053705802,0.1541957385845335,7.378276348114014,5.4921417236328125,1.3434242449286726,greedyKTA,checkerboard,6,4,0.5333333333333333,28
7.463247508029919,5.292036820297672,0.10600471943944072,0.15922783669740276,0.16340309431931152,0.11315443330039662,0.0938018078800571,0.45720325456727073,14,0.0026468992747531437,0.10600471939950805,0.1592278366374206,7.567360877990723,5.528919696807861,1.3686870660028563,greedyKTA,checkerboard,7,4,0.5333333333333333,28
8.670268068382159,6.787602380595181,0.11335553902869938,0.15434836910167088,0.16161220443373028,0.11811020658443314,0.08341792970996499,0.412683328321448,14,0.00269911321098271,0.1133555389868245,0.15434836904465277,7.521852016448975,5.453131675720215,1.3793637241400662,greedyKTA,checkerboard,8,4,0.5333333333333333,28
8.76998652375977,7.112487523481988,0.11881270278898548,0.1444386936282802,0.1515560275935502,0.12014041298296077,0.06654196391324964,0.37460888223853517,14,0.00269005014281287,0.11881270274494687,0.14443869357474318,7.589416980743408,5.335968017578125,1.4223130565513866,greedyKTA,checkerboard,9,4,0.5,28
8.759182527154286,6.987220343116517,0.1244160125405325,0.13558584264112866,0.1406928069084982,0.12234938038200562,0.044463121011619665,0.38966724647941897,14,0.0026952866592161472,0.12441601249450683,0.1355858425909709,7.6644463539123535,5.210204124450684,1.4710453123981877,greedyKTA,checkerboard,10,4,0.5,28
8.210517866773115,6.6562429580590425,0.12379754434730994,0.127028991174606,0.13066269908252007,0.12134447420932662,0.024109552801725144,0.4119277267598708,14,0.0026889367140581467,0.12379754430140502,0.12702899112750282,7.728261470794678,5.110089302062988,1.5123535057739985,greedyKTA,checkerboard,11,4,0.4666666666666667,28
8.32376366096292,6.96940653477465,0.12029097890124144,0.12096527819867192,0.12317441273834556,0.12036363689619611,0.011209512938309508,0.46403552342601967,14,0.0027409755925731946,0.12029097885748426,0.12096527815466947,7.742260932922363,5.0038533210754395,1.5472597688488663,greedyKTA,checkerboard,12,4,0.5,29
7.948148211430945,6.589949081816797,0.11861740461183796,0.11865112892556863,0.11957135324158712,0.11729923537679389,0.002527121322308063,0.5448518895437002,14,0.0027097033018959648,0.1186174045681904,0.11865112888190865,8.020792961120605,4.913038730621338,1.6325523572871583,greedyKTA,checkerboard,13,4,0.5,28
7.57287829838405,5.7487262912216055,0.11446321372757783,0.11471375657437109,0.11522126884883586,0.11389894240739802,0.006930484018971322,0.5923763064620482,14,0.002691366264022244,0.1144632136851715,0.11471375653187195,8.181467056274414,4.836815357208252,1.6914987346126358,greedyKTA,checkerboard,14,4,0.5,28
6.819042247717516,4.980886778626383,0.10602565511804979,0.10616274360068063,0.10834813566001153,0.11022557724893385,0.005232186669909705,0.5966136706572291,14,0.002742485285877831,0.10602565507950229,0.10616274356208329,8.192099571228027,4.700927257537842,1.7426561021743994,greedyKTA,checkerboard,15,4,0.5,28
7.914018057081876,5.611283549737455,0.09194361520283956,0.09194411280689824,0.09472182530616623,0.10243509722822702,0.0003220749210635097,0.5696224392744414,14,0.0027630306831697344,0.0919436151696605,0.091944112773719,8.278982162475586,4.532345771789551,1.826643989521763,greedyKTA,checkerboard,16,4,0.5,28
8.00731107296359,5.735646125452049,0.08724896087178408,0.08726350548649245,0.0892655465523457,0.10069131760385966,0.0018021227017869573,0.5093520372185264,14,0.0028549293196011853,0.0872489608413124,0.08726350545601569,8.42264175415039,4.383344650268555,1.9215102681082672,greedyKTA,checkerboard,17,4,0.5,28
8.123915640851475,5.802330939088397,0.08188305792309103,0.08209465020729459,0.08209707616025608,0.09791964029194433,0.007101148781021983,0.45035727787476004,13,0.002919079386593631,0.08188305789512139,0.08209465017925267,8.596688270568848,4.2239556312561035,2.0352221995310975,greedyKTA,checkerboard,18,4,0.4666666666666667,28
8.368143044413761,6.189794338129678,0.07687623649788998,0.08594880967489894,0.08839296660260444,0.09318441456298998,0.046867261074450786,0.4472755330784261,13,0.0028657158664216562,0.07687623647114036,0.08594880964499246,8.887823104858398,4.146495342254639,2.143454259862629,greedyKTA,checkerboard,19,4,0.4,27
8.647952377910187,6.428625214714679,0.06971053127994441,0.11540243125499502,0.11691743284272915,0.08655611671479323,0.10400148089675666,0.44993063356830354,13,0.002778939157311613,0.06971053125492929,0.11540243121358369,9.242362976074219,4.196046829223633,2.2026358027520083,greedyKTA,checkerboard,20,4,0.43333333333333335,27
9.116826772975015,6.730980967154695,0.06602273575899749,0.13259279293653992,0.15261016531205376,0.08129626017434588,0.1215813638725472,0.453642610549244,13,0.00263252745083407,0.06602273573398648,0.1325927928863106,9.613816261291504,4.333994388580322,2.218234589001963,greedyKTA,checkerboard,21,4,0.43333333333333335,27
9.323366360491834,6.591527165228526,0.07036004970588947,0.13029758705143202,0.19811880447119834,0.07980763338197382,0.11132443753569636,0.46266382717195287,13,0.002434142158994201,0.07036004967706079,0.13029758699804508,10.118619918823242,4.429981231689453,2.2841225254947726,greedyKTA,checkerboard,22,4,0.43333333333333335,27
8.01511739697291,5.159678596695693,0.08705411627120771,0.12104957491924172,0.2762150350766535,0.08208359509264879,0.07975961162706087,0.48404555677845423,13,0.002145215494083185,0.08705411623073027,0.12104957486295746,10.903603553771973,4.509706974029541,2.417807546379649,greedyKTA,checkerboard,23,4,0.43333333333333335,29
6.735736046772152,4.221749009239558,0.10051563677291489,0.11559734249872011,0.2997509967233065,0.0835079634439551,0.0513419567593699,0.534158742248187,13,0.001960868570055204,0.10051563672178017,0.11559734243991296,11.495071411132812,4.562884330749512,2.51925549233506,greedyKTA,checkerboard,24,4,0.43333333333333335,29
6.529628040624898,4.046268653524108,0.11264121319949003,0.11855003623922362,0.25401751187043714,0.08604197301038115,0.03173306239427028,0.5967860570283204,13,0.001877966052134385,0.11264121313965418,0.11855003617624897,11.852325439453125,4.570923805236816,2.5929825007959133,greedyKTA,checkerboard,25,4,0.4,29
6.43037511832889,4.209125098827503,0.10909489563305208,0.10974518051369299,0.21832745409755544,0.08464902585194886,0.01047147742137205,0.6263879883062636,13,0.0018747328290472883,0.10909489557500007,0.10974518045529494,11.84360122680664,4.613292694091797,2.567277216546886,greedyKTA,checkerboard,26,4,0.4,29
6.594141434038529,4.640849941560416,0.13188789008021606,0.13188901954180396,0.2362029825439191,0.0908380231442347,0.00044058364349818744,0.6438439196820102,13,0.0018151214431531356,0.13188789000772638,0.13188901946931367,12.330790519714355,4.488860130310059,2.7469758829085826,greedyKTA,checkerboard,27,4,0.36666666666666664,29
7.41547570930639,5.816585541760437,0.15644765635481583,0.156465515401652,0.27482010710093574,0.09732520108194476,0.0017809534569515298,0.655501325493154,13,0.0017825520142357553,0.15644765626725188,0.156465515314078,12.782184600830078,4.3575239181518555,2.933359596164516,greedyKTA,checkerboard,28,4,0.36666666666666664,29
8.099077339793604,6.96920156441926,0.15982003081283483,0.15983025995590175,0.2951004277179584,0.09819716689997944,0.0013567741545704771,0.6684127089216395,13,0.0017822717933821991,0.15982003072336898,0.15983025986643015,12.843725204467773,4.306077480316162,2.982697190929731,greedyKTA,checkerboard,29,4,0.36666666666666664,29
8.276132656038598,7.099143671613678,0.15862867573784847,0.15878192507483882,0.301066215535054,0.09731445586103432,0.0052073747553973695,0.6790307975327642,13,0.0017625552011937937,0.15862867564805674,0.15878192498496033,12.80362606048584,4.319832801818848,2.963917042134585,greedyKTA,checkerboard,30,4,0.3333333333333333,29
8.331747727432239,7.1241690065150385,0.15857980508512873,0.1585801116704307,0.290107341626354,0.09565812751458717,0.00022821207351364598,0.688668363922408,13,0.0017038397128308848,0.15857980499227298,0.15858011157757476,12.82240104675293,4.355513095855713,2.9439473064495085,greedyKTA,checkerboard,31,4,0.3333333333333333,29
8.400280456381262,7.09208190072989,0.16083756714170486,0.16176361310091986,0.27333290043074093,0.09398243893057219,0.012198554122353175,0.6973433641593632,13,0.0016231570535569092,0.1608375670428426,0.1617636130014884,12.898098945617676,4.408059597015381,2.926026443550769,greedyKTA,checkerboard,32,4,0.3333333333333333,29
8.430191573589445,6.9716627057353975,0.16406695695649898,0.1671096375086429,0.2634656779021491,0.09260699522247573,0.021431023269170044,0.7028583461029606,13,0.0015453760778640817,0.16406695685057465,0.16710963740075419,12.968640327453613,4.490880012512207,2.88777261724168,greedyKTA,checkerboard,33,4,0.3333333333333333,29
8.523706345537207,6.988321892116829,0.18961721504682763,0.1981975955349617,0.2773798809747312,0.09549402153036643,0.036173008962903624,0.6992802755012535,13,0.0014468990779905456,0.18961721491606565,0.19819759539828258,13.653555870056152,4.305837631225586,3.1709407180239446,greedyKTA,checkerboard,34,4,0.36666666666666664,29
8.558550975695388,6.972979625911995,0.233667532295744,0.2578747102480411,0.3177018935885752,0.10030125421633554,0.06313154227152419,0.6866729414230454,13,0.001330869945761991,0.23366753212053362,0.2578747100546795,14.884130477905273,3.892146587371826,3.824144374775968,greedyKTA,checkerboard,35,4,0.43333333333333335,29
6.311928248330964,4.794499752987457,0.27644654559073634,0.32334009567700983,0.3690049620652136,0.10243280855092458,0.08969408866727238,0.6715849167117978,13,0.0012001896126477116,0.2764465453608485,0.3233400954081262,16.262561798095703,3.597836494445801,4.52009473559921,greedyKTA,checkerboard,36,4,0.43333333333333335,29
6.123937826161448,4.630236695263931,0.29564622489000675,0.3365335574244291,0.41499207066241206,0.10163802539929631,0.08183920707815076,0.6628651295382998,13,0.0011118447366540434,0.2956462246246049,0.33653355712232264,16.782312393188477,3.5797924995422363,4.688068483111749,greedyKTA,checkerboard,37,4,0.43333333333333335,29
6.209324681083791,4.439100844776451,0.3153321156205665,0.34527121680574796,0.44625824273865494,0.10075684723003041,0.06714850930798795,0.6565057529309931,13,0.0010265157351385043,0.3153321153139545,0.3452712164700248,17.039350509643555,3.642503499984741,4.677922892787956,greedyKTA,checkerboard,38,4,0.4,29
6.357546525936003,4.490468089022502,0.3158032105444458,0.33908522134870656,0.43129656117246723,0.0983916328857634,0.055419629345945715,0.6547913386857607,13,0.0009720509139548646,0.3158032102201789,0.3390852210005337,16.710290908813477,3.8830864429473877,4.3033527979164745,greedyKTA,checkerboard,39,4,0.4,29
6.4386424793982835,4.500130425924078,0.3012861908728108,0.32285251393068304,0.39239561154620894,0.0959731464316246,0.049213698392153254,0.657263095209346,13,0.0009573208220324107,0.30128619055870826,0.3228525135940968,16.008365631103516,4.357840538024902,3.673462920778485,greedyKTA,checkerboard,40,4,0.4,29
5.947829975681274,4.040476172160727,0.30662310058204495,0.32990935178521014,0.37856343015738847,0.09649564907929009,0.051020073170708675,0.643861974982434,13,0.0009524769703108011,0.30662310026074885,0.3299093514395135,16.136642456054688,4.383703708648682,3.6810522627737723,greedyKTA,checkerboard,41,4,0.4,29
5.3750622318546455,3.480275641781686,0.29192590298920007,0.3171925943758439,0.33801559597817704,0.09682306528177513,0.05385569214762622,0.6271238744155683,13,0.001004439893749565,0.29192590269913526,0.3171925940606735,15.927743911743164,4.455787181854248,3.57461953672378,greedyKTA,checkerboard,42,4,0.43333333333333335,29
5.110255579818716,3.3588295407225632,0.2538914619960799,0.2855022155951178,0.2855759021950785,0.09682134452291172,0.06274389882867835,0.5975449376599962,13,0.0011445101844280773,0.25389146177469585,0.2855022153461703,15.27724838256836,4.529300212860107,3.372982064467282,greedyKTA,checkerboard,43,4,0.4666666666666667,29
6.21689709836366,4.024584989131114,0.2232468898226469,0.25561898117891313,0.31018656343026857,0.09944148895272037,0.06922631849405314,0.5508359924478641,13,0.0013588743379468486,0.22324688965870607,0.25561898099119995,14.512720108032227,4.342370986938477,3.342118891196088,greedyKTA,checkerboard,44,4,0.5,29
6.997802976465484,4.796928443436945,0.18087301088572771,0.23573042169339803,0.33141270548892554,0.1000125387648727,0.09382977871336036,0.42666660133603235,13,0.00164096234091471,0.18087301077575507,0.23573042155007154,13.02538013458252,4.488275051116943,2.9020904437080226,greedyKTA,checkerboard,45,4,0.5,29
7.155133740657241,5.312287708274953,0.1522543863526604,0.22780335038316807,0.31753650112611065,0.09804202093436605,0.11087636136463527,0.4652822808966658,14,0.0018167410648103125,0.15225438626905466,0.22780335025807694,12.023467063903809,4.664821147918701,2.5774765382517892,greedyKTA,checkerboard,46,4,0.5333333333333333,29
7.165660453262241,5.370224449244161,0.12912484562195722,0.22705764968061232,0.289110056173877,0.09740384792370425,0.12863378678181303,0.47109014795443216,14,0.0020334669700252895,0.12912484555861772,0.2270576495692339,10.958784103393555,4.765657901763916,2.2995322638108524,greedyKTA,checkerboard,47,4,0.4666666666666667,29
6.128302466576766,3.848391502343018,0.12202617579821354,0.23576082977247198,0.2584798977233842,0.10226046332841467,0.1426768261450144,0.45323240357078404,14,0.002271136821362341,0.12202617574462717,0.2357608296689404,9.973894119262695,4.775437831878662,2.088582130140906,greedyKTA,checkerboard,48,4,0.4666666666666667,29
5.656585538918381,3.4567859104420418,0.15095073312570287,0.2689328765947356,0.2699481318491766,0.11836462520330868,0.15281045195822782,0.45752149748417187,13,0.00243693599989968,0.15095073306392787,0.2689328764846777,9.688700675964355,4.543435096740723,2.1324615559959263,greedyKTA,checkerboard,49,4,0.4666666666666667,28
6.922505919030362,4.813294911568979,0.19505585095458544,0.3266626701638503,0.33466795501321694,0.1371752884377058,0.17336818406796387,0.523890266805276,13,0.0025737395405651124,0.19505585087900354,0.3266626700372723,9.862714767456055,4.1660919189453125,2.3673780990292053,greedyKTA,checkerboard,50,4,0.4666666666666667,29
7.662589605376869,5.7431850022211535,0.221183104691748,0.39536282384222093,0.4056656396832496,0.14967186031151172,0.21054865398634526,0.5653485299527929,13,0.00271651057298518,0.2211831046105472,0.3953628236970752,9.882925987243652,3.932842493057251,2.5129218891139744,greedyKTA,checkerboard,51,4,0.4666666666666667,29
7.4180270982216445,5.5850281993864055,0.23628100559234355,0.48897137056962986,0.49055536934518673,0.1554460074670093,0.2618441307023254,0.5917904965516848,13,0.002779874138685371,0.2362810055075752,0.4889713703942061,10.10649299621582,3.8092002868652344,2.6531797319931063,greedyKTA,checkerboard,52,4,0.43333333333333335,28
6.895674606975914,5.017894646822769,0.2316037917573918,0.5476967959211307,0.5513819134406781,0.1562410939618996,0.2893755242756674,0.6106491062152857,13,0.002842968191855523,0.23160379167614725,0.5476967957290035,9.945416450500488,3.956937074661255,2.513412839993009,greedyKTA,checkerboard,53,4,0.43333333333333335,28
6.947594333137606,5.232682009885254,0.21560720689573754,0.5341193881802124,0.5388729910982549,0.15574621663548102,0.2855904506654615,0.6138003433142046,13,0.002957942369932501,0.2156072068230495,0.5341193880001438,9.44597339630127,4.150086402893066,2.2760907796315064,greedyKTA,checkerboard,54,4,0.43333333333333335,28
7.017608974802992,5.454712634147942,0.20726279607311912,0.5157168335627067,0.5167284766267438,0.15723817170196297,0.2799245555658759,0.610954195316465,13,0.0030677314619252613,0.20726279600574915,0.5157168333950749,9.03804874420166,4.244023323059082,2.1295945041331503,greedyKTA,checkerboard,55,4,0.4666666666666667,28
7.301421505493562,5.751656500092234,0.19590507103879115,0.4863218611187953,0.4874580731115921,0.16027973201784362,0.2744036293844857,0.6035062934553399,13,0.003258663083251071,0.1959050709788494,0.4863218609699937,8.46422004699707,4.280953407287598,1.9771810719981657,greedyKTA,checkerboard,56,4,0.4666666666666667,27
7.924632438984858,6.305138241459829,0.1743808920464763,0.4439060939082272,0.453645532270539,0.1614504656137487,0.2688007178638441,0.5932458635577452,13,0.0035180722119432556,0.17438089199706072,0.4439060937824343,7.695888996124268,4.291182994842529,1.7934189721976388,greedyKTA,checkerboard,57,4,0.4666666666666667,27
8.51674892872477,6.909622752166132,0.1509683960557989,0.40816731042923216,0.41201707753065697,0.15708864931914487,0.26789979490056126,0.5744787931646134,13,0.003723011598359183,0.150968396015376,0.4081673103199424,7.262283802032471,4.254035949707031,1.7071514881135186,greedyKTA,checkerboard,58,4,0.5333333333333333,27
8.130241237051083,6.398606871038488,0.1277140785488523,0.3735251315131842,0.37786864664118236,0.15293979971863847,0.2706034981140124,0.5485804000076905,13,0.004008995241650945,0.12771407851709815,0.37352513142031285,6.790032863616943,4.174540996551514,1.6265339996000512,greedyKTA,checkerboard,59,4,0.6333333333333333,26
7.671456862824316,5.944839653069281,0.11010531849581222,0.3445773984523125,0.357392263519287,0.15036893088523073,0.273503343565329,0.5548961721688117,8,0.004320366120366171,0.11010531847041126,0.34457739837281953,6.366492748260498,4.098019599914551,1.553553513602447,greedyKTA,checkerboard,60,4,0.6333333333333333,25
8.95551466692098,7.279080225976648,0.08990936247903586,0.28242232039342663,0.33860100080134203,0.14077494254376688,0.2500251640827558,0.4914672389815609,7,0.00448484803656977,0.08990936245905576,0.2824223203306654,6.064573287963867,4.116599082946777,1.4731998831475233,greedyKTA,checkerboard,61,4,0.6333333333333333,26
8.882330539784974,7.114501376850592,0.07929321538407685,0.23178180035231227,0.30833843154220286,0.1352081311880465,0.22370102168604228,0.5178447286013111,7,0.0046079949315613955,0.07929321536692734,0.23178180030218257,5.907078266143799,4.14995813369751,1.4234067129923826,greedyKTA,checkerboard,62,4,0.6666666666666666,26
8.47543590810034,6.713420357001961,0.05925993459994592,0.2098406592876773,0.2844484426983433,0.12041658185784133,0.2260628025042491,0.5298278654785057,12,0.004832896807221086,0.059259934587725945,0.20984065924440617,5.793006420135498,4.1766357421875,1.3870030277287342,greedyKTA,checkerboard,63,4,0.6666666666666666,26
8.626607751215627,7.001607465561804,0.04606597315718364,0.17809992659768756,0.2550973838238555,0.10881664981782373,0.21311474890415522,0.5418385810022132,12,0.005019272793335808,0.046065973148037266,0.17809992656232593,5.697309970855713,4.257345676422119,1.3382305323260488,greedyKTA,checkerboard,64,4,0.6666666666666666,25
9.290453120201544,7.536036063100599,0.03827008061345851,0.1438629672065287,0.2151903440314048,0.10065207341950468,0.1903108300783045,0.515004706556136,12,0.005134408883065087,0.038270080606030425,0.1438629671786054,5.655765533447266,4.36500883102417,1.2957054045911167,greedyKTA,checkerboard,65,4,0.7666666666666667,25
10.117533268537553,8.298401183024874,0.03505883434669011,0.11238626054879008,0.16516749757910174,0.09679861418251061,0.16114472349138217,0.4742048352721624,7,0.005172899297779864,0.035058834339935854,0.11238626052713832,5.665109634399414,4.508691310882568,1.256486471079614,greedyKTA,checkerboard,66,4,0.7666666666666667,26
9.236969556946256,7.806202468786862,0.040335712412903256,0.10156454755114366,0.12532876608496923,0.10467141925206515,0.14294280931129555,0.48882650861356514,10,0.005254028972757438,0.0403357124052523,0.10156454753187869,5.679378032684326,4.6227312088012695,1.2285763061174888,greedyKTA,checkerboard,67,4,0.8,26
8.277398223684202,7.185810694383718,0.052367577776742315,0.10200904910361822,0.10871675696109497,0.11967036967566447,0.1284008854703612,0.4922394302016531,10,0.0053127605751647055,0.05236757776691878,0.10200904908448254,5.731418609619141,4.7193427085876465,1.2144527243568548,greedyKTA,checkerboard,68,4,0.8,26
7.8939514767226395,6.877289823365014,0.06665998208432039,0.10318168735269526,0.1050678469716661,0.13496453430603875,0.11002509489844008,0.49040686413310475,10,0.00535285015956395,0.0666599820719092,0.10318168733348419,5.812575340270996,4.791927814483643,1.2129930928218962,greedyKTA,checkerboard,69,4,0.8333333333333334,26
7.7594086419323265,6.6325923398219,0.08390937854081441,0.10838273338374936,0.10892128428470718,0.154214327720815,0.09192720735055546,0.489984465256093,9,0.00554988272293884,0.08390937852574644,0.1083827333642866,5.78673791885376,4.749830722808838,1.2183040315656812,greedyKTA,checkerboard,70,4,0.8333333333333334,26
7.5234654058392625,6.339497483343625,0.09051227308053263,0.10588091585273472,0.10691432674735517,0.16118582718353658,0.07420250521530172,0.5215525064077657,9,0.005681079212589319,0.09051227306465442,0.10588091583416046,5.837230205535889,4.676828384399414,1.2481172550624267,greedyKTA,checkerboard,71,4,0.8333333333333334,26
7.648964687620503,6.516781721775868,0.08970091068329515,0.10419671857468975,0.10827349896915824,0.16404120003011383,0.07436736887753592,0.5354774651234323,9,0.005939657523073362,0.08970091066824469,0.10419671855720711,5.798445701599121,4.559300422668457,1.2717840817789647,greedyKTA,checkerboard,72,4,0.8333333333333334,26
7.758575070214065,6.632470239922293,0.0821616253699201,0.09701928587036496,0.11411733131348191,0.15858602919696857,0.07745954985533024,0.5443733923386409,9,0.0061284333907014365,0.08216162535655941,0.09701928585458819,5.8433051109313965,4.429144859313965,1.3192851659936797,greedyKTA,checkerboard,73,4,0.8333333333333334,25
7.732292392218412,6.713752313242812,0.07123023151101195,0.08757606376034072,0.12858801343177934,0.14760160580097031,0.08343987236109386,0.546557657018153,9,0.006246685914212394,0.0712302314996481,0.08757606374636913,5.961741924285889,4.281054496765137,1.3925872536285921,greedyKTA,checkerboard,74,4,0.8333333333333334,24
8.142411517706678,6.9125064959184765,0.06180425516170476,0.08196826772647377,0.13412099213739814,0.13651823400933374,0.09472667723484787,0.5206887422076745,9,0.006292380258409692,0.061804255151916246,0.0819682677134917,6.107643127441406,4.138747692108154,1.475722508788372,greedyKTA,checkerboard,75,4,0.8333333333333334,24
8.421232709417456,6.736318986268653,0.05583353192743125,0.08236504613420337,0.1262997846571652,0.12864219146460543,0.10972690337074631,0.4576668199060901,9,0.0062765999161680614,0.055833531918566034,0.0823650461211255,6.218207359313965,4.061371803283691,1.5310608485253436,greedyKTA,checkerboard,76,4,0.8666666666666667,24
8.31351804531346,6.51287523045446,0.05107027400083592,0.07781241989494231,0.11110710574939553,0.12166680635153335,0.10937417335157745,0.4444265169225337,9,0.006193138615728383,0.051070273992617606,0.0778124198824206,6.302957057952881,4.084012508392334,1.5433246213128,greedyKTA,checkerboard,77,4,0.8666666666666667,24
6.599851773326914,5.002664542313381,0.04935498328622755,0.06469738565547829,0.09437142319688345,0.11526514332791576,0.08030587503002003,0.4879278037841229,9,0.005886378983870566,0.049354983277870954,0.06469738564452399,6.544227600097656,4.191042900085449,1.561479506679034,greedyKTA,checkerboard,78,4,0.8666666666666667,25
7.6906069948816285,6.1637321580234845,0.04896709651092359,0.053664704104211154,0.08829027992252338,0.11029415663112963,0.043057572355151265,0.5116063102047788,9,0.005567768334171695,0.04896709650215778,0.05366470409460441,6.810235023498535,4.286870956420898,1.5886260847895455,greedyKTA,checkerboard,79,4,0.8666666666666667,25
8.062246325330136,6.507573188366875,0.048751847573342014,0.04914830771351821,0.08661505103711367,0.10339907450520543,0.012080541010777813,0.45088051330352796,9,0.005121879122932526,0.048751847563854166,0.04914830770395321,7.287829875946045,4.341773986816406,1.678537367001028,greedyKTA,checkerboard,80,4,0.8666666666666667,25
7.17435653942128,5.492971403180683,0.0412755731653878,0.04170588433250135,0.08712315689350339,0.09389986256931342,0.012605961296915335,0.5138247439880332,5,0.00504703489389995,0.04127557315723572,0.04170588432426429,7.403110027313232,4.282345294952393,1.7287513073823266,greedyKTA,checkerboard,81,4,0.8666666666666667,26
7.182782649954603,5.1946162261628785,0.03445185353714374,0.0369312224552925,0.09613297912286353,0.08676359602449935,0.03058588279053846,0.5325025671887077,5,0.00512681101695902,0.03445185353044537,0.03693122244811208,7.307042121887207,4.231586456298828,1.7267854969638528,greedyKTA,checkerboard,82,4,0.9,26
6.863394094961103,4.906708188708639,0.03009458215101741,0.03452759738916028,0.11949926391081393,0.08478932313087613,0.04176913545228044,0.5191127758294256,5,0.005417644311657922,0.03009458214548072,0.03452759738280802,6.90950870513916,4.194009780883789,1.6474708134041347,greedyKTA,checkerboard,83,4,0.9333333333333333,25
6.908156385981761,5.194022808529311,0.02933404606007369,0.03337357345326409,0.1651215136426812,0.08741848148053324,0.04048806159496906,0.4941804374427411,5,0.005682142551277254,0.0293340460549285,0.03337357344741036,6.506283283233643,4.176804065704346,1.557718097589266,greedyKTA,checkerboard,84,4,0.9333333333333333,25
7.52978727303385,5.635141754583404,0.03182479513690989,0.03418800852624583,0.16019538701087227,0.09630415106247463,0.03153842195210354,0.45916551585838034,5,0.006011084976215573,0.03182479513163376,0.03418800852057791,5.992808818817139,4.149328708648682,1.4442839407551737,greedyKTA,checkerboard,85,4,0.9,25
7.098677355890356,5.1903070468803545,0.03701803805568843,0.03707833062373008,0.1387651447359488,0.11004928380302396,0.005142321271025769,0.4780949433360009,4,0.006309096406474229,0.037018038049841794,0.037078330617873925,5.446441650390625,4.062742233276367,1.3405826256412638,greedyKTA,checkerboard,86,4,0.8666666666666667,25
6.5606716055978245,4.0183222966087255,0.046061145724035794,0.04721773074545502,0.13264058864407424,0.12678683389071257,0.022826871742670164,0.5485320651962396,4,0.00643720161473612,0.046061145716906116,0.047217730738146314,5.119945526123047,3.9661002159118652,1.2909269174744251,greedyKTA,checkerboard,87,4,0.8333333333333334,24
7.450269774192137,5.073841595586631,0.05774416080445931,0.06269352563059749,0.1400865850228653,0.148019439379954,0.04880367573213287,0.49091188510028705,4,0.006797370046010291,0.05774416079599515,0.06269352562140784,4.923560619354248,3.8819785118103027,1.2683121775078943,greedyKTA,checkerboard,88,4,0.8333333333333334,23
5.076645850770852,2.7668988553438676,0.06519012685506559,0.07731093820808983,0.16913962420505413,0.16184511655800551,0.0781095695766176,0.6553478807323257,5,0.007046585494854845,0.06519012684584809,0.07731093819715852,4.797770023345947,3.829834461212158,1.2527356134933783,greedyKTA,checkerboard,89,4,0.8333333333333334,22
5.7692918153039745,3.186956762023025,0.06528472469123815,0.08709020120887394,0.21139750717190542,0.16481202042432097,0.10633701300080732,0.6397909100163741,5,0.0072050228211995035,0.06528472468221029,0.08709020119683072,4.732825756072998,3.7973740100860596,1.2463417465598792,greedyKTA,checkerboard,90,4,0.8666666666666667,22
5.8316444664576865,3.4200711380435025,0.05995926399725074,0.0921216585445804,0.24504364076088328,0.15916855844315103,0.13040198783425702,0.631628311853115,5,0.00729585061358106,0.0599592639890625,0.09212165853199995,4.725461959838867,3.7764391899108887,1.251300953676715,greedyKTA,checkerboard,91,4,0.9,22
5.565890888800163,3.4863730339337566,0.054904758829835955,0.09649488719573925,0.2635030310281185,0.15229880547961097,0.14924181444566176,0.6314948568861485,5,0.0073445774638200255,0.05490475882238764,0.09649488718264886,4.771443843841553,3.763934373855591,1.2676745580323843,greedyKTA,checkerboard,92,4,0.9,22
5.47153365887439,3.374410442591628,0.05652454619476025,0.09870713655452129,0.2779730509502612,0.1543070392157509,0.15197570545726308,0.638339766478616,5,0.007407300689403082,0.0565245461871571,0.09870713654124415,4.831446647644043,3.717033624649048,1.299812467555742,greedyKTA,checkerboard,93,4,0.8333333333333334,23
4.781542423847615,3.0747678476284457,0.059524246464763744,0.07351271738599147,0.29083368940832444,0.1562896921370247,0.08808903638442267,0.6480476332006092,5,0.007368544056802117,0.05952424645671488,0.07351271737605107,4.952553749084473,3.663721799850464,1.3517821547709383,greedyKTA,checkerboard,94,4,0.8333333333333334,24
5.307015332583944,3.349850548152098,0.06761529993521966,0.20762143051378323,0.29802246461513643,0.16294586083767373,0.2777390649629052,0.6398284649409349,5,0.007257708610279345,0.06761529992593691,0.20762143048527937,5.126269817352295,3.653560161590576,1.4030889298724922,greedyKTA,checkerboard,95,4,0.8333333333333334,23
5.986920609904008,3.950379469217999,0.07813638599281642,0.2540509107579163,0.3014578932139189,0.16866836414287217,0.3058205368548049,0.598961474050451,5,0.007017003834794018,0.0781363859817208,0.25405091072184033,5.407251834869385,3.7030446529388428,1.460217831987679,greedyKTA,checkerboard,96,4,0.8,24
6.998756747887281,4.705914844196636,0.08558387360779175,0.27986677483145217,0.29725382824111674,0.1696627886496051,0.3169144383474054,0.5536331662795658,5,0.006741455011145964,0.08558387359514126,0.279866774790084,5.696186065673828,3.706089973449707,1.536979972553165,greedyKTA,checkerboard,97,4,0.7333333333333333,24
7.574764412395273,5.7581516309651475,0.08773703112960941,0.297915418490321,0.302933851024736,0.1653506301911181,0.3237001631869223,0.4870133563915773,5,0.006469633540275206,0.0877370311160951,0.2979154184444324,5.986103057861328,3.741753578186035,1.5998122091091127,greedyKTA,checkerboard,98,4,0.7333333333333333,25
7.954172255257231,6.377101012080034,0.08865416532126318,0.31437634185675056,0.3147523791724276,0.16031185035610696,0.33002371089963095,0.4378753377223923,13,0.0062040905486530655,0.08865416530702237,0.31437634180625124,6.263670444488525,3.7630929946899414,1.664500572620835,greedyKTA,checkerboard,99,4,0.7,25
8.094104385431656,6.6680192862994945,0.08882414122990087,0.32662314450053287,0.3270493442485799,0.15502285619902423,0.33356179617491816,0.49938977729795914,13,0.005943795207315695,0.08882414121500716,0.32662314444576596,6.524703502655029,3.7729291915893555,1.7293469268382302,greedyKTA,checkerboard,100,4,0.7,24
