dataset,method,metric,epoch,mean,min,max,n_seeds
checkerboard,fullKTA,test_accuracy,1.0,0.4333333333333334,0.43333333333333335,0.43333333333333335,5
checkerboard,fullKTA,test_accuracy,2.0,0.5,0.5,0.5,5
checkerboard,fullKTA,test_accuracy,3.0,0.5,0.5,0.5,5
checkerboard,fullKTA,test_accuracy,4.0,0.5333333333333333,0.5333333333333333,0.5333333333333333,5
checkerboard,fullKTA,test_accuracy,5.0,0.5666666666666667,0.5666666666666667,0.5666666666666667,5
checkerboard,fullKTA,test_accuracy,6.0,0.5666666666666667,0.5666666666666667,0.5666666666666667,5
checkerboard,fullKTA,test_accuracy,7.0,0.5666666666666667,0.5666666666666667,0.5666666666666667,5
checkerboard,fullKTA,test_accuracy,8.0,0.5666666666666667,0.5666666666666667,0.5666666666666667,5
checkerboard,fullKTA,test_accuracy,9.0,0.5666666666666667,0.5666666666666667,0.5666666666666667,5
checkerboard,fullKTA,test_accuracy,10.0,0.5666666666666667,0.5666666666666667,0.5666666666666667,5
checkerboard,fullKTA,test_accuracy,11.0,0.5666666666666667,0.5666666666666667,0.5666666666666667,5
checkerboard,fullKTA,test_accuracy,12.0,0.6333333333333333,0.6333333333333333,0.6333333333333333,5
checkerboard,fullKTA,test_accuracy,13.0,0.6666666666666666,0.6666666666666666,0.6666666666666666,5
checkerboard,fullKTA,test_accuracy,14.0,0.7,0.7,0.7,5
checkerboard,fullKTA,test_accuracy,15.0,0.8,0.8,0.8,5
checkerboard,fullKTA,test_accuracy,16.0,0.8,0.8,0.8,5
checkerboard,fullKTA,test_accuracy,17.0,0.8333333333333334,0.8333333333333334,0.8333333333333334,5
checkerboard,fullKTA,test_accuracy,18.0,0.8666666666666668,0.8666666666666667,0.8666666666666667,5
checkerboard,fullKTA,test_accuracy,19.0,0.9,0.9,0.9,5
checkerboard,fullKTA,test_accuracy,20.0,0.9333333333333333,0.9333333333333333,0.9333333333333333,5
checkerboard,fullKTA,test_accuracy,21.0,1.0,1.0,1.0,5
checkerboard,fullKTA,test_accuracy,22.0,1.0,1.0,1.0,5
checkerboard,fullKTA,test_accuracy,23.0,1.0,1.0,1.0,5
checkerboard,fullKTA,test_accuracy,24.0,1.0,1.0,1.0,5
checkerboard,fullKTA,test_accuracy,25.0,1.0,1.0,1.0,5
checkerboard,fullKTA,test_accuracy,26.0,1.0,1.0,1.0,5
checkerboard,fullKTA,test_accuracy,27.0,1.0,1.0,1.0,5
checkerboard,fullKTA,test_accuracy,28.0,1.0,1.0,1.0,5
checkerboard,fullKTA,test_accuracy,29.0,1.0,1.0,1.0,5
checkerboard,fullKTA,test_accuracy,30.0,1.0,1.0,1.0,5
checkerboard,fullKTA,test_accuracy,31.0,1.0,1.0,1.0,5
checkerboard,fullKTA,test_accuracy,32.0,1.0,1.0,1.0,5
checkerboard,fullKTA,test_accuracy,33.0,1.0,1.0,1.0,5
checkerboard,fullKTA,test_accuracy,34.0,1.0,1.0,1.0,5
checkerboard,fullKTA,test_accuracy,35.0,1.0,1.0,1.0,5
checkerboard,fullKTA,test_accuracy,36.0,1.0,1.0,1.0,5
checkerboard,fullKTA,test_accuracy,37.0,1.0,1.0,1.0,5
checkerboard,fullKTA,test_accuracy,38.0,1.0,1.0,1.0,5
checkerboard,fullKTA,test_accuracy,39.0,1.0,1.0,1.0,5
checkerboard,fullKTA,test_accuracy,40.0,1.0,1.0,1.0,5
checkerboard,fullKTA,test_accuracy,41.0,1.0,1.0,1.0,5
checkerboard,fullKTA,test_accuracy,42.0,1.0,1.0,1.0,5
checkerboard,fullKTA,test_accuracy,43.0,1.0,1.0,1.0,5
checkerboard,fullKTA,test_accuracy,44.0,1.0,1.0,1.0,5
checkerboard,fullKTA,test_accuracy,45.0,1.0,1.0,1.0,5
checkerboard,fullKTA,test_accuracy,46.0,1.0,1.0,1.0,5
checkerboard,fullKTA,test_accuracy,47.0,1.0,1.0,1.0,5
checkerboard,fullKTA,test_accuracy,48.0,1.0,1.0,1.0,5
checkerboard,fullKTA,test_accuracy,49.0,1.0,1.0,1.0,5
checkerboard,fullKTA,test_accuracy,50.0,1.0,1.0,1.0,5
checkerboard,fullKTA,test_accuracy,51.0,1.0,1.0,1.0,5
checkerboard,fullKTA,test_accuracy,52.0,1.0,1.0,1.0,5
checkerboard,fullKTA,test_accuracy,53.0,1.0,1.0,1.0,5
checkerboard,fullKTA,test_accuracy,54.0,1.0,1.0,1.0,5
checkerboard,fullKTA,test_accuracy,55.0,1.0,1.0,1.0,5
checkerboard,fullKTA,test_accuracy,56.0,1.0,1.0,1.0,5
checkerboard,fullKTA,test_accuracy,57.0,1.0,1.0,1.0,5
checkerboard,fullKTA,test_accuracy,58.0,1.0,1.0,1.0,5
checkerboard,fullKTA,test_accuracy,59.0,1.0,1.0,1.0,5
checkerboard,fullKTA,test_accuracy,60.0,1.0,1.0,1.0,5
checkerboard,fullKTA,test_accuracy,61.0,1.0,1.0,1.0,5
checkerboard,fullKTA,test_accuracy,62.0,1.0,1.0,1.0,5
checkerboard,fullKTA,test_accuracy,63.0,1.0,1.0,1.0,5
checkerboard,fullKTA,test_accuracy,64.0,1.0,1.0,1.0,5
checkerboard,fullKTA,test_accuracy,65.0,1.0,1.0,1.0,5
checkerboard,fullKTA,test_accuracy,66.0,1.0,1.0,1.0,5
checkerboard,fullKTA,test_accuracy,67.0,1.0,1.0,1.0,5
checkerboard,fullKTA,test_accuracy,68.0,1.0,1.0,1.0,5
checkerboard,fullKTA,test_accuracy,69.0,1.0,1.0,1.0,5
checkerboard,fullKTA,test_accuracy,70.0,1.0,1.0,1.0,5
checkerboard,fullKTA,test_accuracy,71.0,1.0,1.0,1.0,5
checkerboard,fullKTA,test_accuracy,72.0,1.0,1.0,1.0,5
checkerboard,fullKTA,test_accuracy,73.0,1.0,1.0,1.0,5
checkerboard,fullKTA,test_accuracy,74.0,1.0,1.0,1.0,5
checkerboard,fullKTA,test_accuracy,75.0,1.0,1.0,1.0,5
checkerboard,fullKTA,test_accuracy,76.0,1.0,1.0,1.0,5
checkerboard,fullKTA,test_accuracy,77.0,1.0,1.0,1.0,5
checkerboard,fullKTA,test_accuracy,78.0,1.0,1.0,1.0,5
checkerboard,fullKTA,test_accuracy,79.0,1.0,1.0,1.0,5
checkerboard,fullKTA,test_accuracy,80.0,1.0,1.0,1.0,5
checkerboard,fullKTA,test_accuracy,81.0,1.0,1.0,1.0,5
checkerboard,fullKTA,test_accuracy,82.0,1.0,1.0,1.0,5
checkerboard,fullKTA,test_accuracy,83.0,1.0,1.0,1.0,5
checkerboard,fullKTA,test_accuracy,84.0,1.0,1.0,1.0,5
checkerboard,fullKTA,test_accuracy,85.0,1.0,1.0,1.0,5
checkerboard,fullKTA,test_accuracy,86.0,1.0,1.0,1.0,5
checkerboard,fullKTA,test_accuracy,87.0,1.0,1.0,1.0,5
checkerboard,fullKTA,test_accuracy,88.0,1.0,1.0,1.0,5
checkerboard,fullKTA,test_accuracy,89.0,1.0,1.0,1.0,5
checkerboard,fullKTA,test_accuracy,90.0,1.0,1.0,1.0,5
checkerboard,fullKTA,test_accuracy,91.0,1.0,1.0,1.0,5
checkerboard,fullKTA,test_accuracy,92.0,1.0,1.0,1.0,5
checkerboard,fullKTA,test_accuracy,93.0,1.0,1.0,1.0,5
checkerboard,fullKTA,test_accuracy,94.0,1.0,1.0,1.0,5
checkerboard,fullKTA,test_accuracy,95.0,1.0,1.0,1.0,5
checkerboard,fullKTA,test_accuracy,96.0,1.0,1.0,1.0,5
checkerboard,fullKTA,test_accuracy,97.0,1.0,1.0,1.0,5
checkerboard,fullKTA,test_accuracy,98.0,1.0,1.0,1.0,5
checkerboard,fullKTA,test_accuracy,99.0,1.0,1.0,1.0,5
checkerboard,fullKTA,test_accuracy,100.0,1.0,1.0,1.0,5
checkerboard,randomKTA,test_accuracy,1.0,0.36666666666666664,0.36666666666666664,0.36666666666666664,5
checkerboard,randomKTA,test_accuracy,2.0,0.4,0.4,0.4,5
checkerboard,randomKTA,test_accuracy,3.0,0.4333333333333334,0.43333333333333335,0.43333333333333335,5
checkerboard,randomKTA,test_accuracy,4.0,0.4333333333333334,0.43333333333333335,0.43333333333333335,5
checkerboard,randomKTA,test_accuracy,5.0,0.4333333333333334,0.43333333333333335,0.43333333333333335,5
checkerboard,randomKTA,test_accuracy,6.0,0.4333333333333334,0.43333333333333335,0.43333333333333335,5
checkerboard,randomKTA,test_accuracy,7.0,0.4333333333333334,0.43333333333333335,0.43333333333333335,5
checkerboard,randomKTA,test_accuracy,8.0,0.4333333333333334,0.43333333333333335,0.43333333333333335,5
checkerboard,randomKTA,test_accuracy,9.0,0.4333333333333334,0.43333333333333335,0.43333333333333335,5
checkerboard,randomKTA,test_accuracy,10.0,0.4333333333333334,0.43333333333333335,0.43333333333333335,5
checkerboard,randomKTA,test_accuracy,11.0,0.5,0.5,0.5,5
checkerboard,randomKTA,test_accuracy,12.0,0.5,0.5,0.5,5
checkerboard,randomKTA,test_accuracy,13.0,0.5,0.5,0.5,5
checkerboard,randomKTA,test_accuracy,14.0,0.5,0.5,0.5,5
checkerboard,randomKTA,test_accuracy,15.0,0.5333333333333333,0.5333333333333333,0.5333333333333333,5
checkerboard,randomKTA,test_accuracy,16.0,0.5333333333333333,0.5333333333333333,0.5333333333333333,5
checkerboard,randomKTA,test_accuracy,17.0,0.5333333333333333,0.5333333333333333,0.5333333333333333,5
checkerboard,randomKTA,test_accuracy,18.0,0.5333333333333333,0.5333333333333333,0.5333333333333333,5
checkerboard,randomKTA,test_accuracy,19.0,0.5333333333333333,0.5333333333333333,0.5333333333333333,5
checkerboard,randomKTA,test_accuracy,20.0,0.5333333333333333,0.5333333333333333,0.5333333333333333,5
checkerboard,randomKTA,test_accuracy,21.0,0.5333333333333333,0.5333333333333333,0.5333333333333333,5
checkerboard,randomKTA,test_accuracy,22.0,0.5333333333333333,0.5333333333333333,0.5333333333333333,5
checkerboard,randomKTA,test_accuracy,23.0,0.5333333333333333,0.5333333333333333,0.5333333333333333,5
checkerboard,randomKTA,test_accuracy,24.0,0.5333333333333333,0.5333333333333333,0.5333333333333333,5
checkerboard,randomKTA,test_accuracy,25.0,0.5333333333333333,0.5333333333333333,0.5333333333333333,5
checkerboard,randomKTA,test_accuracy,26.0,0.5333333333333333,0.5333333333333333,0.5333333333333333,5
checkerboard,randomKTA,test_accuracy,27.0,0.5333333333333333,0.5333333333333333,0.5333333333333333,5
checkerboard,randomKTA,test_accuracy,28.0,0.5333333333333333,0.5333333333333333,0.5333333333333333,5
checkerboard,randomKTA,test_accuracy,29.0,0.5333333333333333,0.5333333333333333,0.5333333333333333,5
checkerboard,randomKTA,test_accuracy,30.0,0.5333333333333333,0.5333333333333333,0.5333333333333333,5
checkerboard,randomKTA,test_accuracy,31.0,0.5333333333333333,0.5333333333333333,0.5333333333333333,5
checkerboard,randomKTA,test_accuracy,32.0,0.5333333333333333,0.5333333333333333,0.5333333333333333,5
checkerboard,randomKTA,test_accuracy,33.0,0.5333333333333333,0.5333333333333333,0.5333333333333333,5
checkerboard,randomKTA,test_accuracy,34.0,0.5333333333333333,0.5333333333333333,0.5333333333333333,5
checkerboard,randomKTA,test_accuracy,35.0,0.5333333333333333,0.5333333333333333,0.5333333333333333,5
checkerboard,randomKTA,test_accuracy,36.0,0.5333333333333333,0.5333333333333333,0.5333333333333333,5
checkerboard,randomKTA,test_accuracy,37.0,0.5333333333333333,0.5333333333333333,0.5333333333333333,5
checkerboard,randomKTA,test_accuracy,38.0,0.5333333333333333,0.5333333333333333,0.5333333333333333,5
checkerboard,randomKTA,test_accuracy,39.0,0.5333333333333333,0.5333333333333333,0.5333333333333333,5
checkerboard,randomKTA,test_accuracy,40.0,0.5333333333333333,0.5333333333333333,0.5333333333333333,5
checkerboard,randomKTA,test_accuracy,41.0,0.5333333333333333,0.5333333333333333,0.5333333333333333,5
checkerboard,randomKTA,test_accuracy,42.0,0.5333333333333333,0.5333333333333333,0.5333333333333333,5
checkerboard,randomKTA,test_accuracy,43.0,0.5333333333333333,0.5333333333333333,0.5333333333333333,5
checkerboard,randomKTA,test_accuracy,44.0,0.5333333333333333,0.5333333333333333,0.5333333333333333,5
checkerboard,randomKTA,test_accuracy,45.0,0.5333333333333333,0.5333333333333333,0.5333333333333333,5
checkerboard,randomKTA,test_accuracy,46.0,0.5333333333333333,0.5333333333333333,0.5333333333333333,5
checkerboard,randomKTA,test_accuracy,47.0,0.5333333333333333,0.5333333333333333,0.5333333333333333,5
checkerboard,randomKTA,test_accuracy,48.0,0.5333333333333333,0.5333333333333333,0.5333333333333333,5
checkerboard,randomKTA,test_accuracy,49.0,0.5666666666666667,0.5666666666666667,0.5666666666666667,5
checkerboard,randomKTA,test_accuracy,50.0,0.5666666666666667,0.5666666666666667,0.5666666666666667,5
checkerboard,randomKTA,test_accuracy,51.0,0.6,0.6,0.6,5
checkerboard,randomKTA,test_accuracy,52.0,0.6,0.6,0.6,5
checkerboard,randomKTA,test_accuracy,53.0,0.6,0.6,0.6,5
checkerboard,randomKTA,test_accuracy,54.0,0.6,0.6,0.6,5
checkerboard,randomKTA,test_accuracy,55.0,0.6,0.6,0.6,5
checkerboard,randomKTA,test_accuracy,56.0,0.6,0.6,0.6,5
checkerboard,randomKTA,test_accuracy,57.0,0.6,0.6,0.6,5
checkerboard,randomKTA,test_accuracy,58.0,0.6,0.6,0.6,5
checkerboard,randomKTA,test_accuracy,59.0,0.6333333333333333,0.6333333333333333,0.6333333333333333,5
checkerboard,randomKTA,test_accuracy,60.0,0.6666666666666666,0.6666666666666666,0.6666666666666666,5
checkerboard,randomKTA,test_accuracy,61.0,0.7,0.7,0.7,5
checkerboard,randomKTA,test_accuracy,62.0,0.7,0.7,0.7,5
checkerboard,randomKTA,test_accuracy,63.0,0.7,0.7,0.7,5
checkerboard,randomKTA,test_accuracy,64.0,0.7,0.7,0.7,5
checkerboard,randomKTA,test_accuracy,65.0,0.7,0.7,0.7,5
checkerboard,randomKTA,test_accuracy,66.0,0.7333333333333333,0.7333333333333333,0.7333333333333333,5
checkerboard,randomKTA,test_accuracy,67.0,0.7333333333333333,0.7333333333333333,0.7333333333333333,5
checkerboard,randomKTA,test_accuracy,68.0,0.8333333333333334,0.8333333333333334,0.8333333333333334,5
checkerboard,randomKTA,test_accuracy,69.0,0.8666666666666668,0.8666666666666667,0.8666666666666667,5
checkerboard,randomKTA,test_accuracy,70.0,0.8666666666666668,0.8666666666666667,0.8666666666666667,5
checkerboard,randomKTA,test_accuracy,71.0,0.8666666666666668,0.8666666666666667,0.8666666666666667,5
checkerboard,randomKTA,test_accuracy,72.0,0.8666666666666668,0.8666666666666667,0.8666666666666667,5
checkerboard,randomKTA,test_accuracy,73.0,0.8666666666666668,0.8666666666666667,0.8666666666666667,5
checkerboard,randomKTA,test_accuracy,74.0,0.8666666666666668,0.8666666666666667,0.8666666666666667,5
checkerboard,randomKTA,test_accuracy,75.0,0.8666666666666668,0.8666666666666667,0.8666666666666667,5
checkerboard,randomKTA,test_accuracy,76.0,0.8666666666666668,0.8666666666666667,0.8666666666666667,5
checkerboard,randomKTA,test_accuracy,77.0,0.8666666666666668,0.8666666666666667,0.8666666666666667,5
checkerboard,randomKTA,test_accuracy,78.0,0.8666666666666668,0.8666666666666667,0.8666666666666667,5
checkerboard,randomKTA,test_accuracy,79.0,0.8666666666666668,0.8666666666666667,0.8666666666666667,5
checkerboard,randomKTA,test_accuracy,80.0,0.9,0.9,0.9,5
checkerboard,randomKTA,test_accuracy,81.0,0.9,0.9,0.9,5
checkerboard,randomKTA,test_accuracy,82.0,0.9,0.9,0.9,5
checkerboard,randomKTA,test_accuracy,83.0,0.9,0.9,0.9,5
checkerboard,randomKTA,test_accuracy,84.0,0.9,0.9,0.9,5
checkerboard,randomKTA,test_accuracy,85.0,0.9,0.9,0.9,5
checkerboard,randomKTA,test_accuracy,86.0,0.9,0.9,0.9,5
checkerboard,randomKTA,test_accuracy,87.0,0.9,0.9,0.9,5
checkerboard,randomKTA,test_accuracy,88.0,0.9,0.9,0.9,5
checkerboard,randomKTA,test_accuracy,89.0,0.9,0.9,0.9,5
checkerboard,randomKTA,test_accuracy,90.0,0.9,0.9,0.9,5
checkerboard,randomKTA,test_accuracy,91.0,0.9,0.9,0.9,5
checkerboard,randomKTA,test_accuracy,92.0,0.9333333333333333,0.9333333333333333,0.9333333333333333,5
checkerboard,randomKTA,test_accuracy,93.0,0.9666666666666666,0.9666666666666667,0.9666666666666667,5
checkerboard,randomKTA,test_accuracy,94.0,0.9666666666666666,0.9666666666666667,0.9666666666666667,5
checkerboard,randomKTA,test_accuracy,95.0,1.0,1.0,1.0,5
checkerboard,randomKTA,test_accuracy,96.0,1.0,1.0,1.0,5
checkerboard,randomKTA,test_accuracy,97.0,1.0,1.0,1.0,5
checkerboard,randomKTA,test_accuracy,98.0,1.0,1.0,1.0,5
checkerboard,randomKTA,test_accuracy,99.0,1.0,1.0,1.0,5
checkerboard,randomKTA,test_accuracy,100.0,1.0,1.0,1.0,5
checkerboard,quackKTA,test_accuracy,1.0,0.4333333333333334,0.43333333333333335,0.43333333333333335,5
checkerboard,quackKTA,test_accuracy,1.0,0.4333333333333334,0.43333333333333335,0.43333333333333335,5
checkerboard,quackKTA,test_accuracy,1.0,0.4666666666666667,0.4666666666666667,0.4666666666666667,5
checkerboard,quackKTA,test_accuracy,1.0,0.5,0.5,0.5,5
checkerboard,quackKTA,test_accuracy,1.0,0.5,0.5,0.5,5
checkerboard,quackKTA,test_accuracy,1.0,0.5,0.5,0.5,5
checkerboard,quackKTA,test_accuracy,1.0,0.5,0.5,0.5,5
checkerboard,quackKTA,test_accuracy,1.0,0.5,0.5,0.5,5
checkerboard,quackKTA,test_accuracy,1.0,0.5,0.5,0.5,5
checkerboard,quackKTA,test_accuracy,1.0,0.5,0.5,0.5,5
checkerboard,quackKTA,test_accuracy,1.0,0.5,0.5,0.5,5
checkerboard,quackKTA,test_accuracy,2.0,0.5,0.5,0.5,5
checkerboard,quackKTA,test_accuracy,2.0,0.5,0.5,0.5,5
checkerboard,quackKTA,test_accuracy,2.0,0.5,0.5,0.5,5
checkerboard,quackKTA,test_accuracy,2.0,0.5,0.5,0.5,5
checkerboard,quackKTA,test_accuracy,2.0,0.5,0.5,0.5,5
checkerboard,quackKTA,test_accuracy,2.0,0.5,0.5,0.5,5
checkerboard,quackKTA,test_accuracy,2.0,0.5,0.5,0.5,5
checkerboard,quackKTA,test_accuracy,2.0,0.5,0.5,0.5,5
checkerboard,quackKTA,test_accuracy,2.0,0.5,0.5,0.5,5
checkerboard,quackKTA,test_accuracy,2.0,0.5,0.5,0.5,5
checkerboard,quackKTA,test_accuracy,3.0,0.5,0.5,0.5,5
checkerboard,quackKTA,test_accuracy,3.0,0.5,0.5,0.5,5
checkerboard,quackKTA,test_accuracy,3.0,0.5,0.5,0.5,5
checkerboard,quackKTA,test_accuracy,3.0,0.5,0.5,0.5,5
checkerboard,quackKTA,test_accuracy,3.0,0.5,0.5,0.5,5
checkerboard,quackKTA,test_accuracy,3.0,0.5,0.5,0.5,5
checkerboard,quackKTA,test_accuracy,3.0,0.5,0.5,0.5,5
checkerboard,quackKTA,test_accuracy,3.0,0.5,0.5,0.5,5
checkerboard,quackKTA,test_accuracy,3.0,0.5,0.5,0.5,5
checkerboard,quackKTA,test_accuracy,3.0,0.5,0.5,0.5,5
checkerboard,quackKTA,test_accuracy,4.0,0.5,0.5,0.5,5
checkerboard,quackKTA,test_accuracy,4.0,0.5,0.5,0.5,5
checkerboard,quackKTA,test_accuracy,4.0,0.5,0.5,0.5,5
checkerboard,quackKTA,test_accuracy,4.0,0.5,0.5,0.5,5
checkerboard,quackKTA,test_accuracy,4.0,0.5,0.5,0.5,5
checkerboard,quackKTA,test_accuracy,4.0,0.5,0.5,0.5,5
checkerboard,quackKTA,test_accuracy,4.0,0.5,0.5,0.5,5
checkerboard,quackKTA,test_accuracy,4.0,0.5,0.5,0.5,5
checkerboard,quackKTA,test_accuracy,4.0,0.5,0.5,0.5,5
checkerboard,quackKTA,test_accuracy,4.0,0.5,0.5,0.5,5
checkerboard,quackKTA,test_accuracy,5.0,0.5,0.5,0.5,5
checkerboard,quackKTA,test_accuracy,5.0,0.5,0.5,0.5,5
checkerboard,quackKTA,test_accuracy,5.0,0.5,0.5,0.5,5
checkerboard,quackKTA,test_accuracy,5.0,0.5,0.5,0.5,5
checkerboard,quackKTA,test_accuracy,5.0,0.5,0.5,0.5,5
checkerboard,quackKTA,test_accuracy,5.0,0.5,0.5,0.5,5
checkerboard,quackKTA,test_accuracy,5.0,0.5,0.5,0.5,5
checkerboard,quackKTA,test_accuracy,5.0,0.5,0.5,0.5,5
checkerboard,quackKTA,test_accuracy,5.0,0.5,0.5,0.5,5
checkerboard,quackKTA,test_accuracy,5.0,0.5,0.5,0.5,5
checkerboard,quackKTA,test_accuracy,6.0,0.5,0.5,0.5,5
checkerboard,quackKTA,test_accuracy,6.0,0.5,0.5,0.5,5
checkerboard,quackKTA,test_accuracy,6.0,0.5,0.5,0.5,5
checkerboard,quackKTA,test_accuracy,6.0,0.5,0.5,0.5,5
checkerboard,quackKTA,test_accuracy,6.0,0.5,0.5,0.5,5
checkerboard,quackKTA,test_accuracy,6.0,0.5,0.5,0.5,5
checkerboard,quackKTA,test_accuracy,6.0,0.5,0.5,0.5,5
checkerboard,quackKTA,test_accuracy,6.0,0.5,0.5,0.5,5
checkerboard,quackKTA,test_accuracy,6.0,0.5,0.5,0.5,5
checkerboard,quackKTA,test_accuracy,6.0,0.5,0.5,0.5,5
checkerboard,quackKTA,test_accuracy,7.0,0.5,0.5,0.5,5
checkerboard,quackKTA,test_accuracy,7.0,0.5,0.5,0.5,5
checkerboard,quackKTA,test_accuracy,7.0,0.5,0.5,0.5,5
checkerboard,quackKTA,test_accuracy,7.0,0.5,0.5,0.5,5
checkerboard,quackKTA,test_accuracy,7.0,0.5,0.5,0.5,5
checkerboard,quackKTA,test_accuracy,7.0,0.5,0.5,0.5,5
checkerboard,quackKTA,test_accuracy,7.0,0.5,0.5,0.5,5
checkerboard,quackKTA,test_accuracy,7.0,0.5,0.5,0.5,5
checkerboard,quackKTA,test_accuracy,7.0,0.5,0.5,0.5,5
checkerboard,quackKTA,test_accuracy,7.0,0.5,0.5,0.5,5
checkerboard,quackKTA,test_accuracy,8.0,0.5,0.5,0.5,5
checkerboard,quackKTA,test_accuracy,8.0,0.5,0.5,0.5,5
checkerboard,quackKTA,test_accuracy,8.0,0.5,0.5,0.5,5
checkerboard,quackKTA,test_accuracy,8.0,0.5,0.5,0.5,5
checkerboard,quackKTA,test_accuracy,8.0,0.5,0.5,0.5,5
checkerboard,quackKTA,test_accuracy,8.0,0.5,0.5,0.5,5
checkerboard,quackKTA,test_accuracy,8.0,0.5,0.5,0.5,5
checkerboard,quackKTA,test_accuracy,8.0,0.5,0.5,0.5,5
checkerboard,quackKTA,test_accuracy,8.0,0.5,0.5,0.5,5
checkerboard,quackKTA,test_accuracy,8.0,0.5,0.5,0.5,5
checkerboard,quackKTA,test_accuracy,9.0,0.5,0.5,0.5,5
checkerboard,quackKTA,test_accuracy,9.0,0.5,0.5,0.5,5
checkerboard,quackKTA,test_accuracy,9.0,0.5,0.5,0.5,5
checkerboard,quackKTA,test_accuracy,9.0,0.5,0.5,0.5,5
checkerboard,quackKTA,test_accuracy,9.0,0.5,0.5,0.5,5
checkerboard,quackKTA,test_accuracy,9.0,0.5,0.5,0.5,5
checkerboard,quackKTA,test_accuracy,9.0,0.5,0.5,0.5,5
checkerboard,quackKTA,test_accuracy,9.0,0.5,0.5,0.5,5
checkerboard,quackKTA,test_accuracy,9.0,0.5,0.5,0.5,5
checkerboard,quackKTA,test_accuracy,9.0,0.5,0.5,0.5,5
checkerboard,quackKTA,test_accuracy,10.0,0.5,0.5,0.5,5
checkerboard,quackKTA,test_accuracy,10.0,0.5,0.5,0.5,5
checkerboard,quackKTA,test_accuracy,10.0,0.5,0.5,0.5,5
checkerboard,quackKTA,test_accuracy,10.0,0.5,0.5,0.5,5
checkerboard,quackKTA,test_accuracy,10.0,0.5,0.5,0.5,5
checkerboard,quackKTA,test_accuracy,10.0,0.5,0.5,0.5,5
checkerboard,quackKTA,test_accuracy,10.0,0.5,0.5,0.5,5
checkerboard,quackKTA,test_accuracy,10.0,0.5,0.5,0.5,5
checkerboard,quackKTA,test_accuracy,10.0,0.5,0.5,0.5,5
checkerboard,quackKTA,test_accuracy,10.0,0.5,0.5,0.5,5
checkerboard,quackKTA,test_accuracy,11.0,0.5,0.5,0.5,5
checkerboard,quackKTA,test_accuracy,11.0,0.5,0.5,0.5,5
checkerboard,quackKTA,test_accuracy,11.0,0.5,0.5,0.5,5
checkerboard,quackKTA,test_accuracy,11.0,0.5,0.5,0.5,5
checkerboard,quackKTA,test_accuracy,11.0,0.5,0.5,0.5,5
checkerboard,quackKTA,test_accuracy,11.0,0.5,0.5,0.5,5
checkerboard,quackKTA,test_accuracy,11.0,0.5,0.5,0.5,5
checkerboard,quackKTA,test_accuracy,11.0,0.5,0.5,0.5,5
checkerboard,quackKTA,test_accuracy,11.0,0.5,0.5,0.5,5
checkerboard,quackKTA,test_accuracy,11.0,0.5,0.5,0.5,5
checkerboard,quackKTA,test_accuracy,12.0,0.5,0.5,0.5,5
checkerboard,quackKTA,test_accuracy,12.0,0.5,0.5,0.5,5
checkerboard,quackKTA,test_accuracy,12.0,0.5,0.5,0.5,5
checkerboard,quackKTA,test_accuracy,12.0,0.5,0.5,0.5,5
checkerboard,quackKTA,test_accuracy,12.0,0.5,0.5,0.5,5
checkerboard,quackKTA,test_accuracy,12.0,0.5,0.5,0.5,5
checkerboard,quackKTA,test_accuracy,12.0,0.5,0.5,0.5,5
checkerboard,quackKTA,test_accuracy,12.0,0.5,0.5,0.5,5
checkerboard,quackKTA,test_accuracy,12.0,0.5,0.5,0.5,5
checkerboard,quackKTA,test_accuracy,12.0,0.5,0.5,0.5,5
checkerboard,quackKTA,test_accuracy,13.0,0.5,0.5,0.5,5
checkerboard,quackKTA,test_accuracy,13.0,0.5,0.5,0.5,5
checkerboard,quackKTA,test_accuracy,13.0,0.5,0.5,0.5,5
checkerboard,quackKTA,test_accuracy,13.0,0.5,0.5,0.5,5
checkerboard,quackKTA,test_accuracy,13.0,0.5,0.5,0.5,5
checkerboard,quackKTA,test_accuracy,13.0,0.5,0.5,0.5,5
checkerboard,quackKTA,test_accuracy,13.0,0.5,0.5,0.5,5
checkerboard,quackKTA,test_accuracy,13.0,0.5,0.5,0.5,5
checkerboard,quackKTA,test_accuracy,13.0,0.5,0.5,0.5,5
checkerboard,quackKTA,test_accuracy,13.0,0.5,0.5,0.5,5
checkerboard,quackKTA,test_accuracy,14.0,0.5,0.5,0.5,5
checkerboard,quackKTA,test_accuracy,14.0,0.5,0.5,0.5,5
checkerboard,quackKTA,test_accuracy,14.0,0.5,0.5,0.5,5
checkerboard,quackKTA,test_accuracy,14.0,0.5,0.5,0.5,5
checkerboard,quackKTA,test_accuracy,14.0,0.5,0.5,0.5,5
checkerboard,quackKTA,test_accuracy,14.0,0.5,0.5,0.5,5
checkerboard,quackKTA,test_accuracy,14.0,0.5,0.5,0.5,5
checkerboard,quackKTA,test_accuracy,14.0,0.5,0.5,0.5,5
checkerboard,quackKTA,test_accuracy,14.0,0.5,0.5,0.5,5
checkerboard,quackKTA,test_accuracy,14.0,0.5,0.5,0.5,5
checkerboard,quackKTA,test_accuracy,15.0,0.5,0.5,0.5,5
checkerboard,quackKTA,test_accuracy,15.0,0.5,0.5,0.5,5
checkerboard,quackKTA,test_accuracy,15.0,0.5,0.5,0.5,5
checkerboard,quackKTA,test_accuracy,15.0,0.5,0.5,0.5,5
checkerboard,quackKTA,test_accuracy,15.0,0.5,0.5,0.5,5
checkerboard,quackKTA,test_accuracy,15.0,0.5,0.5,0.5,5
checkerboard,quackKTA,test_accuracy,15.0,0.5,0.5,0.5,5
checkerboard,quackKTA,test_accuracy,15.0,0.5,0.5,0.5,5
checkerboard,quackKTA,test_accuracy,15.0,0.5,0.5,0.5,5
checkerboard,quackKTA,test_accuracy,15.0,0.5,0.5,0.5,5
checkerboard,quackKTA,test_accuracy,16.0,0.5,0.5,0.5,5
checkerboard,quackKTA,test_accuracy,16.0,0.5,0.5,0.5,5
checkerboard,quackKTA,test_accuracy,16.0,0.5,0.5,0.5,5
checkerboard,quackKTA,test_accuracy,16.0,0.5,0.5,0.5,5
checkerboard,quackKTA,test_accuracy,16.0,0.5,0.5,0.5,5
checkerboard,quackKTA,test_accuracy,16.0,0.5,0.5,0.5,5
checkerboard,quackKTA,test_accuracy,16.0,0.5,0.5,0.5,5
checkerboard,quackKTA,test_accuracy,16.0,0.5,0.5,0.5,5
checkerboard,quackKTA,test_accuracy,16.0,0.5,0.5,0.5,5
checkerboard,quackKTA,test_accuracy,16.0,0.5,0.5,0.5,5
checkerboard,quackKTA,test_accuracy,17.0,0.5,0.5,0.5,5
checkerboard,quackKTA,test_accuracy,17.0,0.5,0.5,0.5,5
checkerboard,quackKTA,test_accuracy,17.0,0.5,0.5,0.5,5
checkerboard,quackKTA,test_accuracy,17.0,0.5,0.5,0.5,5
checkerboard,quackKTA,test_accuracy,17.0,0.5,0.5,0.5,5
checkerboard,quackKTA,test_accuracy,17.0,0.5,0.5,0.5,5
checkerboard,quackKTA,test_accuracy,17.0,0.5,0.5,0.5,5
checkerboard,quackKTA,test_accuracy,17.0,0.5,0.5,0.5,5
checkerboard,quackKTA,test_accuracy,17.0,0.5,0.5,0.5,5
checkerboard,quackKTA,test_accuracy,17.0,0.5,0.5,0.5,5
checkerboard,quackKTA,test_accuracy,18.0,0.5,0.5,0.5,5
checkerboard,quackKTA,test_accuracy,18.0,0.5,0.5,0.5,5
checkerboard,quackKTA,test_accuracy,18.0,0.5,0.5,0.5,5
checkerboard,quackKTA,test_accuracy,18.0,0.5,0.5,0.5,5
checkerboard,quackKTA,test_accuracy,18.0,0.5,0.5,0.5,5
checkerboard,quackKTA,test_accuracy,18.0,0.5,0.5,0.5,5
checkerboard,quackKTA,test_accuracy,18.0,0.5,0.5,0.5,5
checkerboard,quackKTA,test_accuracy,18.0,0.5,0.5,0.5,5
checkerboard,quackKTA,test_accuracy,18.0,0.5,0.5,0.5,5
checkerboard,quackKTA,test_accuracy,18.0,0.5,0.5,0.5,5
checkerboard,quackKTA,test_accuracy,19.0,0.5,0.5,0.5,5
checkerboard,quackKTA,test_accuracy,19.0,0.5,0.5,0.5,5
checkerboard,quackKTA,test_accuracy,19.0,0.5,0.5,0.5,5
checkerboard,quackKTA,test_accuracy,19.0,0.5,0.5,0.5,5
checkerboard,quackKTA,test_accuracy,19.0,0.5,0.5,0.5,5
checkerboard,quackKTA,test_accuracy,19.0,0.5,0.5,0.5,5
checkerboard,quackKTA,test_accuracy,19.0,0.5,0.5,0.5,5
checkerboard,quackKTA,test_accuracy,19.0,0.5,0.5,0.5,5
checkerboard,quackKTA,test_accuracy,19.0,0.5,0.5,0.5,5
checkerboard,quackKTA,test_accuracy,19.0,0.5,0.5,0.5,5
checkerboard,quackKTA,test_accuracy,20.0,0.5,0.5,0.5,5
checkerboard,quackKTA,test_accuracy,20.0,0.5,0.5,0.5,5
checkerboard,quackKTA,test_accuracy,20.0,0.5,0.5,0.5,5
checkerboard,quackKTA,test_accuracy,20.0,0.5,0.5,0.5,5
checkerboard,quackKTA,test_accuracy,20.0,0.5,0.5,0.5,5
checkerboard,quackKTA,test_accuracy,20.0,0.5,0.5,0.5,5
checkerboard,quackKTA,test_accuracy,20.0,0.5,0.5,0.5,5
checkerboard,quackKTA,test_accuracy,20.0,0.5,0.5,0.5,5
checkerboard,quackKTA,test_accuracy,20.0,0.5,0.5,0.5,5
checkerboard,quackKTA,test_accuracy,20.0,0.5,0.5,0.5,5
checkerboard,quackKTA,test_accuracy,21.0,0.5,0.5,0.5,5
checkerboard,quackKTA,test_accuracy,21.0,0.5,0.5,0.5,5
checkerboard,quackKTA,test_accuracy,21.0,0.5,0.5,0.5,5
checkerboard,quackKTA,test_accuracy,21.0,0.5,0.5,0.5,5
checkerboard,quackKTA,test_accuracy,21.0,0.5,0.5,0.5,5
checkerboard,quackKTA,test_accuracy,21.0,0.5,0.5,0.5,5
checkerboard,quackKTA,test_accuracy,21.0,0.5,0.5,0.5,5
checkerboard,quackKTA,test_accuracy,21.0,0.5,0.5,0.5,5
checkerboard,quackKTA,test_accuracy,21.0,0.5,0.5,0.5,5
checkerboard,quackKTA,test_accuracy,21.0,0.5,0.5,0.5,5
checkerboard,quackKTA,test_accuracy,22.0,0.5,0.5,0.5,5
checkerboard,quackKTA,test_accuracy,22.0,0.5,0.5,0.5,5
checkerboard,quackKTA,test_accuracy,22.0,0.5,0.5,0.5,5
checkerboard,quackKTA,test_accuracy,22.0,0.5,0.5,0.5,5
checkerboard,quackKTA,test_accuracy,22.0,0.5,0.5,0.5,5
checkerboard,quackKTA,test_accuracy,22.0,0.5,0.5,0.5,5
checkerboard,quackKTA,test_accuracy,22.0,0.5,0.5,0.5,5
checkerboard,quackKTA,test_accuracy,22.0,0.5,0.5,0.5,5
checkerboard,quackKTA,test_accuracy,22.0,0.5,0.5,0.5,5
checkerboard,quackKTA,test_accuracy,22.0,0.5,0.5,0.5,5
checkerboard,quackKTA,test_accuracy,23.0,0.5,0.5,0.5,5
checkerboard,quackKTA,test_accuracy,23.0,0.5,0.5,0.5,5
checkerboard,quackKTA,test_accuracy,23.0,0.5,0.5,0.5,5
checkerboard,quackKTA,test_accuracy,23.0,0.5,0.5,0.5,5
checkerboard,quackKTA,test_accuracy,23.0,0.5,0.5,0.5,5
checkerboard,quackKTA,test_accuracy,23.0,0.5,0.5,0.5,5
checkerboard,quackKTA,test_accuracy,23.0,0.5,0.5,0.5,5
checkerboard,quackKTA,test_accuracy,23.0,0.5,0.5,0.5,5
checkerboard,quackKTA,test_accuracy,23.0,0.5,0.5,0.5,5
checkerboard,quackKTA,test_accuracy,23.0,0.5,0.5,0.5,5
checkerboard,quackKTA,test_accuracy,24.0,0.5,0.5,0.5,5
checkerboard,quackKTA,test_accuracy,24.0,0.5,0.5,0.5,5
checkerboard,quackKTA,test_accuracy,24.0,0.5,0.5,0.5,5
checkerboard,quackKTA,test_accuracy,24.0,0.5,0.5,0.5,5
checkerboard,quackKTA,test_accuracy,24.0,0.5,0.5,0.5,5
checkerboard,quackKTA,test_accuracy,24.0,0.5,0.5,0.5,5
checkerboard,quackKTA,test_accuracy,24.0,0.5,0.5,0.5,5
checkerboard,quackKTA,test_accuracy,24.0,0.5,0.5,0.5,5
checkerboard,quackKTA,test_accuracy,24.0,0.5,0.5,0.5,5
checkerboard,quackKTA,test_accuracy,24.0,0.5,0.5,0.5,5
checkerboard,quackKTA,test_accuracy,25.0,0.5,0.5,0.5,5
checkerboard,quackKTA,test_accuracy,25.0,0.5,0.5,0.5,5
checkerboard,quackKTA,test_accuracy,25.0,0.5,0.5,0.5,5
checkerboard,quackKTA,test_accuracy,25.0,0.5,0.5,0.5,5
checkerboard,quackKTA,test_accuracy,25.0,0.5,0.5,0.5,5
checkerboard,quackKTA,test_accuracy,25.0,0.5,0.5,0.5,5
checkerboard,quackKTA,test_accuracy,25.0,0.5,0.5,0.5,5
checkerboard,quackKTA,test_accuracy,25.0,0.5,0.5,0.5,5
checkerboard,quackKTA,test_accuracy,25.0,0.5,0.5,0.5,5
checkerboard,quackKTA,test_accuracy,25.0,0.5,0.5,0.5,5
checkerboard,quackKTA,test_accuracy,26.0,0.5,0.5,0.5,5
checkerboard,quackKTA,test_accuracy,26.0,0.5,0.5,0.5,5
checkerboard,quackKTA,test_accuracy,26.0,0.5,0.5,0.5,5
checkerboard,quackKTA,test_accuracy,26.0,0.5,0.5,0.5,5
checkerboard,quackKTA,test_accuracy,26.0,0.5,0.5,0.5,5
checkerboard,quackKTA,test_accuracy,26.0,0.5,0.5,0.5,5
checkerboard,quackKTA,test_accuracy,26.0,0.5,0.5,0.5,5
checkerboard,quackKTA,test_accuracy,26.0,0.5,0.5,0.5,5
checkerboard,quackKTA,test_accuracy,26.0,0.5,0.5,0.5,5
checkerboard,quackKTA,test_accuracy,26.0,0.5,0.5,0.5,5
checkerboard,quackKTA,test_accuracy,27.0,0.5,0.5,0.5,5
checkerboard,quackKTA,test_accuracy,27.0,0.5,0.5,0.5,5
checkerboard,quackKTA,test_accuracy,27.0,0.5,0.5,0.5,5
checkerboard,quackKTA,test_accuracy,27.0,0.5,0.5,0.5,5
checkerboard,quackKTA,test_accuracy,27.0,0.5,0.5,0.5,5
checkerboard,quackKTA,test_accuracy,27.0,0.5,0.5,0.5,5
checkerboard,quackKTA,test_accuracy,27.0,0.5,0.5,0.5,5
checkerboard,quackKTA,test_accuracy,27.0,0.5,0.5,0.5,5
checkerboard,quackKTA,test_accuracy,27.0,0.5,0.5,0.5,5
checkerboard,quackKTA,test_accuracy,27.0,0.5,0.5,0.5,5
checkerboard,quackKTA,test_accuracy,28.0,0.5,0.5,0.5,5
checkerboard,quackKTA,test_accuracy,28.0,0.5,0.5,0.5,5
checkerboard,quackKTA,test_accuracy,28.0,0.5,0.5,0.5,5
checkerboard,quackKTA,test_accuracy,28.0,0.5,0.5,0.5,5
checkerboard,quackKTA,test_accuracy,28.0,0.5,0.5,0.5,5
checkerboard,quackKTA,test_accuracy,28.0,0.5,0.5,0.5,5
checkerboard,quackKTA,test_accuracy,28.0,0.5,0.5,0.5,5
checkerboard,quackKTA,test_accuracy,28.0,0.5,0.5,0.5,5
checkerboard,quackKTA,test_accuracy,28.0,0.5,0.5,0.5,5
checkerboard,quackKTA,test_accuracy,28.0,0.5,0.5,0.5,5
checkerboard,quackKTA,test_accuracy,29.0,0.5,0.5,0.5,5
checkerboard,quackKTA,test_accuracy,29.0,0.5,0.5,0.5,5
checkerboard,quackKTA,test_accuracy,29.0,0.5,0.5,0.5,5
checkerboard,quackKTA,test_accuracy,29.0,0.5,0.5,0.5,5
checkerboard,quackKTA,test_accuracy,29.0,0.5,0.5,0.5,5
checkerboard,quackKTA,test_accuracy,29.0,0.5,0.5,0.5,5
checkerboard,quackKTA,test_accuracy,29.0,0.5,0.5,0.5,5
checkerboard,quackKTA,test_accuracy,29.0,0.5,0.5,0.5,5
checkerboard,quackKTA,test_accuracy,29.0,0.5,0.5,0.5,5
checkerboard,quackKTA,test_accuracy,29.0,0.5,0.5,0.5,5
checkerboard,quackKTA,test_accuracy,30.0,0.5,0.5,0.5,5
checkerboard,quackKTA,test_accuracy,30.0,0.5,0.5,0.5,5
checkerboard,quackKTA,test_accuracy,30.0,0.5,0.5,0.5,5
checkerboard,quackKTA,test_accuracy,30.0,0.5,0.5,0.5,5
checkerboard,quackKTA,test_accuracy,30.0,0.5,0.5,0.5,5
checkerboard,quackKTA,test_accuracy,30.0,0.5,0.5,0.5,5
checkerboard,quackKTA,test_accuracy,30.0,0.5,0.5,0.5,5
checkerboard,quackKTA,test_accuracy,30.0,0.5,0.5,0.5,5
checkerboard,quackKTA,test_accuracy,30.0,0.5,0.5,0.5,5
checkerboard,quackKTA,test_accuracy,30.0,0.5,0.5,0.5,5
checkerboard,quackKTA,test_accuracy,31.0,0.5666666666666667,0.5666666666666667,0.5666666666666667,5
checkerboard,quackKTA,test_accuracy,31.0,0.6333333333333333,0.6333333333333333,0.6333333333333333,5
checkerboard,quackKTA,test_accuracy,31.0,0.6333333333333333,0.6333333333333333,0.6333333333333333,5
checkerboard,quackKTA,test_accuracy,31.0,0.5666666666666667,0.5666666666666667,0.5666666666666667,5
checkerboard,quackKTA,test_accuracy,31.0,0.5666666666666667,0.5666666666666667,0.5666666666666667,5
checkerboard,quackKTA,test_accuracy,31.0,0.5666666666666667,0.5666666666666667,0.5666666666666667,5
checkerboard,quackKTA,test_accuracy,31.0,0.5333333333333333,0.5333333333333333,0.5333333333333333,5
checkerboard,quackKTA,test_accuracy,31.0,0.5,0.5,0.5,5
checkerboard,quackKTA,test_accuracy,31.0,0.5,0.5,0.5,5
checkerboard,quackKTA,test_accuracy,31.0,0.5,0.5,0.5,5
checkerboard,quackKTA,test_accuracy,32.0,0.6666666666666666,0.6666666666666666,0.6666666666666666,5
checkerboard,quackKTA,test_accuracy,32.0,0.6333333333333333,0.6333333333333333,0.6333333333333333,5
checkerboard,quackKTA,test_accuracy,32.0,0.6333333333333333,0.6333333333333333,0.6333333333333333,5
checkerboard,quackKTA,test_accuracy,32.0,0.6333333333333333,0.6333333333333333,0.6333333333333333,5
checkerboard,quackKTA,test_accuracy,32.0,0.6333333333333333,0.6333333333333333,0.6333333333333333,5
checkerboard,quackKTA,test_accuracy,32.0,0.6333333333333333,0.6333333333333333,0.6333333333333333,5
checkerboard,quackKTA,test_accuracy,32.0,0.6333333333333333,0.6333333333333333,0.6333333333333333,5
checkerboard,quackKTA,test_accuracy,32.0,0.6333333333333333,0.6333333333333333,0.6333333333333333,5
checkerboard,quackKTA,test_accuracy,32.0,0.6333333333333333,0.6333333333333333,0.6333333333333333,5
checkerboard,quackKTA,test_accuracy,32.0,0.6333333333333333,0.6333333333333333,0.6333333333333333,5
checkerboard,quackKTA,test_accuracy,33.0,0.6666666666666666,0.6666666666666666,0.6666666666666666,5
checkerboard,quackKTA,test_accuracy,33.0,0.6666666666666666,0.6666666666666666,0.6666666666666666,5
checkerboard,quackKTA,test_accuracy,33.0,0.6666666666666666,0.6666666666666666,0.6666666666666666,5
checkerboard,quackKTA,test_accuracy,33.0,0.6666666666666666,0.6666666666666666,0.6666666666666666,5
checkerboard,quackKTA,test_accuracy,33.0,0.6666666666666666,0.6666666666666666,0.6666666666666666,5
checkerboard,quackKTA,test_accuracy,33.0,0.6666666666666666,0.6666666666666666,0.6666666666666666,5
checkerboard,quackKTA,test_accuracy,33.0,0.6666666666666666,0.6666666666666666,0.6666666666666666,5
checkerboard,quackKTA,test_accuracy,33.0,0.6666666666666666,0.6666666666666666,0.6666666666666666,5
checkerboard,quackKTA,test_accuracy,33.0,0.6666666666666666,0.6666666666666666,0.6666666666666666,5
checkerboard,quackKTA,test_accuracy,33.0,0.6666666666666666,0.6666666666666666,0.6666666666666666,5
checkerboard,quackKTA,test_accuracy,34.0,0.6666666666666666,0.6666666666666666,0.6666666666666666,5
checkerboard,quackKTA,test_accuracy,34.0,0.7,0.7,0.7,5
checkerboard,quackKTA,test_accuracy,34.0,0.6666666666666666,0.6666666666666666,0.6666666666666666,5
checkerboard,quackKTA,test_accuracy,34.0,0.6666666666666666,0.6666666666666666,0.6666666666666666,5
checkerboard,quackKTA,test_accuracy,34.0,0.6666666666666666,0.6666666666666666,0.6666666666666666,5
checkerboard,quackKTA,test_accuracy,34.0,0.6666666666666666,0.6666666666666666,0.6666666666666666,5
checkerboard,quackKTA,test_accuracy,34.0,0.6666666666666666,0.6666666666666666,0.6666666666666666,5
checkerboard,quackKTA,test_accuracy,34.0,0.6666666666666666,0.6666666666666666,0.6666666666666666,5
checkerboard,quackKTA,test_accuracy,34.0,0.6666666666666666,0.6666666666666666,0.6666666666666666,5
checkerboard,quackKTA,test_accuracy,34.0,0.6666666666666666,0.6666666666666666,0.6666666666666666,5
checkerboard,quackKTA,test_accuracy,35.0,0.7333333333333333,0.7333333333333333,0.7333333333333333,5
checkerboard,quackKTA,test_accuracy,35.0,0.7333333333333333,0.7333333333333333,0.7333333333333333,5
checkerboard,quackKTA,test_accuracy,35.0,0.7,0.7,0.7,5
checkerboard,quackKTA,test_accuracy,35.0,0.7,0.7,0.7,5
checkerboard,quackKTA,test_accuracy,35.0,0.7333333333333333,0.7333333333333333,0.7333333333333333,5
checkerboard,quackKTA,test_accuracy,35.0,0.7,0.7,0.7,5
checkerboard,quackKTA,test_accuracy,35.0,0.7,0.7,0.7,5
checkerboard,quackKTA,test_accuracy,35.0,0.7,0.7,0.7,5
checkerboard,quackKTA,test_accuracy,35.0,0.7,0.7,0.7,5
checkerboard,quackKTA,test_accuracy,35.0,0.7,0.7,0.7,5
checkerboard,quackKTA,test_accuracy,36.0,0.7666666666666667,0.7666666666666667,0.7666666666666667,5
checkerboard,quackKTA,test_accuracy,36.0,0.7333333333333333,0.7333333333333333,0.7333333333333333,5
checkerboard,quackKTA,test_accuracy,36.0,0.7333333333333333,0.7333333333333333,0.7333333333333333,5
checkerboard,quackKTA,test_accuracy,36.0,0.7333333333333333,0.7333333333333333,0.7333333333333333,5
checkerboard,quackKTA,test_accuracy,36.0,0.7333333333333333,0.7333333333333333,0.7333333333333333,5
checkerboard,quackKTA,test_accuracy,36.0,0.7333333333333333,0.7333333333333333,0.7333333333333333,5
checkerboard,quackKTA,test_accuracy,36.0,0.7333333333333333,0.7333333333333333,0.7333333333333333,5
checkerboard,quackKTA,test_accuracy,36.0,0.7333333333333333,0.7333333333333333,0.7333333333333333,5
checkerboard,quackKTA,test_accuracy,36.0,0.7333333333333333,0.7333333333333333,0.7333333333333333,5
checkerboard,quackKTA,test_accuracy,36.0,0.7333333333333333,0.7333333333333333,0.7333333333333333,5
checkerboard,quackKTA,test_accuracy,37.0,0.7666666666666667,0.7666666666666667,0.7666666666666667,5
checkerboard,quackKTA,test_accuracy,37.0,0.7666666666666667,0.7666666666666667,0.7666666666666667,5
checkerboard,quackKTA,test_accuracy,37.0,0.7666666666666667,0.7666666666666667,0.7666666666666667,5
checkerboard,quackKTA,test_accuracy,37.0,0.7666666666666667,0.7666666666666667,0.7666666666666667,5
checkerboard,quackKTA,test_accuracy,37.0,0.7666666666666667,0.7666666666666667,0.7666666666666667,5
checkerboard,quackKTA,test_accuracy,37.0,0.7666666666666667,0.7666666666666667,0.7666666666666667,5
checkerboard,quackKTA,test_accuracy,37.0,0.7666666666666667,0.7666666666666667,0.7666666666666667,5
checkerboard,quackKTA,test_accuracy,37.0,0.7666666666666667,0.7666666666666667,0.7666666666666667,5
checkerboard,quackKTA,test_accuracy,37.0,0.7666666666666667,0.7666666666666667,0.7666666666666667,5
checkerboard,quackKTA,test_accuracy,37.0,0.7666666666666667,0.7666666666666667,0.7666666666666667,5
checkerboard,quackKTA,test_accuracy,38.0,0.7666666666666667,0.7666666666666667,0.7666666666666667,5
checkerboard,quackKTA,test_accuracy,38.0,0.7666666666666667,0.7666666666666667,0.7666666666666667,5
checkerboard,quackKTA,test_accuracy,38.0,0.7666666666666667,0.7666666666666667,0.7666666666666667,5
checkerboard,quackKTA,test_accuracy,38.0,0.7666666666666667,0.7666666666666667,0.7666666666666667,5
checkerboard,quackKTA,test_accuracy,38.0,0.7666666666666667,0.7666666666666667,0.7666666666666667,5
checkerboard,quackKTA,test_accuracy,38.0,0.7666666666666667,0.7666666666666667,0.7666666666666667,5
checkerboard,quackKTA,test_accuracy,38.0,0.7666666666666667,0.7666666666666667,0.7666666666666667,5
checkerboard,quackKTA,test_accuracy,38.0,0.7666666666666667,0.7666666666666667,0.7666666666666667,5
checkerboard,quackKTA,test_accuracy,38.0,0.7666666666666667,0.7666666666666667,0.7666666666666667,5
checkerboard,quackKTA,test_accuracy,38.0,0.7666666666666667,0.7666666666666667,0.7666666666666667,5
checkerboard,quackKTA,test_accuracy,39.0,0.8,0.8,0.8,5
checkerboard,quackKTA,test_accuracy,39.0,0.8,0.8,0.8,5
checkerboard,quackKTA,test_accuracy,39.0,0.8,0.8,0.8,5
checkerboard,quackKTA,test_accuracy,39.0,0.8,0.8,0.8,5
checkerboard,quackKTA,test_accuracy,39.0,0.8,0.8,0.8,5
checkerboard,quackKTA,test_accuracy,39.0,0.8,0.8,0.8,5
checkerboard,quackKTA,test_accuracy,39.0,0.7666666666666667,0.7666666666666667,0.7666666666666667,5
checkerboard,quackKTA,test_accuracy,39.0,0.7666666666666667,0.7666666666666667,0.7666666666666667,5
checkerboard,quackKTA,test_accuracy,39.0,0.7666666666666667,0.7666666666666667,0.7666666666666667,5
checkerboard,quackKTA,test_accuracy,39.0,0.8,0.8,0.8,5
checkerboard,quackKTA,test_accuracy,40.0,0.8,0.8,0.8,5
checkerboard,quackKTA,test_accuracy,40.0,0.8,0.8,0.8,5
checkerboard,quackKTA,test_accuracy,40.0,0.8,0.8,0.8,5
checkerboard,quackKTA,test_accuracy,40.0,0.8,0.8,0.8,5
checkerboard,quackKTA,test_accuracy,40.0,0.8,0.8,0.8,5
checkerboard,quackKTA,test_accuracy,40.0,0.8,0.8,0.8,5
checkerboard,quackKTA,test_accuracy,40.0,0.8,0.8,0.8,5
checkerboard,quackKTA,test_accuracy,40.0,0.8,0.8,0.8,5
checkerboard,quackKTA,test_accuracy,40.0,0.8,0.8,0.8,5
checkerboard,quackKTA,test_accuracy,40.0,0.8,0.8,0.8,5
checkerboard,quackKTA,test_accuracy,41.0,0.8,0.8,0.8,5
checkerboard,quackKTA,test_accuracy,41.0,0.8,0.8,0.8,5
checkerboard,quackKTA,test_accuracy,41.0,0.8,0.8,0.8,5
checkerboard,quackKTA,test_accuracy,41.0,0.8,0.8,0.8,5
checkerboard,quackKTA,test_accuracy,41.0,0.8,0.8,0.8,5
checkerboard,quackKTA,test_accuracy,41.0,0.8,0.8,0.8,5
checkerboard,quackKTA,test_accuracy,41.0,0.8,0.8,0.8,5
checkerboard,quackKTA,test_accuracy,41.0,0.8,0.8,0.8,5
checkerboard,quackKTA,test_accuracy,41.0,0.8,0.8,0.8,5
checkerboard,quackKTA,test_accuracy,41.0,0.8,0.8,0.8,5
checkerboard,quackKTA,test_accuracy,42.0,0.8,0.8,0.8,5
checkerboard,quackKTA,test_accuracy,42.0,0.8,0.8,0.8,5
checkerboard,quackKTA,test_accuracy,42.0,0.8,0.8,0.8,5
checkerboard,quackKTA,test_accuracy,42.0,0.8,0.8,0.8,5
checkerboard,quackKTA,test_accuracy,42.0,0.8,0.8,0.8,5
checkerboard,quackKTA,test_accuracy,42.0,0.8,0.8,0.8,5
checkerboard,quackKTA,test_accuracy,42.0,0.8,0.8,0.8,5
checkerboard,quackKTA,test_accuracy,42.0,0.8,0.8,0.8,5
checkerboard,quackKTA,test_accuracy,42.0,0.8,0.8,0.8,5
checkerboard,quackKTA,test_accuracy,42.0,0.8,0.8,0.8,5
checkerboard,quackKTA,test_accuracy,43.0,0.8,0.8,0.8,5
checkerboard,quackKTA,test_accuracy,43.0,0.8,0.8,0.8,5
checkerboard,quackKTA,test_accuracy,43.0,0.8,0.8,0.8,5
checkerboard,quackKTA,test_accuracy,43.0,0.8,0.8,0.8,5
checkerboard,quackKTA,test_accuracy,43.0,0.8,0.8,0.8,5
checkerboard,quackKTA,test_accuracy,43.0,0.8,0.8,0.8,5
checkerboard,quackKTA,test_accuracy,43.0,0.8,0.8,0.8,5
checkerboard,quackKTA,test_accuracy,43.0,0.8,0.8,0.8,5
checkerboard,quackKTA,test_accuracy,43.0,0.8,0.8,0.8,5
checkerboard,quackKTA,test_accuracy,43.0,0.8,0.8,0.8,5
checkerboard,quackKTA,test_accuracy,44.0,0.8,0.8,0.8,5
checkerboard,quackKTA,test_accuracy,44.0,0.8,0.8,0.8,5
checkerboard,quackKTA,test_accuracy,44.0,0.8,0.8,0.8,5
checkerboard,quackKTA,test_accuracy,44.0,0.8,0.8,0.8,5
checkerboard,quackKTA,test_accuracy,44.0,0.8,0.8,0.8,5
checkerboard,quackKTA,test_accuracy,44.0,0.8,0.8,0.8,5
checkerboard,quackKTA,test_accuracy,44.0,0.8,0.8,0.8,5
checkerboard,quackKTA,test_accuracy,44.0,0.8,0.8,0.8,5
checkerboard,quackKTA,test_accuracy,44.0,0.8,0.8,0.8,5
checkerboard,quackKTA,test_accuracy,44.0,0.8,0.8,0.8,5
checkerboard,quackKTA,test_accuracy,45.0,0.8,0.8,0.8,5
checkerboard,quackKTA,test_accuracy,45.0,0.8,0.8,0.8,5
checkerboard,quackKTA,test_accuracy,45.0,0.8,0.8,0.8,5
checkerboard,quackKTA,test_accuracy,45.0,0.8,0.8,0.8,5
checkerboard,quackKTA,test_accuracy,45.0,0.8,0.8,0.8,5
checkerboard,quackKTA,test_accuracy,45.0,0.8,0.8,0.8,5
checkerboard,quackKTA,test_accuracy,45.0,0.8,0.8,0.8,5
checkerboard,quackKTA,test_accuracy,45.0,0.8,0.8,0.8,5
checkerboard,quackKTA,test_accuracy,45.0,0.8,0.8,0.8,5
checkerboard,quackKTA,test_accuracy,45.0,0.8,0.8,0.8,5
checkerboard,quackKTA,test_accuracy,46.0,0.8,0.8,0.8,5
checkerboard,quackKTA,test_accuracy,46.0,0.8,0.8,0.8,5
checkerboard,quackKTA,test_accuracy,46.0,0.8,0.8,0.8,5
checkerboard,quackKTA,test_accuracy,46.0,0.8,0.8,0.8,5
checkerboard,quackKTA,test_accuracy,46.0,0.8333333333333334,0.8333333333333334,0.8333333333333334,5
checkerboard,quackKTA,test_accuracy,46.0,0.8,0.8,0.8,5
checkerboard,quackKTA,test_accuracy,46.0,0.8,0.8,0.8,5
checkerboard,quackKTA,test_accuracy,46.0,0.8,0.8,0.8,5
checkerboard,quackKTA,test_accuracy,46.0,0.8,0.8,0.8,5
checkerboard,quackKTA,test_accuracy,46.0,0.8,0.8,0.8,5
checkerboard,quackKTA,test_accuracy,47.0,0.8333333333333334,0.8333333333333334,0.8333333333333334,5
checkerboard,quackKTA,test_accuracy,47.0,0.8333333333333334,0.8333333333333334,0.8333333333333334,5
checkerboard,quackKTA,test_accuracy,47.0,0.8333333333333334,0.8333333333333334,0.8333333333333334,5
checkerboard,quackKTA,test_accuracy,47.0,0.8333333333333334,0.8333333333333334,0.8333333333333334,5
checkerboard,quackKTA,test_accuracy,47.0,0.8333333333333334,0.8333333333333334,0.8333333333333334,5
checkerboard,quackKTA,test_accuracy,47.0,0.8333333333333334,0.8333333333333334,0.8333333333333334,5
checkerboard,quackKTA,test_accuracy,47.0,0.8333333333333334,0.8333333333333334,0.8333333333333334,5
checkerboard,quackKTA,test_accuracy,47.0,0.8333333333333334,0.8333333333333334,0.8333333333333334,5
checkerboard,quackKTA,test_accuracy,47.0,0.8333333333333334,0.8333333333333334,0.8333333333333334,5
checkerboard,quackKTA,test_accuracy,47.0,0.8333333333333334,0.8333333333333334,0.8333333333333334,5
checkerboard,quackKTA,test_accuracy,48.0,0.8333333333333334,0.8333333333333334,0.8333333333333334,5
checkerboard,quackKTA,test_accuracy,48.0,0.8333333333333334,0.8333333333333334,0.8333333333333334,5
checkerboard,quackKTA,test_accuracy,48.0,0.8333333333333334,0.8333333333333334,0.8333333333333334,5
checkerboard,quackKTA,test_accuracy,48.0,0.8333333333333334,0.8333333333333334,0.8333333333333334,5
checkerboard,quackKTA,test_accuracy,48.0,0.8333333333333334,0.8333333333333334,0.8333333333333334,5
checkerboard,quackKTA,test_accuracy,48.0,0.8333333333333334,0.8333333333333334,0.8333333333333334,5
checkerboard,quackKTA,test_accuracy,48.0,0.8333333333333334,0.8333333333333334,0.8333333333333334,5
checkerboard,quackKTA,test_accuracy,48.0,0.8333333333333334,0.8333333333333334,0.8333333333333334,5
checkerboard,quackKTA,test_accuracy,48.0,0.8333333333333334,0.8333333333333334,0.8333333333333334,5
checkerboard,quackKTA,test_accuracy,48.0,0.8333333333333334,0.8333333333333334,0.8333333333333334,5
checkerboard,quackKTA,test_accuracy,49.0,0.8333333333333334,0.8333333333333334,0.8333333333333334,5
checkerboard,quackKTA,test_accuracy,49.0,0.8333333333333334,0.8333333333333334,0.8333333333333334,5
checkerboard,quackKTA,test_accuracy,49.0,0.8333333333333334,0.8333333333333334,0.8333333333333334,5
checkerboard,quackKTA,test_accuracy,49.0,0.8333333333333334,0.8333333333333334,0.8333333333333334,5
checkerboard,quackKTA,test_accuracy,49.0,0.8333333333333334,0.8333333333333334,0.8333333333333334,5
checkerboard,quackKTA,test_accuracy,49.0,0.8333333333333334,0.8333333333333334,0.8333333333333334,5
checkerboard,quackKTA,test_accuracy,49.0,0.8333333333333334,0.8333333333333334,0.8333333333333334,5
checkerboard,quackKTA,test_accuracy,49.0,0.8333333333333334,0.8333333333333334,0.8333333333333334,5
checkerboard,quackKTA,test_accuracy,49.0,0.8333333333333334,0.8333333333333334,0.8333333333333334,5
checkerboard,quackKTA,test_accuracy,49.0,0.8333333333333334,0.8333333333333334,0.8333333333333334,5
checkerboard,quackKTA,test_accuracy,50.0,0.8333333333333334,0.8333333333333334,0.8333333333333334,5
checkerboard,quackKTA,test_accuracy,50.0,0.8333333333333334,0.8333333333333334,0.8333333333333334,5
checkerboard,quackKTA,test_accuracy,50.0,0.8333333333333334,0.8333333333333334,0.8333333333333334,5
checkerboard,quackKTA,test_accuracy,50.0,0.8333333333333334,0.8333333333333334,0.8333333333333334,5
checkerboard,quackKTA,test_accuracy,50.0,0.8333333333333334,0.8333333333333334,0.8333333333333334,5
checkerboard,quackKTA,test_accuracy,50.0,0.8333333333333334,0.8333333333333334,0.8333333333333334,5
checkerboard,quackKTA,test_accuracy,50.0,0.8333333333333334,0.8333333333333334,0.8333333333333334,5
checkerboard,quackKTA,test_accuracy,50.0,0.8333333333333334,0.8333333333333334,0.8333333333333334,5
checkerboard,quackKTA,test_accuracy,50.0,0.8333333333333334,0.8333333333333334,0.8333333333333334,5
checkerboard,quackKTA,test_accuracy,50.0,0.8333333333333334,0.8333333333333334,0.8333333333333334,5
checkerboard,quackKTA,test_accuracy,51.0,0.8333333333333334,0.8333333333333334,0.8333333333333334,5
checkerboard,quackKTA,test_accuracy,51.0,0.8333333333333334,0.8333333333333334,0.8333333333333334,5
checkerboard,quackKTA,test_accuracy,51.0,0.8333333333333334,0.8333333333333334,0.8333333333333334,5
checkerboard,quackKTA,test_accuracy,51.0,0.8333333333333334,0.8333333333333334,0.8333333333333334,5
checkerboard,quackKTA,test_accuracy,51.0,0.8333333333333334,0.8333333333333334,0.8333333333333334,5
checkerboard,quackKTA,test_accuracy,51.0,0.8333333333333334,0.8333333333333334,0.8333333333333334,5
checkerboard,quackKTA,test_accuracy,51.0,0.8333333333333334,0.8333333333333334,0.8333333333333334,5
checkerboard,quackKTA,test_accuracy,51.0,0.8333333333333334,0.8333333333333334,0.8333333333333334,5
checkerboard,quackKTA,test_accuracy,51.0,0.8333333333333334,0.8333333333333334,0.8333333333333334,5
checkerboard,quackKTA,test_accuracy,51.0,0.8333333333333334,0.8333333333333334,0.8333333333333334,5
checkerboard,quackKTA,test_accuracy,52.0,0.8333333333333334,0.8333333333333334,0.8333333333333334,5
checkerboard,quackKTA,test_accuracy,52.0,0.8333333333333334,0.8333333333333334,0.8333333333333334,5
checkerboard,quackKTA,test_accuracy,52.0,0.8333333333333334,0.8333333333333334,0.8333333333333334,5
checkerboard,quackKTA,test_accuracy,52.0,0.8333333333333334,0.8333333333333334,0.8333333333333334,5
checkerboard,quackKTA,test_accuracy,52.0,0.8333333333333334,0.8333333333333334,0.8333333333333334,5
checkerboard,quackKTA,test_accuracy,52.0,0.8333333333333334,0.8333333333333334,0.8333333333333334,5
checkerboard,quackKTA,test_accuracy,52.0,0.8333333333333334,0.8333333333333334,0.8333333333333334,5
checkerboard,quackKTA,test_accuracy,52.0,0.8333333333333334,0.8333333333333334,0.8333333333333334,5
checkerboard,quackKTA,test_accuracy,52.0,0.8333333333333334,0.8333333333333334,0.8333333333333334,5
checkerboard,quackKTA,test_accuracy,52.0,0.8333333333333334,0.8333333333333334,0.8333333333333334,5
checkerboard,quackKTA,test_accuracy,53.0,0.8333333333333334,0.8333333333333334,0.8333333333333334,5
checkerboard,quackKTA,test_accuracy,53.0,0.8333333333333334,0.8333333333333334,0.8333333333333334,5
checkerboard,quackKTA,test_accuracy,53.0,0.8333333333333334,0.8333333333333334,0.8333333333333334,5
checkerboard,quackKTA,test_accuracy,53.0,0.8333333333333334,0.8333333333333334,0.8333333333333334,5
checkerboard,quackKTA,test_accuracy,53.0,0.8333333333333334,0.8333333333333334,0.8333333333333334,5
checkerboard,quackKTA,test_accuracy,53.0,0.8333333333333334,0.8333333333333334,0.8333333333333334,5
checkerboard,quackKTA,test_accuracy,53.0,0.8333333333333334,0.8333333333333334,0.8333333333333334,5
checkerboard,quackKTA,test_accuracy,53.0,0.8333333333333334,0.8333333333333334,0.8333333333333334,5
checkerboard,quackKTA,test_accuracy,53.0,0.8333333333333334,0.8333333333333334,0.8333333333333334,5
checkerboard,quackKTA,test_accuracy,53.0,0.8333333333333334,0.8333333333333334,0.8333333333333334,5
checkerboard,quackKTA,test_accuracy,54.0,0.8333333333333334,0.8333333333333334,0.8333333333333334,5
checkerboard,quackKTA,test_accuracy,54.0,0.8333333333333334,0.8333333333333334,0.8333333333333334,5
checkerboard,quackKTA,test_accuracy,54.0,0.8333333333333334,0.8333333333333334,0.8333333333333334,5
checkerboard,quackKTA,test_accuracy,54.0,0.8333333333333334,0.8333333333333334,0.8333333333333334,5
checkerboard,quackKTA,test_accuracy,54.0,0.8333333333333334,0.8333333333333334,0.8333333333333334,5
checkerboard,quackKTA,test_accuracy,54.0,0.8333333333333334,0.8333333333333334,0.8333333333333334,5
checkerboard,quackKTA,test_accuracy,54.0,0.8333333333333334,0.8333333333333334,0.8333333333333334,5
checkerboard,quackKTA,test_accuracy,54.0,0.8333333333333334,0.8333333333333334,0.8333333333333334,5
checkerboard,quackKTA,test_accuracy,54.0,0.8333333333333334,0.8333333333333334,0.8333333333333334,5
checkerboard,quackKTA,test_accuracy,54.0,0.8333333333333334,0.8333333333333334,0.8333333333333334,5
checkerboard,quackKTA,test_accuracy,55.0,0.8333333333333334,0.8333333333333334,0.8333333333333334,5
checkerboard,quackKTA,test_accuracy,55.0,0.8333333333333334,0.8333333333333334,0.8333333333333334,5
checkerboard,quackKTA,test_accuracy,55.0,0.8333333333333334,0.8333333333333334,0.8333333333333334,5
checkerboard,quackKTA,test_accuracy,55.0,0.8333333333333334,0.8333333333333334,0.8333333333333334,5
checkerboard,quackKTA,test_accuracy,55.0,0.8333333333333334,0.8333333333333334,0.8333333333333334,5
checkerboard,quackKTA,test_accuracy,55.0,0.8333333333333334,0.8333333333333334,0.8333333333333334,5
checkerboard,quackKTA,test_accuracy,55.0,0.8333333333333334,0.8333333333333334,0.8333333333333334,5
checkerboard,quackKTA,test_accuracy,55.0,0.8333333333333334,0.8333333333333334,0.8333333333333334,5
checkerboard,quackKTA,test_accuracy,55.0,0.8333333333333334,0.8333333333333334,0.8333333333333334,5
checkerboard,quackKTA,test_accuracy,55.0,0.8333333333333334,0.8333333333333334,0.8333333333333334,5
checkerboard,quackKTA,test_accuracy,56.0,0.8333333333333334,0.8333333333333334,0.8333333333333334,5
checkerboard,quackKTA,test_accuracy,56.0,0.8333333333333334,0.8333333333333334,0.8333333333333334,5
checkerboard,quackKTA,test_accuracy,56.0,0.8333333333333334,0.8333333333333334,0.8333333333333334,5
checkerboard,quackKTA,test_accuracy,56.0,0.8333333333333334,0.8333333333333334,0.8333333333333334,5
checkerboard,quackKTA,test_accuracy,56.0,0.8333333333333334,0.8333333333333334,0.8333333333333334,5
checkerboard,quackKTA,test_accuracy,56.0,0.8333333333333334,0.8333333333333334,0.8333333333333334,5
checkerboard,quackKTA,test_accuracy,56.0,0.8333333333333334,0.8333333333333334,0.8333333333333334,5
checkerboard,quackKTA,test_accuracy,56.0,0.8333333333333334,0.8333333333333334,0.8333333333333334,5
checkerboard,quackKTA,test_accuracy,56.0,0.8333333333333334,0.8333333333333334,0.8333333333333334,5
checkerboard,quackKTA,test_accuracy,56.0,0.8333333333333334,0.8333333333333334,0.8333333333333334,5
checkerboard,quackKTA,test_accuracy,57.0,0.8333333333333334,0.8333333333333334,0.8333333333333334,5
checkerboard,quackKTA,test_accuracy,57.0,0.8333333333333334,0.8333333333333334,0.8333333333333334,5
checkerboard,quackKTA,test_accuracy,57.0,0.8333333333333334,0.8333333333333334,0.8333333333333334,5
checkerboard,quackKTA,test_accuracy,57.0,0.8333333333333334,0.8333333333333334,0.8333333333333334,5
checkerboard,quackKTA,test_accuracy,57.0,0.8333333333333334,0.8333333333333334,0.8333333333333334,5
checkerboard,quackKTA,test_accuracy,57.0,0.8333333333333334,0.8333333333333334,0.8333333333333334,5
checkerboard,quackKTA,test_accuracy,57.0,0.8333333333333334,0.8333333333333334,0.8333333333333334,5
checkerboard,quackKTA,test_accuracy,57.0,0.8333333333333334,0.8333333333333334,0.8333333333333334,5
checkerboard,quackKTA,test_accuracy,57.0,0.8333333333333334,0.8333333333333334,0.8333333333333334,5
checkerboard,quackKTA,test_accuracy,57.0,0.8333333333333334,0.8333333333333334,0.8333333333333334,5
checkerboard,quackKTA,test_accuracy,58.0,0.8333333333333334,0.8333333333333334,0.8333333333333334,5
checkerboard,quackKTA,test_accuracy,58.0,0.8333333333333334,0.8333333333333334,0.8333333333333334,5
checkerboard,quackKTA,test_accuracy,58.0,0.8333333333333334,0.8333333333333334,0.8333333333333334,5
checkerboard,quackKTA,test_accuracy,58.0,0.8333333333333334,0.8333333333333334,0.8333333333333334,5
checkerboard,quackKTA,test_accuracy,58.0,0.8333333333333334,0.8333333333333334,0.8333333333333334,5
checkerboard,quackKTA,test_accuracy,58.0,0.8333333333333334,0.8333333333333334,0.8333333333333334,5
checkerboard,quackKTA,test_accuracy,58.0,0.8333333333333334,0.8333333333333334,0.8333333333333334,5
checkerboard,quackKTA,test_accuracy,58.0,0.8333333333333334,0.8333333333333334,0.8333333333333334,5
checkerboard,quackKTA,test_accuracy,58.0,0.8333333333333334,0.8333333333333334,0.8333333333333334,5
checkerboard,quackKTA,test_accuracy,58.0,0.8333333333333334,0.8333333333333334,0.8333333333333334,5
checkerboard,quackKTA,test_accuracy,59.0,0.8333333333333334,0.8333333333333334,0.8333333333333334,5
checkerboard,quackKTA,test_accuracy,59.0,0.8333333333333334,0.8333333333333334,0.8333333333333334,5
checkerboard,quackKTA,test_accuracy,59.0,0.8333333333333334,0.8333333333333334,0.8333333333333334,5
checkerboard,quackKTA,test_accuracy,59.0,0.8333333333333334,0.8333333333333334,0.8333333333333334,5
checkerboard,quackKTA,test_accuracy,59.0,0.8333333333333334,0.8333333333333334,0.8333333333333334,5
checkerboard,quackKTA,test_accuracy,59.0,0.8333333333333334,0.8333333333333334,0.8333333333333334,5
checkerboard,quackKTA,test_accuracy,59.0,0.8333333333333334,0.8333333333333334,0.8333333333333334,5
checkerboard,quackKTA,test_accuracy,59.0,0.8333333333333334,0.8333333333333334,0.8333333333333334,5
checkerboard,quackKTA,test_accuracy,59.0,0.8333333333333334,0.8333333333333334,0.8333333333333334,5
checkerboard,quackKTA,test_accuracy,59.0,0.8333333333333334,0.8333333333333334,0.8333333333333334,5
checkerboard,quackKTA,test_accuracy,60.0,0.8333333333333334,0.8333333333333334,0.8333333333333334,5
checkerboard,quackKTA,test_accuracy,60.0,0.8333333333333334,0.8333333333333334,0.8333333333333334,5
checkerboard,quackKTA,test_accuracy,60.0,0.8333333333333334,0.8333333333333334,0.8333333333333334,5
checkerboard,quackKTA,test_accuracy,60.0,0.8333333333333334,0.8333333333333334,0.8333333333333334,5
checkerboard,quackKTA,test_accuracy,60.0,0.8333333333333334,0.8333333333333334,0.8333333333333334,5
checkerboard,quackKTA,test_accuracy,60.0,0.8333333333333334,0.8333333333333334,0.8333333333333334,5
checkerboard,quackKTA,test_accuracy,60.0,0.8333333333333334,0.8333333333333334,0.8333333333333334,5
checkerboard,quackKTA,test_accuracy,60.0,0.8333333333333334,0.8333333333333334,0.8333333333333334,5
checkerboard,quackKTA,test_accuracy,60.0,0.8333333333333334,0.8333333333333334,0.8333333333333334,5
checkerboard,quackKTA,test_accuracy,60.0,0.8333333333333334,0.8333333333333334,0.8333333333333334,5
checkerboard,quackKTA,test_accuracy,61.0,0.8333333333333334,0.8333333333333334,0.8333333333333334,5
checkerboard,quackKTA,test_accuracy,61.0,0.8333333333333334,0.8333333333333334,0.8333333333333334,5
checkerboard,quackKTA,test_accuracy,61.0,0.8333333333333334,0.8333333333333334,0.8333333333333334,5
checkerboard,quackKTA,test_accuracy,61.0,0.8333333333333334,0.8333333333333334,0.8333333333333334,5
checkerboard,quackKTA,test_accuracy,61.0,0.8333333333333334,0.8333333333333334,0.8333333333333334,5
checkerboard,quackKTA,test_accuracy,61.0,0.8333333333333334,0.8333333333333334,0.8333333333333334,5
checkerboard,quackKTA,test_accuracy,61.0,0.8333333333333334,0.8333333333333334,0.8333333333333334,5
checkerboard,quackKTA,test_accuracy,61.0,0.8333333333333334,0.8333333333333334,0.8333333333333334,5
checkerboard,quackKTA,test_accuracy,61.0,0.8333333333333334,0.8333333333333334,0.8333333333333334,5
checkerboard,quackKTA,test_accuracy,61.0,0.8333333333333334,0.8333333333333334,0.8333333333333334,5
checkerboard,quackKTA,test_accuracy,62.0,0.8333333333333334,0.8333333333333334,0.8333333333333334,5
checkerboard,quackKTA,test_accuracy,62.0,0.8333333333333334,0.8333333333333334,0.8333333333333334,5
checkerboard,quackKTA,test_accuracy,62.0,0.8333333333333334,0.8333333333333334,0.8333333333333334,5
checkerboard,quackKTA,test_accuracy,62.0,0.8333333333333334,0.8333333333333334,0.8333333333333334,5
checkerboard,quackKTA,test_accuracy,62.0,0.8333333333333334,0.8333333333333334,0.8333333333333334,5
checkerboard,quackKTA,test_accuracy,62.0,0.8333333333333334,0.8333333333333334,0.8333333333333334,5
checkerboard,quackKTA,test_accuracy,62.0,0.8333333333333334,0.8333333333333334,0.8333333333333334,5
checkerboard,quackKTA,test_accuracy,62.0,0.8333333333333334,0.8333333333333334,0.8333333333333334,5
checkerboard,quackKTA,test_accuracy,62.0,0.8333333333333334,0.8333333333333334,0.8333333333333334,5
checkerboard,quackKTA,test_accuracy,62.0,0.8333333333333334,0.8333333333333334,0.8333333333333334,5
checkerboard,quackKTA,test_accuracy,63.0,0.8333333333333334,0.8333333333333334,0.8333333333333334,5
checkerboard,quackKTA,test_accuracy,63.0,0.8333333333333334,0.8333333333333334,0.8333333333333334,5
checkerboard,quackKTA,test_accuracy,63.0,0.8333333333333334,0.8333333333333334,0.8333333333333334,5
checkerboard,quackKTA,test_accuracy,63.0,0.8333333333333334,0.8333333333333334,0.8333333333333334,5
checkerboard,quackKTA,test_accuracy,63.0,0.8333333333333334,0.8333333333333334,0.8333333333333334,5
checkerboard,quackKTA,test_accuracy,63.0,0.8333333333333334,0.8333333333333334,0.8333333333333334,5
checkerboard,quackKTA,test_accuracy,63.0,0.8333333333333334,0.8333333333333334,0.8333333333333334,5
checkerboard,quackKTA,test_accuracy,63.0,0.8333333333333334,0.8333333333333334,0.8333333333333334,5
checkerboard,quackKTA,test_accuracy,63.0,0.8333333333333334,0.8333333333333334,0.8333333333333334,5
checkerboard,quackKTA,test_accuracy,63.0,0.8333333333333334,0.8333333333333334,0.8333333333333334,5
checkerboard,quackKTA,test_accuracy,64.0,0.8333333333333334,0.8333333333333334,0.8333333333333334,5
checkerboard,quackKTA,test_accuracy,64.0,0.8333333333333334,0.8333333333333334,0.8333333333333334,5
checkerboard,quackKTA,test_accuracy,64.0,0.8333333333333334,0.8333333333333334,0.8333333333333334,5
checkerboard,quackKTA,test_accuracy,64.0,0.8333333333333334,0.8333333333333334,0.8333333333333334,5
checkerboard,quackKTA,test_accuracy,64.0,0.8333333333333334,0.8333333333333334,0.8333333333333334,5
checkerboard,quackKTA,test_accuracy,64.0,0.8333333333333334,0.8333333333333334,0.8333333333333334,5
checkerboard,quackKTA,test_accuracy,64.0,0.8333333333333334,0.8333333333333334,0.8333333333333334,5
checkerboard,quackKTA,test_accuracy,64.0,0.8333333333333334,0.8333333333333334,0.8333333333333334,5
checkerboard,quackKTA,test_accuracy,64.0,0.8333333333333334,0.8333333333333334,0.8333333333333334,5
checkerboard,quackKTA,test_accuracy,64.0,0.8333333333333334,0.8333333333333334,0.8333333333333334,5
checkerboard,quackKTA,test_accuracy,65.0,0.8333333333333334,0.8333333333333334,0.8333333333333334,5
checkerboard,quackKTA,test_accuracy,65.0,0.8333333333333334,0.8333333333333334,0.8333333333333334,5
checkerboard,quackKTA,test_accuracy,65.0,0.8333333333333334,0.8333333333333334,0.8333333333333334,5
checkerboard,quackKTA,test_accuracy,65.0,0.8333333333333334,0.8333333333333334,0.8333333333333334,5
checkerboard,quackKTA,test_accuracy,65.0,0.8333333333333334,0.8333333333333334,0.8333333333333334,5
checkerboard,quackKTA,test_accuracy,65.0,0.8333333333333334,0.8333333333333334,0.8333333333333334,5
checkerboard,quackKTA,test_accuracy,65.0,0.8333333333333334,0.8333333333333334,0.8333333333333334,5
checkerboard,quackKTA,test_accuracy,65.0,0.8333333333333334,0.8333333333333334,0.8333333333333334,5
checkerboard,quackKTA,test_accuracy,65.0,0.8333333333333334,0.8333333333333334,0.8333333333333334,5
checkerboard,quackKTA,test_accuracy,65.0,0.8333333333333334,0.8333333333333334,0.8333333333333334,5
checkerboard,quackKTA,test_accuracy,66.0,0.8333333333333334,0.8333333333333334,0.8333333333333334,5
checkerboard,quackKTA,test_accuracy,66.0,0.8333333333333334,0.8333333333333334,0.8333333333333334,5
checkerboard,quackKTA,test_accuracy,66.0,0.8333333333333334,0.8333333333333334,0.8333333333333334,5
checkerboard,quackKTA,test_accuracy,66.0,0.8333333333333334,0.8333333333333334,0.8333333333333334,5
checkerboard,quackKTA,test_accuracy,66.0,0.8333333333333334,0.8333333333333334,0.8333333333333334,5
checkerboard,quackKTA,test_accuracy,66.0,0.8333333333333334,0.8333333333333334,0.8333333333333334,5
checkerboard,quackKTA,test_accuracy,66.0,0.8333333333333334,0.8333333333333334,0.8333333333333334,5
checkerboard,quackKTA,test_accuracy,66.0,0.8333333333333334,0.8333333333333334,0.8333333333333334,5
checkerboard,quackKTA,test_accuracy,66.0,0.8333333333333334,0.8333333333333334,0.8333333333333334,5
checkerboard,quackKTA,test_accuracy,66.0,0.8333333333333334,0.8333333333333334,0.8333333333333334,5
checkerboard,quackKTA,test_accuracy,67.0,0.8333333333333334,0.8333333333333334,0.8333333333333334,5
checkerboard,quackKTA,test_accuracy,67.0,0.8333333333333334,0.8333333333333334,0.8333333333333334,5
checkerboard,quackKTA,test_accuracy,67.0,0.8333333333333334,0.8333333333333334,0.8333333333333334,5
checkerboard,quackKTA,test_accuracy,67.0,0.8333333333333334,0.8333333333333334,0.8333333333333334,5
checkerboard,quackKTA,test_accuracy,67.0,0.8333333333333334,0.8333333333333334,0.8333333333333334,5
checkerboard,quackKTA,test_accuracy,67.0,0.8333333333333334,0.8333333333333334,0.8333333333333334,5
checkerboard,quackKTA,test_accuracy,67.0,0.8333333333333334,0.8333333333333334,0.8333333333333334,5
checkerboard,quackKTA,test_accuracy,67.0,0.8333333333333334,0.8333333333333334,0.8333333333333334,5
checkerboard,quackKTA,test_accuracy,67.0,0.8333333333333334,0.8333333333333334,0.8333333333333334,5
checkerboard,quackKTA,test_accuracy,67.0,0.8333333333333334,0.8333333333333334,0.8333333333333334,5
checkerboard,quackKTA,test_accuracy,68.0,0.8333333333333334,0.8333333333333334,0.8333333333333334,5
checkerboard,quackKTA,test_accuracy,68.0,0.8333333333333334,0.8333333333333334,0.8333333333333334,5
checkerboard,quackKTA,test_accuracy,68.0,0.8333333333333334,0.8333333333333334,0.8333333333333334,5
checkerboard,quackKTA,test_accuracy,68.0,0.8333333333333334,0.8333333333333334,0.8333333333333334,5
checkerboard,quackKTA,test_accuracy,68.0,0.8333333333333334,0.8333333333333334,0.8333333333333334,5
checkerboard,quackKTA,test_accuracy,68.0,0.8333333333333334,0.8333333333333334,0.8333333333333334,5
checkerboard,quackKTA,test_accuracy,68.0,0.8333333333333334,0.8333333333333334,0.8333333333333334,5
checkerboard,quackKTA,test_accuracy,68.0,0.8333333333333334,0.8333333333333334,0.8333333333333334,5
checkerboard,quackKTA,test_accuracy,68.0,0.8333333333333334,0.8333333333333334,0.8333333333333334,5
checkerboard,quackKTA,test_accuracy,68.0,0.8333333333333334,0.8333333333333334,0.8333333333333334,5
checkerboard,quackKTA,test_accuracy,69.0,0.8333333333333334,0.8333333333333334,0.8333333333333334,5
checkerboard,quackKTA,test_accuracy,69.0,0.8333333333333334,0.8333333333333334,0.8333333333333334,5
checkerboard,quackKTA,test_accuracy,69.0,0.8333333333333334,0.8333333333333334,0.8333333333333334,5
checkerboard,quackKTA,test_accuracy,69.0,0.8333333333333334,0.8333333333333334,0.8333333333333334,5
checkerboard,quackKTA,test_accuracy,69.0,0.8333333333333334,0.8333333333333334,0.8333333333333334,5
checkerboard,quackKTA,test_accuracy,69.0,0.8333333333333334,0.8333333333333334,0.8333333333333334,5
checkerboard,quackKTA,test_accuracy,69.0,0.8333333333333334,0.8333333333333334,0.8333333333333334,5
checkerboard,quackKTA,test_accuracy,69.0,0.8333333333333334,0.8333333333333334,0.8333333333333334,5
checkerboard,quackKTA,test_accuracy,69.0,0.8333333333333334,0.8333333333333334,0.8333333333333334,5
checkerboard,quackKTA,test_accuracy,69.0,0.8333333333333334,0.8333333333333334,0.8333333333333334,5
checkerboard,quackKTA,test_accuracy,70.0,0.8333333333333334,0.8333333333333334,0.8333333333333334,5
checkerboard,quackKTA,test_accuracy,70.0,0.8333333333333334,0.8333333333333334,0.8333333333333334,5
checkerboard,quackKTA,test_accuracy,70.0,0.8333333333333334,0.8333333333333334,0.8333333333333334,5
checkerboard,quackKTA,test_accuracy,70.0,0.8333333333333334,0.8333333333333334,0.8333333333333334,5
checkerboard,quackKTA,test_accuracy,70.0,0.8333333333333334,0.8333333333333334,0.8333333333333334,5
checkerboard,quackKTA,test_accuracy,70.0,0.8333333333333334,0.8333333333333334,0.8333333333333334,5
checkerboard,quackKTA,test_accuracy,70.0,0.8333333333333334,0.8333333333333334,0.8333333333333334,5
checkerboard,quackKTA,test_accuracy,70.0,0.8333333333333334,0.8333333333333334,0.8333333333333334,5
checkerboard,quackKTA,test_accuracy,70.0,0.8333333333333334,0.8333333333333334,0.8333333333333334,5
checkerboard,quackKTA,test_accuracy,70.0,0.8333333333333334,0.8333333333333334,0.8333333333333334,5
checkerboard,quackKTA,test_accuracy,71.0,0.8333333333333334,0.8333333333333334,0.8333333333333334,5
checkerboard,quackKTA,test_accuracy,71.0,0.8333333333333334,0.8333333333333334,0.8333333333333334,5
checkerboard,quackKTA,test_accuracy,71.0,0.8333333333333334,0.8333333333333334,0.8333333333333334,5
checkerboard,quackKTA,test_accuracy,71.0,0.8333333333333334,0.8333333333333334,0.8333333333333334,5
checkerboard,quackKTA,test_accuracy,71.0,0.8333333333333334,0.8333333333333334,0.8333333333333334,5
checkerboard,quackKTA,test_accuracy,71.0,0.8333333333333334,0.8333333333333334,0.8333333333333334,5
checkerboard,quackKTA,test_accuracy,71.0,0.8333333333333334,0.8333333333333334,0.8333333333333334,5
checkerboard,quackKTA,test_accuracy,71.0,0.8333333333333334,0.8333333333333334,0.8333333333333334,5
checkerboard,quackKTA,test_accuracy,71.0,0.8333333333333334,0.8333333333333334,0.8333333333333334,5
checkerboard,quackKTA,test_accuracy,71.0,0.8333333333333334,0.8333333333333334,0.8333333333333334,5
checkerboard,quackKTA,test_accuracy,72.0,0.8333333333333334,0.8333333333333334,0.8333333333333334,5
checkerboard,quackKTA,test_accuracy,72.0,0.8333333333333334,0.8333333333333334,0.8333333333333334,5
checkerboard,quackKTA,test_accuracy,72.0,0.8333333333333334,0.8333333333333334,0.8333333333333334,5
checkerboard,quackKTA,test_accuracy,72.0,0.8333333333333334,0.8333333333333334,0.8333333333333334,5
checkerboard,quackKTA,test_accuracy,72.0,0.8333333333333334,0.8333333333333334,0.8333333333333334,5
checkerboard,quackKTA,test_accuracy,72.0,0.8333333333333334,0.8333333333333334,0.8333333333333334,5
checkerboard,quackKTA,test_accuracy,72.0,0.8333333333333334,0.8333333333333334,0.8333333333333334,5
checkerboard,quackKTA,test_accuracy,72.0,0.8333333333333334,0.8333333333333334,0.8333333333333334,5
checkerboard,quackKTA,test_accuracy,72.0,0.8333333333333334,0.8333333333333334,0.8333333333333334,5
checkerboard,quackKTA,test_accuracy,72.0,0.8333333333333334,0.8333333333333334,0.8333333333333334,5
checkerboard,quackKTA,test_accuracy,73.0,0.8333333333333334,0.8333333333333334,0.8333333333333334,5
checkerboard,quackKTA,test_accuracy,73.0,0.8333333333333334,0.8333333333333334,0.8333333333333334,5
checkerboard,quackKTA,test_accuracy,73.0,0.8333333333333334,0.8333333333333334,0.8333333333333334,5
checkerboard,quackKTA,test_accuracy,73.0,0.8333333333333334,0.8333333333333334,0.8333333333333334,5
checkerboard,quackKTA,test_accuracy,73.0,0.8333333333333334,0.8333333333333334,0.8333333333333334,5
checkerboard,quackKTA,test_accuracy,73.0,0.8333333333333334,0.8333333333333334,0.8333333333333334,5
checkerboard,quackKTA,test_accuracy,73.0,0.8333333333333334,0.8333333333333334,0.8333333333333334,5
checkerboard,quackKTA,test_accuracy,73.0,0.8333333333333334,0.8333333333333334,0.8333333333333334,5
checkerboard,quackKTA,test_accuracy,73.0,0.8333333333333334,0.8333333333333334,0.8333333333333334,5
checkerboard,quackKTA,test_accuracy,73.0,0.8333333333333334,0.8333333333333334,0.8333333333333334,5
checkerboard,quackKTA,test_accuracy,74.0,0.8333333333333334,0.8333333333333334,0.8333333333333334,5
checkerboard,quackKTA,test_accuracy,74.0,0.8333333333333334,0.8333333333333334,0.8333333333333334,5
checkerboard,quackKTA,test_accuracy,74.0,0.8333333333333334,0.8333333333333334,0.8333333333333334,5
checkerboard,quackKTA,test_accuracy,74.0,0.8333333333333334,0.8333333333333334,0.8333333333333334,5
checkerboard,quackKTA,test_accuracy,74.0,0.8333333333333334,0.8333333333333334,0.8333333333333334,5
checkerboard,quackKTA,test_accuracy,74.0,0.8333333333333334,0.8333333333333334,0.8333333333333334,5
checkerboard,quackKTA,test_accuracy,74.0,0.8333333333333334,0.8333333333333334,0.8333333333333334,5
checkerboard,quackKTA,test_accuracy,74.0,0.8333333333333334,0.8333333333333334,0.8333333333333334,5
checkerboard,quackKTA,test_accuracy,74.0,0.8333333333333334,0.8333333333333334,0.8333333333333334,5
checkerboard,quackKTA,test_accuracy,74.0,0.8333333333333334,0.8333333333333334,0.8333333333333334,5
checkerboard,quackKTA,test_accuracy,75.0,0.8333333333333334,0.8333333333333334,0.8333333333333334,5
checkerboard,quackKTA,test_accuracy,75.0,0.8333333333333334,0.8333333333333334,0.8333333333333334,5
checkerboard,quackKTA,test_accuracy,75.0,0.8333333333333334,0.8333333333333334,0.8333333333333334,5
checkerboard,quackKTA,test_accuracy,75.0,0.8333333333333334,0.8333333333333334,0.8333333333333334,5
checkerboard,quackKTA,test_accuracy,75.0,0.8333333333333334,0.8333333333333334,0.8333333333333334,5
checkerboard,quackKTA,test_accuracy,75.0,0.8333333333333334,0.8333333333333334,0.8333333333333334,5
checkerboard,quackKTA,test_accuracy,75.0,0.8333333333333334,0.8333333333333334,0.8333333333333334,5
checkerboard,quackKTA,test_accuracy,75.0,0.8333333333333334,0.8333333333333334,0.8333333333333334,5
checkerboard,quackKTA,test_accuracy,75.0,0.8333333333333334,0.8333333333333334,0.8333333333333334,5
checkerboard,quackKTA,test_accuracy,75.0,0.8333333333333334,0.8333333333333334,0.8333333333333334,5
checkerboard,quackKTA,test_accuracy,76.0,0.8333333333333334,0.8333333333333334,0.8333333333333334,5
checkerboard,quackKTA,test_accuracy,76.0,0.8333333333333334,0.8333333333333334,0.8333333333333334,5
checkerboard,quackKTA,test_accuracy,76.0,0.8333333333333334,0.8333333333333334,0.8333333333333334,5
checkerboard,quackKTA,test_accuracy,76.0,0.8333333333333334,0.8333333333333334,0.8333333333333334,5
checkerboard,quackKTA,test_accuracy,76.0,0.8333333333333334,0.8333333333333334,0.8333333333333334,5
checkerboard,quackKTA,test_accuracy,76.0,0.8333333333333334,0.8333333333333334,0.8333333333333334,5
checkerboard,quackKTA,test_accuracy,76.0,0.8333333333333334,0.8333333333333334,0.8333333333333334,5
checkerboard,quackKTA,test_accuracy,76.0,0.8333333333333334,0.8333333333333334,0.8333333333333334,5
checkerboard,quackKTA,test_accuracy,76.0,0.8333333333333334,0.8333333333333334,0.8333333333333334,5
checkerboard,quackKTA,test_accuracy,76.0,0.8333333333333334,0.8333333333333334,0.8333333333333334,5
checkerboard,quackKTA,test_accuracy,77.0,0.8333333333333334,0.8333333333333334,0.8333333333333334,5
checkerboard,quackKTA,test_accuracy,77.0,0.8333333333333334,0.8333333333333334,0.8333333333333334,5
checkerboard,quackKTA,test_accuracy,77.0,0.8333333333333334,0.8333333333333334,0.8333333333333334,5
checkerboard,quackKTA,test_accuracy,77.0,0.8333333333333334,0.8333333333333334,0.8333333333333334,5
checkerboard,quackKTA,test_accuracy,77.0,0.8333333333333334,0.8333333333333334,0.8333333333333334,5
checkerboard,quackKTA,test_accuracy,77.0,0.8333333333333334,0.8333333333333334,0.8333333333333334,5
checkerboard,quackKTA,test_accuracy,77.0,0.8333333333333334,0.8333333333333334,0.8333333333333334,5
checkerboard,quackKTA,test_accuracy,77.0,0.8333333333333334,0.8333333333333334,0.8333333333333334,5
checkerboard,quackKTA,test_accuracy,77.0,0.8333333333333334,0.8333333333333334,0.8333333333333334,5
checkerboard,quackKTA,test_accuracy,77.0,0.8333333333333334,0.8333333333333334,0.8333333333333334,5
checkerboard,quackKTA,test_accuracy,78.0,0.8333333333333334,0.8333333333333334,0.8333333333333334,5
checkerboard,quackKTA,test_accuracy,78.0,0.8333333333333334,0.8333333333333334,0.8333333333333334,5
checkerboard,quackKTA,test_accuracy,78.0,0.8333333333333334,0.8333333333333334,0.8333333333333334,5
checkerboard,quackKTA,test_accuracy,78.0,0.8333333333333334,0.8333333333333334,0.8333333333333334,5
checkerboard,quackKTA,test_accuracy,78.0,0.8333333333333334,0.8333333333333334,0.8333333333333334,5
checkerboard,quackKTA,test_accuracy,78.0,0.8333333333333334,0.8333333333333334,0.8333333333333334,5
checkerboard,quackKTA,test_accuracy,78.0,0.8333333333333334,0.8333333333333334,0.8333333333333334,5
checkerboard,quackKTA,test_accuracy,78.0,0.8333333333333334,0.8333333333333334,0.8333333333333334,5
checkerboard,quackKTA,test_accuracy,78.0,0.8333333333333334,0.8333333333333334,0.8333333333333334,5
checkerboard,quackKTA,test_accuracy,78.0,0.8333333333333334,0.8333333333333334,0.8333333333333334,5
checkerboard,quackKTA,test_accuracy,79.0,0.8333333333333334,0.8333333333333334,0.8333333333333334,5
checkerboard,quackKTA,test_accuracy,79.0,0.8333333333333334,0.8333333333333334,0.8333333333333334,5
checkerboard,quackKTA,test_accuracy,79.0,0.8333333333333334,0.8333333333333334,0.8333333333333334,5
checkerboard,quackKTA,test_accuracy,79.0,0.8333333333333334,0.8333333333333334,0.8333333333333334,5
checkerboard,quackKTA,test_accuracy,79.0,0.8333333333333334,0.8333333333333334,0.8333333333333334,5
checkerboard,quackKTA,test_accuracy,79.0,0.8333333333333334,0.8333333333333334,0.8333333333333334,5
checkerboard,quackKTA,test_accuracy,79.0,0.8333333333333334,0.8333333333333334,0.8333333333333334,5
checkerboard,quackKTA,test_accuracy,79.0,0.8333333333333334,0.8333333333333334,0.8333333333333334,5
checkerboard,quackKTA,test_accuracy,79.0,0.8333333333333334,0.8333333333333334,0.8333333333333334,5
checkerboard,quackKTA,test_accuracy,79.0,0.8333333333333334,0.8333333333333334,0.8333333333333334,5
checkerboard,quackKTA,test_accuracy,80.0,0.8333333333333334,0.8333333333333334,0.8333333333333334,5
checkerboard,quackKTA,test_accuracy,80.0,0.8333333333333334,0.8333333333333334,0.8333333333333334,5
checkerboard,quackKTA,test_accuracy,80.0,0.8333333333333334,0.8333333333333334,0.8333333333333334,5
checkerboard,quackKTA,test_accuracy,80.0,0.8333333333333334,0.8333333333333334,0.8333333333333334,5
checkerboard,quackKTA,test_accuracy,80.0,0.8333333333333334,0.8333333333333334,0.8333333333333334,5
checkerboard,quackKTA,test_accuracy,80.0,0.8333333333333334,0.8333333333333334,0.8333333333333334,5
checkerboard,quackKTA,test_accuracy,80.0,0.8333333333333334,0.8333333333333334,0.8333333333333334,5
checkerboard,quackKTA,test_accuracy,80.0,0.8333333333333334,0.8333333333333334,0.8333333333333334,5
checkerboard,quackKTA,test_accuracy,80.0,0.8333333333333334,0.8333333333333334,0.8333333333333334,5
checkerboard,quackKTA,test_accuracy,80.0,0.8333333333333334,0.8333333333333334,0.8333333333333334,5
checkerboard,quackKTA,test_accuracy,81.0,0.8333333333333334,0.8333333333333334,0.8333333333333334,5
checkerboard,quackKTA,test_accuracy,81.0,0.8333333333333334,0.8333333333333334,0.8333333333333334,5
checkerboard,quackKTA,test_accuracy,81.0,0.8333333333333334,0.8333333333333334,0.8333333333333334,5
checkerboard,quackKTA,test_accuracy,81.0,0.8333333333333334,0.8333333333333334,0.8333333333333334,5
checkerboard,quackKTA,test_accuracy,81.0,0.8333333333333334,0.8333333333333334,0.8333333333333334,5
checkerboard,quackKTA,test_accuracy,81.0,0.8333333333333334,0.8333333333333334,0.8333333333333334,5
checkerboard,quackKTA,test_accuracy,81.0,0.8333333333333334,0.8333333333333334,0.8333333333333334,5
checkerboard,quackKTA,test_accuracy,81.0,0.8333333333333334,0.8333333333333334,0.8333333333333334,5
checkerboard,quackKTA,test_accuracy,81.0,0.8333333333333334,0.8333333333333334,0.8333333333333334,5
checkerboard,quackKTA,test_accuracy,81.0,0.8333333333333334,0.8333333333333334,0.8333333333333334,5
checkerboard,quackKTA,test_accuracy,82.0,0.8333333333333334,0.8333333333333334,0.8333333333333334,5
checkerboard,quackKTA,test_accuracy,82.0,0.8333333333333334,0.8333333333333334,0.8333333333333334,5
checkerboard,quackKTA,test_accuracy,82.0,0.8333333333333334,0.8333333333333334,0.8333333333333334,5
checkerboard,quackKTA,test_accuracy,82.0,0.8333333333333334,0.8333333333333334,0.8333333333333334,5
checkerboard,quackKTA,test_accuracy,82.0,0.8333333333333334,0.8333333333333334,0.8333333333333334,5
checkerboard,quackKTA,test_accuracy,82.0,0.8333333333333334,0.8333333333333334,0.8333333333333334,5
checkerboard,quackKTA,test_accuracy,82.0,0.8333333333333334,0.8333333333333334,0.8333333333333334,5
checkerboard,quackKTA,test_accuracy,82.0,0.8333333333333334,0.8333333333333334,0.8333333333333334,5
checkerboard,quackKTA,test_accuracy,82.0,0.8333333333333334,0.8333333333333334,0.8333333333333334,5
checkerboard,quackKTA,test_accuracy,82.0,0.8333333333333334,0.8333333333333334,0.8333333333333334,5
checkerboard,quackKTA,test_accuracy,83.0,0.8333333333333334,0.8333333333333334,0.8333333333333334,5
checkerboard,quackKTA,test_accuracy,83.0,0.8333333333333334,0.8333333333333334,0.8333333333333334,5
checkerboard,quackKTA,test_accuracy,83.0,0.8333333333333334,0.8333333333333334,0.8333333333333334,5
checkerboard,quackKTA,test_accuracy,83.0,0.8333333333333334,0.8333333333333334,0.8333333333333334,5
checkerboard,quackKTA,test_accuracy,83.0,0.8333333333333334,0.8333333333333334,0.8333333333333334,5
checkerboard,quackKTA,test_accuracy,83.0,0.8333333333333334,0.8333333333333334,0.8333333333333334,5
checkerboard,quackKTA,test_accuracy,83.0,0.8333333333333334,0.8333333333333334,0.8333333333333334,5
checkerboard,quackKTA,test_accuracy,83.0,0.8333333333333334,0.8333333333333334,0.8333333333333334,5
checkerboard,quackKTA,test_accuracy,83.0,0.8333333333333334,0.8333333333333334,0.8333333333333334,5
checkerboard,quackKTA,test_accuracy,83.0,0.8333333333333334,0.8333333333333334,0.8333333333333334,5
checkerboard,quackKTA,test_accuracy,84.0,0.8333333333333334,0.8333333333333334,0.8333333333333334,5
checkerboard,quackKTA,test_accuracy,84.0,0.8333333333333334,0.8333333333333334,0.8333333333333334,5
checkerboard,quackKTA,test_accuracy,84.0,0.8333333333333334,0.8333333333333334,0.8333333333333334,5
checkerboard,quackKTA,test_accuracy,84.0,0.8333333333333334,0.8333333333333334,0.8333333333333334,5
checkerboard,quackKTA,test_accuracy,84.0,0.8333333333333334,0.8333333333333334,0.8333333333333334,5
checkerboard,quackKTA,test_accuracy,84.0,0.8333333333333334,0.8333333333333334,0.8333333333333334,5
checkerboard,quackKTA,test_accuracy,84.0,0.8333333333333334,0.8333333333333334,0.8333333333333334,5
checkerboard,quackKTA,test_accuracy,84.0,0.8333333333333334,0.8333333333333334,0.8333333333333334,5
checkerboard,quackKTA,test_accuracy,84.0,0.8333333333333334,0.8333333333333334,0.8333333333333334,5
checkerboard,quackKTA,test_accuracy,84.0,0.8333333333333334,0.8333333333333334,0.8333333333333334,5
checkerboard,quackKTA,test_accuracy,85.0,0.8333333333333334,0.8333333333333334,0.8333333333333334,5
checkerboard,quackKTA,test_accuracy,85.0,0.8333333333333334,0.8333333333333334,0.8333333333333334,5
checkerboard,quackKTA,test_accuracy,85.0,0.8333333333333334,0.8333333333333334,0.8333333333333334,5
checkerboard,quackKTA,test_accuracy,85.0,0.8333333333333334,0.8333333333333334,0.8333333333333334,5
checkerboard,quackKTA,test_accuracy,85.0,0.8333333333333334,0.8333333333333334,0.8333333333333334,5
checkerboard,quackKTA,test_accuracy,85.0,0.8333333333333334,0.8333333333333334,0.8333333333333334,5
checkerboard,quackKTA,test_accuracy,85.0,0.8333333333333334,0.8333333333333334,0.8333333333333334,5
checkerboard,quackKTA,test_accuracy,85.0,0.8333333333333334,0.8333333333333334,0.8333333333333334,5
checkerboard,quackKTA,test_accuracy,85.0,0.8333333333333334,0.8333333333333334,0.8333333333333334,5
checkerboard,quackKTA,test_accuracy,85.0,0.8333333333333334,0.8333333333333334,0.8333333333333334,5
checkerboard,quackKTA,test_accuracy,86.0,0.8333333333333334,0.8333333333333334,0.8333333333333334,5
checkerboard,quackKTA,test_accuracy,86.0,0.8333333333333334,0.8333333333333334,0.8333333333333334,5
checkerboard,quackKTA,test_accuracy,86.0,0.8333333333333334,0.8333333333333334,0.8333333333333334,5
checkerboard,quackKTA,test_accuracy,86.0,0.8333333333333334,0.8333333333333334,0.8333333333333334,5
checkerboard,quackKTA,test_accuracy,86.0,0.8333333333333334,0.8333333333333334,0.8333333333333334,5
checkerboard,quackKTA,test_accuracy,86.0,0.8333333333333334,0.8333333333333334,0.8333333333333334,5
checkerboard,quackKTA,test_accuracy,86.0,0.8333333333333334,0.8333333333333334,0.8333333333333334,5
checkerboard,quackKTA,test_accuracy,86.0,0.8333333333333334,0.8333333333333334,0.8333333333333334,5
checkerboard,quackKTA,test_accuracy,86.0,0.8333333333333334,0.8333333333333334,0.8333333333333334,5
checkerboard,quackKTA,test_accuracy,86.0,0.8333333333333334,0.8333333333333334,0.8333333333333334,5
checkerboard,quackKTA,test_accuracy,87.0,0.8333333333333334,0.8333333333333334,0.8333333333333334,5
checkerboard,quackKTA,test_accuracy,87.0,0.8333333333333334,0.8333333333333334,0.8333333333333334,5
checkerboard,quackKTA,test_accuracy,87.0,0.8333333333333334,0.8333333333333334,0.8333333333333334,5
checkerboard,quackKTA,test_accuracy,87.0,0.8333333333333334,0.8333333333333334,0.8333333333333334,5
checkerboard,quackKTA,test_accuracy,87.0,0.8333333333333334,0.8333333333333334,0.8333333333333334,5
checkerboard,quackKTA,test_accuracy,87.0,0.8333333333333334,0.8333333333333334,0.8333333333333334,5
checkerboard,quackKTA,test_accuracy,87.0,0.8333333333333334,0.8333333333333334,0.8333333333333334,5
checkerboard,quackKTA,test_accuracy,87.0,0.8333333333333334,0.8333333333333334,0.8333333333333334,5
checkerboard,quackKTA,test_accuracy,87.0,0.8333333333333334,0.8333333333333334,0.8333333333333334,5
checkerboard,quackKTA,test_accuracy,87.0,0.8333333333333334,0.8333333333333334,0.8333333333333334,5
checkerboard,quackKTA,test_accuracy,88.0,0.8333333333333334,0.8333333333333334,0.8333333333333334,5
checkerboard,quackKTA,test_accuracy,88.0,0.8333333333333334,0.8333333333333334,0.8333333333333334,5
checkerboard,quackKTA,test_accuracy,88.0,0.8333333333333334,0.8333333333333334,0.8333333333333334,5
checkerboard,quackKTA,test_accuracy,88.0,0.8333333333333334,0.8333333333333334,0.8333333333333334,5
checkerboard,quackKTA,test_accuracy,88.0,0.8333333333333334,0.8333333333333334,0.8333333333333334,5
checkerboard,quackKTA,test_accuracy,88.0,0.8333333333333334,0.8333333333333334,0.8333333333333334,5
checkerboard,quackKTA,test_accuracy,88.0,0.8333333333333334,0.8333333333333334,0.8333333333333334,5
checkerboard,quackKTA,test_accuracy,88.0,0.8333333333333334,0.8333333333333334,0.8333333333333334,5
checkerboard,quackKTA,test_accuracy,88.0,0.8333333333333334,0.8333333333333334,0.8333333333333334,5
checkerboard,quackKTA,test_accuracy,88.0,0.8333333333333334,0.8333333333333334,0.8333333333333334,5
checkerboard,quackKTA,test_accuracy,89.0,0.8333333333333334,0.8333333333333334,0.8333333333333334,5
checkerboard,quackKTA,test_accuracy,89.0,0.8333333333333334,0.8333333333333334,0.8333333333333334,5
checkerboard,quackKTA,test_accuracy,89.0,0.8333333333333334,0.8333333333333334,0.8333333333333334,5
checkerboard,quackKTA,test_accuracy,89.0,0.8333333333333334,0.8333333333333334,0.8333333333333334,5
checkerboard,quackKTA,test_accuracy,89.0,0.8333333333333334,0.8333333333333334,0.8333333333333334,5
checkerboard,quackKTA,test_accuracy,89.0,0.8333333333333334,0.8333333333333334,0.8333333333333334,5
checkerboard,quackKTA,test_accuracy,89.0,0.8333333333333334,0.8333333333333334,0.8333333333333334,5
checkerboard,quackKTA,test_accuracy,89.0,0.8333333333333334,0.8333333333333334,0.8333333333333334,5
checkerboard,quackKTA,test_accuracy,89.0,0.8333333333333334,0.8333333333333334,0.8333333333333334,5
checkerboard,quackKTA,test_accuracy,89.0,0.8333333333333334,0.8333333333333334,0.8333333333333334,5
checkerboard,quackKTA,test_accuracy,90.0,0.8333333333333334,0.8333333333333334,0.8333333333333334,5
checkerboard,quackKTA,test_accuracy,90.0,0.8333333333333334,0.8333333333333334,0.8333333333333334,5
checkerboard,quackKTA,test_accuracy,90.0,0.8333333333333334,0.8333333333333334,0.8333333333333334,5
checkerboard,quackKTA,test_accuracy,90.0,0.8333333333333334,0.8333333333333334,0.8333333333333334,5
checkerboard,quackKTA,test_accuracy,90.0,0.8333333333333334,0.8333333333333334,0.8333333333333334,5
checkerboard,quackKTA,test_accuracy,90.0,0.8333333333333334,0.8333333333333334,0.8333333333333334,5
checkerboard,quackKTA,test_accuracy,90.0,0.8333333333333334,0.8333333333333334,0.8333333333333334,5
checkerboard,quackKTA,test_accuracy,90.0,0.8333333333333334,0.8333333333333334,0.8333333333333334,5
checkerboard,quackKTA,test_accuracy,90.0,0.8333333333333334,0.8333333333333334,0.8333333333333334,5
checkerboard,quackKTA,test_accuracy,90.0,0.8333333333333334,0.8333333333333334,0.8333333333333334,5
checkerboard,quackKTA,test_accuracy,91.0,0.8333333333333334,0.8333333333333334,0.8333333333333334,5
checkerboard,quackKTA,test_accuracy,91.0,0.8333333333333334,0.8333333333333334,0.8333333333333334,5
checkerboard,quackKTA,test_accuracy,91.0,0.8333333333333334,0.8333333333333334,0.8333333333333334,5
checkerboard,quackKTA,test_accuracy,91.0,0.8333333333333334,0.8333333333333334,0.8333333333333334,5
checkerboard,quackKTA,test_accuracy,91.0,0.8333333333333334,0.8333333333333334,0.8333333333333334,5
checkerboard,quackKTA,test_accuracy,91.0,0.8333333333333334,0.8333333333333334,0.8333333333333334,5
checkerboard,quackKTA,test_accuracy,91.0,0.8333333333333334,0.8333333333333334,0.8333333333333334,5
checkerboard,quackKTA,test_accuracy,91.0,0.8333333333333334,0.8333333333333334,0.8333333333333334,5
checkerboard,quackKTA,test_accuracy,91.0,0.8333333333333334,0.8333333333333334,0.8333333333333334,5
checkerboard,quackKTA,test_accuracy,91.0,0.8333333333333334,0.8333333333333334,0.8333333333333334,5
checkerboard,quackKTA,test_accuracy,92.0,0.8333333333333334,0.8333333333333334,0.8333333333333334,5
checkerboard,quackKTA,test_accuracy,92.0,0.8333333333333334,0.8333333333333334,0.8333333333333334,5
checkerboard,quackKTA,test_accuracy,92.0,0.8333333333333334,0.8333333333333334,0.8333333333333334,5
checkerboard,quackKTA,test_accuracy,92.0,0.8333333333333334,0.8333333333333334,0.8333333333333334,5
checkerboard,quackKTA,test_accuracy,92.0,0.8333333333333334,0.8333333333333334,0.8333333333333334,5
checkerboard,quackKTA,test_accuracy,92.0,0.8333333333333334,0.8333333333333334,0.8333333333333334,5
checkerboard,quackKTA,test_accuracy,92.0,0.8333333333333334,0.8333333333333334,0.8333333333333334,5
checkerboard,quackKTA,test_accuracy,92.0,0.8333333333333334,0.8333333333333334,0.8333333333333334,5
checkerboard,quackKTA,test_accuracy,92.0,0.8333333333333334,0.8333333333333334,0.8333333333333334,5
checkerboard,quackKTA,test_accuracy,92.0,0.8333333333333334,0.8333333333333334,0.8333333333333334,5
checkerboard,quackKTA,test_accuracy,93.0,0.8333333333333334,0.8333333333333334,0.8333333333333334,5
checkerboard,quackKTA,test_accuracy,93.0,0.8333333333333334,0.8333333333333334,0.8333333333333334,5
checkerboard,quackKTA,test_accuracy,93.0,0.8333333333333334,0.8333333333333334,0.8333333333333334,5
checkerboard,quackKTA,test_accuracy,93.0,0.8333333333333334,0.8333333333333334,0.8333333333333334,5
checkerboard,quackKTA,test_accuracy,93.0,0.8333333333333334,0.8333333333333334,0.8333333333333334,5
checkerboard,quackKTA,test_accuracy,93.0,0.8333333333333334,0.8333333333333334,0.8333333333333334,5
checkerboard,quackKTA,test_accuracy,93.0,0.8333333333333334,0.8333333333333334,0.8333333333333334,5
checkerboard,quackKTA,test_accuracy,93.0,0.8333333333333334,0.8333333333333334,0.8333333333333334,5
checkerboard,quackKTA,test_accuracy,93.0,0.8333333333333334,0.8333333333333334,0.8333333333333334,5
checkerboard,quackKTA,test_accuracy,93.0,0.8333333333333334,0.8333333333333334,0.8333333333333334,5
checkerboard,quackKTA,test_accuracy,94.0,0.8333333333333334,0.8333333333333334,0.8333333333333334,5
checkerboard,quackKTA,test_accuracy,94.0,0.8333333333333334,0.8333333333333334,0.8333333333333334,5
checkerboard,quackKTA,test_accuracy,94.0,0.8333333333333334,0.8333333333333334,0.8333333333333334,5
checkerboard,quackKTA,test_accuracy,94.0,0.8333333333333334,0.8333333333333334,0.8333333333333334,5
checkerboard,quackKTA,test_accuracy,94.0,0.8333333333333334,0.8333333333333334,0.8333333333333334,5
checkerboard,quackKTA,test_accuracy,94.0,0.8333333333333334,0.8333333333333334,0.8333333333333334,5
checkerboard,quackKTA,test_accuracy,94.0,0.8333333333333334,0.8333333333333334,0.8333333333333334,5
checkerboard,quackKTA,test_accuracy,94.0,0.8333333333333334,0.8333333333333334,0.8333333333333334,5
checkerboard,quackKTA,test_accuracy,94.0,0.8333333333333334,0.8333333333333334,0.8333333333333334,5
checkerboard,quackKTA,test_accuracy,94.0,0.8333333333333334,0.8333333333333334,0.8333333333333334,5
checkerboard,quackKTA,test_accuracy,95.0,0.8333333333333334,0.8333333333333334,0.8333333333333334,5
checkerboard,quackKTA,test_accuracy,95.0,0.8333333333333334,0.8333333333333334,0.8333333333333334,5
checkerboard,quackKTA,test_accuracy,95.0,0.8333333333333334,0.8333333333333334,0.8333333333333334,5
checkerboard,quackKTA,test_accuracy,95.0,0.8333333333333334,0.8333333333333334,0.8333333333333334,5
checkerboard,quackKTA,test_accuracy,95.0,0.8333333333333334,0.8333333333333334,0.8333333333333334,5
checkerboard,quackKTA,test_accuracy,95.0,0.8333333333333334,0.8333333333333334,0.8333333333333334,5
checkerboard,quackKTA,test_accuracy,95.0,0.8333333333333334,0.8333333333333334,0.8333333333333334,5
checkerboard,quackKTA,test_accuracy,95.0,0.8333333333333334,0.8333333333333334,0.8333333333333334,5
checkerboard,quackKTA,test_accuracy,95.0,0.8333333333333334,0.8333333333333334,0.8333333333333334,5
checkerboard,quackKTA,test_accuracy,95.0,0.8333333333333334,0.8333333333333334,0.8333333333333334,5
checkerboard,quackKTA,test_accuracy,96.0,0.8333333333333334,0.8333333333333334,0.8333333333333334,5
checkerboard,quackKTA,test_accuracy,96.0,0.8333333333333334,0.8333333333333334,0.8333333333333334,5
checkerboard,quackKTA,test_accuracy,96.0,0.8333333333333334,0.8333333333333334,0.8333333333333334,5
checkerboard,quackKTA,test_accuracy,96.0,0.8333333333333334,0.8333333333333334,0.8333333333333334,5
checkerboard,quackKTA,test_accuracy,96.0,0.8333333333333334,0.8333333333333334,0.8333333333333334,5
checkerboard,quackKTA,test_accuracy,96.0,0.8333333333333334,0.8333333333333334,0.8333333333333334,5
checkerboard,quackKTA,test_accuracy,96.0,0.8333333333333334,0.8333333333333334,0.8333333333333334,5
checkerboard,quackKTA,test_accuracy,96.0,0.8333333333333334,0.8333333333333334,0.8333333333333334,5
checkerboard,quackKTA,test_accuracy,96.0,0.8333333333333334,0.8333333333333334,0.8333333333333334,5
checkerboard,quackKTA,test_accuracy,96.0,0.8333333333333334,0.8333333333333334,0.8333333333333334,5
checkerboard,quackKTA,test_accuracy,97.0,0.8333333333333334,0.8333333333333334,0.8333333333333334,5
checkerboard,quackKTA,test_accuracy,97.0,0.8333333333333334,0.8333333333333334,0.8333333333333334,5
checkerboard,quackKTA,test_accuracy,97.0,0.8333333333333334,0.8333333333333334,0.8333333333333334,5
checkerboard,quackKTA,test_accuracy,97.0,0.8333333333333334,0.8333333333333334,0.8333333333333334,5
checkerboard,quackKTA,test_accuracy,97.0,0.8333333333333334,0.8333333333333334,0.8333333333333334,5
checkerboard,quackKTA,test_accuracy,97.0,0.8333333333333334,0.8333333333333334,0.8333333333333334,5
checkerboard,quackKTA,test_accuracy,97.0,0.8333333333333334,0.8333333333333334,0.8333333333333334,5
checkerboard,quackKTA,test_accuracy,97.0,0.8333333333333334,0.8333333333333334,0.8333333333333334,5
checkerboard,quackKTA,test_accuracy,97.0,0.8333333333333334,0.8333333333333334,0.8333333333333334,5
checkerboard,quackKTA,test_accuracy,97.0,0.8333333333333334,0.8333333333333334,0.8333333333333334,5
checkerboard,quackKTA,test_accuracy,98.0,0.8333333333333334,0.8333333333333334,0.8333333333333334,5
checkerboard,quackKTA,test_accuracy,98.0,0.8333333333333334,0.8333333333333334,0.8333333333333334,5
checkerboard,quackKTA,test_accuracy,98.0,0.8333333333333334,0.8333333333333334,0.8333333333333334,5
checkerboard,quackKTA,test_accuracy,98.0,0.8333333333333334,0.8333333333333334,0.8333333333333334,5
checkerboard,quackKTA,test_accuracy,98.0,0.8333333333333334,0.8333333333333334,0.8333333333333334,5
checkerboard,quackKTA,test_accuracy,98.0,0.8333333333333334,0.8333333333333334,0.8333333333333334,5
checkerboard,quackKTA,test_accuracy,98.0,0.8333333333333334,0.8333333333333334,0.8333333333333334,5
checkerboard,quackKTA,test_accuracy,98.0,0.8333333333333334,0.8333333333333334,0.8333333333333334,5
checkerboard,quackKTA,test_accuracy,98.0,0.8333333333333334,0.8333333333333334,0.8333333333333334,5
checkerboard,quackKTA,test_accuracy,98.0,0.8333333333333334,0.8333333333333334,0.8333333333333334,5
checkerboard,quackKTA,test_accuracy,99.0,0.8333333333333334,0.8333333333333334,0.8333333333333334,5
checkerboard,quackKTA,test_accuracy,99.0,0.8333333333333334,0.8333333333333334,0.8333333333333334,5
checkerboard,quackKTA,test_accuracy,99.0,0.8333333333333334,0.8333333333333334,0.8333333333333334,5
checkerboard,quackKTA,test_accuracy,99.0,0.8333333333333334,0.8333333333333334,0.8333333333333334,5
checkerboard,quackKTA,test_accuracy,99.0,0.8333333333333334,0.8333333333333334,0.8333333333333334,5
checkerboard,quackKTA,test_accuracy,99.0,0.8333333333333334,0.8333333333333334,0.8333333333333334,5
checkerboard,quackKTA,test_accuracy,99.0,0.8333333333333334,0.8333333333333334,0.8333333333333334,5
checkerboard,quackKTA,test_accuracy,99.0,0.8333333333333334,0.8333333333333334,0.8333333333333334,5
checkerboard,quackKTA,test_accuracy,99.0,0.8333333333333334,0.8333333333333334,0.8333333333333334,5
checkerboard,quackKTA,test_accuracy,99.0,0.8333333333333334,0.8333333333333334,0.8333333333333334,5
checkerboard,quackKTA,test_accuracy,100.0,0.8333333333333334,0.8333333333333334,0.8333333333333334,5
checkerboard,quackKTA,test_accuracy,100.0,0.8333333333333334,0.8333333333333334,0.8333333333333334,5
checkerboard,quackKTA,test_accuracy,100.0,0.8333333333333334,0.8333333333333334,0.8333333333333334,5
checkerboard,quackKTA,test_accuracy,100.0,0.8333333333333334,0.8333333333333334,0.8333333333333334,5
checkerboard,quackKTA,test_accuracy,100.0,0.8333333333333334,0.8333333333333334,0.8333333333333334,5
checkerboard,quackKTA,test_accuracy,100.0,0.8333333333333334,0.8333333333333334,0.8333333333333334,5
checkerboard,quackKTA,test_accuracy,100.0,0.8333333333333334,0.8333333333333334,0.8333333333333334,5
checkerboard,quackKTA,test_accuracy,100.0,0.8333333333333334,0.8333333333333334,0.8333333333333334,5
checkerboard,quackKTA,test_accuracy,100.0,0.8333333333333334,0.8333333333333334,0.8333333333333334,5
checkerboard,quackKTA,test_accuracy,100.0,0.8333333333333334,0.8333333333333334,0.8333333333333334,5
checkerboard,centroidBasedKTA,test_accuracy,1.0,0.3333333333333333,0.3333333333333333,0.3333333333333333,5
checkerboard,centroidBasedKTA,test_accuracy,1.0,0.4333333333333334,0.43333333333333335,0.43333333333333335,5
checkerboard,centroidBasedKTA,test_accuracy,2.0,0.4333333333333334,0.43333333333333335,0.43333333333333335,5
checkerboard,centroidBasedKTA,test_accuracy,3.0,0.4333333333333334,0.43333333333333335,0.43333333333333335,5
checkerboard,centroidBasedKTA,test_accuracy,4.0,0.4333333333333334,0.43333333333333335,0.43333333333333335,5
checkerboard,centroidBasedKTA,test_accuracy,5.0,0.4333333333333334,0.43333333333333335,0.43333333333333335,5
checkerboard,centroidBasedKTA,test_accuracy,6.0,0.4333333333333334,0.43333333333333335,0.43333333333333335,5
checkerboard,centroidBasedKTA,test_accuracy,7.0,0.4333333333333334,0.43333333333333335,0.43333333333333335,5
checkerboard,centroidBasedKTA,test_accuracy,8.0,0.4333333333333334,0.43333333333333335,0.43333333333333335,5
checkerboard,centroidBasedKTA,test_accuracy,9.0,0.4333333333333334,0.43333333333333335,0.43333333333333335,5
checkerboard,centroidBasedKTA,test_accuracy,10.0,0.4333333333333334,0.43333333333333335,0.43333333333333335,5
checkerboard,centroidBasedKTA,test_accuracy,11.0,0.4333333333333334,0.43333333333333335,0.43333333333333335,5
checkerboard,centroidBasedKTA,test_accuracy,12.0,0.4333333333333334,0.43333333333333335,0.43333333333333335,5
checkerboard,centroidBasedKTA,test_accuracy,13.0,0.4333333333333334,0.43333333333333335,0.43333333333333335,5
checkerboard,centroidBasedKTA,test_accuracy,14.0,0.4333333333333334,0.43333333333333335,0.43333333333333335,5
checkerboard,centroidBasedKTA,test_accuracy,15.0,0.4333333333333334,0.43333333333333335,0.43333333333333335,5
checkerboard,centroidBasedKTA,test_accuracy,16.0,0.4333333333333334,0.43333333333333335,0.43333333333333335,5
checkerboard,centroidBasedKTA,test_accuracy,17.0,0.4333333333333334,0.43333333333333335,0.43333333333333335,5
checkerboard,centroidBasedKTA,test_accuracy,18.0,0.4333333333333334,0.43333333333333335,0.43333333333333335,5
checkerboard,centroidBasedKTA,test_accuracy,19.0,0.4333333333333334,0.43333333333333335,0.43333333333333335,5
checkerboard,centroidBasedKTA,test_accuracy,20.0,0.4333333333333334,0.43333333333333335,0.43333333333333335,5
checkerboard,centroidBasedKTA,test_accuracy,21.0,0.4333333333333334,0.43333333333333335,0.43333333333333335,5
checkerboard,centroidBasedKTA,test_accuracy,22.0,0.4333333333333334,0.43333333333333335,0.43333333333333335,5
checkerboard,centroidBasedKTA,test_accuracy,23.0,0.4333333333333334,0.43333333333333335,0.43333333333333335,5
checkerboard,centroidBasedKTA,test_accuracy,24.0,0.4333333333333334,0.43333333333333335,0.43333333333333335,5
checkerboard,centroidBasedKTA,test_accuracy,25.0,0.4333333333333334,0.43333333333333335,0.43333333333333335,5
checkerboard,centroidBasedKTA,test_accuracy,26.0,0.4333333333333334,0.43333333333333335,0.43333333333333335,5
checkerboard,centroidBasedKTA,test_accuracy,27.0,0.4333333333333334,0.43333333333333335,0.43333333333333335,5
checkerboard,centroidBasedKTA,test_accuracy,28.0,0.4333333333333334,0.43333333333333335,0.43333333333333335,5
checkerboard,centroidBasedKTA,test_accuracy,29.0,0.4333333333333334,0.43333333333333335,0.43333333333333335,5
checkerboard,centroidBasedKTA,test_accuracy,30.0,0.4333333333333334,0.43333333333333335,0.43333333333333335,5
checkerboard,centroidBasedKTA,test_accuracy,31.0,0.4666666666666667,0.4666666666666667,0.4666666666666667,5
checkerboard,centroidBasedKTA,test_accuracy,32.0,0.4666666666666667,0.4666666666666667,0.4666666666666667,5
checkerboard,centroidBasedKTA,test_accuracy,33.0,0.4666666666666667,0.4666666666666667,0.4666666666666667,5
checkerboard,centroidBasedKTA,test_accuracy,34.0,0.4666666666666667,0.4666666666666667,0.4666666666666667,5
checkerboard,centroidBasedKTA,test_accuracy,35.0,0.4666666666666667,0.4666666666666667,0.4666666666666667,5
checkerboard,centroidBasedKTA,test_accuracy,36.0,0.5333333333333333,0.5333333333333333,0.5333333333333333,5
checkerboard,centroidBasedKTA,test_accuracy,37.0,0.5333333333333333,0.5333333333333333,0.5333333333333333,5
checkerboard,centroidBasedKTA,test_accuracy,38.0,0.5333333333333333,0.5333333333333333,0.5333333333333333,5
checkerboard,centroidBasedKTA,test_accuracy,39.0,0.5333333333333333,0.5333333333333333,0.5333333333333333,5
checkerboard,centroidBasedKTA,test_accuracy,40.0,0.5333333333333333,0.5333333333333333,0.5333333333333333,5
checkerboard,centroidBasedKTA,test_accuracy,41.0,0.5333333333333333,0.5333333333333333,0.5333333333333333,5
checkerboard,centroidBasedKTA,test_accuracy,42.0,0.5333333333333333,0.5333333333333333,0.5333333333333333,5
checkerboard,centroidBasedKTA,test_accuracy,43.0,0.5333333333333333,0.5333333333333333,0.5333333333333333,5
checkerboard,centroidBasedKTA,test_accuracy,44.0,0.5333333333333333,0.5333333333333333,0.5333333333333333,5
checkerboard,centroidBasedKTA,test_accuracy,45.0,0.5333333333333333,0.5333333333333333,0.5333333333333333,5
checkerboard,centroidBasedKTA,test_accuracy,46.0,0.5666666666666667,0.5666666666666667,0.5666666666666667,5
checkerboard,centroidBasedKTA,test_accuracy,47.0,0.5666666666666667,0.5666666666666667,0.5666666666666667,5
checkerboard,centroidBasedKTA,test_accuracy,48.0,0.5666666666666667,0.5666666666666667,0.5666666666666667,5
checkerboard,centroidBasedKTA,test_accuracy,49.0,0.5666666666666667,0.5666666666666667,0.5666666666666667,5
checkerboard,centroidBasedKTA,test_accuracy,50.0,0.6,0.6,0.6,5
checkerboard,centroidBasedKTA,test_accuracy,51.0,0.6,0.6,0.6,5
checkerboard,centroidBasedKTA,test_accuracy,52.0,0.6,0.6,0.6,5
checkerboard,centroidBasedKTA,test_accuracy,53.0,0.6,0.6,0.6,5
checkerboard,centroidBasedKTA,test_accuracy,54.0,0.6,0.6,0.6,5
checkerboard,centroidBasedKTA,test_accuracy,55.0,0.6,0.6,0.6,5
checkerboard,centroidBasedKTA,test_accuracy,56.0,0.6,0.6,0.6,5
checkerboard,centroidBasedKTA,test_accuracy,57.0,0.7,0.7,0.7,5
checkerboard,centroidBasedKTA,test_accuracy,58.0,0.7,0.7,0.7,5
checkerboard,centroidBasedKTA,test_accuracy,59.0,0.7,0.7,0.7,5
checkerboard,centroidBasedKTA,test_accuracy,60.0,0.7666666666666667,0.7666666666666667,0.7666666666666667,5
checkerboard,centroidBasedKTA,test_accuracy,61.0,0.8,0.8,0.8,5
checkerboard,centroidBasedKTA,test_accuracy,62.0,0.9666666666666666,0.9666666666666667,0.9666666666666667,5
checkerboard,centroidBasedKTA,test_accuracy,63.0,1.0,1.0,1.0,5
checkerboard,centroidBasedKTA,test_accuracy,64.0,1.0,1.0,1.0,5
checkerboard,centroidBasedKTA,test_accuracy,65.0,1.0,1.0,1.0,5
checkerboard,centroidBasedKTA,test_accuracy,66.0,1.0,1.0,1.0,5
checkerboard,centroidBasedKTA,test_accuracy,67.0,1.0,1.0,1.0,5
checkerboard,centroidBasedKTA,test_accuracy,68.0,1.0,1.0,1.0,5
checkerboard,centroidBasedKTA,test_accuracy,69.0,1.0,1.0,1.0,5
checkerboard,centroidBasedKTA,test_accuracy,70.0,1.0,1.0,1.0,5
checkerboard,centroidBasedKTA,test_accuracy,71.0,1.0,1.0,1.0,5
checkerboard,centroidBasedKTA,test_accuracy,72.0,1.0,1.0,1.0,5
checkerboard,centroidBasedKTA,test_accuracy,73.0,1.0,1.0,1.0,5
checkerboard,centroidBasedKTA,test_accuracy,74.0,1.0,1.0,1.0,5
checkerboard,centroidBasedKTA,test_accuracy,75.0,1.0,1.0,1.0,5
checkerboard,centroidBasedKTA,test_accuracy,76.0,1.0,1.0,1.0,5
checkerboard,centroidBasedKTA,test_accuracy,77.0,1.0,1.0,1.0,5
checkerboard,centroidBasedKTA,test_accuracy,78.0,1.0,1.0,1.0,5
checkerboard,centroidBasedKTA,test_accuracy,79.0,1.0,1.0,1.0,5
checkerboard,centroidBasedKTA,test_accuracy,80.0,1.0,1.0,1.0,5
checkerboard,centroidBasedKTA,test_accuracy,81.0,1.0,1.0,1.0,5
checkerboard,centroidBasedKTA,test_accuracy,82.0,1.0,1.0,1.0,5
checkerboard,centroidBasedKTA,test_accuracy,83.0,1.0,1.0,1.0,5
checkerboard,centroidBasedKTA,test_accuracy,84.0,1.0,1.0,1.0,5
checkerboard,centroidBasedKTA,test_accuracy,85.0,1.0,1.0,1.0,5
checkerboard,centroidBasedKTA,test_accuracy,86.0,1.0,1.0,1.0,5
checkerboard,centroidBasedKTA,test_accuracy,87.0,1.0,1.0,1.0,5
checkerboard,centroidBasedKTA,test_accuracy,88.0,1.0,1.0,1.0,5
checkerboard,centroidBasedKTA,test_accuracy,89.0,1.0,1.0,1.0,5
checkerboard,centroidBasedKTA,test_accuracy,90.0,1.0,1.0,1.0,5
checkerboard,centroidBasedKTA,test_accuracy,91.0,1.0,1.0,1.0,5
checkerboard,centroidBasedKTA,test_accuracy,92.0,1.0,1.0,1.0,5
checkerboard,centroidBasedKTA,test_accuracy,93.0,1.0,1.0,1.0,5
checkerboard,centroidBasedKTA,test_accuracy,94.0,1.0,1.0,1.0,5
checkerboard,centroidBasedKTA,test_accuracy,95.0,1.0,1.0,1.0,5
checkerboard,centroidBasedKTA,test_accuracy,96.0,1.0,1.0,1.0,5
checkerboard,centroidBasedKTA,test_accuracy,97.0,1.0,1.0,1.0,5
checkerboard,centroidBasedKTA,test_accuracy,98.0,1.0,1.0,1.0,5
checkerboard,centroidBasedKTA,test_accuracy,99.0,1.0,1.0,1.0,5
checkerboard,centroidBasedKTA,test_accuracy,100.0,1.0,1.0,1.0,5
checkerboard,greedyKTA,test_accuracy,1.0,0.4666666666666667,0.43333333333333335,0.5,5
checkerboard,greedyKTA,test_accuracy,2.0,0.52,0.43333333333333335,0.5666666666666667,5
checkerboard,greedyKTA,test_accuracy,3.0,0.5266666666666666,0.43333333333333335,0.5666666666666667,5
checkerboard,greedyKTA,test_accuracy,4.0,0.54,0.5,0.5666666666666667,5
checkerboard,greedyKTA,test_accuracy,5.0,0.5466666666666666,0.5333333333333333,0.5666666666666667,5
checkerboard,greedyKTA,test_accuracy,6.0,0.5599999999999999,0.5333333333333333,0.5666666666666667,5
checkerboard,greedyKTA,test_accuracy,7.0,0.5599999999999999,0.5333333333333333,0.5666666666666667,5
checkerboard,greedyKTA,test_accuracy,8.0,0.5599999999999999,0.5333333333333333,0.5666666666666667,5
checkerboard,greedyKTA,test_accuracy,9.0,0.5599999999999999,0.5333333333333333,0.5666666666666667,5
checkerboard,greedyKTA,test_accuracy,10.0,0.5599999999999999,0.5333333333333333,0.5666666666666667,5
checkerboard,greedyKTA,test_accuracy,11.0,0.5666666666666667,0.5666666666666667,0.5666666666666667,5
checkerboard,greedyKTA,test_accuracy,12.0,0.58,0.5666666666666667,0.6333333333333333,5
checkerboard,greedyKTA,test_accuracy,13.0,0.5866666666666667,0.5666666666666667,0.6666666666666666,5
checkerboard,greedyKTA,test_accuracy,14.0,0.5933333333333334,0.5666666666666667,0.7,5
checkerboard,greedyKTA,test_accuracy,15.0,0.5933333333333334,0.5666666666666667,0.7,5
checkerboard,greedyKTA,test_accuracy,16.0,0.6,0.5666666666666667,0.7333333333333333,5
checkerboard,greedyKTA,test_accuracy,17.0,0.6066666666666667,0.5666666666666667,0.7666666666666667,5
checkerboard,greedyKTA,test_accuracy,18.0,0.6066666666666667,0.5666666666666667,0.7666666666666667,5
checkerboard,greedyKTA,test_accuracy,19.0,0.6066666666666667,0.5666666666666667,0.7666666666666667,5
checkerboard,greedyKTA,test_accuracy,20.0,0.6066666666666667,0.5666666666666667,0.7666666666666667,5
checkerboard,greedyKTA,test_accuracy,21.0,0.62,0.5666666666666667,0.8,5
checkerboard,greedyKTA,test_accuracy,22.0,0.6333333333333333,0.5666666666666667,0.8333333333333334,5
checkerboard,greedyKTA,test_accuracy,23.0,0.6333333333333333,0.5666666666666667,0.8333333333333334,5
checkerboard,greedyKTA,test_accuracy,24.0,0.6333333333333333,0.5666666666666667,0.8333333333333334,5
checkerboard,greedyKTA,test_accuracy,25.0,0.6333333333333333,0.5666666666666667,0.8333333333333334,5
checkerboard,greedyKTA,test_accuracy,26.0,0.6599999999999999,0.5666666666666667,0.9,5
checkerboard,greedyKTA,test_accuracy,27.0,0.6799999999999999,0.5666666666666667,0.9,5
checkerboard,greedyKTA,test_accuracy,28.0,0.6799999999999999,0.5666666666666667,0.9,5
checkerboard,greedyKTA,test_accuracy,29.0,0.6799999999999999,0.5666666666666667,0.9,5
checkerboard,greedyKTA,test_accuracy,30.0,0.6933333333333334,0.5666666666666667,0.9333333333333333,5
checkerboard,greedyKTA,test_accuracy,31.0,0.6933333333333334,0.5666666666666667,0.9333333333333333,5
checkerboard,greedyKTA,test_accuracy,32.0,0.7,0.5666666666666667,0.9333333333333333,5
checkerboard,greedyKTA,test_accuracy,33.0,0.72,0.5666666666666667,0.9333333333333333,5
checkerboard,greedyKTA,test_accuracy,34.0,0.7466666666666667,0.5666666666666667,0.9666666666666667,5
checkerboard,greedyKTA,test_accuracy,35.0,0.7666666666666666,0.5666666666666667,1.0,5
checkerboard,greedyKTA,test_accuracy,36.0,0.7666666666666666,0.5666666666666667,1.0,5
checkerboard,greedyKTA,test_accuracy,37.0,0.7733333333333332,0.5666666666666667,1.0,5
checkerboard,greedyKTA,test_accuracy,38.0,0.78,0.5666666666666667,1.0,5
checkerboard,greedyKTA,test_accuracy,39.0,0.78,0.5666666666666667,1.0,5
checkerboard,greedyKTA,test_accuracy,40.0,0.7933333333333333,0.6,1.0,5
checkerboard,greedyKTA,test_accuracy,41.0,0.8,0.6,1.0,5
checkerboard,greedyKTA,test_accuracy,42.0,0.82,0.6333333333333333,1.0,5
checkerboard,greedyKTA,test_accuracy,43.0,0.8266666666666665,0.6333333333333333,1.0,5
checkerboard,greedyKTA,test_accuracy,44.0,0.8333333333333334,0.6333333333333333,1.0,5
checkerboard,greedyKTA,test_accuracy,45.0,0.8466666666666667,0.6666666666666666,1.0,5
checkerboard,greedyKTA,test_accuracy,46.0,0.8466666666666667,0.6666666666666666,1.0,5
checkerboard,greedyKTA,test_accuracy,47.0,0.86,0.6666666666666666,1.0,5
checkerboard,greedyKTA,test_accuracy,48.0,0.8800000000000001,0.6666666666666666,1.0,5
checkerboard,greedyKTA,test_accuracy,49.0,0.8866666666666667,0.6666666666666666,1.0,5
checkerboard,greedyKTA,test_accuracy,50.0,0.8933333333333333,0.7,1.0,5
checkerboard,greedyKTA,test_accuracy,51.0,0.8933333333333333,0.7,1.0,5
checkerboard,greedyKTA,test_accuracy,52.0,0.8933333333333333,0.7,1.0,5
checkerboard,greedyKTA,test_accuracy,53.0,0.9066666666666666,0.7666666666666667,1.0,5
checkerboard,greedyKTA,test_accuracy,54.0,0.9066666666666666,0.7666666666666667,1.0,5
checkerboard,greedyKTA,test_accuracy,55.0,0.9066666666666666,0.7666666666666667,1.0,5
checkerboard,greedyKTA,test_accuracy,56.0,0.9066666666666666,0.7666666666666667,1.0,5
checkerboard,greedyKTA,test_accuracy,57.0,0.9066666666666666,0.7666666666666667,1.0,5
checkerboard,greedyKTA,test_accuracy,58.0,0.9066666666666666,0.7666666666666667,1.0,5
checkerboard,greedyKTA,test_accuracy,59.0,0.9066666666666666,0.7666666666666667,1.0,5
checkerboard,greedyKTA,test_accuracy,60.0,0.9066666666666666,0.7666666666666667,1.0,5
checkerboard,greedyKTA,test_accuracy,61.0,0.9066666666666666,0.7666666666666667,1.0,5
checkerboard,greedyKTA,test_accuracy,62.0,0.9066666666666666,0.7666666666666667,1.0,5
checkerboard,greedyKTA,test_accuracy,63.0,0.9066666666666666,0.7666666666666667,1.0,5
checkerboard,greedyKTA,test_accuracy,64.0,0.9066666666666666,0.7666666666666667,1.0,5
checkerboard,greedyKTA,test_accuracy,65.0,0.9066666666666666,0.7666666666666667,1.0,5
checkerboard,greedyKTA,test_accuracy,66.0,0.9066666666666666,0.7666666666666667,1.0,5
checkerboard,greedyKTA,test_accuracy,67.0,0.9066666666666666,0.7666666666666667,1.0,5
checkerboard,greedyKTA,test_accuracy,68.0,0.9066666666666666,0.7666666666666667,1.0,5
checkerboard,greedyKTA,test_accuracy,69.0,0.9066666666666666,0.7666666666666667,1.0,5
checkerboard,greedyKTA,test_accuracy,70.0,0.9066666666666666,0.7666666666666667,1.0,5
checkerboard,greedyKTA,test_accuracy,71.0,0.9066666666666666,0.7666666666666667,1.0,5
checkerboard,greedyKTA,test_accuracy,72.0,0.9066666666666666,0.7666666666666667,1.0,5
checkerboard,greedyKTA,test_accuracy,73.0,0.9066666666666666,0.7666666666666667,1.0,5
checkerboard,greedyKTA,test_accuracy,74.0,0.9066666666666666,0.7666666666666667,1.0,5
checkerboard,greedyKTA,test_accuracy,75.0,0.9066666666666666,0.7666666666666667,1.0,5
checkerboard,greedyKTA,test_accuracy,76.0,0.9066666666666666,0.7666666666666667,1.0,5
checkerboard,greedyKTA,test_accuracy,77.0,0.9066666666666666,0.7666666666666667,1.0,5
checkerboard,greedyKTA,test_accuracy,78.0,0.9066666666666666,0.7666666666666667,1.0,5
checkerboard,greedyKTA,test_accuracy,79.0,0.9066666666666666,0.7666666666666667,1.0,5
checkerboard,greedyKTA,test_accuracy,80.0,0.9066666666666666,0.7666666666666667,1.0,5
checkerboard,greedyKTA,test_accuracy,81.0,0.9066666666666666,0.7666666666666667,1.0,5
checkerboard,greedyKTA,test_accuracy,82.0,0.9066666666666666,0.7666666666666667,1.0,5
checkerboard,greedyKTA,test_accuracy,83.0,0.9133333333333333,0.7666666666666667,1.0,5
checkerboard,greedyKTA,test_accuracy,84.0,0.9133333333333333,0.7666666666666667,1.0,5
checkerboard,greedyKTA,test_accuracy,85.0,0.9133333333333333,0.7666666666666667,1.0,5
checkerboard,greedyKTA,test_accuracy,86.0,0.9133333333333333,0.7666666666666667,1.0,5
checkerboard,greedyKTA,test_accuracy,87.0,0.9133333333333333,0.7666666666666667,1.0,5
checkerboard,greedyKTA,test_accuracy,88.0,0.9133333333333333,0.7666666666666667,1.0,5
checkerboard,greedyKTA,test_accuracy,89.0,0.9133333333333333,0.7666666666666667,1.0,5
checkerboard,greedyKTA,test_accuracy,90.0,0.9133333333333333,0.7666666666666667,1.0,5
checkerboard,greedyKTA,test_accuracy,91.0,0.9133333333333333,0.7666666666666667,1.0,5
checkerboard,greedyKTA,test_accuracy,92.0,0.9133333333333333,0.7666666666666667,1.0,5
checkerboard,greedyKTA,test_accuracy,93.0,0.9199999999999999,0.7666666666666667,1.0,5
checkerboard,greedyKTA,test_accuracy,94.0,0.9199999999999999,0.7666666666666667,1.0,5
checkerboard,greedyKTA,test_accuracy,95.0,0.9199999999999999,0.7666666666666667,1.0,5
checkerboard,greedyKTA,test_accuracy,96.0,0.9333333333333333,0.7666666666666667,1.0,5
checkerboard,greedyKTA,test_accuracy,97.0,0.9333333333333333,0.7666666666666667,1.0,5
checkerboard,greedyKTA,test_accuracy,98.0,0.9333333333333333,0.7666666666666667,1.0,5
checkerboard,greedyKTA,test_accuracy,99.0,0.9333333333333333,0.7666666666666667,1.0,5
checkerboard,greedyKTA,test_accuracy,100.0,0.9333333333333333,0.7666666666666667,1.0,5
checkerboard,fullKTA,global_kta,1.0,0.05600060150027275,0.05600060150027275,0.05600060150027275,5
checkerboard,fullKTA,global_kta,2.0,0.07582967728376389,0.07582967728376389,0.07582967728376389,5
checkerboard,fullKTA,global_kta,3.0,0.09238384664058685,0.09238384664058685,0.09238384664058685,5
checkerboard,fullKTA,global_kta,4.0,0.10494577139616013,0.10494577139616013,0.10494577139616013,5
checkerboard,fullKTA,global_kta,5.0,0.11202804744243622,0.11202804744243622,0.11202804744243622,5
checkerboard,fullKTA,global_kta,6.0,0.11978233605623245,0.11978233605623245,0.11978233605623245,5
checkerboard,fullKTA,global_kta,7.0,0.13069742918014526,0.13069742918014526,0.13069742918014526,5
checkerboard,fullKTA,global_kta,8.0,0.14547336101531982,0.14547336101531982,0.14547336101531982,5
checkerboard,fullKTA,global_kta,9.0,0.16338497400283813,0.16338497400283813,0.16338497400283813,5
checkerboard,fullKTA,global_kta,10.0,0.18199558556079865,0.18199558556079865,0.18199558556079865,5
checkerboard,fullKTA,global_kta,11.0,0.2031075805425644,0.2031075805425644,0.2031075805425644,5
checkerboard,fullKTA,global_kta,12.0,0.22370746731758118,0.22370746731758118,0.22370746731758118,5
checkerboard,fullKTA,global_kta,13.0,0.239468052983284,0.239468052983284,0.239468052983284,5
checkerboard,fullKTA,global_kta,14.0,0.25591346621513367,0.25591346621513367,0.25591346621513367,5
checkerboard,fullKTA,global_kta,15.0,0.27480918169021606,0.27480918169021606,0.27480918169021606,5
checkerboard,fullKTA,global_kta,16.0,0.2929077744483948,0.2929077744483948,0.2929077744483948,5
checkerboard,fullKTA,global_kta,17.0,0.31059426069259644,0.31059426069259644,0.31059426069259644,5
checkerboard,fullKTA,global_kta,18.0,0.3295896649360657,0.3295896649360657,0.3295896649360657,5
checkerboard,fullKTA,global_kta,19.0,0.3515617251396179,0.3515617251396179,0.3515617251396179,5
checkerboard,fullKTA,global_kta,20.0,0.37290576100349426,0.37290576100349426,0.37290576100349426,5
checkerboard,fullKTA,global_kta,21.0,0.39007568359375,0.39007568359375,0.39007568359375,5
checkerboard,fullKTA,global_kta,22.0,0.40115436911582947,0.40115436911582947,0.40115436911582947,5
checkerboard,fullKTA,global_kta,23.0,0.4085713326931,0.4085713326931,0.4085713326931,5
checkerboard,fullKTA,global_kta,24.0,0.4163779020309448,0.4163779020309448,0.4163779020309448,5
checkerboard,fullKTA,global_kta,25.0,0.42257753014564514,0.42257753014564514,0.42257753014564514,5
checkerboard,fullKTA,global_kta,26.0,0.4272439181804657,0.4272439181804657,0.4272439181804657,5
checkerboard,fullKTA,global_kta,27.0,0.4330795705318451,0.4330795705318451,0.4330795705318451,5
checkerboard,fullKTA,global_kta,28.0,0.44067835807800293,0.44067835807800293,0.44067835807800293,5
checkerboard,fullKTA,global_kta,29.0,0.4488007426261902,0.4488007426261902,0.4488007426261902,5
checkerboard,fullKTA,global_kta,30.0,0.45507293939590454,0.45507293939590454,0.45507293939590454,5
checkerboard,fullKTA,global_kta,31.0,0.45867833495140076,0.45867833495140076,0.45867833495140076,5
checkerboard,fullKTA,global_kta,32.0,0.461905300617218,0.461905300617218,0.461905300617218,5
checkerboard,fullKTA,global_kta,33.0,0.4672301709651947,0.4672301709651947,0.4672301709651947,5
checkerboard,fullKTA,global_kta,34.0,0.47434744238853455,0.47434744238853455,0.47434744238853455,5
checkerboard,fullKTA,global_kta,35.0,0.48192209005355835,0.48192209005355835,0.48192209005355835,5
checkerboard,fullKTA,global_kta,36.0,0.48907506465911865,0.48907506465911865,0.48907506465911865,5
checkerboard,fullKTA,global_kta,37.0,0.4962562322616577,0.4962562322616577,0.4962562322616577,5
checkerboard,fullKTA,global_kta,38.0,0.5041587352752686,0.5041587352752686,0.5041587352752686,5
checkerboard,fullKTA,global_kta,39.0,0.5123878121376038,0.5123878121376038,0.5123878121376038,5
checkerboard,fullKTA,global_kta,40.0,0.5214126706123352,0.5214126706123352,0.5214126706123352,5
checkerboard,fullKTA,global_kta,41.0,0.5316696166992188,0.5316696166992188,0.5316696166992188,5
checkerboard,fullKTA,global_kta,42.0,0.5415889024734497,0.5415889024734497,0.5415889024734497,5
checkerboard,fullKTA,global_kta,43.0,0.5499914288520813,0.5499914288520813,0.5499914288520813,5
checkerboard,fullKTA,global_kta,44.0,0.5569226145744324,0.5569226145744324,0.5569226145744324,5
checkerboard,fullKTA,global_kta,45.0,0.5624462366104126,0.5624462366104126,0.5624462366104126,5
checkerboard,fullKTA,global_kta,46.0,0.5672929883003235,0.5672929883003235,0.5672929883003235,5
checkerboard,fullKTA,global_kta,47.0,0.5716357827186584,0.5716357827186584,0.5716357827186584,5
checkerboard,fullKTA,global_kta,48.0,0.5747240781784058,0.5747240781784058,0.5747240781784058,5
checkerboard,fullKTA,global_kta,49.0,0.5766708850860596,0.5766708850860596,0.5766708850860596,5
checkerboard,fullKTA,global_kta,50.0,0.5784870982170105,0.5784870982170105,0.5784870982170105,5
checkerboard,fullKTA,global_kta,51.0,0.580786406993866,0.580786406993866,0.580786406993866,5
checkerboard,fullKTA,global_kta,52.0,0.5832013487815857,0.5832013487815857,0.5832013487815857,5
checkerboard,fullKTA,global_kta,53.0,0.585273027420044,0.585273027420044,0.585273027420044,5
checkerboard,fullKTA,global_kta,54.0,0.5872178673744202,0.5872178673744202,0.5872178673744202,5
checkerboard,fullKTA,global_kta,55.0,0.5890846252441406,0.5890846252441406,0.5890846252441406,5
checkerboard,fullKTA,global_kta,56.0,0.5906957387924194,0.5906957387924194,0.5906957387924194,5
checkerboard,fullKTA,global_kta,57.0,0.5922049880027771,0.5922049880027771,0.5922049880027771,5
checkerboard,fullKTA,global_kta,58.0,0.5935249328613281,0.5935249328613281,0.5935249328613281,5
checkerboard,fullKTA,global_kta,59.0,0.5944674611091614,0.5944674611091614,0.5944674611091614,5
checkerboard,fullKTA,global_kta,60.0,0.59504634141922,0.59504634141922,0.59504634141922,5
checkerboard,fullKTA,global_kta,61.0,0.5954377055168152,0.5954377055168152,0.5954377055168152,5
checkerboard,fullKTA,global_kta,62.0,0.5959365963935852,0.5959365963935852,0.5959365963935852,5
checkerboard,fullKTA,global_kta,63.0,0.5964540243148804,0.5964540243148804,0.5964540243148804,5
checkerboard,fullKTA,global_kta,64.0,0.5971065759658813,0.5971065759658813,0.5971065759658813,5
checkerboard,fullKTA,global_kta,65.0,0.5979096293449402,0.5979096293449402,0.5979096293449402,5
checkerboard,fullKTA,global_kta,66.0,0.5985919833183289,0.5985919833183289,0.5985919833183289,5
checkerboard,fullKTA,global_kta,67.0,0.5991247892379761,0.5991247892379761,0.5991247892379761,5
checkerboard,fullKTA,global_kta,68.0,0.5995991826057434,0.5995991826057434,0.5995991826057434,5
checkerboard,fullKTA,global_kta,69.0,0.6000799536705017,0.6000799536705017,0.6000799536705017,5
checkerboard,fullKTA,global_kta,70.0,0.6005727052688599,0.6005727052688599,0.6005727052688599,5
checkerboard,fullKTA,global_kta,71.0,0.6010847091674805,0.6010847091674805,0.6010847091674805,5
checkerboard,fullKTA,global_kta,72.0,0.6016550064086914,0.6016550064086914,0.6016550064086914,5
checkerboard,fullKTA,global_kta,73.0,0.6022146940231323,0.6022146940231323,0.6022146940231323,5
checkerboard,fullKTA,global_kta,74.0,0.6027595400810242,0.6027595400810242,0.6027595400810242,5
checkerboard,fullKTA,global_kta,75.0,0.6033266186714172,0.6033266186714172,0.6033266186714172,5
checkerboard,fullKTA,global_kta,76.0,0.6038445830345154,0.6038445830345154,0.6038445830345154,5
checkerboard,fullKTA,global_kta,77.0,0.6043061017990112,0.6043061017990112,0.6043061017990112,5
checkerboard,fullKTA,global_kta,78.0,0.6047481298446655,0.6047481298446655,0.6047481298446655,5
checkerboard,fullKTA,global_kta,79.0,0.6052036881446838,0.6052036881446838,0.6052036881446838,5
checkerboard,fullKTA,global_kta,80.0,0.6056507229804993,0.6056507229804993,0.6056507229804993,5
checkerboard,fullKTA,global_kta,81.0,0.6060878038406372,0.6060878038406372,0.6060878038406372,5
checkerboard,fullKTA,global_kta,82.0,0.6065056324005127,0.6065056324005127,0.6065056324005127,5
checkerboard,fullKTA,global_kta,83.0,0.6068959832191467,0.6068959832191467,0.6068959832191467,5
checkerboard,fullKTA,global_kta,84.0,0.6072906255722046,0.6072906255722046,0.6072906255722046,5
checkerboard,fullKTA,global_kta,85.0,0.6076850295066833,0.6076850295066833,0.6076850295066833,5
checkerboard,fullKTA,global_kta,86.0,0.6080478429794312,0.6080478429794312,0.6080478429794312,5
checkerboard,fullKTA,global_kta,87.0,0.6083926558494568,0.6083926558494568,0.6083926558494568,5
checkerboard,fullKTA,global_kta,88.0,0.6087361574172974,0.6087361574172974,0.6087361574172974,5
checkerboard,fullKTA,global_kta,89.0,0.609063446521759,0.609063446521759,0.609063446521759,5
checkerboard,fullKTA,global_kta,90.0,0.609376847743988,0.609376847743988,0.609376847743988,5
checkerboard,fullKTA,global_kta,91.0,0.6096938252449036,0.6096938252449036,0.6096938252449036,5
checkerboard,fullKTA,global_kta,92.0,0.6100032329559326,0.6100032329559326,0.6100032329559326,5
checkerboard,fullKTA,global_kta,93.0,0.6103028655052185,0.6103028655052185,0.6103028655052185,5
checkerboard,fullKTA,global_kta,94.0,0.6106021404266357,0.6106021404266357,0.6106021404266357,5
checkerboard,fullKTA,global_kta,95.0,0.6109057664871216,0.6109057664871216,0.6109057664871216,5
checkerboard,fullKTA,global_kta,96.0,0.6112161874771118,0.6112161874771118,0.6112161874771118,5
checkerboard,fullKTA,global_kta,97.0,0.6115373373031616,0.6115373373031616,0.6115373373031616,5
checkerboard,fullKTA,global_kta,98.0,0.6118617653846741,0.6118617653846741,0.6118617653846741,5
checkerboard,fullKTA,global_kta,99.0,0.612175703048706,0.612175703048706,0.612175703048706,5
checkerboard,fullKTA,global_kta,100.0,0.6124762892723083,0.6124762892723083,0.6124762892723083,5
checkerboard,randomKTA,global_kta,1.0,0.05600060150027275,0.05600060150027275,0.05600060150027275,5
checkerboard,randomKTA,global_kta,2.0,0.06585687398910522,0.06585687398910522,0.06585687398910522,5
checkerboard,randomKTA,global_kta,3.0,0.0755433514714241,0.0755433514714241,0.0755433514714241,5
checkerboard,randomKTA,global_kta,4.0,0.0822499543428421,0.0822499543428421,0.0822499543428421,5
checkerboard,randomKTA,global_kta,5.0,0.08198166638612747,0.08198166638612747,0.08198166638612747,5
checkerboard,randomKTA,global_kta,6.0,0.08123157918453217,0.08123157918453217,0.08123157918453217,5
checkerboard,randomKTA,global_kta,7.0,0.08217181265354156,0.08217181265354156,0.08217181265354156,5
checkerboard,randomKTA,global_kta,8.0,0.08038829267024994,0.08038829267024994,0.08038829267024994,5
checkerboard,randomKTA,global_kta,9.0,0.07719667255878448,0.07719667255878448,0.07719667255878448,5
checkerboard,randomKTA,global_kta,10.0,0.07540961354970932,0.07540961354970932,0.07540961354970932,5
checkerboard,randomKTA,global_kta,11.0,0.07394802570343018,0.07394802570343018,0.07394802570343018,5
checkerboard,randomKTA,global_kta,12.0,0.07384082674980164,0.07384082674980164,0.07384082674980164,5
checkerboard,randomKTA,global_kta,13.0,0.0736977830529213,0.0736977830529213,0.0736977830529213,5
checkerboard,randomKTA,global_kta,14.0,0.07353363931179047,0.07353363931179047,0.07353363931179047,5
checkerboard,randomKTA,global_kta,15.0,0.07358532398939133,0.07358532398939133,0.07358532398939133,5
checkerboard,randomKTA,global_kta,16.0,0.07457417994737625,0.07457417994737625,0.07457417994737625,5
checkerboard,randomKTA,global_kta,17.0,0.07679712027311325,0.07679712027311325,0.07679712027311325,5
checkerboard,randomKTA,global_kta,18.0,0.079606793820858,0.079606793820858,0.079606793820858,5
checkerboard,randomKTA,global_kta,19.0,0.08374936878681183,0.08374936878681183,0.08374936878681183,5
checkerboard,randomKTA,global_kta,20.0,0.0888526663184166,0.0888526663184166,0.0888526663184166,5
checkerboard,randomKTA,global_kta,21.0,0.09403493255376816,0.09403493255376816,0.09403493255376816,5
checkerboard,randomKTA,global_kta,22.0,0.10002122074365616,0.10002122074365616,0.10002122074365616,5
checkerboard,randomKTA,global_kta,23.0,0.106043241918087,0.106043241918087,0.106043241918087,5
checkerboard,randomKTA,global_kta,24.0,0.11310488730669022,0.11310488730669022,0.11310488730669022,5
checkerboard,randomKTA,global_kta,25.0,0.11804617941379547,0.11804617941379547,0.11804617941379547,5
checkerboard,randomKTA,global_kta,26.0,0.12170524150133133,0.12170524150133133,0.12170524150133133,5
checkerboard,randomKTA,global_kta,27.0,0.12421673536300659,0.12421673536300659,0.12421673536300659,5
checkerboard,randomKTA,global_kta,28.0,0.1255098581314087,0.1255098581314087,0.1255098581314087,5
checkerboard,randomKTA,global_kta,29.0,0.12656503915786743,0.12656503915786743,0.12656503915786743,5
checkerboard,randomKTA,global_kta,30.0,0.12749464809894562,0.12749464809894562,0.12749464809894562,5
checkerboard,randomKTA,global_kta,31.0,0.12836596369743347,0.12836596369743347,0.12836596369743347,5
checkerboard,randomKTA,global_kta,32.0,0.1290026158094406,0.1290026158094406,0.1290026158094406,5
checkerboard,randomKTA,global_kta,33.0,0.12865719199180603,0.12865719199180603,0.12865719199180603,5
checkerboard,randomKTA,global_kta,34.0,0.12775659561157227,0.12775659561157227,0.12775659561157227,5
checkerboard,randomKTA,global_kta,35.0,0.1267537772655487,0.1267537772655487,0.1267537772655487,5
checkerboard,randomKTA,global_kta,36.0,0.12375607341527939,0.12375607341527939,0.12375607341527939,5
checkerboard,randomKTA,global_kta,37.0,0.12261659651994705,0.12261659651994705,0.12261659651994705,5
checkerboard,randomKTA,global_kta,38.0,0.12063878774642944,0.12063878774642944,0.12063878774642944,5
checkerboard,randomKTA,global_kta,39.0,0.11997784674167633,0.11997784674167633,0.11997784674167633,5
checkerboard,randomKTA,global_kta,40.0,0.12193144112825394,0.12193144112825394,0.12193144112825394,5
checkerboard,randomKTA,global_kta,41.0,0.12354724109172821,0.12354724109172821,0.12354724109172821,5
checkerboard,randomKTA,global_kta,42.0,0.12498719245195389,0.12498719245195389,0.12498719245195389,5
checkerboard,randomKTA,global_kta,43.0,0.1293160617351532,0.1293160617351532,0.1293160617351532,5
checkerboard,randomKTA,global_kta,44.0,0.1331484168767929,0.1331484168767929,0.1331484168767929,5
checkerboard,randomKTA,global_kta,45.0,0.13540297746658325,0.13540297746658325,0.13540297746658325,5
checkerboard,randomKTA,global_kta,46.0,0.13700398802757263,0.13700398802757263,0.13700398802757263,5
checkerboard,randomKTA,global_kta,47.0,0.1380259245634079,0.1380259245634079,0.1380259245634079,5
checkerboard,randomKTA,global_kta,48.0,0.13684983551502228,0.13684983551502228,0.13684983551502228,5
checkerboard,randomKTA,global_kta,49.0,0.13570073246955872,0.13570073246955872,0.13570073246955872,5
checkerboard,randomKTA,global_kta,50.0,0.13402801752090454,0.13402801752090454,0.13402801752090454,5
checkerboard,randomKTA,global_kta,51.0,0.13264615833759308,0.13264615833759308,0.13264615833759308,5
checkerboard,randomKTA,global_kta,52.0,0.131671741604805,0.131671741604805,0.131671741604805,5
checkerboard,randomKTA,global_kta,53.0,0.1331707388162613,0.1331707388162613,0.1331707388162613,5
checkerboard,randomKTA,global_kta,54.0,0.1350722759962082,0.1350722759962082,0.1350722759962082,5
checkerboard,randomKTA,global_kta,55.0,0.1401328593492508,0.1401328593492508,0.1401328593492508,5
checkerboard,randomKTA,global_kta,56.0,0.14297229051589966,0.14297229051589966,0.14297229051589966,5
checkerboard,randomKTA,global_kta,57.0,0.14459258317947388,0.14459258317947388,0.14459258317947388,5
checkerboard,randomKTA,global_kta,58.0,0.1442687064409256,0.1442687064409256,0.1442687064409256,5
checkerboard,randomKTA,global_kta,59.0,0.14339575171470642,0.14339575171470642,0.14339575171470642,5
checkerboard,randomKTA,global_kta,60.0,0.13903330266475677,0.13903330266475677,0.13903330266475677,5
checkerboard,randomKTA,global_kta,61.0,0.13488231599330902,0.13488231599330902,0.13488231599330902,5
checkerboard,randomKTA,global_kta,62.0,0.1323607861995697,0.1323607861995697,0.1323607861995697,5
checkerboard,randomKTA,global_kta,63.0,0.13150890171527863,0.13150890171527863,0.13150890171527863,5
checkerboard,randomKTA,global_kta,64.0,0.1270282119512558,0.1270282119512558,0.1270282119512558,5
checkerboard,randomKTA,global_kta,65.0,0.12750108540058136,0.12750108540058136,0.12750108540058136,5
checkerboard,randomKTA,global_kta,66.0,0.12910182774066925,0.12910182774066925,0.12910182774066925,5
checkerboard,randomKTA,global_kta,67.0,0.13121844828128815,0.13121844828128815,0.13121844828128815,5
checkerboard,randomKTA,global_kta,68.0,0.13294717669487,0.13294717669487,0.13294717669487,5
checkerboard,randomKTA,global_kta,69.0,0.13700133562088013,0.13700133562088013,0.13700133562088013,5
checkerboard,randomKTA,global_kta,70.0,0.13922135531902313,0.13922135531902313,0.13922135531902313,5
checkerboard,randomKTA,global_kta,71.0,0.14132298529148102,0.14132298529148102,0.14132298529148102,5
checkerboard,randomKTA,global_kta,72.0,0.14480742812156677,0.14480742812156677,0.14480742812156677,5
checkerboard,randomKTA,global_kta,73.0,0.14563259482383728,0.14563259482383728,0.14563259482383728,5
checkerboard,randomKTA,global_kta,74.0,0.1457623690366745,0.1457623690366745,0.1457623690366745,5
checkerboard,randomKTA,global_kta,75.0,0.14505749940872192,0.14505749940872192,0.14505749940872192,5
checkerboard,randomKTA,global_kta,76.0,0.15233826637268066,0.15233826637268066,0.15233826637268066,5
checkerboard,randomKTA,global_kta,77.0,0.15896277129650116,0.15896277129650116,0.15896277129650116,5
checkerboard,randomKTA,global_kta,78.0,0.16713358461856842,0.16713358461856842,0.16713358461856842,5
checkerboard,randomKTA,global_kta,79.0,0.17376156151294708,0.17376156151294708,0.17376156151294708,5
checkerboard,randomKTA,global_kta,80.0,0.18097826838493347,0.18097826838493347,0.18097826838493347,5
checkerboard,randomKTA,global_kta,81.0,0.1877136528491974,0.1877136528491974,0.1877136528491974,5
checkerboard,randomKTA,global_kta,82.0,0.19249646365642548,0.19249646365642548,0.19249646365642548,5
checkerboard,randomKTA,global_kta,83.0,0.19517388939857483,0.19517388939857483,0.19517388939857483,5
checkerboard,randomKTA,global_kta,84.0,0.19790801405906677,0.19790801405906677,0.19790801405906677,5
checkerboard,randomKTA,global_kta,85.0,0.20111395418643951,0.20111395418643951,0.20111395418643951,5
checkerboard,randomKTA,global_kta,86.0,0.20514152944087982,0.20514152944087982,0.20514152944087982,5
checkerboard,randomKTA,global_kta,87.0,0.2116696536540985,0.2116696536540985,0.2116696536540985,5
checkerboard,randomKTA,global_kta,88.0,0.21883846819400787,0.21883846819400787,0.21883846819400787,5
checkerboard,randomKTA,global_kta,89.0,0.22384537756443024,0.22384537756443024,0.22384537756443024,5
checkerboard,randomKTA,global_kta,90.0,0.2262762188911438,0.2262762188911438,0.2262762188911438,5
checkerboard,randomKTA,global_kta,91.0,0.22890399396419525,0.22890399396419525,0.22890399396419525,5
checkerboard,randomKTA,global_kta,92.0,0.22708426415920258,0.22708426415920258,0.22708426415920258,5
checkerboard,randomKTA,global_kta,93.0,0.22702255845069885,0.22702255845069885,0.22702255845069885,5
checkerboard,randomKTA,global_kta,94.0,0.23145146667957306,0.23145146667957306,0.23145146667957306,5
checkerboard,randomKTA,global_kta,95.0,0.2354084551334381,0.2354084551334381,0.2354084551334381,5
checkerboard,randomKTA,global_kta,96.0,0.24154169857501984,0.24154169857501984,0.24154169857501984,5
checkerboard,randomKTA,global_kta,97.0,0.2513831853866577,0.2513831853866577,0.2513831853866577,5
checkerboard,randomKTA,global_kta,98.0,0.26113611459732056,0.26113611459732056,0.26113611459732056,5
checkerboard,randomKTA,global_kta,99.0,0.2694980502128601,0.2694980502128601,0.2694980502128601,5
checkerboard,randomKTA,global_kta,100.0,0.2768053710460663,0.2768053710460663,0.2768053710460663,5
checkerboard,quackKTA,global_kta,1.0,0.04232309013605118,0.04232309013605118,0.04232309013605118,5
checkerboard,quackKTA,global_kta,1.0,0.04232309013605118,0.04232309013605118,0.04232309013605118,5
checkerboard,quackKTA,global_kta,1.0,0.04232309013605118,0.04232309013605118,0.04232309013605118,5
checkerboard,quackKTA,global_kta,1.0,0.04232309013605118,0.04232309013605118,0.04232309013605118,5
checkerboard,quackKTA,global_kta,1.0,0.04232309013605118,0.04232309013605118,0.04232309013605118,5
checkerboard,quackKTA,global_kta,1.0,0.04232309013605118,0.04232309013605118,0.04232309013605118,5
checkerboard,quackKTA,global_kta,1.0,0.04232309013605118,0.04232309013605118,0.04232309013605118,5
checkerboard,quackKTA,global_kta,1.0,0.04232309013605118,0.04232309013605118,0.04232309013605118,5
checkerboard,quackKTA,global_kta,1.0,0.04232309013605118,0.04232309013605118,0.04232309013605118,5
checkerboard,quackKTA,global_kta,1.0,0.04232309013605118,0.04232309013605118,0.04232309013605118,5
checkerboard,quackKTA,global_kta,1.0,0.04232309013605118,0.04232309013605118,0.04232309013605118,5
checkerboard,quackKTA,global_kta,2.0,0.04232309013605118,0.04232309013605118,0.04232309013605118,5
checkerboard,quackKTA,global_kta,2.0,0.04232309013605118,0.04232309013605118,0.04232309013605118,5
checkerboard,quackKTA,global_kta,2.0,0.04232309013605118,0.04232309013605118,0.04232309013605118,5
checkerboard,quackKTA,global_kta,2.0,0.04232309013605118,0.04232309013605118,0.04232309013605118,5
checkerboard,quackKTA,global_kta,2.0,0.04232309013605118,0.04232309013605118,0.04232309013605118,5
checkerboard,quackKTA,global_kta,2.0,0.04232309013605118,0.04232309013605118,0.04232309013605118,5
checkerboard,quackKTA,global_kta,2.0,0.04232309013605118,0.04232309013605118,0.04232309013605118,5
checkerboard,quackKTA,global_kta,2.0,0.04232309013605118,0.04232309013605118,0.04232309013605118,5
checkerboard,quackKTA,global_kta,2.0,0.04232309013605118,0.04232309013605118,0.04232309013605118,5
checkerboard,quackKTA,global_kta,2.0,0.04232309013605118,0.04232309013605118,0.04232309013605118,5
checkerboard,quackKTA,global_kta,3.0,0.033885709941387177,0.033885709941387177,0.033885709941387177,5
checkerboard,quackKTA,global_kta,3.0,0.033885709941387177,0.033885709941387177,0.033885709941387177,5
checkerboard,quackKTA,global_kta,3.0,0.033885709941387177,0.033885709941387177,0.033885709941387177,5
checkerboard,quackKTA,global_kta,3.0,0.033885709941387177,0.033885709941387177,0.033885709941387177,5
checkerboard,quackKTA,global_kta,3.0,0.033885709941387177,0.033885709941387177,0.033885709941387177,5
checkerboard,quackKTA,global_kta,3.0,0.033885709941387177,0.033885709941387177,0.033885709941387177,5
checkerboard,quackKTA,global_kta,3.0,0.033885709941387177,0.033885709941387177,0.033885709941387177,5
checkerboard,quackKTA,global_kta,3.0,0.033885709941387177,0.033885709941387177,0.033885709941387177,5
checkerboard,quackKTA,global_kta,3.0,0.033885709941387177,0.033885709941387177,0.033885709941387177,5
checkerboard,quackKTA,global_kta,3.0,0.033885709941387177,0.033885709941387177,0.033885709941387177,5
checkerboard,quackKTA,global_kta,4.0,0.033885709941387177,0.033885709941387177,0.033885709941387177,5
checkerboard,quackKTA,global_kta,4.0,0.033885709941387177,0.033885709941387177,0.033885709941387177,5
checkerboard,quackKTA,global_kta,4.0,0.033885709941387177,0.033885709941387177,0.033885709941387177,5
checkerboard,quackKTA,global_kta,4.0,0.033885709941387177,0.033885709941387177,0.033885709941387177,5
checkerboard,quackKTA,global_kta,4.0,0.033885709941387177,0.033885709941387177,0.033885709941387177,5
checkerboard,quackKTA,global_kta,4.0,0.033885709941387177,0.033885709941387177,0.033885709941387177,5
checkerboard,quackKTA,global_kta,4.0,0.033885709941387177,0.033885709941387177,0.033885709941387177,5
checkerboard,quackKTA,global_kta,4.0,0.033885709941387177,0.033885709941387177,0.033885709941387177,5
checkerboard,quackKTA,global_kta,4.0,0.033885709941387177,0.033885709941387177,0.033885709941387177,5
checkerboard,quackKTA,global_kta,4.0,0.033885709941387177,0.033885709941387177,0.033885709941387177,5
checkerboard,quackKTA,global_kta,5.0,0.03304409608244896,0.03304409608244896,0.03304409608244896,5
checkerboard,quackKTA,global_kta,5.0,0.03304409608244896,0.03304409608244896,0.03304409608244896,5
checkerboard,quackKTA,global_kta,5.0,0.03304409608244896,0.03304409608244896,0.03304409608244896,5
checkerboard,quackKTA,global_kta,5.0,0.03304409608244896,0.03304409608244896,0.03304409608244896,5
checkerboard,quackKTA,global_kta,5.0,0.03304409608244896,0.03304409608244896,0.03304409608244896,5
checkerboard,quackKTA,global_kta,5.0,0.03304409608244896,0.03304409608244896,0.03304409608244896,5
checkerboard,quackKTA,global_kta,5.0,0.03304409608244896,0.03304409608244896,0.03304409608244896,5
checkerboard,quackKTA,global_kta,5.0,0.03304409608244896,0.03304409608244896,0.03304409608244896,5
checkerboard,quackKTA,global_kta,5.0,0.03304409608244896,0.03304409608244896,0.03304409608244896,5
checkerboard,quackKTA,global_kta,5.0,0.03304409608244896,0.03304409608244896,0.03304409608244896,5
checkerboard,quackKTA,global_kta,6.0,0.03304409608244896,0.03304409608244896,0.03304409608244896,5
checkerboard,quackKTA,global_kta,6.0,0.03304409608244896,0.03304409608244896,0.03304409608244896,5
checkerboard,quackKTA,global_kta,6.0,0.03304409608244896,0.03304409608244896,0.03304409608244896,5
checkerboard,quackKTA,global_kta,6.0,0.03304409608244896,0.03304409608244896,0.03304409608244896,5
checkerboard,quackKTA,global_kta,6.0,0.03304409608244896,0.03304409608244896,0.03304409608244896,5
checkerboard,quackKTA,global_kta,6.0,0.03304409608244896,0.03304409608244896,0.03304409608244896,5
checkerboard,quackKTA,global_kta,6.0,0.03304409608244896,0.03304409608244896,0.03304409608244896,5
checkerboard,quackKTA,global_kta,6.0,0.03304409608244896,0.03304409608244896,0.03304409608244896,5
checkerboard,quackKTA,global_kta,6.0,0.03304409608244896,0.03304409608244896,0.03304409608244896,5
checkerboard,quackKTA,global_kta,6.0,0.03304409608244896,0.03304409608244896,0.03304409608244896,5
checkerboard,quackKTA,global_kta,7.0,0.03661150112748146,0.03661150112748146,0.03661150112748146,5
checkerboard,quackKTA,global_kta,7.0,0.03661150112748146,0.03661150112748146,0.03661150112748146,5
checkerboard,quackKTA,global_kta,7.0,0.03661150112748146,0.03661150112748146,0.03661150112748146,5
checkerboard,quackKTA,global_kta,7.0,0.03661150112748146,0.03661150112748146,0.03661150112748146,5
checkerboard,quackKTA,global_kta,7.0,0.03661150112748146,0.03661150112748146,0.03661150112748146,5
checkerboard,quackKTA,global_kta,7.0,0.03661150112748146,0.03661150112748146,0.03661150112748146,5
checkerboard,quackKTA,global_kta,7.0,0.03661150112748146,0.03661150112748146,0.03661150112748146,5
checkerboard,quackKTA,global_kta,7.0,0.03661150112748146,0.03661150112748146,0.03661150112748146,5
checkerboard,quackKTA,global_kta,7.0,0.03661150112748146,0.03661150112748146,0.03661150112748146,5
checkerboard,quackKTA,global_kta,7.0,0.03661150112748146,0.03661150112748146,0.03661150112748146,5
checkerboard,quackKTA,global_kta,8.0,0.03661150112748146,0.03661150112748146,0.03661150112748146,5
checkerboard,quackKTA,global_kta,8.0,0.03661150112748146,0.03661150112748146,0.03661150112748146,5
checkerboard,quackKTA,global_kta,8.0,0.03661150112748146,0.03661150112748146,0.03661150112748146,5
checkerboard,quackKTA,global_kta,8.0,0.03661150112748146,0.03661150112748146,0.03661150112748146,5
checkerboard,quackKTA,global_kta,8.0,0.03661150112748146,0.03661150112748146,0.03661150112748146,5
checkerboard,quackKTA,global_kta,8.0,0.03661150112748146,0.03661150112748146,0.03661150112748146,5
checkerboard,quackKTA,global_kta,8.0,0.03661150112748146,0.03661150112748146,0.03661150112748146,5
checkerboard,quackKTA,global_kta,8.0,0.03661150112748146,0.03661150112748146,0.03661150112748146,5
checkerboard,quackKTA,global_kta,8.0,0.03661150112748146,0.03661150112748146,0.03661150112748146,5
checkerboard,quackKTA,global_kta,8.0,0.03661150112748146,0.03661150112748146,0.03661150112748146,5
checkerboard,quackKTA,global_kta,9.0,0.04037392884492874,0.04037392884492874,0.04037392884492874,5
checkerboard,quackKTA,global_kta,9.0,0.04037392884492874,0.04037392884492874,0.04037392884492874,5
checkerboard,quackKTA,global_kta,9.0,0.04037392884492874,0.04037392884492874,0.04037392884492874,5
checkerboard,quackKTA,global_kta,9.0,0.04037392884492874,0.04037392884492874,0.04037392884492874,5
checkerboard,quackKTA,global_kta,9.0,0.04037392884492874,0.04037392884492874,0.04037392884492874,5
checkerboard,quackKTA,global_kta,9.0,0.04037392884492874,0.04037392884492874,0.04037392884492874,5
checkerboard,quackKTA,global_kta,9.0,0.04037392884492874,0.04037392884492874,0.04037392884492874,5
checkerboard,quackKTA,global_kta,9.0,0.04037392884492874,0.04037392884492874,0.04037392884492874,5
checkerboard,quackKTA,global_kta,9.0,0.04037392884492874,0.04037392884492874,0.04037392884492874,5
checkerboard,quackKTA,global_kta,9.0,0.04037392884492874,0.04037392884492874,0.04037392884492874,5
checkerboard,quackKTA,global_kta,10.0,0.04037392884492874,0.04037392884492874,0.04037392884492874,5
checkerboard,quackKTA,global_kta,10.0,0.04037392884492874,0.04037392884492874,0.04037392884492874,5
checkerboard,quackKTA,global_kta,10.0,0.04037392884492874,0.04037392884492874,0.04037392884492874,5
checkerboard,quackKTA,global_kta,10.0,0.04037392884492874,0.04037392884492874,0.04037392884492874,5
checkerboard,quackKTA,global_kta,10.0,0.04037392884492874,0.04037392884492874,0.04037392884492874,5
checkerboard,quackKTA,global_kta,10.0,0.04037392884492874,0.04037392884492874,0.04037392884492874,5
checkerboard,quackKTA,global_kta,10.0,0.04037392884492874,0.04037392884492874,0.04037392884492874,5
checkerboard,quackKTA,global_kta,10.0,0.04037392884492874,0.04037392884492874,0.04037392884492874,5
checkerboard,quackKTA,global_kta,10.0,0.04037392884492874,0.04037392884492874,0.04037392884492874,5
checkerboard,quackKTA,global_kta,10.0,0.04037392884492874,0.04037392884492874,0.04037392884492874,5
checkerboard,quackKTA,global_kta,11.0,0.043200138956308365,0.043200138956308365,0.043200138956308365,5
checkerboard,quackKTA,global_kta,11.0,0.043200138956308365,0.043200138956308365,0.043200138956308365,5
checkerboard,quackKTA,global_kta,11.0,0.043200138956308365,0.043200138956308365,0.043200138956308365,5
checkerboard,quackKTA,global_kta,11.0,0.043200138956308365,0.043200138956308365,0.043200138956308365,5
checkerboard,quackKTA,global_kta,11.0,0.043200138956308365,0.043200138956308365,0.043200138956308365,5
checkerboard,quackKTA,global_kta,11.0,0.043200138956308365,0.043200138956308365,0.043200138956308365,5
checkerboard,quackKTA,global_kta,11.0,0.043200138956308365,0.043200138956308365,0.043200138956308365,5
checkerboard,quackKTA,global_kta,11.0,0.043200138956308365,0.043200138956308365,0.043200138956308365,5
checkerboard,quackKTA,global_kta,11.0,0.04037392884492874,0.04037392884492874,0.04037392884492874,5
checkerboard,quackKTA,global_kta,11.0,0.043200138956308365,0.043200138956308365,0.043200138956308365,5
checkerboard,quackKTA,global_kta,12.0,0.043200138956308365,0.043200138956308365,0.043200138956308365,5
checkerboard,quackKTA,global_kta,12.0,0.043200138956308365,0.043200138956308365,0.043200138956308365,5
checkerboard,quackKTA,global_kta,12.0,0.043200138956308365,0.043200138956308365,0.043200138956308365,5
checkerboard,quackKTA,global_kta,12.0,0.043200138956308365,0.043200138956308365,0.043200138956308365,5
checkerboard,quackKTA,global_kta,12.0,0.043200138956308365,0.043200138956308365,0.043200138956308365,5
checkerboard,quackKTA,global_kta,12.0,0.043200138956308365,0.043200138956308365,0.043200138956308365,5
checkerboard,quackKTA,global_kta,12.0,0.043200138956308365,0.043200138956308365,0.043200138956308365,5
checkerboard,quackKTA,global_kta,12.0,0.043200138956308365,0.043200138956308365,0.043200138956308365,5
checkerboard,quackKTA,global_kta,12.0,0.043200138956308365,0.043200138956308365,0.043200138956308365,5
checkerboard,quackKTA,global_kta,12.0,0.043200138956308365,0.043200138956308365,0.043200138956308365,5
checkerboard,quackKTA,global_kta,13.0,0.04607805237174034,0.04607805237174034,0.04607805237174034,5
checkerboard,quackKTA,global_kta,13.0,0.04607805237174034,0.04607805237174034,0.04607805237174034,5
checkerboard,quackKTA,global_kta,13.0,0.04607805237174034,0.04607805237174034,0.04607805237174034,5
checkerboard,quackKTA,global_kta,13.0,0.04607805237174034,0.04607805237174034,0.04607805237174034,5
checkerboard,quackKTA,global_kta,13.0,0.04607805237174034,0.04607805237174034,0.04607805237174034,5
checkerboard,quackKTA,global_kta,13.0,0.04607805237174034,0.04607805237174034,0.04607805237174034,5
checkerboard,quackKTA,global_kta,13.0,0.04607805237174034,0.04607805237174034,0.04607805237174034,5
checkerboard,quackKTA,global_kta,13.0,0.043200138956308365,0.043200138956308365,0.043200138956308365,5
checkerboard,quackKTA,global_kta,13.0,0.04607805237174034,0.04607805237174034,0.04607805237174034,5
checkerboard,quackKTA,global_kta,13.0,0.04607805237174034,0.04607805237174034,0.04607805237174034,5
checkerboard,quackKTA,global_kta,14.0,0.04607805237174034,0.04607805237174034,0.04607805237174034,5
checkerboard,quackKTA,global_kta,14.0,0.04607805237174034,0.04607805237174034,0.04607805237174034,5
checkerboard,quackKTA,global_kta,14.0,0.04607805237174034,0.04607805237174034,0.04607805237174034,5
checkerboard,quackKTA,global_kta,14.0,0.04607805237174034,0.04607805237174034,0.04607805237174034,5
checkerboard,quackKTA,global_kta,14.0,0.04607805237174034,0.04607805237174034,0.04607805237174034,5
checkerboard,quackKTA,global_kta,14.0,0.04607805237174034,0.04607805237174034,0.04607805237174034,5
checkerboard,quackKTA,global_kta,14.0,0.04607805237174034,0.04607805237174034,0.04607805237174034,5
checkerboard,quackKTA,global_kta,14.0,0.04607805237174034,0.04607805237174034,0.04607805237174034,5
checkerboard,quackKTA,global_kta,14.0,0.04607805237174034,0.04607805237174034,0.04607805237174034,5
checkerboard,quackKTA,global_kta,14.0,0.04607805237174034,0.04607805237174034,0.04607805237174034,5
checkerboard,quackKTA,global_kta,15.0,0.04899251088500023,0.04899251088500023,0.04899251088500023,5
checkerboard,quackKTA,global_kta,15.0,0.04899251088500023,0.04899251088500023,0.04899251088500023,5
checkerboard,quackKTA,global_kta,15.0,0.04899251088500023,0.04899251088500023,0.04899251088500023,5
checkerboard,quackKTA,global_kta,15.0,0.04899251088500023,0.04899251088500023,0.04899251088500023,5
checkerboard,quackKTA,global_kta,15.0,0.04899251088500023,0.04899251088500023,0.04899251088500023,5
checkerboard,quackKTA,global_kta,15.0,0.04899251088500023,0.04899251088500023,0.04899251088500023,5
checkerboard,quackKTA,global_kta,15.0,0.04899251088500023,0.04899251088500023,0.04899251088500023,5
checkerboard,quackKTA,global_kta,15.0,0.04899251088500023,0.04899251088500023,0.04899251088500023,5
checkerboard,quackKTA,global_kta,15.0,0.04607805237174034,0.04607805237174034,0.04607805237174034,5
checkerboard,quackKTA,global_kta,15.0,0.04899251088500023,0.04899251088500023,0.04899251088500023,5
checkerboard,quackKTA,global_kta,16.0,0.04899251088500023,0.04899251088500023,0.04899251088500023,5
checkerboard,quackKTA,global_kta,16.0,0.04899251088500023,0.04899251088500023,0.04899251088500023,5
checkerboard,quackKTA,global_kta,16.0,0.04899251088500023,0.04899251088500023,0.04899251088500023,5
checkerboard,quackKTA,global_kta,16.0,0.04899251088500023,0.04899251088500023,0.04899251088500023,5
checkerboard,quackKTA,global_kta,16.0,0.04899251088500023,0.04899251088500023,0.04899251088500023,5
checkerboard,quackKTA,global_kta,16.0,0.04899251088500023,0.04899251088500023,0.04899251088500023,5
checkerboard,quackKTA,global_kta,16.0,0.04899251088500023,0.04899251088500023,0.04899251088500023,5
checkerboard,quackKTA,global_kta,16.0,0.04899251088500023,0.04899251088500023,0.04899251088500023,5
checkerboard,quackKTA,global_kta,16.0,0.04899251088500023,0.04899251088500023,0.04899251088500023,5
checkerboard,quackKTA,global_kta,16.0,0.04899251088500023,0.04899251088500023,0.04899251088500023,5
checkerboard,quackKTA,global_kta,17.0,0.05215540528297424,0.05215540528297424,0.05215540528297424,5
checkerboard,quackKTA,global_kta,17.0,0.05215540528297424,0.05215540528297424,0.05215540528297424,5
checkerboard,quackKTA,global_kta,17.0,0.05215540528297424,0.05215540528297424,0.05215540528297424,5
checkerboard,quackKTA,global_kta,17.0,0.05215540528297424,0.05215540528297424,0.05215540528297424,5
checkerboard,quackKTA,global_kta,17.0,0.05215540528297424,0.05215540528297424,0.05215540528297424,5
checkerboard,quackKTA,global_kta,17.0,0.05215540528297424,0.05215540528297424,0.05215540528297424,5
checkerboard,quackKTA,global_kta,17.0,0.05215540528297424,0.05215540528297424,0.05215540528297424,5
checkerboard,quackKTA,global_kta,17.0,0.05215540528297424,0.05215540528297424,0.05215540528297424,5
checkerboard,quackKTA,global_kta,17.0,0.04899251088500023,0.04899251088500023,0.04899251088500023,5
checkerboard,quackKTA,global_kta,17.0,0.05215540528297424,0.05215540528297424,0.05215540528297424,5
checkerboard,quackKTA,global_kta,18.0,0.05215540528297424,0.05215540528297424,0.05215540528297424,5
checkerboard,quackKTA,global_kta,18.0,0.05215540528297424,0.05215540528297424,0.05215540528297424,5
checkerboard,quackKTA,global_kta,18.0,0.05215540528297424,0.05215540528297424,0.05215540528297424,5
checkerboard,quackKTA,global_kta,18.0,0.05215540528297424,0.05215540528297424,0.05215540528297424,5
checkerboard,quackKTA,global_kta,18.0,0.05215540528297424,0.05215540528297424,0.05215540528297424,5
checkerboard,quackKTA,global_kta,18.0,0.05215540528297424,0.05215540528297424,0.05215540528297424,5
checkerboard,quackKTA,global_kta,18.0,0.05215540528297424,0.05215540528297424,0.05215540528297424,5
checkerboard,quackKTA,global_kta,18.0,0.05215540528297424,0.05215540528297424,0.05215540528297424,5
checkerboard,quackKTA,global_kta,18.0,0.05215540528297424,0.05215540528297424,0.05215540528297424,5
checkerboard,quackKTA,global_kta,18.0,0.05215540528297424,0.05215540528297424,0.05215540528297424,5
checkerboard,quackKTA,global_kta,19.0,0.056529752910137177,0.056529752910137177,0.056529752910137177,5
checkerboard,quackKTA,global_kta,19.0,0.056529752910137177,0.056529752910137177,0.056529752910137177,5
checkerboard,quackKTA,global_kta,19.0,0.056529752910137177,0.056529752910137177,0.056529752910137177,5
checkerboard,quackKTA,global_kta,19.0,0.056529752910137177,0.056529752910137177,0.056529752910137177,5
checkerboard,quackKTA,global_kta,19.0,0.056529752910137177,0.056529752910137177,0.056529752910137177,5
checkerboard,quackKTA,global_kta,19.0,0.056529752910137177,0.056529752910137177,0.056529752910137177,5
checkerboard,quackKTA,global_kta,19.0,0.056529752910137177,0.056529752910137177,0.056529752910137177,5
checkerboard,quackKTA,global_kta,19.0,0.05215540528297424,0.05215540528297424,0.05215540528297424,5
checkerboard,quackKTA,global_kta,19.0,0.056529752910137177,0.056529752910137177,0.056529752910137177,5
checkerboard,quackKTA,global_kta,19.0,0.056529752910137177,0.056529752910137177,0.056529752910137177,5
checkerboard,quackKTA,global_kta,20.0,0.056529752910137177,0.056529752910137177,0.056529752910137177,5
checkerboard,quackKTA,global_kta,20.0,0.056529752910137177,0.056529752910137177,0.056529752910137177,5
checkerboard,quackKTA,global_kta,20.0,0.056529752910137177,0.056529752910137177,0.056529752910137177,5
checkerboard,quackKTA,global_kta,20.0,0.056529752910137177,0.056529752910137177,0.056529752910137177,5
checkerboard,quackKTA,global_kta,20.0,0.056529752910137177,0.056529752910137177,0.056529752910137177,5
checkerboard,quackKTA,global_kta,20.0,0.056529752910137177,0.056529752910137177,0.056529752910137177,5
checkerboard,quackKTA,global_kta,20.0,0.056529752910137177,0.056529752910137177,0.056529752910137177,5
checkerboard,quackKTA,global_kta,20.0,0.056529752910137177,0.056529752910137177,0.056529752910137177,5
checkerboard,quackKTA,global_kta,20.0,0.056529752910137177,0.056529752910137177,0.056529752910137177,5
checkerboard,quackKTA,global_kta,20.0,0.056529752910137177,0.056529752910137177,0.056529752910137177,5
checkerboard,quackKTA,global_kta,21.0,0.056529752910137177,0.056529752910137177,0.056529752910137177,5
checkerboard,quackKTA,global_kta,21.0,0.063311368227005,0.063311368227005,0.063311368227005,5
checkerboard,quackKTA,global_kta,21.0,0.063311368227005,0.063311368227005,0.063311368227005,5
checkerboard,quackKTA,global_kta,21.0,0.063311368227005,0.063311368227005,0.063311368227005,5
checkerboard,quackKTA,global_kta,21.0,0.063311368227005,0.063311368227005,0.063311368227005,5
checkerboard,quackKTA,global_kta,21.0,0.056529752910137177,0.056529752910137177,0.056529752910137177,5
checkerboard,quackKTA,global_kta,21.0,0.063311368227005,0.063311368227005,0.063311368227005,5
checkerboard,quackKTA,global_kta,21.0,0.063311368227005,0.063311368227005,0.063311368227005,5
checkerboard,quackKTA,global_kta,21.0,0.063311368227005,0.063311368227005,0.063311368227005,5
checkerboard,quackKTA,global_kta,21.0,0.063311368227005,0.063311368227005,0.063311368227005,5
checkerboard,quackKTA,global_kta,22.0,0.063311368227005,0.063311368227005,0.063311368227005,5
checkerboard,quackKTA,global_kta,22.0,0.063311368227005,0.063311368227005,0.063311368227005,5
checkerboard,quackKTA,global_kta,22.0,0.063311368227005,0.063311368227005,0.063311368227005,5
checkerboard,quackKTA,global_kta,22.0,0.063311368227005,0.063311368227005,0.063311368227005,5
checkerboard,quackKTA,global_kta,22.0,0.063311368227005,0.063311368227005,0.063311368227005,5
checkerboard,quackKTA,global_kta,22.0,0.063311368227005,0.063311368227005,0.063311368227005,5
checkerboard,quackKTA,global_kta,22.0,0.063311368227005,0.063311368227005,0.063311368227005,5
checkerboard,quackKTA,global_kta,22.0,0.063311368227005,0.063311368227005,0.063311368227005,5
checkerboard,quackKTA,global_kta,22.0,0.063311368227005,0.063311368227005,0.063311368227005,5
checkerboard,quackKTA,global_kta,22.0,0.063311368227005,0.063311368227005,0.063311368227005,5
checkerboard,quackKTA,global_kta,23.0,0.07242788374423981,0.07242788374423981,0.07242788374423981,5
checkerboard,quackKTA,global_kta,23.0,0.07242788374423981,0.07242788374423981,0.07242788374423981,5
checkerboard,quackKTA,global_kta,23.0,0.07242788374423981,0.07242788374423981,0.07242788374423981,5
checkerboard,quackKTA,global_kta,23.0,0.07242788374423981,0.07242788374423981,0.07242788374423981,5
checkerboard,quackKTA,global_kta,23.0,0.07242788374423981,0.07242788374423981,0.07242788374423981,5
checkerboard,quackKTA,global_kta,23.0,0.07242788374423981,0.07242788374423981,0.07242788374423981,5
checkerboard,quackKTA,global_kta,23.0,0.07242788374423981,0.07242788374423981,0.07242788374423981,5
checkerboard,quackKTA,global_kta,23.0,0.063311368227005,0.063311368227005,0.063311368227005,5
checkerboard,quackKTA,global_kta,23.0,0.063311368227005,0.063311368227005,0.063311368227005,5
checkerboard,quackKTA,global_kta,23.0,0.07242788374423981,0.07242788374423981,0.07242788374423981,5
checkerboard,quackKTA,global_kta,24.0,0.07242788374423981,0.07242788374423981,0.07242788374423981,5
checkerboard,quackKTA,global_kta,24.0,0.07242788374423981,0.07242788374423981,0.07242788374423981,5
checkerboard,quackKTA,global_kta,24.0,0.07242788374423981,0.07242788374423981,0.07242788374423981,5
checkerboard,quackKTA,global_kta,24.0,0.07242788374423981,0.07242788374423981,0.07242788374423981,5
checkerboard,quackKTA,global_kta,24.0,0.07242788374423981,0.07242788374423981,0.07242788374423981,5
checkerboard,quackKTA,global_kta,24.0,0.07242788374423981,0.07242788374423981,0.07242788374423981,5
checkerboard,quackKTA,global_kta,24.0,0.07242788374423981,0.07242788374423981,0.07242788374423981,5
checkerboard,quackKTA,global_kta,24.0,0.07242788374423981,0.07242788374423981,0.07242788374423981,5
checkerboard,quackKTA,global_kta,24.0,0.07242788374423981,0.07242788374423981,0.07242788374423981,5
checkerboard,quackKTA,global_kta,24.0,0.07242788374423981,0.07242788374423981,0.07242788374423981,5
checkerboard,quackKTA,global_kta,25.0,0.08260815590620041,0.08260815590620041,0.08260815590620041,5
checkerboard,quackKTA,global_kta,25.0,0.08260815590620041,0.08260815590620041,0.08260815590620041,5
checkerboard,quackKTA,global_kta,25.0,0.08260815590620041,0.08260815590620041,0.08260815590620041,5
checkerboard,quackKTA,global_kta,25.0,0.08260815590620041,0.08260815590620041,0.08260815590620041,5
checkerboard,quackKTA,global_kta,25.0,0.08260815590620041,0.08260815590620041,0.08260815590620041,5
checkerboard,quackKTA,global_kta,25.0,0.08260815590620041,0.08260815590620041,0.08260815590620041,5
checkerboard,quackKTA,global_kta,25.0,0.08260815590620041,0.08260815590620041,0.08260815590620041,5
checkerboard,quackKTA,global_kta,25.0,0.08260815590620041,0.08260815590620041,0.08260815590620041,5
checkerboard,quackKTA,global_kta,25.0,0.07242788374423981,0.07242788374423981,0.07242788374423981,5
checkerboard,quackKTA,global_kta,25.0,0.07242788374423981,0.07242788374423981,0.07242788374423981,5
checkerboard,quackKTA,global_kta,26.0,0.08260815590620041,0.08260815590620041,0.08260815590620041,5
checkerboard,quackKTA,global_kta,26.0,0.08260815590620041,0.08260815590620041,0.08260815590620041,5
checkerboard,quackKTA,global_kta,26.0,0.08260815590620041,0.08260815590620041,0.08260815590620041,5
checkerboard,quackKTA,global_kta,26.0,0.08260815590620041,0.08260815590620041,0.08260815590620041,5
checkerboard,quackKTA,global_kta,26.0,0.08260815590620041,0.08260815590620041,0.08260815590620041,5
checkerboard,quackKTA,global_kta,26.0,0.08260815590620041,0.08260815590620041,0.08260815590620041,5
checkerboard,quackKTA,global_kta,26.0,0.08260815590620041,0.08260815590620041,0.08260815590620041,5
checkerboard,quackKTA,global_kta,26.0,0.08260815590620041,0.08260815590620041,0.08260815590620041,5
checkerboard,quackKTA,global_kta,26.0,0.08260815590620041,0.08260815590620041,0.08260815590620041,5
checkerboard,quackKTA,global_kta,26.0,0.08260815590620041,0.08260815590620041,0.08260815590620041,5
checkerboard,quackKTA,global_kta,27.0,0.09360772371292114,0.09360772371292114,0.09360772371292114,5
checkerboard,quackKTA,global_kta,27.0,0.09360772371292114,0.09360772371292114,0.09360772371292114,5
checkerboard,quackKTA,global_kta,27.0,0.09360772371292114,0.09360772371292114,0.09360772371292114,5
checkerboard,quackKTA,global_kta,27.0,0.09360772371292114,0.09360772371292114,0.09360772371292114,5
checkerboard,quackKTA,global_kta,27.0,0.09360772371292114,0.09360772371292114,0.09360772371292114,5
checkerboard,quackKTA,global_kta,27.0,0.09360772371292114,0.09360772371292114,0.09360772371292114,5
checkerboard,quackKTA,global_kta,27.0,0.09360772371292114,0.09360772371292114,0.09360772371292114,5
checkerboard,quackKTA,global_kta,27.0,0.08260815590620041,0.08260815590620041,0.08260815590620041,5
checkerboard,quackKTA,global_kta,27.0,0.08260815590620041,0.08260815590620041,0.08260815590620041,5
checkerboard,quackKTA,global_kta,27.0,0.09360772371292114,0.09360772371292114,0.09360772371292114,5
checkerboard,quackKTA,global_kta,28.0,0.09360772371292114,0.09360772371292114,0.09360772371292114,5
checkerboard,quackKTA,global_kta,28.0,0.09360772371292114,0.09360772371292114,0.09360772371292114,5
checkerboard,quackKTA,global_kta,28.0,0.09360772371292114,0.09360772371292114,0.09360772371292114,5
checkerboard,quackKTA,global_kta,28.0,0.09360772371292114,0.09360772371292114,0.09360772371292114,5
checkerboard,quackKTA,global_kta,28.0,0.09360772371292114,0.09360772371292114,0.09360772371292114,5
checkerboard,quackKTA,global_kta,28.0,0.09360772371292114,0.09360772371292114,0.09360772371292114,5
checkerboard,quackKTA,global_kta,28.0,0.09360772371292114,0.09360772371292114,0.09360772371292114,5
checkerboard,quackKTA,global_kta,28.0,0.09360772371292114,0.09360772371292114,0.09360772371292114,5
checkerboard,quackKTA,global_kta,28.0,0.09360772371292114,0.09360772371292114,0.09360772371292114,5
checkerboard,quackKTA,global_kta,28.0,0.09360772371292114,0.09360772371292114,0.09360772371292114,5
checkerboard,quackKTA,global_kta,29.0,0.1064978539943695,0.1064978539943695,0.1064978539943695,5
checkerboard,quackKTA,global_kta,29.0,0.1064978539943695,0.1064978539943695,0.1064978539943695,5
checkerboard,quackKTA,global_kta,29.0,0.1064978539943695,0.1064978539943695,0.1064978539943695,5
checkerboard,quackKTA,global_kta,29.0,0.1064978539943695,0.1064978539943695,0.1064978539943695,5
checkerboard,quackKTA,global_kta,29.0,0.1064978539943695,0.1064978539943695,0.1064978539943695,5
checkerboard,quackKTA,global_kta,29.0,0.1064978539943695,0.1064978539943695,0.1064978539943695,5
checkerboard,quackKTA,global_kta,29.0,0.1064978539943695,0.1064978539943695,0.1064978539943695,5
checkerboard,quackKTA,global_kta,29.0,0.09360772371292114,0.09360772371292114,0.09360772371292114,5
checkerboard,quackKTA,global_kta,29.0,0.09360772371292114,0.09360772371292114,0.09360772371292114,5
checkerboard,quackKTA,global_kta,29.0,0.1064978539943695,0.1064978539943695,0.1064978539943695,5
checkerboard,quackKTA,global_kta,30.0,0.1064978539943695,0.1064978539943695,0.1064978539943695,5
checkerboard,quackKTA,global_kta,30.0,0.1064978539943695,0.1064978539943695,0.1064978539943695,5
checkerboard,quackKTA,global_kta,30.0,0.1064978539943695,0.1064978539943695,0.1064978539943695,5
checkerboard,quackKTA,global_kta,30.0,0.1064978539943695,0.1064978539943695,0.1064978539943695,5
checkerboard,quackKTA,global_kta,30.0,0.1064978539943695,0.1064978539943695,0.1064978539943695,5
checkerboard,quackKTA,global_kta,30.0,0.1064978539943695,0.1064978539943695,0.1064978539943695,5
checkerboard,quackKTA,global_kta,30.0,0.1064978539943695,0.1064978539943695,0.1064978539943695,5
checkerboard,quackKTA,global_kta,30.0,0.1064978539943695,0.1064978539943695,0.1064978539943695,5
checkerboard,quackKTA,global_kta,30.0,0.1064978539943695,0.1064978539943695,0.1064978539943695,5
checkerboard,quackKTA,global_kta,30.0,0.1064978539943695,0.1064978539943695,0.1064978539943695,5
checkerboard,quackKTA,global_kta,31.0,0.12260313332080841,0.12260313332080841,0.12260313332080841,5
checkerboard,quackKTA,global_kta,31.0,0.12260313332080841,0.12260313332080841,0.12260313332080841,5
checkerboard,quackKTA,global_kta,31.0,0.12260313332080841,0.12260313332080841,0.12260313332080841,5
checkerboard,quackKTA,global_kta,31.0,0.12260313332080841,0.12260313332080841,0.12260313332080841,5
checkerboard,quackKTA,global_kta,31.0,0.12260313332080841,0.12260313332080841,0.12260313332080841,5
checkerboard,quackKTA,global_kta,31.0,0.12260313332080841,0.12260313332080841,0.12260313332080841,5
checkerboard,quackKTA,global_kta,31.0,0.12260313332080841,0.12260313332080841,0.12260313332080841,5
checkerboard,quackKTA,global_kta,31.0,0.1064978539943695,0.1064978539943695,0.1064978539943695,5
checkerboard,quackKTA,global_kta,31.0,0.1064978539943695,0.1064978539943695,0.1064978539943695,5
checkerboard,quackKTA,global_kta,31.0,0.1064978539943695,0.1064978539943695,0.1064978539943695,5
checkerboard,quackKTA,global_kta,32.0,0.12260313332080841,0.12260313332080841,0.12260313332080841,5
checkerboard,quackKTA,global_kta,32.0,0.12260313332080841,0.12260313332080841,0.12260313332080841,5
checkerboard,quackKTA,global_kta,32.0,0.12260313332080841,0.12260313332080841,0.12260313332080841,5
checkerboard,quackKTA,global_kta,32.0,0.12260313332080841,0.12260313332080841,0.12260313332080841,5
checkerboard,quackKTA,global_kta,32.0,0.12260313332080841,0.12260313332080841,0.12260313332080841,5
checkerboard,quackKTA,global_kta,32.0,0.12260313332080841,0.12260313332080841,0.12260313332080841,5
checkerboard,quackKTA,global_kta,32.0,0.12260313332080841,0.12260313332080841,0.12260313332080841,5
checkerboard,quackKTA,global_kta,32.0,0.12260313332080841,0.12260313332080841,0.12260313332080841,5
checkerboard,quackKTA,global_kta,32.0,0.12260313332080841,0.12260313332080841,0.12260313332080841,5
checkerboard,quackKTA,global_kta,32.0,0.12260313332080841,0.12260313332080841,0.12260313332080841,5
checkerboard,quackKTA,global_kta,33.0,0.1431329846382141,0.1431329846382141,0.1431329846382141,5
checkerboard,quackKTA,global_kta,33.0,0.1431329846382141,0.1431329846382141,0.1431329846382141,5
checkerboard,quackKTA,global_kta,33.0,0.1431329846382141,0.1431329846382141,0.1431329846382141,5
checkerboard,quackKTA,global_kta,33.0,0.1431329846382141,0.1431329846382141,0.1431329846382141,5
checkerboard,quackKTA,global_kta,33.0,0.1431329846382141,0.1431329846382141,0.1431329846382141,5
checkerboard,quackKTA,global_kta,33.0,0.12260313332080841,0.12260313332080841,0.12260313332080841,5
checkerboard,quackKTA,global_kta,33.0,0.1431329846382141,0.1431329846382141,0.1431329846382141,5
checkerboard,quackKTA,global_kta,33.0,0.12260313332080841,0.12260313332080841,0.12260313332080841,5
checkerboard,quackKTA,global_kta,33.0,0.12260313332080841,0.12260313332080841,0.12260313332080841,5
checkerboard,quackKTA,global_kta,33.0,0.1431329846382141,0.1431329846382141,0.1431329846382141,5
checkerboard,quackKTA,global_kta,34.0,0.1431329846382141,0.1431329846382141,0.1431329846382141,5
checkerboard,quackKTA,global_kta,34.0,0.1431329846382141,0.1431329846382141,0.1431329846382141,5
checkerboard,quackKTA,global_kta,34.0,0.1431329846382141,0.1431329846382141,0.1431329846382141,5
checkerboard,quackKTA,global_kta,34.0,0.1431329846382141,0.1431329846382141,0.1431329846382141,5
checkerboard,quackKTA,global_kta,34.0,0.1431329846382141,0.1431329846382141,0.1431329846382141,5
checkerboard,quackKTA,global_kta,34.0,0.1431329846382141,0.1431329846382141,0.1431329846382141,5
checkerboard,quackKTA,global_kta,34.0,0.1431329846382141,0.1431329846382141,0.1431329846382141,5
checkerboard,quackKTA,global_kta,34.0,0.1431329846382141,0.1431329846382141,0.1431329846382141,5
checkerboard,quackKTA,global_kta,34.0,0.1431329846382141,0.1431329846382141,0.1431329846382141,5
checkerboard,quackKTA,global_kta,34.0,0.1431329846382141,0.1431329846382141,0.1431329846382141,5
checkerboard,quackKTA,global_kta,35.0,0.1702672392129898,0.1702672392129898,0.1702672392129898,5
checkerboard,quackKTA,global_kta,35.0,0.1702672392129898,0.1702672392129898,0.1702672392129898,5
checkerboard,quackKTA,global_kta,35.0,0.1702672392129898,0.1702672392129898,0.1702672392129898,5
checkerboard,quackKTA,global_kta,35.0,0.1702672392129898,0.1702672392129898,0.1702672392129898,5
checkerboard,quackKTA,global_kta,35.0,0.1702672392129898,0.1702672392129898,0.1702672392129898,5
checkerboard,quackKTA,global_kta,35.0,0.1702672392129898,0.1702672392129898,0.1702672392129898,5
checkerboard,quackKTA,global_kta,35.0,0.1431329846382141,0.1431329846382141,0.1431329846382141,5
checkerboard,quackKTA,global_kta,35.0,0.1431329846382141,0.1431329846382141,0.1431329846382141,5
checkerboard,quackKTA,global_kta,35.0,0.1431329846382141,0.1431329846382141,0.1431329846382141,5
checkerboard,quackKTA,global_kta,35.0,0.1702672392129898,0.1702672392129898,0.1702672392129898,5
checkerboard,quackKTA,global_kta,36.0,0.1702672392129898,0.1702672392129898,0.1702672392129898,5
checkerboard,quackKTA,global_kta,36.0,0.1702672392129898,0.1702672392129898,0.1702672392129898,5
checkerboard,quackKTA,global_kta,36.0,0.1702672392129898,0.1702672392129898,0.1702672392129898,5
checkerboard,quackKTA,global_kta,36.0,0.1702672392129898,0.1702672392129898,0.1702672392129898,5
checkerboard,quackKTA,global_kta,36.0,0.1702672392129898,0.1702672392129898,0.1702672392129898,5
checkerboard,quackKTA,global_kta,36.0,0.1702672392129898,0.1702672392129898,0.1702672392129898,5
checkerboard,quackKTA,global_kta,36.0,0.1702672392129898,0.1702672392129898,0.1702672392129898,5
checkerboard,quackKTA,global_kta,36.0,0.1702672392129898,0.1702672392129898,0.1702672392129898,5
checkerboard,quackKTA,global_kta,36.0,0.1702672392129898,0.1702672392129898,0.1702672392129898,5
checkerboard,quackKTA,global_kta,36.0,0.1702672392129898,0.1702672392129898,0.1702672392129898,5
checkerboard,quackKTA,global_kta,37.0,0.20644113421440125,0.20644113421440125,0.20644113421440125,5
checkerboard,quackKTA,global_kta,37.0,0.20644113421440125,0.20644113421440125,0.20644113421440125,5
checkerboard,quackKTA,global_kta,37.0,0.20644113421440125,0.20644113421440125,0.20644113421440125,5
checkerboard,quackKTA,global_kta,37.0,0.20644113421440125,0.20644113421440125,0.20644113421440125,5
checkerboard,quackKTA,global_kta,37.0,0.20644113421440125,0.20644113421440125,0.20644113421440125,5
checkerboard,quackKTA,global_kta,37.0,0.20644113421440125,0.20644113421440125,0.20644113421440125,5
checkerboard,quackKTA,global_kta,37.0,0.1702672392129898,0.1702672392129898,0.1702672392129898,5
checkerboard,quackKTA,global_kta,37.0,0.1702672392129898,0.1702672392129898,0.1702672392129898,5
checkerboard,quackKTA,global_kta,37.0,0.1702672392129898,0.1702672392129898,0.1702672392129898,5
checkerboard,quackKTA,global_kta,37.0,0.20644113421440125,0.20644113421440125,0.20644113421440125,5
checkerboard,quackKTA,global_kta,38.0,0.20644113421440125,0.20644113421440125,0.20644113421440125,5
checkerboard,quackKTA,global_kta,38.0,0.20644113421440125,0.20644113421440125,0.20644113421440125,5
checkerboard,quackKTA,global_kta,38.0,0.20644113421440125,0.20644113421440125,0.20644113421440125,5
checkerboard,quackKTA,global_kta,38.0,0.20644113421440125,0.20644113421440125,0.20644113421440125,5
checkerboard,quackKTA,global_kta,38.0,0.20644113421440125,0.20644113421440125,0.20644113421440125,5
checkerboard,quackKTA,global_kta,38.0,0.20644113421440125,0.20644113421440125,0.20644113421440125,5
checkerboard,quackKTA,global_kta,38.0,0.20644113421440125,0.20644113421440125,0.20644113421440125,5
checkerboard,quackKTA,global_kta,38.0,0.20644113421440125,0.20644113421440125,0.20644113421440125,5
checkerboard,quackKTA,global_kta,38.0,0.20644113421440125,0.20644113421440125,0.20644113421440125,5
checkerboard,quackKTA,global_kta,38.0,0.20644113421440125,0.20644113421440125,0.20644113421440125,5
checkerboard,quackKTA,global_kta,39.0,0.24981589615345,0.24981589615345,0.24981589615345,5
checkerboard,quackKTA,global_kta,39.0,0.24981589615345,0.24981589615345,0.24981589615345,5
checkerboard,quackKTA,global_kta,39.0,0.24981589615345,0.24981589615345,0.24981589615345,5
checkerboard,quackKTA,global_kta,39.0,0.24981589615345,0.24981589615345,0.24981589615345,5
checkerboard,quackKTA,global_kta,39.0,0.24981589615345,0.24981589615345,0.24981589615345,5
checkerboard,quackKTA,global_kta,39.0,0.24981589615345,0.24981589615345,0.24981589615345,5
checkerboard,quackKTA,global_kta,39.0,0.20644113421440125,0.20644113421440125,0.20644113421440125,5
checkerboard,quackKTA,global_kta,39.0,0.20644113421440125,0.20644113421440125,0.20644113421440125,5
checkerboard,quackKTA,global_kta,39.0,0.20644113421440125,0.20644113421440125,0.20644113421440125,5
checkerboard,quackKTA,global_kta,39.0,0.24981589615345,0.24981589615345,0.24981589615345,5
checkerboard,quackKTA,global_kta,40.0,0.24981589615345,0.24981589615345,0.24981589615345,5
checkerboard,quackKTA,global_kta,40.0,0.24981589615345,0.24981589615345,0.24981589615345,5
checkerboard,quackKTA,global_kta,40.0,0.24981589615345,0.24981589615345,0.24981589615345,5
checkerboard,quackKTA,global_kta,40.0,0.24981589615345,0.24981589615345,0.24981589615345,5
checkerboard,quackKTA,global_kta,40.0,0.24981589615345,0.24981589615345,0.24981589615345,5
checkerboard,quackKTA,global_kta,40.0,0.24981589615345,0.24981589615345,0.24981589615345,5
checkerboard,quackKTA,global_kta,40.0,0.24981589615345,0.24981589615345,0.24981589615345,5
checkerboard,quackKTA,global_kta,40.0,0.24981589615345,0.24981589615345,0.24981589615345,5
checkerboard,quackKTA,global_kta,40.0,0.24981589615345,0.24981589615345,0.24981589615345,5
checkerboard,quackKTA,global_kta,40.0,0.24981589615345,0.24981589615345,0.24981589615345,5
checkerboard,quackKTA,global_kta,41.0,0.29681774973869324,0.29681774973869324,0.29681774973869324,5
checkerboard,quackKTA,global_kta,41.0,0.29681774973869324,0.29681774973869324,0.29681774973869324,5
checkerboard,quackKTA,global_kta,41.0,0.29681774973869324,0.29681774973869324,0.29681774973869324,5
checkerboard,quackKTA,global_kta,41.0,0.29681774973869324,0.29681774973869324,0.29681774973869324,5
checkerboard,quackKTA,global_kta,41.0,0.29681774973869324,0.29681774973869324,0.29681774973869324,5
checkerboard,quackKTA,global_kta,41.0,0.24981589615345,0.24981589615345,0.24981589615345,5
checkerboard,quackKTA,global_kta,41.0,0.24981589615345,0.24981589615345,0.24981589615345,5
checkerboard,quackKTA,global_kta,41.0,0.24981589615345,0.24981589615345,0.24981589615345,5
checkerboard,quackKTA,global_kta,41.0,0.24981589615345,0.24981589615345,0.24981589615345,5
checkerboard,quackKTA,global_kta,41.0,0.29681774973869324,0.29681774973869324,0.29681774973869324,5
checkerboard,quackKTA,global_kta,42.0,0.29681774973869324,0.29681774973869324,0.29681774973869324,5
checkerboard,quackKTA,global_kta,42.0,0.29681774973869324,0.29681774973869324,0.29681774973869324,5
checkerboard,quackKTA,global_kta,42.0,0.29681774973869324,0.29681774973869324,0.29681774973869324,5
checkerboard,quackKTA,global_kta,42.0,0.29681774973869324,0.29681774973869324,0.29681774973869324,5
checkerboard,quackKTA,global_kta,42.0,0.29681774973869324,0.29681774973869324,0.29681774973869324,5
checkerboard,quackKTA,global_kta,42.0,0.29681774973869324,0.29681774973869324,0.29681774973869324,5
checkerboard,quackKTA,global_kta,42.0,0.29681774973869324,0.29681774973869324,0.29681774973869324,5
checkerboard,quackKTA,global_kta,42.0,0.29681774973869324,0.29681774973869324,0.29681774973869324,5
checkerboard,quackKTA,global_kta,42.0,0.29681774973869324,0.29681774973869324,0.29681774973869324,5
checkerboard,quackKTA,global_kta,42.0,0.29681774973869324,0.29681774973869324,0.29681774973869324,5
checkerboard,quackKTA,global_kta,43.0,0.338076114654541,0.338076114654541,0.338076114654541,5
checkerboard,quackKTA,global_kta,43.0,0.338076114654541,0.338076114654541,0.338076114654541,5
checkerboard,quackKTA,global_kta,43.0,0.338076114654541,0.338076114654541,0.338076114654541,5
checkerboard,quackKTA,global_kta,43.0,0.338076114654541,0.338076114654541,0.338076114654541,5
checkerboard,quackKTA,global_kta,43.0,0.338076114654541,0.338076114654541,0.338076114654541,5
checkerboard,quackKTA,global_kta,43.0,0.29681774973869324,0.29681774973869324,0.29681774973869324,5
checkerboard,quackKTA,global_kta,43.0,0.29681774973869324,0.29681774973869324,0.29681774973869324,5
checkerboard,quackKTA,global_kta,43.0,0.29681774973869324,0.29681774973869324,0.29681774973869324,5
checkerboard,quackKTA,global_kta,43.0,0.29681774973869324,0.29681774973869324,0.29681774973869324,5
checkerboard,quackKTA,global_kta,43.0,0.338076114654541,0.338076114654541,0.338076114654541,5
checkerboard,quackKTA,global_kta,44.0,0.338076114654541,0.338076114654541,0.338076114654541,5
checkerboard,quackKTA,global_kta,44.0,0.338076114654541,0.338076114654541,0.338076114654541,5
checkerboard,quackKTA,global_kta,44.0,0.338076114654541,0.338076114654541,0.338076114654541,5
checkerboard,quackKTA,global_kta,44.0,0.338076114654541,0.338076114654541,0.338076114654541,5
checkerboard,quackKTA,global_kta,44.0,0.338076114654541,0.338076114654541,0.338076114654541,5
checkerboard,quackKTA,global_kta,44.0,0.338076114654541,0.338076114654541,0.338076114654541,5
checkerboard,quackKTA,global_kta,44.0,0.338076114654541,0.338076114654541,0.338076114654541,5
checkerboard,quackKTA,global_kta,44.0,0.338076114654541,0.338076114654541,0.338076114654541,5
checkerboard,quackKTA,global_kta,44.0,0.338076114654541,0.338076114654541,0.338076114654541,5
checkerboard,quackKTA,global_kta,44.0,0.338076114654541,0.338076114654541,0.338076114654541,5
checkerboard,quackKTA,global_kta,45.0,0.3574499785900116,0.3574499785900116,0.3574499785900116,5
checkerboard,quackKTA,global_kta,45.0,0.3574499785900116,0.3574499785900116,0.3574499785900116,5
checkerboard,quackKTA,global_kta,45.0,0.3574499785900116,0.3574499785900116,0.3574499785900116,5
checkerboard,quackKTA,global_kta,45.0,0.3574499785900116,0.3574499785900116,0.3574499785900116,5
checkerboard,quackKTA,global_kta,45.0,0.3574499785900116,0.3574499785900116,0.3574499785900116,5
checkerboard,quackKTA,global_kta,45.0,0.3574499785900116,0.3574499785900116,0.3574499785900116,5
checkerboard,quackKTA,global_kta,45.0,0.338076114654541,0.338076114654541,0.338076114654541,5
checkerboard,quackKTA,global_kta,45.0,0.338076114654541,0.338076114654541,0.338076114654541,5
checkerboard,quackKTA,global_kta,45.0,0.338076114654541,0.338076114654541,0.338076114654541,5
checkerboard,quackKTA,global_kta,45.0,0.338076114654541,0.338076114654541,0.338076114654541,5
checkerboard,quackKTA,global_kta,46.0,0.3574499785900116,0.3574499785900116,0.3574499785900116,5
checkerboard,quackKTA,global_kta,46.0,0.3574499785900116,0.3574499785900116,0.3574499785900116,5
checkerboard,quackKTA,global_kta,46.0,0.3574499785900116,0.3574499785900116,0.3574499785900116,5
checkerboard,quackKTA,global_kta,46.0,0.3574499785900116,0.3574499785900116,0.3574499785900116,5
checkerboard,quackKTA,global_kta,46.0,0.3574499785900116,0.3574499785900116,0.3574499785900116,5
checkerboard,quackKTA,global_kta,46.0,0.3574499785900116,0.3574499785900116,0.3574499785900116,5
checkerboard,quackKTA,global_kta,46.0,0.3574499785900116,0.3574499785900116,0.3574499785900116,5
checkerboard,quackKTA,global_kta,46.0,0.3574499785900116,0.3574499785900116,0.3574499785900116,5
checkerboard,quackKTA,global_kta,46.0,0.3574499785900116,0.3574499785900116,0.3574499785900116,5
checkerboard,quackKTA,global_kta,46.0,0.3574499785900116,0.3574499785900116,0.3574499785900116,5
checkerboard,quackKTA,global_kta,47.0,0.37256547808647156,0.37256547808647156,0.37256547808647156,5
checkerboard,quackKTA,global_kta,47.0,0.37256547808647156,0.37256547808647156,0.37256547808647156,5
checkerboard,quackKTA,global_kta,47.0,0.37256547808647156,0.37256547808647156,0.37256547808647156,5
checkerboard,quackKTA,global_kta,47.0,0.37256547808647156,0.37256547808647156,0.37256547808647156,5
checkerboard,quackKTA,global_kta,47.0,0.37256547808647156,0.37256547808647156,0.37256547808647156,5
checkerboard,quackKTA,global_kta,47.0,0.3574499785900116,0.3574499785900116,0.3574499785900116,5
checkerboard,quackKTA,global_kta,47.0,0.3574499785900116,0.3574499785900116,0.3574499785900116,5
checkerboard,quackKTA,global_kta,47.0,0.3574499785900116,0.3574499785900116,0.3574499785900116,5
checkerboard,quackKTA,global_kta,47.0,0.3574499785900116,0.3574499785900116,0.3574499785900116,5
checkerboard,quackKTA,global_kta,47.0,0.37256547808647156,0.37256547808647156,0.37256547808647156,5
checkerboard,quackKTA,global_kta,48.0,0.37256547808647156,0.37256547808647156,0.37256547808647156,5
checkerboard,quackKTA,global_kta,48.0,0.37256547808647156,0.37256547808647156,0.37256547808647156,5
checkerboard,quackKTA,global_kta,48.0,0.37256547808647156,0.37256547808647156,0.37256547808647156,5
checkerboard,quackKTA,global_kta,48.0,0.37256547808647156,0.37256547808647156,0.37256547808647156,5
checkerboard,quackKTA,global_kta,48.0,0.37256547808647156,0.37256547808647156,0.37256547808647156,5
checkerboard,quackKTA,global_kta,48.0,0.37256547808647156,0.37256547808647156,0.37256547808647156,5
checkerboard,quackKTA,global_kta,48.0,0.37256547808647156,0.37256547808647156,0.37256547808647156,5
checkerboard,quackKTA,global_kta,48.0,0.37256547808647156,0.37256547808647156,0.37256547808647156,5
checkerboard,quackKTA,global_kta,48.0,0.37256547808647156,0.37256547808647156,0.37256547808647156,5
checkerboard,quackKTA,global_kta,48.0,0.37256547808647156,0.37256547808647156,0.37256547808647156,5
checkerboard,quackKTA,global_kta,49.0,0.38025352358818054,0.38025352358818054,0.38025352358818054,5
checkerboard,quackKTA,global_kta,49.0,0.38025352358818054,0.38025352358818054,0.38025352358818054,5
checkerboard,quackKTA,global_kta,49.0,0.38025352358818054,0.38025352358818054,0.38025352358818054,5
checkerboard,quackKTA,global_kta,49.0,0.38025352358818054,0.38025352358818054,0.38025352358818054,5
checkerboard,quackKTA,global_kta,49.0,0.38025352358818054,0.38025352358818054,0.38025352358818054,5
checkerboard,quackKTA,global_kta,49.0,0.38025352358818054,0.38025352358818054,0.38025352358818054,5
checkerboard,quackKTA,global_kta,49.0,0.37256547808647156,0.37256547808647156,0.37256547808647156,5
checkerboard,quackKTA,global_kta,49.0,0.37256547808647156,0.37256547808647156,0.37256547808647156,5
checkerboard,quackKTA,global_kta,49.0,0.37256547808647156,0.37256547808647156,0.37256547808647156,5
checkerboard,quackKTA,global_kta,49.0,0.37256547808647156,0.37256547808647156,0.37256547808647156,5
checkerboard,quackKTA,global_kta,50.0,0.38025352358818054,0.38025352358818054,0.38025352358818054,5
checkerboard,quackKTA,global_kta,50.0,0.38025352358818054,0.38025352358818054,0.38025352358818054,5
checkerboard,quackKTA,global_kta,50.0,0.38025352358818054,0.38025352358818054,0.38025352358818054,5
checkerboard,quackKTA,global_kta,50.0,0.38025352358818054,0.38025352358818054,0.38025352358818054,5
checkerboard,quackKTA,global_kta,50.0,0.38025352358818054,0.38025352358818054,0.38025352358818054,5
checkerboard,quackKTA,global_kta,50.0,0.38025352358818054,0.38025352358818054,0.38025352358818054,5
checkerboard,quackKTA,global_kta,50.0,0.38025352358818054,0.38025352358818054,0.38025352358818054,5
checkerboard,quackKTA,global_kta,50.0,0.38025352358818054,0.38025352358818054,0.38025352358818054,5
checkerboard,quackKTA,global_kta,50.0,0.38025352358818054,0.38025352358818054,0.38025352358818054,5
checkerboard,quackKTA,global_kta,50.0,0.38025352358818054,0.38025352358818054,0.38025352358818054,5
checkerboard,quackKTA,global_kta,51.0,0.38251811265945435,0.38251811265945435,0.38251811265945435,5
checkerboard,quackKTA,global_kta,51.0,0.38251811265945435,0.38251811265945435,0.38251811265945435,5
checkerboard,quackKTA,global_kta,51.0,0.38251811265945435,0.38251811265945435,0.38251811265945435,5
checkerboard,quackKTA,global_kta,51.0,0.38251811265945435,0.38251811265945435,0.38251811265945435,5
checkerboard,quackKTA,global_kta,51.0,0.38251811265945435,0.38251811265945435,0.38251811265945435,5
checkerboard,quackKTA,global_kta,51.0,0.38025352358818054,0.38025352358818054,0.38025352358818054,5
checkerboard,quackKTA,global_kta,51.0,0.38025352358818054,0.38025352358818054,0.38025352358818054,5
checkerboard,quackKTA,global_kta,51.0,0.38025352358818054,0.38025352358818054,0.38025352358818054,5
checkerboard,quackKTA,global_kta,51.0,0.38025352358818054,0.38025352358818054,0.38025352358818054,5
checkerboard,quackKTA,global_kta,51.0,0.38025352358818054,0.38025352358818054,0.38025352358818054,5
checkerboard,quackKTA,global_kta,52.0,0.38251811265945435,0.38251811265945435,0.38251811265945435,5
checkerboard,quackKTA,global_kta,52.0,0.38251811265945435,0.38251811265945435,0.38251811265945435,5
checkerboard,quackKTA,global_kta,52.0,0.38251811265945435,0.38251811265945435,0.38251811265945435,5
checkerboard,quackKTA,global_kta,52.0,0.38251811265945435,0.38251811265945435,0.38251811265945435,5
checkerboard,quackKTA,global_kta,52.0,0.38251811265945435,0.38251811265945435,0.38251811265945435,5
checkerboard,quackKTA,global_kta,52.0,0.38251811265945435,0.38251811265945435,0.38251811265945435,5
checkerboard,quackKTA,global_kta,52.0,0.38251811265945435,0.38251811265945435,0.38251811265945435,5
checkerboard,quackKTA,global_kta,52.0,0.38251811265945435,0.38251811265945435,0.38251811265945435,5
checkerboard,quackKTA,global_kta,52.0,0.38251811265945435,0.38251811265945435,0.38251811265945435,5
checkerboard,quackKTA,global_kta,52.0,0.38251811265945435,0.38251811265945435,0.38251811265945435,5
checkerboard,quackKTA,global_kta,53.0,0.3853170573711395,0.3853170573711395,0.3853170573711395,5
checkerboard,quackKTA,global_kta,53.0,0.3853170573711395,0.3853170573711395,0.3853170573711395,5
checkerboard,quackKTA,global_kta,53.0,0.3853170573711395,0.3853170573711395,0.3853170573711395,5
checkerboard,quackKTA,global_kta,53.0,0.3853170573711395,0.3853170573711395,0.3853170573711395,5
checkerboard,quackKTA,global_kta,53.0,0.3853170573711395,0.3853170573711395,0.3853170573711395,5
checkerboard,quackKTA,global_kta,53.0,0.38251811265945435,0.38251811265945435,0.38251811265945435,5
checkerboard,quackKTA,global_kta,53.0,0.38251811265945435,0.38251811265945435,0.38251811265945435,5
checkerboard,quackKTA,global_kta,53.0,0.38251811265945435,0.38251811265945435,0.38251811265945435,5
checkerboard,quackKTA,global_kta,53.0,0.38251811265945435,0.38251811265945435,0.38251811265945435,5
checkerboard,quackKTA,global_kta,53.0,0.38251811265945435,0.38251811265945435,0.38251811265945435,5
checkerboard,quackKTA,global_kta,54.0,0.3853170573711395,0.3853170573711395,0.3853170573711395,5
checkerboard,quackKTA,global_kta,54.0,0.3853170573711395,0.3853170573711395,0.3853170573711395,5
checkerboard,quackKTA,global_kta,54.0,0.3853170573711395,0.3853170573711395,0.3853170573711395,5
checkerboard,quackKTA,global_kta,54.0,0.3853170573711395,0.3853170573711395,0.3853170573711395,5
checkerboard,quackKTA,global_kta,54.0,0.3853170573711395,0.3853170573711395,0.3853170573711395,5
checkerboard,quackKTA,global_kta,54.0,0.3853170573711395,0.3853170573711395,0.3853170573711395,5
checkerboard,quackKTA,global_kta,54.0,0.3853170573711395,0.3853170573711395,0.3853170573711395,5
checkerboard,quackKTA,global_kta,54.0,0.3853170573711395,0.3853170573711395,0.3853170573711395,5
checkerboard,quackKTA,global_kta,54.0,0.3853170573711395,0.3853170573711395,0.3853170573711395,5
checkerboard,quackKTA,global_kta,54.0,0.3853170573711395,0.3853170573711395,0.3853170573711395,5
checkerboard,quackKTA,global_kta,55.0,0.38873738050460815,0.38873738050460815,0.38873738050460815,5
checkerboard,quackKTA,global_kta,55.0,0.38873738050460815,0.38873738050460815,0.38873738050460815,5
checkerboard,quackKTA,global_kta,55.0,0.38873738050460815,0.38873738050460815,0.38873738050460815,5
checkerboard,quackKTA,global_kta,55.0,0.38873738050460815,0.38873738050460815,0.38873738050460815,5
checkerboard,quackKTA,global_kta,55.0,0.38873738050460815,0.38873738050460815,0.38873738050460815,5
checkerboard,quackKTA,global_kta,55.0,0.3853170573711395,0.3853170573711395,0.3853170573711395,5
checkerboard,quackKTA,global_kta,55.0,0.3853170573711395,0.3853170573711395,0.3853170573711395,5
checkerboard,quackKTA,global_kta,55.0,0.3853170573711395,0.3853170573711395,0.3853170573711395,5
checkerboard,quackKTA,global_kta,55.0,0.3853170573711395,0.3853170573711395,0.3853170573711395,5
checkerboard,quackKTA,global_kta,55.0,0.3853170573711395,0.3853170573711395,0.3853170573711395,5
checkerboard,quackKTA,global_kta,56.0,0.38873738050460815,0.38873738050460815,0.38873738050460815,5
checkerboard,quackKTA,global_kta,56.0,0.38873738050460815,0.38873738050460815,0.38873738050460815,5
checkerboard,quackKTA,global_kta,56.0,0.38873738050460815,0.38873738050460815,0.38873738050460815,5
checkerboard,quackKTA,global_kta,56.0,0.38873738050460815,0.38873738050460815,0.38873738050460815,5
checkerboard,quackKTA,global_kta,56.0,0.38873738050460815,0.38873738050460815,0.38873738050460815,5
checkerboard,quackKTA,global_kta,56.0,0.38873738050460815,0.38873738050460815,0.38873738050460815,5
checkerboard,quackKTA,global_kta,56.0,0.38873738050460815,0.38873738050460815,0.38873738050460815,5
checkerboard,quackKTA,global_kta,56.0,0.38873738050460815,0.38873738050460815,0.38873738050460815,5
checkerboard,quackKTA,global_kta,56.0,0.38873738050460815,0.38873738050460815,0.38873738050460815,5
checkerboard,quackKTA,global_kta,56.0,0.38873738050460815,0.38873738050460815,0.38873738050460815,5
checkerboard,quackKTA,global_kta,57.0,0.3949008882045746,0.3949008882045746,0.3949008882045746,5
checkerboard,quackKTA,global_kta,57.0,0.3949008882045746,0.3949008882045746,0.3949008882045746,5
checkerboard,quackKTA,global_kta,57.0,0.3949008882045746,0.3949008882045746,0.3949008882045746,5
checkerboard,quackKTA,global_kta,57.0,0.3949008882045746,0.3949008882045746,0.3949008882045746,5
checkerboard,quackKTA,global_kta,57.0,0.3949008882045746,0.3949008882045746,0.3949008882045746,5
checkerboard,quackKTA,global_kta,57.0,0.38873738050460815,0.38873738050460815,0.38873738050460815,5
checkerboard,quackKTA,global_kta,57.0,0.38873738050460815,0.38873738050460815,0.38873738050460815,5
checkerboard,quackKTA,global_kta,57.0,0.38873738050460815,0.38873738050460815,0.38873738050460815,5
checkerboard,quackKTA,global_kta,57.0,0.38873738050460815,0.38873738050460815,0.38873738050460815,5
checkerboard,quackKTA,global_kta,57.0,0.38873738050460815,0.38873738050460815,0.38873738050460815,5
checkerboard,quackKTA,global_kta,58.0,0.3949008882045746,0.3949008882045746,0.3949008882045746,5
checkerboard,quackKTA,global_kta,58.0,0.3949008882045746,0.3949008882045746,0.3949008882045746,5
checkerboard,quackKTA,global_kta,58.0,0.3949008882045746,0.3949008882045746,0.3949008882045746,5
checkerboard,quackKTA,global_kta,58.0,0.3949008882045746,0.3949008882045746,0.3949008882045746,5
checkerboard,quackKTA,global_kta,58.0,0.3949008882045746,0.3949008882045746,0.3949008882045746,5
checkerboard,quackKTA,global_kta,58.0,0.3949008882045746,0.3949008882045746,0.3949008882045746,5
checkerboard,quackKTA,global_kta,58.0,0.3949008882045746,0.3949008882045746,0.3949008882045746,5
checkerboard,quackKTA,global_kta,58.0,0.3949008882045746,0.3949008882045746,0.3949008882045746,5
checkerboard,quackKTA,global_kta,58.0,0.3949008882045746,0.3949008882045746,0.3949008882045746,5
checkerboard,quackKTA,global_kta,58.0,0.3949008882045746,0.3949008882045746,0.3949008882045746,5
checkerboard,quackKTA,global_kta,59.0,0.40073803067207336,0.40073803067207336,0.40073803067207336,5
checkerboard,quackKTA,global_kta,59.0,0.40073803067207336,0.40073803067207336,0.40073803067207336,5
checkerboard,quackKTA,global_kta,59.0,0.40073803067207336,0.40073803067207336,0.40073803067207336,5
checkerboard,quackKTA,global_kta,59.0,0.40073803067207336,0.40073803067207336,0.40073803067207336,5
checkerboard,quackKTA,global_kta,59.0,0.40073803067207336,0.40073803067207336,0.40073803067207336,5
checkerboard,quackKTA,global_kta,59.0,0.3949008882045746,0.3949008882045746,0.3949008882045746,5
checkerboard,quackKTA,global_kta,59.0,0.3949008882045746,0.3949008882045746,0.3949008882045746,5
checkerboard,quackKTA,global_kta,59.0,0.3949008882045746,0.3949008882045746,0.3949008882045746,5
checkerboard,quackKTA,global_kta,59.0,0.3949008882045746,0.3949008882045746,0.3949008882045746,5
checkerboard,quackKTA,global_kta,59.0,0.3949008882045746,0.3949008882045746,0.3949008882045746,5
checkerboard,quackKTA,global_kta,60.0,0.40073803067207336,0.40073803067207336,0.40073803067207336,5
checkerboard,quackKTA,global_kta,60.0,0.40073803067207336,0.40073803067207336,0.40073803067207336,5
checkerboard,quackKTA,global_kta,60.0,0.40073803067207336,0.40073803067207336,0.40073803067207336,5
checkerboard,quackKTA,global_kta,60.0,0.40073803067207336,0.40073803067207336,0.40073803067207336,5
checkerboard,quackKTA,global_kta,60.0,0.40073803067207336,0.40073803067207336,0.40073803067207336,5
checkerboard,quackKTA,global_kta,60.0,0.40073803067207336,0.40073803067207336,0.40073803067207336,5
checkerboard,quackKTA,global_kta,60.0,0.40073803067207336,0.40073803067207336,0.40073803067207336,5
checkerboard,quackKTA,global_kta,60.0,0.40073803067207336,0.40073803067207336,0.40073803067207336,5
checkerboard,quackKTA,global_kta,60.0,0.40073803067207336,0.40073803067207336,0.40073803067207336,5
checkerboard,quackKTA,global_kta,60.0,0.40073803067207336,0.40073803067207336,0.40073803067207336,5
checkerboard,quackKTA,global_kta,61.0,0.4069384038448334,0.4069384038448334,0.4069384038448334,5
checkerboard,quackKTA,global_kta,61.0,0.4069384038448334,0.4069384038448334,0.4069384038448334,5
checkerboard,quackKTA,global_kta,61.0,0.4069384038448334,0.4069384038448334,0.4069384038448334,5
checkerboard,quackKTA,global_kta,61.0,0.4069384038448334,0.4069384038448334,0.4069384038448334,5
checkerboard,quackKTA,global_kta,61.0,0.40073803067207336,0.40073803067207336,0.40073803067207336,5
checkerboard,quackKTA,global_kta,61.0,0.40073803067207336,0.40073803067207336,0.40073803067207336,5
checkerboard,quackKTA,global_kta,61.0,0.40073803067207336,0.40073803067207336,0.40073803067207336,5
checkerboard,quackKTA,global_kta,61.0,0.40073803067207336,0.40073803067207336,0.40073803067207336,5
checkerboard,quackKTA,global_kta,61.0,0.40073803067207336,0.40073803067207336,0.40073803067207336,5
checkerboard,quackKTA,global_kta,61.0,0.40073803067207336,0.40073803067207336,0.40073803067207336,5
checkerboard,quackKTA,global_kta,62.0,0.4069384038448334,0.4069384038448334,0.4069384038448334,5
checkerboard,quackKTA,global_kta,62.0,0.4069384038448334,0.4069384038448334,0.4069384038448334,5
checkerboard,quackKTA,global_kta,62.0,0.4069384038448334,0.4069384038448334,0.4069384038448334,5
checkerboard,quackKTA,global_kta,62.0,0.4069384038448334,0.4069384038448334,0.4069384038448334,5
checkerboard,quackKTA,global_kta,62.0,0.4069384038448334,0.4069384038448334,0.4069384038448334,5
checkerboard,quackKTA,global_kta,62.0,0.4069384038448334,0.4069384038448334,0.4069384038448334,5
checkerboard,quackKTA,global_kta,62.0,0.4069384038448334,0.4069384038448334,0.4069384038448334,5
checkerboard,quackKTA,global_kta,62.0,0.4069384038448334,0.4069384038448334,0.4069384038448334,5
checkerboard,quackKTA,global_kta,62.0,0.4069384038448334,0.4069384038448334,0.4069384038448334,5
checkerboard,quackKTA,global_kta,62.0,0.4069384038448334,0.4069384038448334,0.4069384038448334,5
checkerboard,quackKTA,global_kta,63.0,0.4109956622123718,0.4109956622123718,0.4109956622123718,5
checkerboard,quackKTA,global_kta,63.0,0.4109956622123718,0.4109956622123718,0.4109956622123718,5
checkerboard,quackKTA,global_kta,63.0,0.4109956622123718,0.4109956622123718,0.4109956622123718,5
checkerboard,quackKTA,global_kta,63.0,0.4069384038448334,0.4069384038448334,0.4069384038448334,5
checkerboard,quackKTA,global_kta,63.0,0.4109956622123718,0.4109956622123718,0.4109956622123718,5
checkerboard,quackKTA,global_kta,63.0,0.4069384038448334,0.4069384038448334,0.4069384038448334,5
checkerboard,quackKTA,global_kta,63.0,0.4069384038448334,0.4069384038448334,0.4069384038448334,5
checkerboard,quackKTA,global_kta,63.0,0.4069384038448334,0.4069384038448334,0.4069384038448334,5
checkerboard,quackKTA,global_kta,63.0,0.4069384038448334,0.4069384038448334,0.4069384038448334,5
checkerboard,quackKTA,global_kta,63.0,0.4069384038448334,0.4069384038448334,0.4069384038448334,5
checkerboard,quackKTA,global_kta,64.0,0.4109956622123718,0.4109956622123718,0.4109956622123718,5
checkerboard,quackKTA,global_kta,64.0,0.4109956622123718,0.4109956622123718,0.4109956622123718,5
checkerboard,quackKTA,global_kta,64.0,0.4109956622123718,0.4109956622123718,0.4109956622123718,5
checkerboard,quackKTA,global_kta,64.0,0.4109956622123718,0.4109956622123718,0.4109956622123718,5
checkerboard,quackKTA,global_kta,64.0,0.4109956622123718,0.4109956622123718,0.4109956622123718,5
checkerboard,quackKTA,global_kta,64.0,0.4109956622123718,0.4109956622123718,0.4109956622123718,5
checkerboard,quackKTA,global_kta,64.0,0.4109956622123718,0.4109956622123718,0.4109956622123718,5
checkerboard,quackKTA,global_kta,64.0,0.4109956622123718,0.4109956622123718,0.4109956622123718,5
checkerboard,quackKTA,global_kta,64.0,0.4109956622123718,0.4109956622123718,0.4109956622123718,5
checkerboard,quackKTA,global_kta,64.0,0.4109956622123718,0.4109956622123718,0.4109956622123718,5
checkerboard,quackKTA,global_kta,65.0,0.41315537691116333,0.41315537691116333,0.41315537691116333,5
checkerboard,quackKTA,global_kta,65.0,0.41315537691116333,0.41315537691116333,0.41315537691116333,5
checkerboard,quackKTA,global_kta,65.0,0.41315537691116333,0.41315537691116333,0.41315537691116333,5
checkerboard,quackKTA,global_kta,65.0,0.41315537691116333,0.41315537691116333,0.41315537691116333,5
checkerboard,quackKTA,global_kta,65.0,0.4109956622123718,0.4109956622123718,0.4109956622123718,5
checkerboard,quackKTA,global_kta,65.0,0.4109956622123718,0.4109956622123718,0.4109956622123718,5
checkerboard,quackKTA,global_kta,65.0,0.4109956622123718,0.4109956622123718,0.4109956622123718,5
checkerboard,quackKTA,global_kta,65.0,0.4109956622123718,0.4109956622123718,0.4109956622123718,5
checkerboard,quackKTA,global_kta,65.0,0.4109956622123718,0.4109956622123718,0.4109956622123718,5
checkerboard,quackKTA,global_kta,65.0,0.4109956622123718,0.4109956622123718,0.4109956622123718,5
checkerboard,quackKTA,global_kta,66.0,0.41315537691116333,0.41315537691116333,0.41315537691116333,5
checkerboard,quackKTA,global_kta,66.0,0.41315537691116333,0.41315537691116333,0.41315537691116333,5
checkerboard,quackKTA,global_kta,66.0,0.41315537691116333,0.41315537691116333,0.41315537691116333,5
checkerboard,quackKTA,global_kta,66.0,0.41315537691116333,0.41315537691116333,0.41315537691116333,5
checkerboard,quackKTA,global_kta,66.0,0.41315537691116333,0.41315537691116333,0.41315537691116333,5
checkerboard,quackKTA,global_kta,66.0,0.41315537691116333,0.41315537691116333,0.41315537691116333,5
checkerboard,quackKTA,global_kta,66.0,0.41315537691116333,0.41315537691116333,0.41315537691116333,5
checkerboard,quackKTA,global_kta,66.0,0.41315537691116333,0.41315537691116333,0.41315537691116333,5
checkerboard,quackKTA,global_kta,66.0,0.41315537691116333,0.41315537691116333,0.41315537691116333,5
checkerboard,quackKTA,global_kta,66.0,0.41315537691116333,0.41315537691116333,0.41315537691116333,5
checkerboard,quackKTA,global_kta,67.0,0.4139149785041809,0.4139149785041809,0.4139149785041809,5
checkerboard,quackKTA,global_kta,67.0,0.4139149785041809,0.4139149785041809,0.4139149785041809,5
checkerboard,quackKTA,global_kta,67.0,0.4139149785041809,0.4139149785041809,0.4139149785041809,5
checkerboard,quackKTA,global_kta,67.0,0.4139149785041809,0.4139149785041809,0.4139149785041809,5
checkerboard,quackKTA,global_kta,67.0,0.41315537691116333,0.41315537691116333,0.41315537691116333,5
checkerboard,quackKTA,global_kta,67.0,0.41315537691116333,0.41315537691116333,0.41315537691116333,5
checkerboard,quackKTA,global_kta,67.0,0.41315537691116333,0.41315537691116333,0.41315537691116333,5
checkerboard,quackKTA,global_kta,67.0,0.41315537691116333,0.41315537691116333,0.41315537691116333,5
checkerboard,quackKTA,global_kta,67.0,0.41315537691116333,0.41315537691116333,0.41315537691116333,5
checkerboard,quackKTA,global_kta,67.0,0.41315537691116333,0.41315537691116333,0.41315537691116333,5
checkerboard,quackKTA,global_kta,68.0,0.4139149785041809,0.4139149785041809,0.4139149785041809,5
checkerboard,quackKTA,global_kta,68.0,0.4139149785041809,0.4139149785041809,0.4139149785041809,5
checkerboard,quackKTA,global_kta,68.0,0.4139149785041809,0.4139149785041809,0.4139149785041809,5
checkerboard,quackKTA,global_kta,68.0,0.4139149785041809,0.4139149785041809,0.4139149785041809,5
checkerboard,quackKTA,global_kta,68.0,0.4139149785041809,0.4139149785041809,0.4139149785041809,5
checkerboard,quackKTA,global_kta,68.0,0.4139149785041809,0.4139149785041809,0.4139149785041809,5
checkerboard,quackKTA,global_kta,68.0,0.4139149785041809,0.4139149785041809,0.4139149785041809,5
checkerboard,quackKTA,global_kta,68.0,0.4139149785041809,0.4139149785041809,0.4139149785041809,5
checkerboard,quackKTA,global_kta,68.0,0.4139149785041809,0.4139149785041809,0.4139149785041809,5
checkerboard,quackKTA,global_kta,68.0,0.4139149785041809,0.4139149785041809,0.4139149785041809,5
checkerboard,quackKTA,global_kta,69.0,0.41385698318481445,0.41385698318481445,0.41385698318481445,5
checkerboard,quackKTA,global_kta,69.0,0.41385698318481445,0.41385698318481445,0.41385698318481445,5
checkerboard,quackKTA,global_kta,69.0,0.41385698318481445,0.41385698318481445,0.41385698318481445,5
checkerboard,quackKTA,global_kta,69.0,0.4139149785041809,0.4139149785041809,0.4139149785041809,5
checkerboard,quackKTA,global_kta,69.0,0.41385698318481445,0.41385698318481445,0.41385698318481445,5
checkerboard,quackKTA,global_kta,69.0,0.4139149785041809,0.4139149785041809,0.4139149785041809,5
checkerboard,quackKTA,global_kta,69.0,0.4139149785041809,0.4139149785041809,0.4139149785041809,5
checkerboard,quackKTA,global_kta,69.0,0.4139149785041809,0.4139149785041809,0.4139149785041809,5
checkerboard,quackKTA,global_kta,69.0,0.4139149785041809,0.4139149785041809,0.4139149785041809,5
checkerboard,quackKTA,global_kta,69.0,0.4139149785041809,0.4139149785041809,0.4139149785041809,5
checkerboard,quackKTA,global_kta,70.0,0.41385698318481445,0.41385698318481445,0.41385698318481445,5
checkerboard,quackKTA,global_kta,70.0,0.41385698318481445,0.41385698318481445,0.41385698318481445,5
checkerboard,quackKTA,global_kta,70.0,0.41385698318481445,0.41385698318481445,0.41385698318481445,5
checkerboard,quackKTA,global_kta,70.0,0.41385698318481445,0.41385698318481445,0.41385698318481445,5
checkerboard,quackKTA,global_kta,70.0,0.41385698318481445,0.41385698318481445,0.41385698318481445,5
checkerboard,quackKTA,global_kta,70.0,0.41385698318481445,0.41385698318481445,0.41385698318481445,5
checkerboard,quackKTA,global_kta,70.0,0.41385698318481445,0.41385698318481445,0.41385698318481445,5
checkerboard,quackKTA,global_kta,70.0,0.41385698318481445,0.41385698318481445,0.41385698318481445,5
checkerboard,quackKTA,global_kta,70.0,0.41385698318481445,0.41385698318481445,0.41385698318481445,5
checkerboard,quackKTA,global_kta,70.0,0.41385698318481445,0.41385698318481445,0.41385698318481445,5
checkerboard,quackKTA,global_kta,71.0,0.41385698318481445,0.41385698318481445,0.41385698318481445,5
checkerboard,quackKTA,global_kta,71.0,0.4131079316139221,0.4131079316139221,0.4131079316139221,5
checkerboard,quackKTA,global_kta,71.0,0.4131079316139221,0.4131079316139221,0.4131079316139221,5
checkerboard,quackKTA,global_kta,71.0,0.41385698318481445,0.41385698318481445,0.41385698318481445,5
checkerboard,quackKTA,global_kta,71.0,0.4131079316139221,0.4131079316139221,0.4131079316139221,5
checkerboard,quackKTA,global_kta,71.0,0.41385698318481445,0.41385698318481445,0.41385698318481445,5
checkerboard,quackKTA,global_kta,71.0,0.41385698318481445,0.41385698318481445,0.41385698318481445,5
checkerboard,quackKTA,global_kta,71.0,0.41385698318481445,0.41385698318481445,0.41385698318481445,5
checkerboard,quackKTA,global_kta,71.0,0.41385698318481445,0.41385698318481445,0.41385698318481445,5
checkerboard,quackKTA,global_kta,71.0,0.41385698318481445,0.41385698318481445,0.41385698318481445,5
checkerboard,quackKTA,global_kta,72.0,0.4131079316139221,0.4131079316139221,0.4131079316139221,5
checkerboard,quackKTA,global_kta,72.0,0.4131079316139221,0.4131079316139221,0.4131079316139221,5
checkerboard,quackKTA,global_kta,72.0,0.4131079316139221,0.4131079316139221,0.4131079316139221,5
checkerboard,quackKTA,global_kta,72.0,0.4131079316139221,0.4131079316139221,0.4131079316139221,5
checkerboard,quackKTA,global_kta,72.0,0.4131079316139221,0.4131079316139221,0.4131079316139221,5
checkerboard,quackKTA,global_kta,72.0,0.4131079316139221,0.4131079316139221,0.4131079316139221,5
checkerboard,quackKTA,global_kta,72.0,0.4131079316139221,0.4131079316139221,0.4131079316139221,5
checkerboard,quackKTA,global_kta,72.0,0.4131079316139221,0.4131079316139221,0.4131079316139221,5
checkerboard,quackKTA,global_kta,72.0,0.4131079316139221,0.4131079316139221,0.4131079316139221,5
checkerboard,quackKTA,global_kta,72.0,0.4131079316139221,0.4131079316139221,0.4131079316139221,5
checkerboard,quackKTA,global_kta,73.0,0.41196244955062866,0.41196244955062866,0.41196244955062866,5
checkerboard,quackKTA,global_kta,73.0,0.41196244955062866,0.41196244955062866,0.41196244955062866,5
checkerboard,quackKTA,global_kta,73.0,0.41196244955062866,0.41196244955062866,0.41196244955062866,5
checkerboard,quackKTA,global_kta,73.0,0.4131079316139221,0.4131079316139221,0.4131079316139221,5
checkerboard,quackKTA,global_kta,73.0,0.4131079316139221,0.4131079316139221,0.4131079316139221,5
checkerboard,quackKTA,global_kta,73.0,0.4131079316139221,0.4131079316139221,0.4131079316139221,5
checkerboard,quackKTA,global_kta,73.0,0.4131079316139221,0.4131079316139221,0.4131079316139221,5
checkerboard,quackKTA,global_kta,73.0,0.4131079316139221,0.4131079316139221,0.4131079316139221,5
checkerboard,quackKTA,global_kta,73.0,0.4131079316139221,0.4131079316139221,0.4131079316139221,5
checkerboard,quackKTA,global_kta,73.0,0.4131079316139221,0.4131079316139221,0.4131079316139221,5
checkerboard,quackKTA,global_kta,74.0,0.41196244955062866,0.41196244955062866,0.41196244955062866,5
checkerboard,quackKTA,global_kta,74.0,0.41196244955062866,0.41196244955062866,0.41196244955062866,5
checkerboard,quackKTA,global_kta,74.0,0.41196244955062866,0.41196244955062866,0.41196244955062866,5
checkerboard,quackKTA,global_kta,74.0,0.41196244955062866,0.41196244955062866,0.41196244955062866,5
checkerboard,quackKTA,global_kta,74.0,0.41196244955062866,0.41196244955062866,0.41196244955062866,5
checkerboard,quackKTA,global_kta,74.0,0.41196244955062866,0.41196244955062866,0.41196244955062866,5
checkerboard,quackKTA,global_kta,74.0,0.41196244955062866,0.41196244955062866,0.41196244955062866,5
checkerboard,quackKTA,global_kta,74.0,0.41196244955062866,0.41196244955062866,0.41196244955062866,5
checkerboard,quackKTA,global_kta,74.0,0.41196244955062866,0.41196244955062866,0.41196244955062866,5
checkerboard,quackKTA,global_kta,74.0,0.41196244955062866,0.41196244955062866,0.41196244955062866,5
checkerboard,quackKTA,global_kta,75.0,0.41196244955062866,0.41196244955062866,0.41196244955062866,5
checkerboard,quackKTA,global_kta,75.0,0.41055941581726074,0.41055941581726074,0.41055941581726074,5
checkerboard,quackKTA,global_kta,75.0,0.41055941581726074,0.41055941581726074,0.41055941581726074,5
checkerboard,quackKTA,global_kta,75.0,0.41196244955062866,0.41196244955062866,0.41196244955062866,5
checkerboard,quackKTA,global_kta,75.0,0.41055941581726074,0.41055941581726074,0.41055941581726074,5
checkerboard,quackKTA,global_kta,75.0,0.41196244955062866,0.41196244955062866,0.41196244955062866,5
checkerboard,quackKTA,global_kta,75.0,0.41196244955062866,0.41196244955062866,0.41196244955062866,5
checkerboard,quackKTA,global_kta,75.0,0.41196244955062866,0.41196244955062866,0.41196244955062866,5
checkerboard,quackKTA,global_kta,75.0,0.41196244955062866,0.41196244955062866,0.41196244955062866,5
checkerboard,quackKTA,global_kta,75.0,0.41196244955062866,0.41196244955062866,0.41196244955062866,5
checkerboard,quackKTA,global_kta,76.0,0.41055941581726074,0.41055941581726074,0.41055941581726074,5
checkerboard,quackKTA,global_kta,76.0,0.41055941581726074,0.41055941581726074,0.41055941581726074,5
checkerboard,quackKTA,global_kta,76.0,0.41055941581726074,0.41055941581726074,0.41055941581726074,5
checkerboard,quackKTA,global_kta,76.0,0.41055941581726074,0.41055941581726074,0.41055941581726074,5
checkerboard,quackKTA,global_kta,76.0,0.41055941581726074,0.41055941581726074,0.41055941581726074,5
checkerboard,quackKTA,global_kta,76.0,0.41055941581726074,0.41055941581726074,0.41055941581726074,5
checkerboard,quackKTA,global_kta,76.0,0.41055941581726074,0.41055941581726074,0.41055941581726074,5
checkerboard,quackKTA,global_kta,76.0,0.41055941581726074,0.41055941581726074,0.41055941581726074,5
checkerboard,quackKTA,global_kta,76.0,0.41055941581726074,0.41055941581726074,0.41055941581726074,5
checkerboard,quackKTA,global_kta,76.0,0.41055941581726074,0.41055941581726074,0.41055941581726074,5
checkerboard,quackKTA,global_kta,77.0,0.4090941548347473,0.4090941548347473,0.4090941548347473,5
checkerboard,quackKTA,global_kta,77.0,0.4090941548347473,0.4090941548347473,0.4090941548347473,5
checkerboard,quackKTA,global_kta,77.0,0.4090941548347473,0.4090941548347473,0.4090941548347473,5
checkerboard,quackKTA,global_kta,77.0,0.41055941581726074,0.41055941581726074,0.41055941581726074,5
checkerboard,quackKTA,global_kta,77.0,0.41055941581726074,0.41055941581726074,0.41055941581726074,5
checkerboard,quackKTA,global_kta,77.0,0.41055941581726074,0.41055941581726074,0.41055941581726074,5
checkerboard,quackKTA,global_kta,77.0,0.41055941581726074,0.41055941581726074,0.41055941581726074,5
checkerboard,quackKTA,global_kta,77.0,0.41055941581726074,0.41055941581726074,0.41055941581726074,5
checkerboard,quackKTA,global_kta,77.0,0.41055941581726074,0.41055941581726074,0.41055941581726074,5
checkerboard,quackKTA,global_kta,77.0,0.41055941581726074,0.41055941581726074,0.41055941581726074,5
checkerboard,quackKTA,global_kta,78.0,0.4090941548347473,0.4090941548347473,0.4090941548347473,5
checkerboard,quackKTA,global_kta,78.0,0.4090941548347473,0.4090941548347473,0.4090941548347473,5
checkerboard,quackKTA,global_kta,78.0,0.4090941548347473,0.4090941548347473,0.4090941548347473,5
checkerboard,quackKTA,global_kta,78.0,0.4090941548347473,0.4090941548347473,0.4090941548347473,5
checkerboard,quackKTA,global_kta,78.0,0.4090941548347473,0.4090941548347473,0.4090941548347473,5
checkerboard,quackKTA,global_kta,78.0,0.4090941548347473,0.4090941548347473,0.4090941548347473,5
checkerboard,quackKTA,global_kta,78.0,0.4090941548347473,0.4090941548347473,0.4090941548347473,5
checkerboard,quackKTA,global_kta,78.0,0.4090941548347473,0.4090941548347473,0.4090941548347473,5
checkerboard,quackKTA,global_kta,78.0,0.4090941548347473,0.4090941548347473,0.4090941548347473,5
checkerboard,quackKTA,global_kta,78.0,0.4090941548347473,0.4090941548347473,0.4090941548347473,5
checkerboard,quackKTA,global_kta,79.0,0.40774545073509216,0.40774545073509216,0.40774545073509216,5
checkerboard,quackKTA,global_kta,79.0,0.40774545073509216,0.40774545073509216,0.40774545073509216,5
checkerboard,quackKTA,global_kta,79.0,0.4090941548347473,0.4090941548347473,0.4090941548347473,5
checkerboard,quackKTA,global_kta,79.0,0.4090941548347473,0.4090941548347473,0.4090941548347473,5
checkerboard,quackKTA,global_kta,79.0,0.40774545073509216,0.40774545073509216,0.40774545073509216,5
checkerboard,quackKTA,global_kta,79.0,0.4090941548347473,0.4090941548347473,0.4090941548347473,5
checkerboard,quackKTA,global_kta,79.0,0.4090941548347473,0.4090941548347473,0.4090941548347473,5
checkerboard,quackKTA,global_kta,79.0,0.4090941548347473,0.4090941548347473,0.4090941548347473,5
checkerboard,quackKTA,global_kta,79.0,0.4090941548347473,0.4090941548347473,0.4090941548347473,5
checkerboard,quackKTA,global_kta,79.0,0.4090941548347473,0.4090941548347473,0.4090941548347473,5
checkerboard,quackKTA,global_kta,80.0,0.40774545073509216,0.40774545073509216,0.40774545073509216,5
checkerboard,quackKTA,global_kta,80.0,0.40774545073509216,0.40774545073509216,0.40774545073509216,5
checkerboard,quackKTA,global_kta,80.0,0.40774545073509216,0.40774545073509216,0.40774545073509216,5
checkerboard,quackKTA,global_kta,80.0,0.40774545073509216,0.40774545073509216,0.40774545073509216,5
checkerboard,quackKTA,global_kta,80.0,0.40774545073509216,0.40774545073509216,0.40774545073509216,5
checkerboard,quackKTA,global_kta,80.0,0.40774545073509216,0.40774545073509216,0.40774545073509216,5
checkerboard,quackKTA,global_kta,80.0,0.40774545073509216,0.40774545073509216,0.40774545073509216,5
checkerboard,quackKTA,global_kta,80.0,0.40774545073509216,0.40774545073509216,0.40774545073509216,5
checkerboard,quackKTA,global_kta,80.0,0.40774545073509216,0.40774545073509216,0.40774545073509216,5
checkerboard,quackKTA,global_kta,80.0,0.40774545073509216,0.40774545073509216,0.40774545073509216,5
checkerboard,quackKTA,global_kta,81.0,0.40774545073509216,0.40774545073509216,0.40774545073509216,5
checkerboard,quackKTA,global_kta,81.0,0.40667080879211426,0.40667080879211426,0.40667080879211426,5
checkerboard,quackKTA,global_kta,81.0,0.40774545073509216,0.40774545073509216,0.40774545073509216,5
checkerboard,quackKTA,global_kta,81.0,0.40774545073509216,0.40774545073509216,0.40774545073509216,5
checkerboard,quackKTA,global_kta,81.0,0.40667080879211426,0.40667080879211426,0.40667080879211426,5
checkerboard,quackKTA,global_kta,81.0,0.40774545073509216,0.40774545073509216,0.40774545073509216,5
checkerboard,quackKTA,global_kta,81.0,0.40774545073509216,0.40774545073509216,0.40774545073509216,5
checkerboard,quackKTA,global_kta,81.0,0.40774545073509216,0.40774545073509216,0.40774545073509216,5
checkerboard,quackKTA,global_kta,81.0,0.40774545073509216,0.40774545073509216,0.40774545073509216,5
checkerboard,quackKTA,global_kta,81.0,0.40774545073509216,0.40774545073509216,0.40774545073509216,5
checkerboard,quackKTA,global_kta,82.0,0.40667080879211426,0.40667080879211426,0.40667080879211426,5
checkerboard,quackKTA,global_kta,82.0,0.40667080879211426,0.40667080879211426,0.40667080879211426,5
checkerboard,quackKTA,global_kta,82.0,0.40667080879211426,0.40667080879211426,0.40667080879211426,5
checkerboard,quackKTA,global_kta,82.0,0.40667080879211426,0.40667080879211426,0.40667080879211426,5
checkerboard,quackKTA,global_kta,82.0,0.40667080879211426,0.40667080879211426,0.40667080879211426,5
checkerboard,quackKTA,global_kta,82.0,0.40667080879211426,0.40667080879211426,0.40667080879211426,5
checkerboard,quackKTA,global_kta,82.0,0.40667080879211426,0.40667080879211426,0.40667080879211426,5
checkerboard,quackKTA,global_kta,82.0,0.40667080879211426,0.40667080879211426,0.40667080879211426,5
checkerboard,quackKTA,global_kta,82.0,0.40667080879211426,0.40667080879211426,0.40667080879211426,5
checkerboard,quackKTA,global_kta,82.0,0.40667080879211426,0.40667080879211426,0.40667080879211426,5
checkerboard,quackKTA,global_kta,83.0,0.40598124265670776,0.40598124265670776,0.40598124265670776,5
checkerboard,quackKTA,global_kta,83.0,0.40598124265670776,0.40598124265670776,0.40598124265670776,5
checkerboard,quackKTA,global_kta,83.0,0.40667080879211426,0.40667080879211426,0.40667080879211426,5
checkerboard,quackKTA,global_kta,83.0,0.40667080879211426,0.40667080879211426,0.40667080879211426,5
checkerboard,quackKTA,global_kta,83.0,0.40667080879211426,0.40667080879211426,0.40667080879211426,5
checkerboard,quackKTA,global_kta,83.0,0.40667080879211426,0.40667080879211426,0.40667080879211426,5
checkerboard,quackKTA,global_kta,83.0,0.40667080879211426,0.40667080879211426,0.40667080879211426,5
checkerboard,quackKTA,global_kta,83.0,0.40667080879211426,0.40667080879211426,0.40667080879211426,5
checkerboard,quackKTA,global_kta,83.0,0.40667080879211426,0.40667080879211426,0.40667080879211426,5
checkerboard,quackKTA,global_kta,83.0,0.40667080879211426,0.40667080879211426,0.40667080879211426,5
checkerboard,quackKTA,global_kta,84.0,0.40598124265670776,0.40598124265670776,0.40598124265670776,5
checkerboard,quackKTA,global_kta,84.0,0.40598124265670776,0.40598124265670776,0.40598124265670776,5
checkerboard,quackKTA,global_kta,84.0,0.40598124265670776,0.40598124265670776,0.40598124265670776,5
checkerboard,quackKTA,global_kta,84.0,0.40598124265670776,0.40598124265670776,0.40598124265670776,5
checkerboard,quackKTA,global_kta,84.0,0.40598124265670776,0.40598124265670776,0.40598124265670776,5
checkerboard,quackKTA,global_kta,84.0,0.40598124265670776,0.40598124265670776,0.40598124265670776,5
checkerboard,quackKTA,global_kta,84.0,0.40598124265670776,0.40598124265670776,0.40598124265670776,5
checkerboard,quackKTA,global_kta,84.0,0.40598124265670776,0.40598124265670776,0.40598124265670776,5
checkerboard,quackKTA,global_kta,84.0,0.40598124265670776,0.40598124265670776,0.40598124265670776,5
checkerboard,quackKTA,global_kta,84.0,0.40598124265670776,0.40598124265670776,0.40598124265670776,5
checkerboard,quackKTA,global_kta,85.0,0.40573281049728394,0.40573281049728394,0.40573281049728394,5
checkerboard,quackKTA,global_kta,85.0,0.40573281049728394,0.40573281049728394,0.40573281049728394,5
checkerboard,quackKTA,global_kta,85.0,0.40598124265670776,0.40598124265670776,0.40598124265670776,5
checkerboard,quackKTA,global_kta,85.0,0.40598124265670776,0.40598124265670776,0.40598124265670776,5
checkerboard,quackKTA,global_kta,85.0,0.40598124265670776,0.40598124265670776,0.40598124265670776,5
checkerboard,quackKTA,global_kta,85.0,0.40598124265670776,0.40598124265670776,0.40598124265670776,5
checkerboard,quackKTA,global_kta,85.0,0.40598124265670776,0.40598124265670776,0.40598124265670776,5
checkerboard,quackKTA,global_kta,85.0,0.40598124265670776,0.40598124265670776,0.40598124265670776,5
checkerboard,quackKTA,global_kta,85.0,0.40598124265670776,0.40598124265670776,0.40598124265670776,5
checkerboard,quackKTA,global_kta,85.0,0.40598124265670776,0.40598124265670776,0.40598124265670776,5
checkerboard,quackKTA,global_kta,86.0,0.40573281049728394,0.40573281049728394,0.40573281049728394,5
checkerboard,quackKTA,global_kta,86.0,0.40573281049728394,0.40573281049728394,0.40573281049728394,5
checkerboard,quackKTA,global_kta,86.0,0.40573281049728394,0.40573281049728394,0.40573281049728394,5
checkerboard,quackKTA,global_kta,86.0,0.40573281049728394,0.40573281049728394,0.40573281049728394,5
checkerboard,quackKTA,global_kta,86.0,0.40573281049728394,0.40573281049728394,0.40573281049728394,5
checkerboard,quackKTA,global_kta,86.0,0.40573281049728394,0.40573281049728394,0.40573281049728394,5
checkerboard,quackKTA,global_kta,86.0,0.40573281049728394,0.40573281049728394,0.40573281049728394,5
checkerboard,quackKTA,global_kta,86.0,0.40573281049728394,0.40573281049728394,0.40573281049728394,5
checkerboard,quackKTA,global_kta,86.0,0.40573281049728394,0.40573281049728394,0.40573281049728394,5
checkerboard,quackKTA,global_kta,86.0,0.40573281049728394,0.40573281049728394,0.40573281049728394,5
checkerboard,quackKTA,global_kta,87.0,0.4059217572212219,0.4059217572212219,0.4059217572212219,5
checkerboard,quackKTA,global_kta,87.0,0.4059217572212219,0.4059217572212219,0.4059217572212219,5
checkerboard,quackKTA,global_kta,87.0,0.40573281049728394,0.40573281049728394,0.40573281049728394,5
checkerboard,quackKTA,global_kta,87.0,0.40573281049728394,0.40573281049728394,0.40573281049728394,5
checkerboard,quackKTA,global_kta,87.0,0.40573281049728394,0.40573281049728394,0.40573281049728394,5
checkerboard,quackKTA,global_kta,87.0,0.40573281049728394,0.40573281049728394,0.40573281049728394,5
checkerboard,quackKTA,global_kta,87.0,0.40573281049728394,0.40573281049728394,0.40573281049728394,5
checkerboard,quackKTA,global_kta,87.0,0.40573281049728394,0.40573281049728394,0.40573281049728394,5
checkerboard,quackKTA,global_kta,87.0,0.40573281049728394,0.40573281049728394,0.40573281049728394,5
checkerboard,quackKTA,global_kta,87.0,0.40573281049728394,0.40573281049728394,0.40573281049728394,5
checkerboard,quackKTA,global_kta,88.0,0.4059217572212219,0.4059217572212219,0.4059217572212219,5
checkerboard,quackKTA,global_kta,88.0,0.4059217572212219,0.4059217572212219,0.4059217572212219,5
checkerboard,quackKTA,global_kta,88.0,0.4059217572212219,0.4059217572212219,0.4059217572212219,5
checkerboard,quackKTA,global_kta,88.0,0.4059217572212219,0.4059217572212219,0.4059217572212219,5
checkerboard,quackKTA,global_kta,88.0,0.4059217572212219,0.4059217572212219,0.4059217572212219,5
checkerboard,quackKTA,global_kta,88.0,0.4059217572212219,0.4059217572212219,0.4059217572212219,5
checkerboard,quackKTA,global_kta,88.0,0.4059217572212219,0.4059217572212219,0.4059217572212219,5
checkerboard,quackKTA,global_kta,88.0,0.4059217572212219,0.4059217572212219,0.4059217572212219,5
checkerboard,quackKTA,global_kta,88.0,0.4059217572212219,0.4059217572212219,0.4059217572212219,5
checkerboard,quackKTA,global_kta,88.0,0.4059217572212219,0.4059217572212219,0.4059217572212219,5
checkerboard,quackKTA,global_kta,89.0,0.4065006673336029,0.4065006673336029,0.4065006673336029,5
checkerboard,quackKTA,global_kta,89.0,0.4065006673336029,0.4065006673336029,0.4065006673336029,5
checkerboard,quackKTA,global_kta,89.0,0.4059217572212219,0.4059217572212219,0.4059217572212219,5
checkerboard,quackKTA,global_kta,89.0,0.4059217572212219,0.4059217572212219,0.4059217572212219,5
checkerboard,quackKTA,global_kta,89.0,0.4059217572212219,0.4059217572212219,0.4059217572212219,5
checkerboard,quackKTA,global_kta,89.0,0.4059217572212219,0.4059217572212219,0.4059217572212219,5
checkerboard,quackKTA,global_kta,89.0,0.4059217572212219,0.4059217572212219,0.4059217572212219,5
checkerboard,quackKTA,global_kta,89.0,0.4059217572212219,0.4059217572212219,0.4059217572212219,5
checkerboard,quackKTA,global_kta,89.0,0.4059217572212219,0.4059217572212219,0.4059217572212219,5
checkerboard,quackKTA,global_kta,89.0,0.4059217572212219,0.4059217572212219,0.4059217572212219,5
checkerboard,quackKTA,global_kta,90.0,0.4065006673336029,0.4065006673336029,0.4065006673336029,5
checkerboard,quackKTA,global_kta,90.0,0.4065006673336029,0.4065006673336029,0.4065006673336029,5
checkerboard,quackKTA,global_kta,90.0,0.4065006673336029,0.4065006673336029,0.4065006673336029,5
checkerboard,quackKTA,global_kta,90.0,0.4065006673336029,0.4065006673336029,0.4065006673336029,5
checkerboard,quackKTA,global_kta,90.0,0.4065006673336029,0.4065006673336029,0.4065006673336029,5
checkerboard,quackKTA,global_kta,90.0,0.4065006673336029,0.4065006673336029,0.4065006673336029,5
checkerboard,quackKTA,global_kta,90.0,0.4065006673336029,0.4065006673336029,0.4065006673336029,5
checkerboard,quackKTA,global_kta,90.0,0.4065006673336029,0.4065006673336029,0.4065006673336029,5
checkerboard,quackKTA,global_kta,90.0,0.4065006673336029,0.4065006673336029,0.4065006673336029,5
checkerboard,quackKTA,global_kta,90.0,0.4065006673336029,0.4065006673336029,0.4065006673336029,5
checkerboard,quackKTA,global_kta,91.0,0.4065006673336029,0.4065006673336029,0.4065006673336029,5
checkerboard,quackKTA,global_kta,91.0,0.407389372587204,0.407389372587204,0.407389372587204,5
checkerboard,quackKTA,global_kta,91.0,0.4065006673336029,0.4065006673336029,0.4065006673336029,5
checkerboard,quackKTA,global_kta,91.0,0.4065006673336029,0.4065006673336029,0.4065006673336029,5
checkerboard,quackKTA,global_kta,91.0,0.4065006673336029,0.4065006673336029,0.4065006673336029,5
checkerboard,quackKTA,global_kta,91.0,0.4065006673336029,0.4065006673336029,0.4065006673336029,5
checkerboard,quackKTA,global_kta,91.0,0.4065006673336029,0.4065006673336029,0.4065006673336029,5
checkerboard,quackKTA,global_kta,91.0,0.4065006673336029,0.4065006673336029,0.4065006673336029,5
checkerboard,quackKTA,global_kta,91.0,0.4065006673336029,0.4065006673336029,0.4065006673336029,5
checkerboard,quackKTA,global_kta,91.0,0.4065006673336029,0.4065006673336029,0.4065006673336029,5
checkerboard,quackKTA,global_kta,92.0,0.407389372587204,0.407389372587204,0.407389372587204,5
checkerboard,quackKTA,global_kta,92.0,0.407389372587204,0.407389372587204,0.407389372587204,5
checkerboard,quackKTA,global_kta,92.0,0.407389372587204,0.407389372587204,0.407389372587204,5
checkerboard,quackKTA,global_kta,92.0,0.407389372587204,0.407389372587204,0.407389372587204,5
checkerboard,quackKTA,global_kta,92.0,0.407389372587204,0.407389372587204,0.407389372587204,5
checkerboard,quackKTA,global_kta,92.0,0.407389372587204,0.407389372587204,0.407389372587204,5
checkerboard,quackKTA,global_kta,92.0,0.407389372587204,0.407389372587204,0.407389372587204,5
checkerboard,quackKTA,global_kta,92.0,0.407389372587204,0.407389372587204,0.407389372587204,5
checkerboard,quackKTA,global_kta,92.0,0.407389372587204,0.407389372587204,0.407389372587204,5
checkerboard,quackKTA,global_kta,92.0,0.407389372587204,0.407389372587204,0.407389372587204,5
checkerboard,quackKTA,global_kta,93.0,0.40849265456199646,0.40849265456199646,0.40849265456199646,5
checkerboard,quackKTA,global_kta,93.0,0.407389372587204,0.407389372587204,0.407389372587204,5
checkerboard,quackKTA,global_kta,93.0,0.407389372587204,0.407389372587204,0.407389372587204,5
checkerboard,quackKTA,global_kta,93.0,0.407389372587204,0.407389372587204,0.407389372587204,5
checkerboard,quackKTA,global_kta,93.0,0.407389372587204,0.407389372587204,0.407389372587204,5
checkerboard,quackKTA,global_kta,93.0,0.407389372587204,0.407389372587204,0.407389372587204,5
checkerboard,quackKTA,global_kta,93.0,0.407389372587204,0.407389372587204,0.407389372587204,5
checkerboard,quackKTA,global_kta,93.0,0.407389372587204,0.407389372587204,0.407389372587204,5
checkerboard,quackKTA,global_kta,93.0,0.407389372587204,0.407389372587204,0.407389372587204,5
checkerboard,quackKTA,global_kta,93.0,0.407389372587204,0.407389372587204,0.407389372587204,5
checkerboard,quackKTA,global_kta,94.0,0.40849265456199646,0.40849265456199646,0.40849265456199646,5
checkerboard,quackKTA,global_kta,94.0,0.40849265456199646,0.40849265456199646,0.40849265456199646,5
checkerboard,quackKTA,global_kta,94.0,0.40849265456199646,0.40849265456199646,0.40849265456199646,5
checkerboard,quackKTA,global_kta,94.0,0.40849265456199646,0.40849265456199646,0.40849265456199646,5
checkerboard,quackKTA,global_kta,94.0,0.40849265456199646,0.40849265456199646,0.40849265456199646,5
checkerboard,quackKTA,global_kta,94.0,0.40849265456199646,0.40849265456199646,0.40849265456199646,5
checkerboard,quackKTA,global_kta,94.0,0.40849265456199646,0.40849265456199646,0.40849265456199646,5
checkerboard,quackKTA,global_kta,94.0,0.40849265456199646,0.40849265456199646,0.40849265456199646,5
checkerboard,quackKTA,global_kta,94.0,0.40849265456199646,0.40849265456199646,0.40849265456199646,5
checkerboard,quackKTA,global_kta,94.0,0.40849265456199646,0.40849265456199646,0.40849265456199646,5
checkerboard,quackKTA,global_kta,95.0,0.40849265456199646,0.40849265456199646,0.40849265456199646,5
checkerboard,quackKTA,global_kta,95.0,0.40849265456199646,0.40849265456199646,0.40849265456199646,5
checkerboard,quackKTA,global_kta,95.0,0.40849265456199646,0.40849265456199646,0.40849265456199646,5
checkerboard,quackKTA,global_kta,95.0,0.40849265456199646,0.40849265456199646,0.40849265456199646,5
checkerboard,quackKTA,global_kta,95.0,0.4097084403038025,0.4097084403038025,0.4097084403038025,5
checkerboard,quackKTA,global_kta,95.0,0.40849265456199646,0.40849265456199646,0.40849265456199646,5
checkerboard,quackKTA,global_kta,95.0,0.40849265456199646,0.40849265456199646,0.40849265456199646,5
checkerboard,quackKTA,global_kta,95.0,0.40849265456199646,0.40849265456199646,0.40849265456199646,5
checkerboard,quackKTA,global_kta,95.0,0.40849265456199646,0.40849265456199646,0.40849265456199646,5
checkerboard,quackKTA,global_kta,95.0,0.40849265456199646,0.40849265456199646,0.40849265456199646,5
checkerboard,quackKTA,global_kta,96.0,0.4097084403038025,0.4097084403038025,0.4097084403038025,5
checkerboard,quackKTA,global_kta,96.0,0.4097084403038025,0.4097084403038025,0.4097084403038025,5
checkerboard,quackKTA,global_kta,96.0,0.4097084403038025,0.4097084403038025,0.4097084403038025,5
checkerboard,quackKTA,global_kta,96.0,0.4097084403038025,0.4097084403038025,0.4097084403038025,5
checkerboard,quackKTA,global_kta,96.0,0.4097084403038025,0.4097084403038025,0.4097084403038025,5
checkerboard,quackKTA,global_kta,96.0,0.4097084403038025,0.4097084403038025,0.4097084403038025,5
checkerboard,quackKTA,global_kta,96.0,0.4097084403038025,0.4097084403038025,0.4097084403038025,5
checkerboard,quackKTA,global_kta,96.0,0.4097084403038025,0.4097084403038025,0.4097084403038025,5
checkerboard,quackKTA,global_kta,96.0,0.4097084403038025,0.4097084403038025,0.4097084403038025,5
checkerboard,quackKTA,global_kta,96.0,0.4097084403038025,0.4097084403038025,0.4097084403038025,5
checkerboard,quackKTA,global_kta,97.0,0.4097084403038025,0.4097084403038025,0.4097084403038025,5
checkerboard,quackKTA,global_kta,97.0,0.4097084403038025,0.4097084403038025,0.4097084403038025,5
checkerboard,quackKTA,global_kta,97.0,0.41093289852142334,0.41093289852142334,0.41093289852142334,5
checkerboard,quackKTA,global_kta,97.0,0.4097084403038025,0.4097084403038025,0.4097084403038025,5
checkerboard,quackKTA,global_kta,97.0,0.4097084403038025,0.4097084403038025,0.4097084403038025,5
checkerboard,quackKTA,global_kta,97.0,0.4097084403038025,0.4097084403038025,0.4097084403038025,5
checkerboard,quackKTA,global_kta,97.0,0.4097084403038025,0.4097084403038025,0.4097084403038025,5
checkerboard,quackKTA,global_kta,97.0,0.4097084403038025,0.4097084403038025,0.4097084403038025,5
checkerboard,quackKTA,global_kta,97.0,0.4097084403038025,0.4097084403038025,0.4097084403038025,5
checkerboard,quackKTA,global_kta,97.0,0.4097084403038025,0.4097084403038025,0.4097084403038025,5
checkerboard,quackKTA,global_kta,98.0,0.41093289852142334,0.41093289852142334,0.41093289852142334,5
checkerboard,quackKTA,global_kta,98.0,0.41093289852142334,0.41093289852142334,0.41093289852142334,5
checkerboard,quackKTA,global_kta,98.0,0.41093289852142334,0.41093289852142334,0.41093289852142334,5
checkerboard,quackKTA,global_kta,98.0,0.41093289852142334,0.41093289852142334,0.41093289852142334,5
checkerboard,quackKTA,global_kta,98.0,0.41093289852142334,0.41093289852142334,0.41093289852142334,5
checkerboard,quackKTA,global_kta,98.0,0.41093289852142334,0.41093289852142334,0.41093289852142334,5
checkerboard,quackKTA,global_kta,98.0,0.41093289852142334,0.41093289852142334,0.41093289852142334,5
checkerboard,quackKTA,global_kta,98.0,0.41093289852142334,0.41093289852142334,0.41093289852142334,5
checkerboard,quackKTA,global_kta,98.0,0.41093289852142334,0.41093289852142334,0.41093289852142334,5
checkerboard,quackKTA,global_kta,98.0,0.41093289852142334,0.41093289852142334,0.41093289852142334,5
checkerboard,quackKTA,global_kta,99.0,0.41093289852142334,0.41093289852142334,0.41093289852142334,5
checkerboard,quackKTA,global_kta,99.0,0.41093289852142334,0.41093289852142334,0.41093289852142334,5
checkerboard,quackKTA,global_kta,99.0,0.41207027435302734,0.41207027435302734,0.41207027435302734,5
checkerboard,quackKTA,global_kta,99.0,0.41093289852142334,0.41093289852142334,0.41093289852142334,5
checkerboard,quackKTA,global_kta,99.0,0.41093289852142334,0.41093289852142334,0.41093289852142334,5
checkerboard,quackKTA,global_kta,99.0,0.41093289852142334,0.41093289852142334,0.41093289852142334,5
checkerboard,quackKTA,global_kta,99.0,0.41093289852142334,0.41093289852142334,0.41093289852142334,5
checkerboard,quackKTA,global_kta,99.0,0.41093289852142334,0.41093289852142334,0.41093289852142334,5
checkerboard,quackKTA,global_kta,99.0,0.41093289852142334,0.41093289852142334,0.41093289852142334,5
checkerboard,quackKTA,global_kta,99.0,0.41093289852142334,0.41093289852142334,0.41093289852142334,5
checkerboard,quackKTA,global_kta,100.0,0.41207027435302734,0.41207027435302734,0.41207027435302734,5
checkerboard,quackKTA,global_kta,100.0,0.41207027435302734,0.41207027435302734,0.41207027435302734,5
checkerboard,quackKTA,global_kta,100.0,0.41207027435302734,0.41207027435302734,0.41207027435302734,5
checkerboard,quackKTA,global_kta,100.0,0.41207027435302734,0.41207027435302734,0.41207027435302734,5
checkerboard,quackKTA,global_kta,100.0,0.41207027435302734,0.41207027435302734,0.41207027435302734,5
checkerboard,quackKTA,global_kta,100.0,0.41207027435302734,0.41207027435302734,0.41207027435302734,5
checkerboard,quackKTA,global_kta,100.0,0.41207027435302734,0.41207027435302734,0.41207027435302734,5
checkerboard,quackKTA,global_kta,100.0,0.41207027435302734,0.41207027435302734,0.41207027435302734,5
checkerboard,quackKTA,global_kta,100.0,0.41207027435302734,0.41207027435302734,0.41207027435302734,5
checkerboard,quackKTA,global_kta,100.0,0.41207027435302734,0.41207027435302734,0.41207027435302734,5
checkerboard,centroidBasedKTA,global_kta,1.0,0.0633276030421257,0.0633276030421257,0.0633276030421257,5
checkerboard,centroidBasedKTA,global_kta,1.0,0.0633276030421257,0.0633276030421257,0.0633276030421257,5
checkerboard,centroidBasedKTA,global_kta,2.0,0.042794760316610336,0.042794760316610336,0.042794760316610336,5
checkerboard,centroidBasedKTA,global_kta,3.0,0.04113585501909256,0.04113585501909256,0.04113585501909256,5
checkerboard,centroidBasedKTA,global_kta,4.0,0.0335225872695446,0.0335225872695446,0.0335225872695446,5
checkerboard,centroidBasedKTA,global_kta,5.0,0.03639092296361923,0.03639092296361923,0.03639092296361923,5
checkerboard,centroidBasedKTA,global_kta,6.0,0.034708693623542786,0.034708693623542786,0.034708693623542786,5
checkerboard,centroidBasedKTA,global_kta,7.0,0.03745900094509125,0.03745900094509125,0.03745900094509125,5
checkerboard,centroidBasedKTA,global_kta,8.0,0.03645011782646179,0.03645011782646179,0.03645011782646179,5
checkerboard,centroidBasedKTA,global_kta,9.0,0.039704885333776474,0.039704885333776474,0.039704885333776474,5
checkerboard,centroidBasedKTA,global_kta,10.0,0.039637770503759384,0.039637770503759384,0.039637770503759384,5
checkerboard,centroidBasedKTA,global_kta,11.0,0.0443720743060112,0.0443720743060112,0.0443720743060112,5
checkerboard,centroidBasedKTA,global_kta,12.0,0.04513964056968689,0.04513964056968689,0.04513964056968689,5
checkerboard,centroidBasedKTA,global_kta,13.0,0.051280081272125244,0.051280081272125244,0.051280081272125244,5
checkerboard,centroidBasedKTA,global_kta,14.0,0.052291009575128555,0.052291009575128555,0.052291009575128555,5
checkerboard,centroidBasedKTA,global_kta,15.0,0.05859366059303284,0.05859366059303284,0.05859366059303284,5
checkerboard,centroidBasedKTA,global_kta,16.0,0.059026047587394714,0.059026047587394714,0.059026047587394714,5
checkerboard,centroidBasedKTA,global_kta,17.0,0.06412781029939651,0.06412781029939651,0.06412781029939651,5
checkerboard,centroidBasedKTA,global_kta,18.0,0.06351082772016525,0.06351082772016525,0.06351082772016525,5
checkerboard,centroidBasedKTA,global_kta,19.0,0.06704392284154892,0.06704392284154892,0.06704392284154892,5
checkerboard,centroidBasedKTA,global_kta,20.0,0.06557702273130417,0.06557702273130417,0.06557702273130417,5
checkerboard,centroidBasedKTA,global_kta,21.0,0.06789743900299072,0.06789743900299072,0.06789743900299072,5
checkerboard,centroidBasedKTA,global_kta,22.0,0.06594241410493851,0.06594241410493851,0.06594241410493851,5
checkerboard,centroidBasedKTA,global_kta,23.0,0.06729340553283691,0.06729340553283691,0.06729340553283691,5
checkerboard,centroidBasedKTA,global_kta,24.0,0.06487356126308441,0.06487356126308441,0.06487356126308441,5
checkerboard,centroidBasedKTA,global_kta,25.0,0.06520339846611023,0.06520339846611023,0.06520339846611023,5
checkerboard,centroidBasedKTA,global_kta,26.0,0.06204652413725853,0.06204652413725853,0.06204652413725853,5
checkerboard,centroidBasedKTA,global_kta,27.0,0.06126367300748825,0.06126367300748825,0.06126367300748825,5
checkerboard,centroidBasedKTA,global_kta,28.0,0.057238299399614334,0.057238299399614334,0.057238299399614334,5
checkerboard,centroidBasedKTA,global_kta,29.0,0.05564102530479431,0.05564102530479431,0.05564102530479431,5
checkerboard,centroidBasedKTA,global_kta,30.0,0.05115390941500664,0.05115390941500664,0.05115390941500664,5
checkerboard,centroidBasedKTA,global_kta,31.0,0.04941903054714203,0.04941903054714203,0.04941903054714203,5
checkerboard,centroidBasedKTA,global_kta,32.0,0.04508134350180626,0.04508134350180626,0.04508134350180626,5
checkerboard,centroidBasedKTA,global_kta,33.0,0.04357554763555527,0.04357554763555527,0.04357554763555527,5
checkerboard,centroidBasedKTA,global_kta,34.0,0.04022502899169922,0.04022502899169922,0.04022502899169922,5
checkerboard,centroidBasedKTA,global_kta,35.0,0.04129425436258316,0.04129425436258316,0.04129425436258316,5
checkerboard,centroidBasedKTA,global_kta,36.0,0.04365916550159454,0.04365916550159454,0.04365916550159454,5
checkerboard,centroidBasedKTA,global_kta,37.0,0.05076437443494797,0.05076437443494797,0.05076437443494797,5
checkerboard,centroidBasedKTA,global_kta,38.0,0.05654512718319893,0.05654512718319893,0.05654512718319893,5
checkerboard,centroidBasedKTA,global_kta,39.0,0.05984315648674965,0.05984315648674965,0.05984315648674965,5
checkerboard,centroidBasedKTA,global_kta,40.0,0.0676337406039238,0.0676337406039238,0.0676337406039238,5
checkerboard,centroidBasedKTA,global_kta,41.0,0.07149720191955566,0.07149720191955566,0.07149720191955566,5
checkerboard,centroidBasedKTA,global_kta,42.0,0.07748139649629593,0.07748139649629593,0.07748139649629593,5
checkerboard,centroidBasedKTA,global_kta,43.0,0.08727922290563583,0.08727922290563583,0.08727922290563583,5
checkerboard,centroidBasedKTA,global_kta,44.0,0.0934755951166153,0.0934755951166153,0.0934755951166153,5
checkerboard,centroidBasedKTA,global_kta,45.0,0.10176283866167068,0.10176283866167068,0.10176283866167068,5
checkerboard,centroidBasedKTA,global_kta,46.0,0.10549691319465637,0.10549691319465637,0.10549691319465637,5
checkerboard,centroidBasedKTA,global_kta,47.0,0.10473325103521347,0.10473325103521347,0.10473325103521347,5
checkerboard,centroidBasedKTA,global_kta,48.0,0.10832048207521439,0.10832048207521439,0.10832048207521439,5
checkerboard,centroidBasedKTA,global_kta,49.0,0.1091124415397644,0.1091124415397644,0.1091124415397644,5
checkerboard,centroidBasedKTA,global_kta,50.0,0.10621944814920425,0.10621944814920425,0.10621944814920425,5
checkerboard,centroidBasedKTA,global_kta,51.0,0.10458052158355713,0.10458052158355713,0.10458052158355713,5
checkerboard,centroidBasedKTA,global_kta,52.0,0.10161330550909042,0.10161330550909042,0.10161330550909042,5
checkerboard,centroidBasedKTA,global_kta,53.0,0.10304504632949829,0.10304504632949829,0.10304504632949829,5
checkerboard,centroidBasedKTA,global_kta,54.0,0.1042260006070137,0.1042260006070137,0.1042260006070137,5
checkerboard,centroidBasedKTA,global_kta,55.0,0.10926314443349838,0.10926314443349838,0.10926314443349838,5
checkerboard,centroidBasedKTA,global_kta,56.0,0.11165425181388855,0.11165425181388855,0.11165425181388855,5
checkerboard,centroidBasedKTA,global_kta,57.0,0.11482097953557968,0.11482097953557968,0.11482097953557968,5
checkerboard,centroidBasedKTA,global_kta,58.0,0.114641472697258,0.114641472697258,0.114641472697258,5
checkerboard,centroidBasedKTA,global_kta,59.0,0.1162632405757904,0.1162632405757904,0.1162632405757904,5
checkerboard,centroidBasedKTA,global_kta,60.0,0.11551728844642639,0.11551728844642639,0.11551728844642639,5
checkerboard,centroidBasedKTA,global_kta,61.0,0.12048198282718658,0.12048198282718658,0.12048198282718658,5
checkerboard,centroidBasedKTA,global_kta,62.0,0.12319352477788925,0.12319352477788925,0.12319352477788925,5
checkerboard,centroidBasedKTA,global_kta,63.0,0.13759589195251465,0.13759589195251465,0.13759589195251465,5
checkerboard,centroidBasedKTA,global_kta,64.0,0.14578203856945038,0.14578203856945038,0.14578203856945038,5
checkerboard,centroidBasedKTA,global_kta,65.0,0.16961106657981873,0.16961106657981873,0.16961106657981873,5
checkerboard,centroidBasedKTA,global_kta,66.0,0.1750095784664154,0.1750095784664154,0.1750095784664154,5
checkerboard,centroidBasedKTA,global_kta,67.0,0.19657234847545624,0.19657234847545624,0.19657234847545624,5
checkerboard,centroidBasedKTA,global_kta,68.0,0.19528208673000336,0.19528208673000336,0.19528208673000336,5
checkerboard,centroidBasedKTA,global_kta,69.0,0.21427521109580994,0.21427521109580994,0.21427521109580994,5
checkerboard,centroidBasedKTA,global_kta,70.0,0.2153075486421585,0.2153075486421585,0.2153075486421585,5
checkerboard,centroidBasedKTA,global_kta,71.0,0.23723967373371124,0.23723967373371124,0.23723967373371124,5
checkerboard,centroidBasedKTA,global_kta,72.0,0.2341490238904953,0.2341490238904953,0.2341490238904953,5
checkerboard,centroidBasedKTA,global_kta,73.0,0.24631014466285706,0.24631014466285706,0.24631014466285706,5
checkerboard,centroidBasedKTA,global_kta,74.0,0.2390674203634262,0.2390674203634262,0.2390674203634262,5
checkerboard,centroidBasedKTA,global_kta,75.0,0.22183765470981598,0.22183765470981598,0.22183765470981598,5
checkerboard,centroidBasedKTA,global_kta,76.0,0.20965519547462463,0.20965519547462463,0.20965519547462463,5
checkerboard,centroidBasedKTA,global_kta,77.0,0.19271664321422577,0.19271664321422577,0.19271664321422577,5
checkerboard,centroidBasedKTA,global_kta,78.0,0.17564307153224945,0.17564307153224945,0.17564307153224945,5
checkerboard,centroidBasedKTA,global_kta,79.0,0.15976253151893616,0.15976253151893616,0.15976253151893616,5
checkerboard,centroidBasedKTA,global_kta,80.0,0.14808237552642822,0.14808237552642822,0.14808237552642822,5
checkerboard,centroidBasedKTA,global_kta,81.0,0.14005373418331146,0.14005373418331146,0.14005373418331146,5
checkerboard,centroidBasedKTA,global_kta,82.0,0.1315109133720398,0.1315109133720398,0.1315109133720398,5
checkerboard,centroidBasedKTA,global_kta,83.0,0.12335287779569626,0.12335287779569626,0.12335287779569626,5
checkerboard,centroidBasedKTA,global_kta,84.0,0.11328184604644775,0.11328184604644775,0.11328184604644775,5
checkerboard,centroidBasedKTA,global_kta,85.0,0.10514373332262039,0.10514373332262039,0.10514373332262039,5
checkerboard,centroidBasedKTA,global_kta,86.0,0.09644641727209091,0.09644641727209091,0.09644641727209091,5
checkerboard,centroidBasedKTA,global_kta,87.0,0.08842887729406357,0.08842887729406357,0.08842887729406357,5
checkerboard,centroidBasedKTA,global_kta,88.0,0.08029737323522568,0.08029737323522568,0.08029737323522568,5
checkerboard,centroidBasedKTA,global_kta,89.0,0.0730668231844902,0.0730668231844902,0.0730668231844902,5
checkerboard,centroidBasedKTA,global_kta,90.0,0.06786132603883743,0.06786132603883743,0.06786132603883743,5
checkerboard,centroidBasedKTA,global_kta,91.0,0.06342063099145889,0.06342063099145889,0.06342063099145889,5
checkerboard,centroidBasedKTA,global_kta,92.0,0.06205851212143898,0.06205851212143898,0.06205851212143898,5
checkerboard,centroidBasedKTA,global_kta,93.0,0.05995326116681099,0.05995326116681099,0.05995326116681099,5
checkerboard,centroidBasedKTA,global_kta,94.0,0.06164168193936348,0.06164168193936348,0.06164168193936348,5
checkerboard,centroidBasedKTA,global_kta,95.0,0.060902152210474014,0.060902152210474014,0.060902152210474014,5
checkerboard,centroidBasedKTA,global_kta,96.0,0.06364388018846512,0.06364388018846512,0.06364388018846512,5
checkerboard,centroidBasedKTA,global_kta,97.0,0.062444865703582764,0.062444865703582764,0.062444865703582764,5
checkerboard,centroidBasedKTA,global_kta,98.0,0.06426679342985153,0.06426679342985153,0.06426679342985153,5
checkerboard,centroidBasedKTA,global_kta,99.0,0.06188494339585304,0.06188494339585304,0.06188494339585304,5
checkerboard,centroidBasedKTA,global_kta,100.0,0.06204676255583763,0.06204676255583763,0.06204676255583763,5
checkerboard,greedyKTA,global_kta,1.0,0.05600060150027275,0.05600060150027275,0.05600060150027275,5
checkerboard,greedyKTA,global_kta,2.0,0.07039410024881362,0.06151532381772995,0.07399386167526245,5
checkerboard,greedyKTA,global_kta,3.0,0.07943668067455292,0.07096104323863983,0.08401650935411453,5
checkerboard,greedyKTA,global_kta,4.0,0.08474743366241455,0.07848478853702545,0.08907384425401688,5
checkerboard,greedyKTA,global_kta,5.0,0.08667996674776077,0.08257423341274261,0.09093873202800751,5
checkerboard,greedyKTA,global_kta,6.0,0.08896125108003616,0.08248192071914673,0.09865633398294449,5
checkerboard,greedyKTA,global_kta,7.0,0.09208313077688217,0.0800817608833313,0.10564012080430984,5
checkerboard,greedyKTA,global_kta,8.0,0.09585064649581909,0.07749389111995697,0.11046171933412552,5
checkerboard,greedyKTA,global_kta,9.0,0.09829957783222198,0.07548819482326508,0.11093156784772873,5
checkerboard,greedyKTA,global_kta,10.0,0.10134365558624267,0.07534299790859222,0.11918680369853973,5
checkerboard,greedyKTA,global_kta,11.0,0.10477288514375686,0.07487370818853378,0.12971407175064087,5
checkerboard,greedyKTA,global_kta,12.0,0.11008459478616714,0.07487425953149796,0.14289696514606476,5
checkerboard,greedyKTA,global_kta,13.0,0.11510407030582429,0.07590778172016144,0.15510231256484985,5
checkerboard,greedyKTA,global_kta,14.0,0.12040252238512039,0.07795495539903641,0.16970989108085632,5
checkerboard,greedyKTA,global_kta,15.0,0.12523469775915147,0.08241013437509537,0.1855475753545761,5
checkerboard,greedyKTA,global_kta,16.0,0.13034421652555467,0.08634507656097412,0.20042312145233154,5
checkerboard,greedyKTA,global_kta,17.0,0.13460698276758193,0.09069618582725525,0.21076138317584991,5
checkerboard,greedyKTA,global_kta,18.0,0.13806590288877488,0.0913451686501503,0.2170383185148239,5
checkerboard,greedyKTA,global_kta,19.0,0.14085535556077958,0.09547947347164154,0.2187458723783493,5
checkerboard,greedyKTA,global_kta,20.0,0.14260149300098418,0.09441152960062027,0.22362551093101501,5
checkerboard,greedyKTA,global_kta,21.0,0.144737845659256,0.09571914374828339,0.22549816966056824,5
checkerboard,greedyKTA,global_kta,22.0,0.1484067663550377,0.09309375286102295,0.22548745572566986,5
checkerboard,greedyKTA,global_kta,23.0,0.15371443182229996,0.09114188700914383,0.2247852087020874,5
checkerboard,greedyKTA,global_kta,24.0,0.16169085949659348,0.09497540444135666,0.22897131741046906,5
checkerboard,greedyKTA,global_kta,25.0,0.1710374489426613,0.10110011696815491,0.24131806194782257,5
checkerboard,greedyKTA,global_kta,26.0,0.18220117837190627,0.10937206447124481,0.26566752791404724,5
checkerboard,greedyKTA,global_kta,27.0,0.1927041992545128,0.11422110348939896,0.2927136719226837,5
checkerboard,greedyKTA,global_kta,28.0,0.201425701379776,0.11964599043130875,0.3138625919818878,5
checkerboard,greedyKTA,global_kta,29.0,0.21057169437408446,0.1286018192768097,0.33413517475128174,5
checkerboard,greedyKTA,global_kta,30.0,0.21981227099895478,0.13594475388526917,0.3570350110530853,5
checkerboard,greedyKTA,global_kta,31.0,0.2281560480594635,0.1435549408197403,0.37849897146224976,5
checkerboard,greedyKTA,global_kta,32.0,0.23320581912994384,0.15127786993980408,0.38245731592178345,5
checkerboard,greedyKTA,global_kta,33.0,0.234724161028862,0.15792971849441528,0.3758157193660736,5
checkerboard,greedyKTA,global_kta,34.0,0.23641600012779235,0.16313202679157257,0.37157583236694336,5
checkerboard,greedyKTA,global_kta,35.0,0.23963696360588074,0.16623282432556152,0.37631505727767944,5
checkerboard,greedyKTA,global_kta,36.0,0.24496622383594513,0.16558603942394257,0.39467883110046387,5
checkerboard,greedyKTA,global_kta,37.0,0.2500670462846756,0.16369134187698364,0.41177231073379517,5
checkerboard,greedyKTA,global_kta,38.0,0.25925750434398653,0.16058140993118286,0.4407958686351776,5
checkerboard,greedyKTA,global_kta,39.0,0.27115873992443085,0.1606135219335556,0.4738715589046478,5
checkerboard,greedyKTA,global_kta,40.0,0.28162058591842654,0.16340994834899902,0.4928382635116577,5
checkerboard,greedyKTA,global_kta,41.0,0.2891493499279022,0.168023481965065,0.5015279054641724,5
checkerboard,greedyKTA,global_kta,42.0,0.2950460612773895,0.17221273481845856,0.508664071559906,5
checkerboard,greedyKTA,global_kta,43.0,0.30083945095539094,0.172054722905159,0.5218737125396729,5
checkerboard,greedyKTA,global_kta,44.0,0.3044852465391159,0.1685754805803299,0.5302796363830566,5
checkerboard,greedyKTA,global_kta,45.0,0.3081861615180969,0.17133000493049622,0.5247033834457397,5
checkerboard,greedyKTA,global_kta,46.0,0.31250374019145966,0.165927454829216,0.5067468285560608,5
checkerboard,greedyKTA,global_kta,47.0,0.31547355055809023,0.16365529596805573,0.48536109924316406,5
checkerboard,greedyKTA,global_kta,48.0,0.32332325875759127,0.1674206405878067,0.493213951587677,5
checkerboard,greedyKTA,global_kta,49.0,0.32949874103069304,0.17425578832626343,0.5063424706459045,5
checkerboard,greedyKTA,global_kta,50.0,0.33059712052345275,0.1776416003704071,0.5122435688972473,5
checkerboard,greedyKTA,global_kta,51.0,0.3299242526292801,0.17532207071781158,0.5164331793785095,5
checkerboard,greedyKTA,global_kta,52.0,0.33306279182434084,0.17202536761760712,0.5245376825332642,5
checkerboard,greedyKTA,global_kta,53.0,0.3383348822593689,0.17021597921848297,0.5332106947898865,5
checkerboard,greedyKTA,global_kta,54.0,0.3415529251098633,0.165069118142128,0.5321688652038574,5
checkerboard,greedyKTA,global_kta,55.0,0.3409881442785263,0.15862935781478882,0.5213404297828674,5
checkerboard,greedyKTA,global_kta,56.0,0.34203584790229796,0.15851517021656036,0.5162256360054016,5
checkerboard,greedyKTA,global_kta,57.0,0.3482580602169037,0.16429169476032257,0.5222966074943542,5
checkerboard,greedyKTA,global_kta,58.0,0.35295580327510834,0.17197559773921967,0.5288910865783691,5
checkerboard,greedyKTA,global_kta,59.0,0.35750298500061034,0.18126539885997772,0.5305460095405579,5
checkerboard,greedyKTA,global_kta,60.0,0.3651546239852905,0.18561865389347076,0.5365497469902039,5
checkerboard,greedyKTA,global_kta,61.0,0.37220668196678164,0.18756650388240814,0.546977698802948,5
checkerboard,greedyKTA,global_kta,62.0,0.3763511925935745,0.1871909350156784,0.5538879632949829,5
checkerboard,greedyKTA,global_kta,63.0,0.37815401554107664,0.1876232624053955,0.552159309387207,5
checkerboard,greedyKTA,global_kta,64.0,0.37926499247550965,0.18743714690208435,0.5456588864326477,5
checkerboard,greedyKTA,global_kta,65.0,0.3804659754037857,0.1849200278520584,0.5412584543228149,5
checkerboard,greedyKTA,global_kta,66.0,0.38208281099796293,0.17981627583503723,0.5457234978675842,5
checkerboard,greedyKTA,global_kta,67.0,0.3836778312921524,0.17807646095752716,0.5549659729003906,5
checkerboard,greedyKTA,global_kta,68.0,0.3855785936117172,0.1803639680147171,0.5606279373168945,5
checkerboard,greedyKTA,global_kta,69.0,0.3877763956785202,0.18173225224018097,0.5626333951950073,5
checkerboard,greedyKTA,global_kta,70.0,0.3887127459049225,0.18279369175434113,0.5644367933273315,5
checkerboard,greedyKTA,global_kta,71.0,0.3886682778596878,0.18286556005477905,0.5646670460700989,5
checkerboard,greedyKTA,global_kta,72.0,0.38881110548973086,0.1826939582824707,0.5644417405128479,5
checkerboard,greedyKTA,global_kta,73.0,0.38947978615760803,0.17843982577323914,0.5631749629974365,5
checkerboard,greedyKTA,global_kta,74.0,0.38965547978878023,0.1757943034172058,0.5541922450065613,5
checkerboard,greedyKTA,global_kta,75.0,0.39108256697654725,0.16990981996059418,0.5527313947677612,5
checkerboard,greedyKTA,global_kta,76.0,0.3927245557308197,0.16852052509784698,0.5608091950416565,5
checkerboard,greedyKTA,global_kta,77.0,0.39325598776340487,0.17103293538093567,0.5764972567558289,5
checkerboard,greedyKTA,global_kta,78.0,0.390765580534935,0.17625877261161804,0.5836602449417114,5
checkerboard,greedyKTA,global_kta,79.0,0.3896817177534103,0.1766856461763382,0.579379141330719,5
checkerboard,greedyKTA,global_kta,80.0,0.3923564016819,0.1723800003528595,0.5643620491027832,5
checkerboard,greedyKTA,global_kta,81.0,0.39257134199142457,0.16976390779018402,0.5433098077774048,5
checkerboard,greedyKTA,global_kta,82.0,0.39482476711273196,0.1678239107131958,0.5524446368217468,5
checkerboard,greedyKTA,global_kta,83.0,0.3936517804861069,0.16528183221817017,0.5682244896888733,5
checkerboard,greedyKTA,global_kta,84.0,0.3927148848772049,0.16192033886909485,0.5815107822418213,5
checkerboard,greedyKTA,global_kta,85.0,0.39151308238506316,0.15969505906105042,0.5868669152259827,5
checkerboard,greedyKTA,global_kta,86.0,0.3888162910938263,0.1541912704706192,0.5890297889709473,5
checkerboard,greedyKTA,global_kta,87.0,0.3874415308237076,0.14932534098625183,0.5887162089347839,5
checkerboard,greedyKTA,global_kta,88.0,0.3861259698867798,0.14740979671478271,0.5816241502761841,5
checkerboard,greedyKTA,global_kta,89.0,0.38468346893787386,0.15256233513355255,0.5665777325630188,5
checkerboard,greedyKTA,global_kta,90.0,0.38042246699333193,0.15557381510734558,0.5539492964744568,5
checkerboard,greedyKTA,global_kta,91.0,0.37961486279964446,0.16021566092967987,0.5553568005561829,5
checkerboard,greedyKTA,global_kta,92.0,0.3830562025308609,0.16297230124473572,0.5615801811218262,5
checkerboard,greedyKTA,global_kta,93.0,0.38647364675998686,0.16571812331676483,0.5716459155082703,5
checkerboard,greedyKTA,global_kta,94.0,0.3862467408180237,0.16540689766407013,0.5746389627456665,5
checkerboard,greedyKTA,global_kta,95.0,0.3862776756286621,0.16473358869552612,0.5756712555885315,5
checkerboard,greedyKTA,global_kta,96.0,0.3916465550661087,0.16405238211154938,0.5749300718307495,5
checkerboard,greedyKTA,global_kta,97.0,0.3996403217315674,0.16438421607017517,0.5754243731498718,5
checkerboard,greedyKTA,global_kta,98.0,0.402867978811264,0.16641271114349365,0.5759188532829285,5
checkerboard,greedyKTA,global_kta,99.0,0.40299745202064513,0.1697668582201004,0.5784153938293457,5
checkerboard,greedyKTA,global_kta,100.0,0.40036194026470184,0.173153817653656,0.5806124806404114,5
checkerboard,fullKTA,direction_diversity,1.0,,,,5
checkerboard,fullKTA,direction_diversity,2.0,,,,5
checkerboard,fullKTA,direction_diversity,3.0,,,,5
checkerboard,fullKTA,direction_diversity,4.0,,,,5
checkerboard,fullKTA,direction_diversity,5.0,,,,5
checkerboard,fullKTA,direction_diversity,6.0,,,,5
checkerboard,fullKTA,direction_diversity,7.0,,,,5
checkerboard,fullKTA,direction_diversity,8.0,,,,5
checkerboard,fullKTA,direction_diversity,9.0,,,,5
checkerboard,fullKTA,direction_diversity,10.0,,,,5
checkerboard,fullKTA,direction_diversity,11.0,,,,5
checkerboard,fullKTA,direction_diversity,12.0,,,,5
checkerboard,fullKTA,direction_diversity,13.0,,,,5
checkerboard,fullKTA,direction_diversity,14.0,,,,5
checkerboard,fullKTA,direction_diversity,15.0,,,,5
checkerboard,fullKTA,direction_diversity,16.0,,,,5
checkerboard,fullKTA,direction_diversity,17.0,,,,5
checkerboard,fullKTA,direction_diversity,18.0,,,,5
checkerboard,fullKTA,direction_diversity,19.0,,,,5
checkerboard,fullKTA,direction_diversity,20.0,,,,5
checkerboard,fullKTA,direction_diversity,21.0,,,,5
checkerboard,fullKTA,direction_diversity,22.0,,,,5
checkerboard,fullKTA,direction_diversity,23.0,,,,5
checkerboard,fullKTA,direction_diversity,24.0,,,,5
checkerboard,fullKTA,direction_diversity,25.0,,,,5
checkerboard,fullKTA,direction_diversity,26.0,,,,5
checkerboard,fullKTA,direction_diversity,27.0,,,,5
checkerboard,fullKTA,direction_diversity,28.0,,,,5
checkerboard,fullKTA,direction_diversity,29.0,,,,5
checkerboard,fullKTA,direction_diversity,30.0,,,,5
checkerboard,fullKTA,direction_diversity,31.0,,,,5
checkerboard,fullKTA,direction_diversity,32.0,,,,5
checkerboard,fullKTA,direction_diversity,33.0,,,,5
checkerboard,fullKTA,direction_diversity,34.0,,,,5
checkerboard,fullKTA,direction_diversity,35.0,,,,5
checkerboard,fullKTA,direction_diversity,36.0,,,,5
checkerboard,fullKTA,direction_diversity,37.0,,,,5
checkerboard,fullKTA,direction_diversity,38.0,,,,5
checkerboard,fullKTA,direction_diversity,39.0,,,,5
checkerboard,fullKTA,direction_diversity,40.0,,,,5
checkerboard,fullKTA,direction_diversity,41.0,,,,5
checkerboard,fullKTA,direction_diversity,42.0,,,,5
checkerboard,fullKTA,direction_diversity,43.0,,,,5
checkerboard,fullKTA,direction_diversity,44.0,,,,5
checkerboard,fullKTA,direction_diversity,45.0,,,,5
checkerboard,fullKTA,direction_diversity,46.0,,,,5
checkerboard,fullKTA,direction_diversity,47.0,,,,5
checkerboard,fullKTA,direction_diversity,48.0,,,,5
checkerboard,fullKTA,direction_diversity,49.0,,,,5
checkerboard,fullKTA,direction_diversity,50.0,,,,5
checkerboard,fullKTA,direction_diversity,51.0,,,,5
checkerboard,fullKTA,direction_diversity,52.0,,,,5
checkerboard,fullKTA,direction_diversity,53.0,,,,5
checkerboard,fullKTA,direction_diversity,54.0,,,,5
checkerboard,fullKTA,direction_diversity,55.0,,,,5
checkerboard,fullKTA,direction_diversity,56.0,,,,5
checkerboard,fullKTA,direction_diversity,57.0,,,,5
checkerboard,fullKTA,direction_diversity,58.0,,,,5
checkerboard,fullKTA,direction_diversity,59.0,,,,5
checkerboard,fullKTA,direction_diversity,60.0,,,,5
checkerboard,fullKTA,direction_diversity,61.0,,,,5
checkerboard,fullKTA,direction_diversity,62.0,,,,5
checkerboard,fullKTA,direction_diversity,63.0,,,,5
checkerboard,fullKTA,direction_diversity,64.0,,,,5
checkerboard,fullKTA,direction_diversity,65.0,,,,5
checkerboard,fullKTA,direction_diversity,66.0,,,,5
checkerboard,fullKTA,direction_diversity,67.0,,,,5
checkerboard,fullKTA,direction_diversity,68.0,,,,5
checkerboard,fullKTA,direction_diversity,69.0,,,,5
checkerboard,fullKTA,direction_diversity,70.0,,,,5
checkerboard,fullKTA,direction_diversity,71.0,,,,5
checkerboard,fullKTA,direction_diversity,72.0,,,,5
checkerboard,fullKTA,direction_diversity,73.0,,,,5
checkerboard,fullKTA,direction_diversity,74.0,,,,5
checkerboard,fullKTA,direction_diversity,75.0,,,,5
checkerboard,fullKTA,direction_diversity,76.0,,,,5
checkerboard,fullKTA,direction_diversity,77.0,,,,5
checkerboard,fullKTA,direction_diversity,78.0,,,,5
checkerboard,fullKTA,direction_diversity,79.0,,,,5
checkerboard,fullKTA,direction_diversity,80.0,,,,5
checkerboard,fullKTA,direction_diversity,81.0,,,,5
checkerboard,fullKTA,direction_diversity,82.0,,,,5
checkerboard,fullKTA,direction_diversity,83.0,,,,5
checkerboard,fullKTA,direction_diversity,84.0,,,,5
checkerboard,fullKTA,direction_diversity,85.0,,,,5
checkerboard,fullKTA,direction_diversity,86.0,,,,5
checkerboard,fullKTA,direction_diversity,87.0,,,,5
checkerboard,fullKTA,direction_diversity,88.0,,,,5
checkerboard,fullKTA,direction_diversity,89.0,,,,5
checkerboard,fullKTA,direction_diversity,90.0,,,,5
checkerboard,fullKTA,direction_diversity,91.0,,,,5
checkerboard,fullKTA,direction_diversity,92.0,,,,5
checkerboard,fullKTA,direction_diversity,93.0,,,,5
checkerboard,fullKTA,direction_diversity,94.0,,,,5
checkerboard,fullKTA,direction_diversity,95.0,,,,5
checkerboard,fullKTA,direction_diversity,96.0,,,,5
checkerboard,fullKTA,direction_diversity,97.0,,,,5
checkerboard,fullKTA,direction_diversity,98.0,,,,5
checkerboard,fullKTA,direction_diversity,99.0,,,,5
checkerboard,fullKTA,direction_diversity,100.0,,,,5
checkerboard,randomKTA,direction_diversity,1.0,,,,5
checkerboard,randomKTA,direction_diversity,2.0,,,,5
checkerboard,randomKTA,direction_diversity,3.0,,,,5
checkerboard,randomKTA,direction_diversity,4.0,,,,5
checkerboard,randomKTA,direction_diversity,5.0,,,,5
checkerboard,randomKTA,direction_diversity,6.0,,,,5
checkerboard,randomKTA,direction_diversity,7.0,,,,5
checkerboard,randomKTA,direction_diversity,8.0,,,,5
checkerboard,randomKTA,direction_diversity,9.0,,,,5
checkerboard,randomKTA,direction_diversity,10.0,,,,5
checkerboard,randomKTA,direction_diversity,11.0,,,,5
checkerboard,randomKTA,direction_diversity,12.0,,,,5
checkerboard,randomKTA,direction_diversity,13.0,,,,5
checkerboard,randomKTA,direction_diversity,14.0,,,,5
checkerboard,randomKTA,direction_diversity,15.0,,,,5
checkerboard,randomKTA,direction_diversity,16.0,,,,5
checkerboard,randomKTA,direction_diversity,17.0,,,,5
checkerboard,randomKTA,direction_diversity,18.0,,,,5
checkerboard,randomKTA,direction_diversity,19.0,,,,5
checkerboard,randomKTA,direction_diversity,20.0,,,,5
checkerboard,randomKTA,direction_diversity,21.0,,,,5
checkerboard,randomKTA,direction_diversity,22.0,,,,5
checkerboard,randomKTA,direction_diversity,23.0,,,,5
checkerboard,randomKTA,direction_diversity,24.0,,,,5
checkerboard,randomKTA,direction_diversity,25.0,,,,5
checkerboard,randomKTA,direction_diversity,26.0,,,,5
checkerboard,randomKTA,direction_diversity,27.0,,,,5
checkerboard,randomKTA,direction_diversity,28.0,,,,5
checkerboard,randomKTA,direction_diversity,29.0,,,,5
checkerboard,randomKTA,direction_diversity,30.0,,,,5
checkerboard,randomKTA,direction_diversity,31.0,,,,5
checkerboard,randomKTA,direction_diversity,32.0,,,,5
checkerboard,randomKTA,direction_diversity,33.0,,,,5
checkerboard,randomKTA,direction_diversity,34.0,,,,5
checkerboard,randomKTA,direction_diversity,35.0,,,,5
checkerboard,randomKTA,direction_diversity,36.0,,,,5
checkerboard,randomKTA,direction_diversity,37.0,,,,5
checkerboard,randomKTA,direction_diversity,38.0,,,,5
checkerboard,randomKTA,direction_diversity,39.0,,,,5
checkerboard,randomKTA,direction_diversity,40.0,,,,5
checkerboard,randomKTA,direction_diversity,41.0,,,,5
checkerboard,randomKTA,direction_diversity,42.0,,,,5
checkerboard,randomKTA,direction_diversity,43.0,,,,5
checkerboard,randomKTA,direction_diversity,44.0,,,,5
checkerboard,randomKTA,direction_diversity,45.0,,,,5
checkerboard,randomKTA,direction_diversity,46.0,,,,5
checkerboard,randomKTA,direction_diversity,47.0,,,,5
checkerboard,randomKTA,direction_diversity,48.0,,,,5
checkerboard,randomKTA,direction_diversity,49.0,,,,5
checkerboard,randomKTA,direction_diversity,50.0,,,,5
checkerboard,randomKTA,direction_diversity,51.0,,,,5
checkerboard,randomKTA,direction_diversity,52.0,,,,5
checkerboard,randomKTA,direction_diversity,53.0,,,,5
checkerboard,randomKTA,direction_diversity,54.0,,,,5
checkerboard,randomKTA,direction_diversity,55.0,,,,5
checkerboard,randomKTA,direction_diversity,56.0,,,,5
checkerboard,randomKTA,direction_diversity,57.0,,,,5
checkerboard,randomKTA,direction_diversity,58.0,,,,5
checkerboard,randomKTA,direction_diversity,59.0,,,,5
checkerboard,randomKTA,direction_diversity,60.0,,,,5
checkerboard,randomKTA,direction_diversity,61.0,,,,5
checkerboard,randomKTA,direction_diversity,62.0,,,,5
checkerboard,randomKTA,direction_diversity,63.0,,,,5
checkerboard,randomKTA,direction_diversity,64.0,,,,5
checkerboard,randomKTA,direction_diversity,65.0,,,,5
checkerboard,randomKTA,direction_diversity,66.0,,,,5
checkerboard,randomKTA,direction_diversity,67.0,,,,5
checkerboard,randomKTA,direction_diversity,68.0,,,,5
checkerboard,randomKTA,direction_diversity,69.0,,,,5
checkerboard,randomKTA,direction_diversity,70.0,,,,5
checkerboard,randomKTA,direction_diversity,71.0,,,,5
checkerboard,randomKTA,direction_diversity,72.0,,,,5
checkerboard,randomKTA,direction_diversity,73.0,,,,5
checkerboard,randomKTA,direction_diversity,74.0,,,,5
checkerboard,randomKTA,direction_diversity,75.0,,,,5
checkerboard,randomKTA,direction_diversity,76.0,,,,5
checkerboard,randomKTA,direction_diversity,77.0,,,,5
checkerboard,randomKTA,direction_diversity,78.0,,,,5
checkerboard,randomKTA,direction_diversity,79.0,,,,5
checkerboard,randomKTA,direction_diversity,80.0,,,,5
checkerboard,randomKTA,direction_diversity,81.0,,,,5
checkerboard,randomKTA,direction_diversity,82.0,,,,5
checkerboard,randomKTA,direction_diversity,83.0,,,,5
checkerboard,randomKTA,direction_diversity,84.0,,,,5
checkerboard,randomKTA,direction_diversity,85.0,,,,5
checkerboard,randomKTA,direction_diversity,86.0,,,,5
checkerboard,randomKTA,direction_diversity,87.0,,,,5
checkerboard,randomKTA,direction_diversity,88.0,,,,5
checkerboard,randomKTA,direction_diversity,89.0,,,,5
checkerboard,randomKTA,direction_diversity,90.0,,,,5
checkerboard,randomKTA,direction_diversity,91.0,,,,5
checkerboard,randomKTA,direction_diversity,92.0,,,,5
checkerboard,randomKTA,direction_diversity,93.0,,,,5
checkerboard,randomKTA,direction_diversity,94.0,,,,5
checkerboard,randomKTA,direction_diversity,95.0,,,,5
checkerboard,randomKTA,direction_diversity,96.0,,,,5
checkerboard,randomKTA,direction_diversity,97.0,,,,5
checkerboard,randomKTA,direction_diversity,98.0,,,,5
checkerboard,randomKTA,direction_diversity,99.0,,,,5
checkerboard,randomKTA,direction_diversity,100.0,,,,5
checkerboard,quackKTA,direction_diversity,1.0,,,,5
checkerboard,quackKTA,direction_diversity,1.0,,,,5
checkerboard,quackKTA,direction_diversity,1.0,,,,5
checkerboard,quackKTA,direction_diversity,1.0,,,,5
checkerboard,quackKTA,direction_diversity,1.0,,,,5
checkerboard,quackKTA,direction_diversity,1.0,,,,5
checkerboard,quackKTA,direction_diversity,1.0,,,,5
checkerboard,quackKTA,direction_diversity,1.0,,,,5
checkerboard,quackKTA,direction_diversity,1.0,,,,5
checkerboard,quackKTA,direction_diversity,1.0,,,,5
checkerboard,quackKTA,direction_diversity,1.0,,,,5
checkerboard,quackKTA,direction_diversity,2.0,,,,5
checkerboard,quackKTA,direction_diversity,2.0,,,,5
checkerboard,quackKTA,direction_diversity,2.0,,,,5
checkerboard,quackKTA,direction_diversity,2.0,,,,5
checkerboard,quackKTA,direction_diversity,2.0,,,,5
checkerboard,quackKTA,direction_diversity,2.0,,,,5
checkerboard,quackKTA,direction_diversity,2.0,,,,5
checkerboard,quackKTA,direction_diversity,2.0,,,,5
checkerboard,quackKTA,direction_diversity,2.0,,,,5
checkerboard,quackKTA,direction_diversity,2.0,,,,5
checkerboard,quackKTA,direction_diversity,3.0,,,,5
checkerboard,quackKTA,direction_diversity,3.0,,,,5
checkerboard,quackKTA,direction_diversity,3.0,,,,5
checkerboard,quackKTA,direction_diversity,3.0,,,,5
checkerboard,quackKTA,direction_diversity,3.0,,,,5
checkerboard,quackKTA,direction_diversity,3.0,,,,5
checkerboard,quackKTA,direction_diversity,3.0,,,,5
checkerboard,quackKTA,direction_diversity,3.0,,,,5
checkerboard,quackKTA,direction_diversity,3.0,,,,5
checkerboard,quackKTA,direction_diversity,3.0,,,,5
checkerboard,quackKTA,direction_diversity,4.0,,,,5
checkerboard,quackKTA,direction_diversity,4.0,,,,5
checkerboard,quackKTA,direction_diversity,4.0,,,,5
checkerboard,quackKTA,direction_diversity,4.0,,,,5
checkerboard,quackKTA,direction_diversity,4.0,,,,5
checkerboard,quackKTA,direction_diversity,4.0,,,,5
checkerboard,quackKTA,direction_diversity,4.0,,,,5
checkerboard,quackKTA,direction_diversity,4.0,,,,5
checkerboard,quackKTA,direction_diversity,4.0,,,,5
checkerboard,quackKTA,direction_diversity,4.0,,,,5
checkerboard,quackKTA,direction_diversity,5.0,,,,5
checkerboard,quackKTA,direction_diversity,5.0,,,,5
checkerboard,quackKTA,direction_diversity,5.0,,,,5
checkerboard,quackKTA,direction_diversity,5.0,,,,5
checkerboard,quackKTA,direction_diversity,5.0,,,,5
checkerboard,quackKTA,direction_diversity,5.0,,,,5
checkerboard,quackKTA,direction_diversity,5.0,,,,5
checkerboard,quackKTA,direction_diversity,5.0,,,,5
checkerboard,quackKTA,direction_diversity,5.0,,,,5
checkerboard,quackKTA,direction_diversity,5.0,,,,5
checkerboard,quackKTA,direction_diversity,6.0,,,,5
checkerboard,quackKTA,direction_diversity,6.0,,,,5
checkerboard,quackKTA,direction_diversity,6.0,,,,5
checkerboard,quackKTA,direction_diversity,6.0,,,,5
checkerboard,quackKTA,direction_diversity,6.0,,,,5
checkerboard,quackKTA,direction_diversity,6.0,,,,5
checkerboard,quackKTA,direction_diversity,6.0,,,,5
checkerboard,quackKTA,direction_diversity,6.0,,,,5
checkerboard,quackKTA,direction_diversity,6.0,,,,5
checkerboard,quackKTA,direction_diversity,6.0,,,,5
checkerboard,quackKTA,direction_diversity,7.0,,,,5
checkerboard,quackKTA,direction_diversity,7.0,,,,5
checkerboard,quackKTA,direction_diversity,7.0,,,,5
checkerboard,quackKTA,direction_diversity,7.0,,,,5
checkerboard,quackKTA,direction_diversity,7.0,,,,5
checkerboard,quackKTA,direction_diversity,7.0,,,,5
checkerboard,quackKTA,direction_diversity,7.0,,,,5
checkerboard,quackKTA,direction_diversity,7.0,,,,5
checkerboard,quackKTA,direction_diversity,7.0,,,,5
checkerboard,quackKTA,direction_diversity,7.0,,,,5
checkerboard,quackKTA,direction_diversity,8.0,,,,5
checkerboard,quackKTA,direction_diversity,8.0,,,,5
checkerboard,quackKTA,direction_diversity,8.0,,,,5
checkerboard,quackKTA,direction_diversity,8.0,,,,5
checkerboard,quackKTA,direction_diversity,8.0,,,,5
checkerboard,quackKTA,direction_diversity,8.0,,,,5
checkerboard,quackKTA,direction_diversity,8.0,,,,5
checkerboard,quackKTA,direction_diversity,8.0,,,,5
checkerboard,quackKTA,direction_diversity,8.0,,,,5
checkerboard,quackKTA,direction_diversity,8.0,,,,5
checkerboard,quackKTA,direction_diversity,9.0,,,,5
checkerboard,quackKTA,direction_diversity,9.0,,,,5
checkerboard,quackKTA,direction_diversity,9.0,,,,5
checkerboard,quackKTA,direction_diversity,9.0,,,,5
checkerboard,quackKTA,direction_diversity,9.0,,,,5
checkerboard,quackKTA,direction_diversity,9.0,,,,5
checkerboard,quackKTA,direction_diversity,9.0,,,,5
checkerboard,quackKTA,direction_diversity,9.0,,,,5
checkerboard,quackKTA,direction_diversity,9.0,,,,5
checkerboard,quackKTA,direction_diversity,9.0,,,,5
checkerboard,quackKTA,direction_diversity,10.0,,,,5
checkerboard,quackKTA,direction_diversity,10.0,,,,5
checkerboard,quackKTA,direction_diversity,10.0,,,,5
checkerboard,quackKTA,direction_diversity,10.0,,,,5
checkerboard,quackKTA,direction_diversity,10.0,,,,5
checkerboard,quackKTA,direction_diversity,10.0,,,,5
checkerboard,quackKTA,direction_diversity,10.0,,,,5
checkerboard,quackKTA,direction_diversity,10.0,,,,5
checkerboard,quackKTA,direction_diversity,10.0,,,,5
checkerboard,quackKTA,direction_diversity,10.0,,,,5
checkerboard,quackKTA,direction_diversity,11.0,,,,5
checkerboard,quackKTA,direction_diversity,11.0,,,,5
checkerboard,quackKTA,direction_diversity,11.0,,,,5
checkerboard,quackKTA,direction_diversity,11.0,,,,5
checkerboard,quackKTA,direction_diversity,11.0,,,,5
checkerboard,quackKTA,direction_diversity,11.0,,,,5
checkerboard,quackKTA,direction_diversity,11.0,,,,5
checkerboard,quackKTA,direction_diversity,11.0,,,,5
checkerboard,quackKTA,direction_diversity,11.0,,,,5
checkerboard,quackKTA,direction_diversity,11.0,,,,5
checkerboard,quackKTA,direction_diversity,12.0,,,,5
checkerboard,quackKTA,direction_diversity,12.0,,,,5
checkerboard,quackKTA,direction_diversity,12.0,,,,5
checkerboard,quackKTA,direction_diversity,12.0,,,,5
checkerboard,quackKTA,direction_diversity,12.0,,,,5
checkerboard,quackKTA,direction_diversity,12.0,,,,5
checkerboard,quackKTA,direction_diversity,12.0,,,,5
checkerboard,quackKTA,direction_diversity,12.0,,,,5
checkerboard,quackKTA,direction_diversity,12.0,,,,5
checkerboard,quackKTA,direction_diversity,12.0,,,,5
checkerboard,quackKTA,direction_diversity,13.0,,,,5
checkerboard,quackKTA,direction_diversity,13.0,,,,5
checkerboard,quackKTA,direction_diversity,13.0,,,,5
checkerboard,quackKTA,direction_diversity,13.0,,,,5
checkerboard,quackKTA,direction_diversity,13.0,,,,5
checkerboard,quackKTA,direction_diversity,13.0,,,,5
checkerboard,quackKTA,direction_diversity,13.0,,,,5
checkerboard,quackKTA,direction_diversity,13.0,,,,5
checkerboard,quackKTA,direction_diversity,13.0,,,,5
checkerboard,quackKTA,direction_diversity,13.0,,,,5
checkerboard,quackKTA,direction_diversity,14.0,,,,5
checkerboard,quackKTA,direction_diversity,14.0,,,,5
checkerboard,quackKTA,direction_diversity,14.0,,,,5
checkerboard,quackKTA,direction_diversity,14.0,,,,5
checkerboard,quackKTA,direction_diversity,14.0,,,,5
checkerboard,quackKTA,direction_diversity,14.0,,,,5
checkerboard,quackKTA,direction_diversity,14.0,,,,5
checkerboard,quackKTA,direction_diversity,14.0,,,,5
checkerboard,quackKTA,direction_diversity,14.0,,,,5
checkerboard,quackKTA,direction_diversity,14.0,,,,5
checkerboard,quackKTA,direction_diversity,15.0,,,,5
checkerboard,quackKTA,direction_diversity,15.0,,,,5
checkerboard,quackKTA,direction_diversity,15.0,,,,5
checkerboard,quackKTA,direction_diversity,15.0,,,,5
checkerboard,quackKTA,direction_diversity,15.0,,,,5
checkerboard,quackKTA,direction_diversity,15.0,,,,5
checkerboard,quackKTA,direction_diversity,15.0,,,,5
checkerboard,quackKTA,direction_diversity,15.0,,,,5
checkerboard,quackKTA,direction_diversity,15.0,,,,5
checkerboard,quackKTA,direction_diversity,15.0,,,,5
checkerboard,quackKTA,direction_diversity,16.0,,,,5
checkerboard,quackKTA,direction_diversity,16.0,,,,5
checkerboard,quackKTA,direction_diversity,16.0,,,,5
checkerboard,quackKTA,direction_diversity,16.0,,,,5
checkerboard,quackKTA,direction_diversity,16.0,,,,5
checkerboard,quackKTA,direction_diversity,16.0,,,,5
checkerboard,quackKTA,direction_diversity,16.0,,,,5
checkerboard,quackKTA,direction_diversity,16.0,,,,5
checkerboard,quackKTA,direction_diversity,16.0,,,,5
checkerboard,quackKTA,direction_diversity,16.0,,,,5
checkerboard,quackKTA,direction_diversity,17.0,,,,5
checkerboard,quackKTA,direction_diversity,17.0,,,,5
checkerboard,quackKTA,direction_diversity,17.0,,,,5
checkerboard,quackKTA,direction_diversity,17.0,,,,5
checkerboard,quackKTA,direction_diversity,17.0,,,,5
checkerboard,quackKTA,direction_diversity,17.0,,,,5
checkerboard,quackKTA,direction_diversity,17.0,,,,5
checkerboard,quackKTA,direction_diversity,17.0,,,,5
checkerboard,quackKTA,direction_diversity,17.0,,,,5
checkerboard,quackKTA,direction_diversity,17.0,,,,5
checkerboard,quackKTA,direction_diversity,18.0,,,,5
checkerboard,quackKTA,direction_diversity,18.0,,,,5
checkerboard,quackKTA,direction_diversity,18.0,,,,5
checkerboard,quackKTA,direction_diversity,18.0,,,,5
checkerboard,quackKTA,direction_diversity,18.0,,,,5
checkerboard,quackKTA,direction_diversity,18.0,,,,5
checkerboard,quackKTA,direction_diversity,18.0,,,,5
checkerboard,quackKTA,direction_diversity,18.0,,,,5
checkerboard,quackKTA,direction_diversity,18.0,,,,5
checkerboard,quackKTA,direction_diversity,18.0,,,,5
checkerboard,quackKTA,direction_diversity,19.0,,,,5
checkerboard,quackKTA,direction_diversity,19.0,,,,5
checkerboard,quackKTA,direction_diversity,19.0,,,,5
checkerboard,quackKTA,direction_diversity,19.0,,,,5
checkerboard,quackKTA,direction_diversity,19.0,,,,5
checkerboard,quackKTA,direction_diversity,19.0,,,,5
checkerboard,quackKTA,direction_diversity,19.0,,,,5
checkerboard,quackKTA,direction_diversity,19.0,,,,5
checkerboard,quackKTA,direction_diversity,19.0,,,,5
checkerboard,quackKTA,direction_diversity,19.0,,,,5
checkerboard,quackKTA,direction_diversity,20.0,,,,5
checkerboard,quackKTA,direction_diversity,20.0,,,,5
checkerboard,quackKTA,direction_diversity,20.0,,,,5
checkerboard,quackKTA,direction_diversity,20.0,,,,5
checkerboard,quackKTA,direction_diversity,20.0,,,,5
checkerboard,quackKTA,direction_diversity,20.0,,,,5
checkerboard,quackKTA,direction_diversity,20.0,,,,5
checkerboard,quackKTA,direction_diversity,20.0,,,,5
checkerboard,quackKTA,direction_diversity,20.0,,,,5
checkerboard,quackKTA,direction_diversity,20.0,,,,5
checkerboard,quackKTA,direction_diversity,21.0,,,,5
checkerboard,quackKTA,direction_diversity,21.0,,,,5
checkerboard,quackKTA,direction_diversity,21.0,,,,5
checkerboard,quackKTA,direction_diversity,21.0,,,,5
checkerboard,quackKTA,direction_diversity,21.0,,,,5
checkerboard,quackKTA,direction_diversity,21.0,,,,5
checkerboard,quackKTA,direction_diversity,21.0,,,,5
checkerboard,quackKTA,direction_diversity,21.0,,,,5
checkerboard,quackKTA,direction_diversity,21.0,,,,5
checkerboard,quackKTA,direction_diversity,21.0,,,,5
checkerboard,quackKTA,direction_diversity,22.0,,,,5
checkerboard,quackKTA,direction_diversity,22.0,,,,5
checkerboard,quackKTA,direction_diversity,22.0,,,,5
checkerboard,quackKTA,direction_diversity,22.0,,,,5
checkerboard,quackKTA,direction_diversity,22.0,,,,5
checkerboard,quackKTA,direction_diversity,22.0,,,,5
checkerboard,quackKTA,direction_diversity,22.0,,,,5
checkerboard,quackKTA,direction_diversity,22.0,,,,5
checkerboard,quackKTA,direction_diversity,22.0,,,,5
checkerboard,quackKTA,direction_diversity,22.0,,,,5
checkerboard,quackKTA,direction_diversity,23.0,,,,5
checkerboard,quackKTA,direction_diversity,23.0,,,,5
checkerboard,quackKTA,direction_diversity,23.0,,,,5
checkerboard,quackKTA,direction_diversity,23.0,,,,5
checkerboard,quackKTA,direction_diversity,23.0,,,,5
checkerboard,quackKTA,direction_diversity,23.0,,,,5
checkerboard,quackKTA,direction_diversity,23.0,,,,5
checkerboard,quackKTA,direction_diversity,23.0,,,,5
checkerboard,quackKTA,direction_diversity,23.0,,,,5
checkerboard,quackKTA,direction_diversity,23.0,,,,5
checkerboard,quackKTA,direction_diversity,24.0,,,,5
checkerboard,quackKTA,direction_diversity,24.0,,,,5
checkerboard,quackKTA,direction_diversity,24.0,,,,5
checkerboard,quackKTA,direction_diversity,24.0,,,,5
checkerboard,quackKTA,direction_diversity,24.0,,,,5
checkerboard,quackKTA,direction_diversity,24.0,,,,5
checkerboard,quackKTA,direction_diversity,24.0,,,,5
checkerboard,quackKTA,direction_diversity,24.0,,,,5
checkerboard,quackKTA,direction_diversity,24.0,,,,5
checkerboard,quackKTA,direction_diversity,24.0,,,,5
checkerboard,quackKTA,direction_diversity,25.0,,,,5
checkerboard,quackKTA,direction_diversity,25.0,,,,5
checkerboard,quackKTA,direction_diversity,25.0,,,,5
checkerboard,quackKTA,direction_diversity,25.0,,,,5
checkerboard,quackKTA,direction_diversity,25.0,,,,5
checkerboard,quackKTA,direction_diversity,25.0,,,,5
checkerboard,quackKTA,direction_diversity,25.0,,,,5
checkerboard,quackKTA,direction_diversity,25.0,,,,5
checkerboard,quackKTA,direction_diversity,25.0,,,,5
checkerboard,quackKTA,direction_diversity,25.0,,,,5
checkerboard,quackKTA,direction_diversity,26.0,,,,5
checkerboard,quackKTA,direction_diversity,26.0,,,,5
checkerboard,quackKTA,direction_diversity,26.0,,,,5
checkerboard,quackKTA,direction_diversity,26.0,,,,5
checkerboard,quackKTA,direction_diversity,26.0,,,,5
checkerboard,quackKTA,direction_diversity,26.0,,,,5
checkerboard,quackKTA,direction_diversity,26.0,,,,5
checkerboard,quackKTA,direction_diversity,26.0,,,,5
checkerboard,quackKTA,direction_diversity,26.0,,,,5
checkerboard,quackKTA,direction_diversity,26.0,,,,5
checkerboard,quackKTA,direction_diversity,27.0,,,,5
checkerboard,quackKTA,direction_diversity,27.0,,,,5
checkerboard,quackKTA,direction_diversity,27.0,,,,5
checkerboard,quackKTA,direction_diversity,27.0,,,,5
checkerboard,quackKTA,direction_diversity,27.0,,,,5
checkerboard,quackKTA,direction_diversity,27.0,,,,5
checkerboard,quackKTA,direction_diversity,27.0,,,,5
checkerboard,quackKTA,direction_diversity,27.0,,,,5
checkerboard,quackKTA,direction_diversity,27.0,,,,5
checkerboard,quackKTA,direction_diversity,27.0,,,,5
checkerboard,quackKTA,direction_diversity,28.0,,,,5
checkerboard,quackKTA,direction_diversity,28.0,,,,5
checkerboard,quackKTA,direction_diversity,28.0,,,,5
checkerboard,quackKTA,direction_diversity,28.0,,,,5
checkerboard,quackKTA,direction_diversity,28.0,,,,5
checkerboard,quackKTA,direction_diversity,28.0,,,,5
checkerboard,quackKTA,direction_diversity,28.0,,,,5
checkerboard,quackKTA,direction_diversity,28.0,,,,5
checkerboard,quackKTA,direction_diversity,28.0,,,,5
checkerboard,quackKTA,direction_diversity,28.0,,,,5
checkerboard,quackKTA,direction_diversity,29.0,,,,5
checkerboard,quackKTA,direction_diversity,29.0,,,,5
checkerboard,quackKTA,direction_diversity,29.0,,,,5
checkerboard,quackKTA,direction_diversity,29.0,,,,5
checkerboard,quackKTA,direction_diversity,29.0,,,,5
checkerboard,quackKTA,direction_diversity,29.0,,,,5
checkerboard,quackKTA,direction_diversity,29.0,,,,5
checkerboard,quackKTA,direction_diversity,29.0,,,,5
checkerboard,quackKTA,direction_diversity,29.0,,,,5
checkerboard,quackKTA,direction_diversity,29.0,,,,5
checkerboard,quackKTA,direction_diversity,30.0,,,,5
checkerboard,quackKTA,direction_diversity,30.0,,,,5
checkerboard,quackKTA,direction_diversity,30.0,,,,5
checkerboard,quackKTA,direction_diversity,30.0,,,,5
checkerboard,quackKTA,direction_diversity,30.0,,,,5
checkerboard,quackKTA,direction_diversity,30.0,,,,5
checkerboard,quackKTA,direction_diversity,30.0,,,,5
checkerboard,quackKTA,direction_diversity,30.0,,,,5
checkerboard,quackKTA,direction_diversity,30.0,,,,5
checkerboard,quackKTA,direction_diversity,30.0,,,,5
checkerboard,quackKTA,direction_diversity,31.0,,,,5
checkerboard,quackKTA,direction_diversity,31.0,,,,5
checkerboard,quackKTA,direction_diversity,31.0,,,,5
checkerboard,quackKTA,direction_diversity,31.0,,,,5
checkerboard,quackKTA,direction_diversity,31.0,,,,5
checkerboard,quackKTA,direction_diversity,31.0,,,,5
checkerboard,quackKTA,direction_diversity,31.0,,,,5
checkerboard,quackKTA,direction_diversity,31.0,,,,5
checkerboard,quackKTA,direction_diversity,31.0,,,,5
checkerboard,quackKTA,direction_diversity,31.0,,,,5
checkerboard,quackKTA,direction_diversity,32.0,,,,5
checkerboard,quackKTA,direction_diversity,32.0,,,,5
checkerboard,quackKTA,direction_diversity,32.0,,,,5
checkerboard,quackKTA,direction_diversity,32.0,,,,5
checkerboard,quackKTA,direction_diversity,32.0,,,,5
checkerboard,quackKTA,direction_diversity,32.0,,,,5
checkerboard,quackKTA,direction_diversity,32.0,,,,5
checkerboard,quackKTA,direction_diversity,32.0,,,,5
checkerboard,quackKTA,direction_diversity,32.0,,,,5
checkerboard,quackKTA,direction_diversity,32.0,,,,5
checkerboard,quackKTA,direction_diversity,33.0,,,,5
checkerboard,quackKTA,direction_diversity,33.0,,,,5
checkerboard,quackKTA,direction_diversity,33.0,,,,5
checkerboard,quackKTA,direction_diversity,33.0,,,,5
checkerboard,quackKTA,direction_diversity,33.0,,,,5
checkerboard,quackKTA,direction_diversity,33.0,,,,5
checkerboard,quackKTA,direction_diversity,33.0,,,,5
checkerboard,quackKTA,direction_diversity,33.0,,,,5
checkerboard,quackKTA,direction_diversity,33.0,,,,5
checkerboard,quackKTA,direction_diversity,33.0,,,,5
checkerboard,quackKTA,direction_diversity,34.0,,,,5
checkerboard,quackKTA,direction_diversity,34.0,,,,5
checkerboard,quackKTA,direction_diversity,34.0,,,,5
checkerboard,quackKTA,direction_diversity,34.0,,,,5
checkerboard,quackKTA,direction_diversity,34.0,,,,5
checkerboard,quackKTA,direction_diversity,34.0,,,,5
checkerboard,quackKTA,direction_diversity,34.0,,,,5
checkerboard,quackKTA,direction_diversity,34.0,,,,5
checkerboard,quackKTA,direction_diversity,34.0,,,,5
checkerboard,quackKTA,direction_diversity,34.0,,,,5
checkerboard,quackKTA,direction_diversity,35.0,,,,5
checkerboard,quackKTA,direction_diversity,35.0,,,,5
checkerboard,quackKTA,direction_diversity,35.0,,,,5
checkerboard,quackKTA,direction_diversity,35.0,,,,5
checkerboard,quackKTA,direction_diversity,35.0,,,,5
checkerboard,quackKTA,direction_diversity,35.0,,,,5
checkerboard,quackKTA,direction_diversity,35.0,,,,5
checkerboard,quackKTA,direction_diversity,35.0,,,,5
checkerboard,quackKTA,direction_diversity,35.0,,,,5
checkerboard,quackKTA,direction_diversity,35.0,,,,5
checkerboard,quackKTA,direction_diversity,36.0,,,,5
checkerboard,quackKTA,direction_diversity,36.0,,,,5
checkerboard,quackKTA,direction_diversity,36.0,,,,5
checkerboard,quackKTA,direction_diversity,36.0,,,,5
checkerboard,quackKTA,direction_diversity,36.0,,,,5
checkerboard,quackKTA,direction_diversity,36.0,,,,5
checkerboard,quackKTA,direction_diversity,36.0,,,,5
checkerboard,quackKTA,direction_diversity,36.0,,,,5
checkerboard,quackKTA,direction_diversity,36.0,,,,5
checkerboard,quackKTA,direction_diversity,36.0,,,,5
checkerboard,quackKTA,direction_diversity,37.0,,,,5
checkerboard,quackKTA,direction_diversity,37.0,,,,5
checkerboard,quackKTA,direction_diversity,37.0,,,,5
checkerboard,quackKTA,direction_diversity,37.0,,,,5
checkerboard,quackKTA,direction_diversity,37.0,,,,5
checkerboard,quackKTA,direction_diversity,37.0,,,,5
checkerboard,quackKTA,direction_diversity,37.0,,,,5
checkerboard,quackKTA,direction_diversity,37.0,,,,5
checkerboard,quackKTA,direction_diversity,37.0,,,,5
checkerboard,quackKTA,direction_diversity,37.0,,,,5
checkerboard,quackKTA,direction_diversity,38.0,,,,5
checkerboard,quackKTA,direction_diversity,38.0,,,,5
checkerboard,quackKTA,direction_diversity,38.0,,,,5
checkerboard,quackKTA,direction_diversity,38.0,,,,5
checkerboard,quackKTA,direction_diversity,38.0,,,,5
checkerboard,quackKTA,direction_diversity,38.0,,,,5
checkerboard,quackKTA,direction_diversity,38.0,,,,5
checkerboard,quackKTA,direction_diversity,38.0,,,,5
checkerboard,quackKTA,direction_diversity,38.0,,,,5
checkerboard,quackKTA,direction_diversity,38.0,,,,5
checkerboard,quackKTA,direction_diversity,39.0,,,,5
checkerboard,quackKTA,direction_diversity,39.0,,,,5
checkerboard,quackKTA,direction_diversity,39.0,,,,5
checkerboard,quackKTA,direction_diversity,39.0,,,,5
checkerboard,quackKTA,direction_diversity,39.0,,,,5
checkerboard,quackKTA,direction_diversity,39.0,,,,5
checkerboard,quackKTA,direction_diversity,39.0,,,,5
checkerboard,quackKTA,direction_diversity,39.0,,,,5
checkerboard,quackKTA,direction_diversity,39.0,,,,5
checkerboard,quackKTA,direction_diversity,39.0,,,,5
checkerboard,quackKTA,direction_diversity,40.0,,,,5
checkerboard,quackKTA,direction_diversity,40.0,,,,5
checkerboard,quackKTA,direction_diversity,40.0,,,,5
checkerboard,quackKTA,direction_diversity,40.0,,,,5
checkerboard,quackKTA,direction_diversity,40.0,,,,5
checkerboard,quackKTA,direction_diversity,40.0,,,,5
checkerboard,quackKTA,direction_diversity,40.0,,,,5
checkerboard,quackKTA,direction_diversity,40.0,,,,5
checkerboard,quackKTA,direction_diversity,40.0,,,,5
checkerboard,quackKTA,direction_diversity,40.0,,,,5
checkerboard,quackKTA,direction_diversity,41.0,,,,5
checkerboard,quackKTA,direction_diversity,41.0,,,,5
checkerboard,quackKTA,direction_diversity,41.0,,,,5
checkerboard,quackKTA,direction_diversity,41.0,,,,5
checkerboard,quackKTA,direction_diversity,41.0,,,,5
checkerboard,quackKTA,direction_diversity,41.0,,,,5
checkerboard,quackKTA,direction_diversity,41.0,,,,5
checkerboard,quackKTA,direction_diversity,41.0,,,,5
checkerboard,quackKTA,direction_diversity,41.0,,,,5
checkerboard,quackKTA,direction_diversity,41.0,,,,5
checkerboard,quackKTA,direction_diversity,42.0,,,,5
checkerboard,quackKTA,direction_diversity,42.0,,,,5
checkerboard,quackKTA,direction_diversity,42.0,,,,5
checkerboard,quackKTA,direction_diversity,42.0,,,,5
checkerboard,quackKTA,direction_diversity,42.0,,,,5
checkerboard,quackKTA,direction_diversity,42.0,,,,5
checkerboard,quackKTA,direction_diversity,42.0,,,,5
checkerboard,quackKTA,direction_diversity,42.0,,,,5
checkerboard,quackKTA,direction_diversity,42.0,,,,5
checkerboard,quackKTA,direction_diversity,42.0,,,,5
checkerboard,quackKTA,direction_diversity,43.0,,,,5
checkerboard,quackKTA,direction_diversity,43.0,,,,5
checkerboard,quackKTA,direction_diversity,43.0,,,,5
checkerboard,quackKTA,direction_diversity,43.0,,,,5
checkerboard,quackKTA,direction_diversity,43.0,,,,5
checkerboard,quackKTA,direction_diversity,43.0,,,,5
checkerboard,quackKTA,direction_diversity,43.0,,,,5
checkerboard,quackKTA,direction_diversity,43.0,,,,5
checkerboard,quackKTA,direction_diversity,43.0,,,,5
checkerboard,quackKTA,direction_diversity,43.0,,,,5
checkerboard,quackKTA,direction_diversity,44.0,,,,5
checkerboard,quackKTA,direction_diversity,44.0,,,,5
checkerboard,quackKTA,direction_diversity,44.0,,,,5
checkerboard,quackKTA,direction_diversity,44.0,,,,5
checkerboard,quackKTA,direction_diversity,44.0,,,,5
checkerboard,quackKTA,direction_diversity,44.0,,,,5
checkerboard,quackKTA,direction_diversity,44.0,,,,5
checkerboard,quackKTA,direction_diversity,44.0,,,,5
checkerboard,quackKTA,direction_diversity,44.0,,,,5
checkerboard,quackKTA,direction_diversity,44.0,,,,5
checkerboard,quackKTA,direction_diversity,45.0,,,,5
checkerboard,quackKTA,direction_diversity,45.0,,,,5
checkerboard,quackKTA,direction_diversity,45.0,,,,5
checkerboard,quackKTA,direction_diversity,45.0,,,,5
checkerboard,quackKTA,direction_diversity,45.0,,,,5
checkerboard,quackKTA,direction_diversity,45.0,,,,5
checkerboard,quackKTA,direction_diversity,45.0,,,,5
checkerboard,quackKTA,direction_diversity,45.0,,,,5
checkerboard,quackKTA,direction_diversity,45.0,,,,5
checkerboard,quackKTA,direction_diversity,45.0,,,,5
checkerboard,quackKTA,direction_diversity,46.0,,,,5
checkerboard,quackKTA,direction_diversity,46.0,,,,5
checkerboard,quackKTA,direction_diversity,46.0,,,,5
checkerboard,quackKTA,direction_diversity,46.0,,,,5
checkerboard,quackKTA,direction_diversity,46.0,,,,5
checkerboard,quackKTA,direction_diversity,46.0,,,,5
checkerboard,quackKTA,direction_diversity,46.0,,,,5
checkerboard,quackKTA,direction_diversity,46.0,,,,5
checkerboard,quackKTA,direction_diversity,46.0,,,,5
checkerboard,quackKTA,direction_diversity,46.0,,,,5
checkerboard,quackKTA,direction_diversity,47.0,,,,5
checkerboard,quackKTA,direction_diversity,47.0,,,,5
checkerboard,quackKTA,direction_diversity,47.0,,,,5
checkerboard,quackKTA,direction_diversity,47.0,,,,5
checkerboard,quackKTA,direction_diversity,47.0,,,,5
checkerboard,quackKTA,direction_diversity,47.0,,,,5
checkerboard,quackKTA,direction_diversity,47.0,,,,5
checkerboard,quackKTA,direction_diversity,47.0,,,,5
checkerboard,quackKTA,direction_diversity,47.0,,,,5
checkerboard,quackKTA,direction_diversity,47.0,,,,5
checkerboard,quackKTA,direction_diversity,48.0,,,,5
checkerboard,quackKTA,direction_diversity,48.0,,,,5
checkerboard,quackKTA,direction_diversity,48.0,,,,5
checkerboard,quackKTA,direction_diversity,48.0,,,,5
checkerboard,quackKTA,direction_diversity,48.0,,,,5
checkerboard,quackKTA,direction_diversity,48.0,,,,5
checkerboard,quackKTA,direction_diversity,48.0,,,,5
checkerboard,quackKTA,direction_diversity,48.0,,,,5
checkerboard,quackKTA,direction_diversity,48.0,,,,5
checkerboard,quackKTA,direction_diversity,48.0,,,,5
checkerboard,quackKTA,direction_diversity,49.0,,,,5
checkerboard,quackKTA,direction_diversity,49.0,,,,5
checkerboard,quackKTA,direction_diversity,49.0,,,,5
checkerboard,quackKTA,direction_diversity,49.0,,,,5
checkerboard,quackKTA,direction_diversity,49.0,,,,5
checkerboard,quackKTA,direction_diversity,49.0,,,,5
checkerboard,quackKTA,direction_diversity,49.0,,,,5
checkerboard,quackKTA,direction_diversity,49.0,,,,5
checkerboard,quackKTA,direction_diversity,49.0,,,,5
checkerboard,quackKTA,direction_diversity,49.0,,,,5
checkerboard,quackKTA,direction_diversity,50.0,,,,5
checkerboard,quackKTA,direction_diversity,50.0,,,,5
checkerboard,quackKTA,direction_diversity,50.0,,,,5
checkerboard,quackKTA,direction_diversity,50.0,,,,5
checkerboard,quackKTA,direction_diversity,50.0,,,,5
checkerboard,quackKTA,direction_diversity,50.0,,,,5
checkerboard,quackKTA,direction_diversity,50.0,,,,5
checkerboard,quackKTA,direction_diversity,50.0,,,,5
checkerboard,quackKTA,direction_diversity,50.0,,,,5
checkerboard,quackKTA,direction_diversity,50.0,,,,5
checkerboard,quackKTA,direction_diversity,51.0,,,,5
checkerboard,quackKTA,direction_diversity,51.0,,,,5
checkerboard,quackKTA,direction_diversity,51.0,,,,5
checkerboard,quackKTA,direction_diversity,51.0,,,,5
checkerboard,quackKTA,direction_diversity,51.0,,,,5
checkerboard,quackKTA,direction_diversity,51.0,,,,5
checkerboard,quackKTA,direction_diversity,51.0,,,,5
checkerboard,quackKTA,direction_diversity,51.0,,,,5
checkerboard,quackKTA,direction_diversity,51.0,,,,5
checkerboard,quackKTA,direction_diversity,51.0,,,,5
checkerboard,quackKTA,direction_diversity,52.0,,,,5
checkerboard,quackKTA,direction_diversity,52.0,,,,5
checkerboard,quackKTA,direction_diversity,52.0,,,,5
checkerboard,quackKTA,direction_diversity,52.0,,,,5
checkerboard,quackKTA,direction_diversity,52.0,,,,5
checkerboard,quackKTA,direction_diversity,52.0,,,,5
checkerboard,quackKTA,direction_diversity,52.0,,,,5
checkerboard,quackKTA,direction_diversity,52.0,,,,5
checkerboard,quackKTA,direction_diversity,52.0,,,,5
checkerboard,quackKTA,direction_diversity,52.0,,,,5
checkerboard,quackKTA,direction_diversity,53.0,,,,5
checkerboard,quackKTA,direction_diversity,53.0,,,,5
checkerboard,quackKTA,direction_diversity,53.0,,,,5
checkerboard,quackKTA,direction_diversity,53.0,,,,5
checkerboard,quackKTA,direction_diversity,53.0,,,,5
checkerboard,quackKTA,direction_diversity,53.0,,,,5
checkerboard,quackKTA,direction_diversity,53.0,,,,5
checkerboard,quackKTA,direction_diversity,53.0,,,,5
checkerboard,quackKTA,direction_diversity,53.0,,,,5
checkerboard,quackKTA,direction_diversity,53.0,,,,5
checkerboard,quackKTA,direction_diversity,54.0,,,,5
checkerboard,quackKTA,direction_diversity,54.0,,,,5
checkerboard,quackKTA,direction_diversity,54.0,,,,5
checkerboard,quackKTA,direction_diversity,54.0,,,,5
checkerboard,quackKTA,direction_diversity,54.0,,,,5
checkerboard,quackKTA,direction_diversity,54.0,,,,5
checkerboard,quackKTA,direction_diversity,54.0,,,,5
checkerboard,quackKTA,direction_diversity,54.0,,,,5
checkerboard,quackKTA,direction_diversity,54.0,,,,5
checkerboard,quackKTA,direction_diversity,54.0,,,,5
checkerboard,quackKTA,direction_diversity,55.0,,,,5
checkerboard,quackKTA,direction_diversity,55.0,,,,5
checkerboard,quackKTA,direction_diversity,55.0,,,,5
checkerboard,quackKTA,direction_diversity,55.0,,,,5
checkerboard,quackKTA,direction_diversity,55.0,,,,5
checkerboard,quackKTA,direction_diversity,55.0,,,,5
checkerboard,quackKTA,direction_diversity,55.0,,,,5
checkerboard,quackKTA,direction_diversity,55.0,,,,5
checkerboard,quackKTA,direction_diversity,55.0,,,,5
checkerboard,quackKTA,direction_diversity,55.0,,,,5
checkerboard,quackKTA,direction_diversity,56.0,,,,5
checkerboard,quackKTA,direction_diversity,56.0,,,,5
checkerboard,quackKTA,direction_diversity,56.0,,,,5
checkerboard,quackKTA,direction_diversity,56.0,,,,5
checkerboard,quackKTA,direction_diversity,56.0,,,,5
checkerboard,quackKTA,direction_diversity,56.0,,,,5
checkerboard,quackKTA,direction_diversity,56.0,,,,5
checkerboard,quackKTA,direction_diversity,56.0,,,,5
checkerboard,quackKTA,direction_diversity,56.0,,,,5
checkerboard,quackKTA,direction_diversity,56.0,,,,5
checkerboard,quackKTA,direction_diversity,57.0,,,,5
checkerboard,quackKTA,direction_diversity,57.0,,,,5
checkerboard,quackKTA,direction_diversity,57.0,,,,5
checkerboard,quackKTA,direction_diversity,57.0,,,,5
checkerboard,quackKTA,direction_diversity,57.0,,,,5
checkerboard,quackKTA,direction_diversity,57.0,,,,5
checkerboard,quackKTA,direction_diversity,57.0,,,,5
checkerboard,quackKTA,direction_diversity,57.0,,,,5
checkerboard,quackKTA,direction_diversity,57.0,,,,5
checkerboard,quackKTA,direction_diversity,57.0,,,,5
checkerboard,quackKTA,direction_diversity,58.0,,,,5
checkerboard,quackKTA,direction_diversity,58.0,,,,5
checkerboard,quackKTA,direction_diversity,58.0,,,,5
checkerboard,quackKTA,direction_diversity,58.0,,,,5
checkerboard,quackKTA,direction_diversity,58.0,,,,5
checkerboard,quackKTA,direction_diversity,58.0,,,,5
checkerboard,quackKTA,direction_diversity,58.0,,,,5
checkerboard,quackKTA,direction_diversity,58.0,,,,5
checkerboard,quackKTA,direction_diversity,58.0,,,,5
checkerboard,quackKTA,direction_diversity,58.0,,,,5
checkerboard,quackKTA,direction_diversity,59.0,,,,5
checkerboard,quackKTA,direction_diversity,59.0,,,,5
checkerboard,quackKTA,direction_diversity,59.0,,,,5
checkerboard,quackKTA,direction_diversity,59.0,,,,5
checkerboard,quackKTA,direction_diversity,59.0,,,,5
checkerboard,quackKTA,direction_diversity,59.0,,,,5
checkerboard,quackKTA,direction_diversity,59.0,,,,5
checkerboard,quackKTA,direction_diversity,59.0,,,,5
checkerboard,quackKTA,direction_diversity,59.0,,,,5
checkerboard,quackKTA,direction_diversity,59.0,,,,5
checkerboard,quackKTA,direction_diversity,60.0,,,,5
checkerboard,quackKTA,direction_diversity,60.0,,,,5
checkerboard,quackKTA,direction_diversity,60.0,,,,5
checkerboard,quackKTA,direction_diversity,60.0,,,,5
checkerboard,quackKTA,direction_diversity,60.0,,,,5
checkerboard,quackKTA,direction_diversity,60.0,,,,5
checkerboard,quackKTA,direction_diversity,60.0,,,,5
checkerboard,quackKTA,direction_diversity,60.0,,,,5
checkerboard,quackKTA,direction_diversity,60.0,,,,5
checkerboard,quackKTA,direction_diversity,60.0,,,,5
checkerboard,quackKTA,direction_diversity,61.0,,,,5
checkerboard,quackKTA,direction_diversity,61.0,,,,5
checkerboard,quackKTA,direction_diversity,61.0,,,,5
checkerboard,quackKTA,direction_diversity,61.0,,,,5
checkerboard,quackKTA,direction_diversity,61.0,,,,5
checkerboard,quackKTA,direction_diversity,61.0,,,,5
checkerboard,quackKTA,direction_diversity,61.0,,,,5
checkerboard,quackKTA,direction_diversity,61.0,,,,5
checkerboard,quackKTA,direction_diversity,61.0,,,,5
checkerboard,quackKTA,direction_diversity,61.0,,,,5
checkerboard,quackKTA,direction_diversity,62.0,,,,5
checkerboard,quackKTA,direction_diversity,62.0,,,,5
checkerboard,quackKTA,direction_diversity,62.0,,,,5
checkerboard,quackKTA,direction_diversity,62.0,,,,5
checkerboard,quackKTA,direction_diversity,62.0,,,,5
checkerboard,quackKTA,direction_diversity,62.0,,,,5
checkerboard,quackKTA,direction_diversity,62.0,,,,5
checkerboard,quackKTA,direction_diversity,62.0,,,,5
checkerboard,quackKTA,direction_diversity,62.0,,,,5
checkerboard,quackKTA,direction_diversity,62.0,,,,5
checkerboard,quackKTA,direction_diversity,63.0,,,,5
checkerboard,quackKTA,direction_diversity,63.0,,,,5
checkerboard,quackKTA,direction_diversity,63.0,,,,5
checkerboard,quackKTA,direction_diversity,63.0,,,,5
checkerboard,quackKTA,direction_diversity,63.0,,,,5
checkerboard,quackKTA,direction_diversity,63.0,,,,5
checkerboard,quackKTA,direction_diversity,63.0,,,,5
checkerboard,quackKTA,direction_diversity,63.0,,,,5
checkerboard,quackKTA,direction_diversity,63.0,,,,5
checkerboard,quackKTA,direction_diversity,63.0,,,,5
checkerboard,quackKTA,direction_diversity,64.0,,,,5
checkerboard,quackKTA,direction_diversity,64.0,,,,5
checkerboard,quackKTA,direction_diversity,64.0,,,,5
checkerboard,quackKTA,direction_diversity,64.0,,,,5
checkerboard,quackKTA,direction_diversity,64.0,,,,5
checkerboard,quackKTA,direction_diversity,64.0,,,,5
checkerboard,quackKTA,direction_diversity,64.0,,,,5
checkerboard,quackKTA,direction_diversity,64.0,,,,5
checkerboard,quackKTA,direction_diversity,64.0,,,,5
checkerboard,quackKTA,direction_diversity,64.0,,,,5
checkerboard,quackKTA,direction_diversity,65.0,,,,5
checkerboard,quackKTA,direction_diversity,65.0,,,,5
checkerboard,quackKTA,direction_diversity,65.0,,,,5
checkerboard,quackKTA,direction_diversity,65.0,,,,5
checkerboard,quackKTA,direction_diversity,65.0,,,,5
checkerboard,quackKTA,direction_diversity,65.0,,,,5
checkerboard,quackKTA,direction_diversity,65.0,,,,5
checkerboard,quackKTA,direction_diversity,65.0,,,,5
checkerboard,quackKTA,direction_diversity,65.0,,,,5
checkerboard,quackKTA,direction_diversity,65.0,,,,5
checkerboard,quackKTA,direction_diversity,66.0,,,,5
checkerboard,quackKTA,direction_diversity,66.0,,,,5
checkerboard,quackKTA,direction_diversity,66.0,,,,5
checkerboard,quackKTA,direction_diversity,66.0,,,,5
checkerboard,quackKTA,direction_diversity,66.0,,,,5
checkerboard,quackKTA,direction_diversity,66.0,,,,5
checkerboard,quackKTA,direction_diversity,66.0,,,,5
checkerboard,quackKTA,direction_diversity,66.0,,,,5
checkerboard,quackKTA,direction_diversity,66.0,,,,5
checkerboard,quackKTA,direction_diversity,66.0,,,,5
checkerboard,quackKTA,direction_diversity,67.0,,,,5
checkerboard,quackKTA,direction_diversity,67.0,,,,5
checkerboard,quackKTA,direction_diversity,67.0,,,,5
checkerboard,quackKTA,direction_diversity,67.0,,,,5
checkerboard,quackKTA,direction_diversity,67.0,,,,5
checkerboard,quackKTA,direction_diversity,67.0,,,,5
checkerboard,quackKTA,direction_diversity,67.0,,,,5
checkerboard,quackKTA,direction_diversity,67.0,,,,5
checkerboard,quackKTA,direction_diversity,67.0,,,,5
checkerboard,quackKTA,direction_diversity,67.0,,,,5
checkerboard,quackKTA,direction_diversity,68.0,,,,5
checkerboard,quackKTA,direction_diversity,68.0,,,,5
checkerboard,quackKTA,direction_diversity,68.0,,,,5
checkerboard,quackKTA,direction_diversity,68.0,,,,5
checkerboard,quackKTA,direction_diversity,68.0,,,,5
checkerboard,quackKTA,direction_diversity,68.0,,,,5
checkerboard,quackKTA,direction_diversity,68.0,,,,5
checkerboard,quackKTA,direction_diversity,68.0,,,,5
checkerboard,quackKTA,direction_diversity,68.0,,,,5
checkerboard,quackKTA,direction_diversity,68.0,,,,5
checkerboard,quackKTA,direction_diversity,69.0,,,,5
checkerboard,quackKTA,direction_diversity,69.0,,,,5
checkerboard,quackKTA,direction_diversity,69.0,,,,5
checkerboard,quackKTA,direction_diversity,69.0,,,,5
checkerboard,quackKTA,direction_diversity,69.0,,,,5
checkerboard,quackKTA,direction_diversity,69.0,,,,5
checkerboard,quackKTA,direction_diversity,69.0,,,,5
checkerboard,quackKTA,direction_diversity,69.0,,,,5
checkerboard,quackKTA,direction_diversity,69.0,,,,5
checkerboard,quackKTA,direction_diversity,69.0,,,,5
checkerboard,quackKTA,direction_diversity,70.0,,,,5
checkerboard,quackKTA,direction_diversity,70.0,,,,5
checkerboard,quackKTA,direction_diversity,70.0,,,,5
checkerboard,quackKTA,direction_diversity,70.0,,,,5
checkerboard,quackKTA,direction_diversity,70.0,,,,5
checkerboard,quackKTA,direction_diversity,70.0,,,,5
checkerboard,quackKTA,direction_diversity,70.0,,,,5
checkerboard,quackKTA,direction_diversity,70.0,,,,5
checkerboard,quackKTA,direction_diversity,70.0,,,,5
checkerboard,quackKTA,direction_diversity,70.0,,,,5
checkerboard,quackKTA,direction_diversity,71.0,,,,5
checkerboard,quackKTA,direction_diversity,71.0,,,,5
checkerboard,quackKTA,direction_diversity,71.0,,,,5
checkerboard,quackKTA,direction_diversity,71.0,,,,5
checkerboard,quackKTA,direction_diversity,71.0,,,,5
checkerboard,quackKTA,direction_diversity,71.0,,,,5
checkerboard,quackKTA,direction_diversity,71.0,,,,5
checkerboard,quackKTA,direction_diversity,71.0,,,,5
checkerboard,quackKTA,direction_diversity,71.0,,,,5
checkerboard,quackKTA,direction_diversity,71.0,,,,5
checkerboard,quackKTA,direction_diversity,72.0,,,,5
checkerboard,quackKTA,direction_diversity,72.0,,,,5
checkerboard,quackKTA,direction_diversity,72.0,,,,5
checkerboard,quackKTA,direction_diversity,72.0,,,,5
checkerboard,quackKTA,direction_diversity,72.0,,,,5
checkerboard,quackKTA,direction_diversity,72.0,,,,5
checkerboard,quackKTA,direction_diversity,72.0,,,,5
checkerboard,quackKTA,direction_diversity,72.0,,,,5
checkerboard,quackKTA,direction_diversity,72.0,,,,5
checkerboard,quackKTA,direction_diversity,72.0,,,,5
checkerboard,quackKTA,direction_diversity,73.0,,,,5
checkerboard,quackKTA,direction_diversity,73.0,,,,5
checkerboard,quackKTA,direction_diversity,73.0,,,,5
checkerboard,quackKTA,direction_diversity,73.0,,,,5
checkerboard,quackKTA,direction_diversity,73.0,,,,5
checkerboard,quackKTA,direction_diversity,73.0,,,,5
checkerboard,quackKTA,direction_diversity,73.0,,,,5
checkerboard,quackKTA,direction_diversity,73.0,,,,5
checkerboard,quackKTA,direction_diversity,73.0,,,,5
checkerboard,quackKTA,direction_diversity,73.0,,,,5
checkerboard,quackKTA,direction_diversity,74.0,,,,5
checkerboard,quackKTA,direction_diversity,74.0,,,,5
checkerboard,quackKTA,direction_diversity,74.0,,,,5
checkerboard,quackKTA,direction_diversity,74.0,,,,5
checkerboard,quackKTA,direction_diversity,74.0,,,,5
checkerboard,quackKTA,direction_diversity,74.0,,,,5
checkerboard,quackKTA,direction_diversity,74.0,,,,5
checkerboard,quackKTA,direction_diversity,74.0,,,,5
checkerboard,quackKTA,direction_diversity,74.0,,,,5
checkerboard,quackKTA,direction_diversity,74.0,,,,5
checkerboard,quackKTA,direction_diversity,75.0,,,,5
checkerboard,quackKTA,direction_diversity,75.0,,,,5
checkerboard,quackKTA,direction_diversity,75.0,,,,5
checkerboard,quackKTA,direction_diversity,75.0,,,,5
checkerboard,quackKTA,direction_diversity,75.0,,,,5
checkerboard,quackKTA,direction_diversity,75.0,,,,5
checkerboard,quackKTA,direction_diversity,75.0,,,,5
checkerboard,quackKTA,direction_diversity,75.0,,,,5
checkerboard,quackKTA,direction_diversity,75.0,,,,5
checkerboard,quackKTA,direction_diversity,75.0,,,,5
checkerboard,quackKTA,direction_diversity,76.0,,,,5
checkerboard,quackKTA,direction_diversity,76.0,,,,5
checkerboard,quackKTA,direction_diversity,76.0,,,,5
checkerboard,quackKTA,direction_diversity,76.0,,,,5
checkerboard,quackKTA,direction_diversity,76.0,,,,5
checkerboard,quackKTA,direction_diversity,76.0,,,,5
checkerboard,quackKTA,direction_diversity,76.0,,,,5
checkerboard,quackKTA,direction_diversity,76.0,,,,5
checkerboard,quackKTA,direction_diversity,76.0,,,,5
checkerboard,quackKTA,direction_diversity,76.0,,,,5
checkerboard,quackKTA,direction_diversity,77.0,,,,5
checkerboard,quackKTA,direction_diversity,77.0,,,,5
checkerboard,quackKTA,direction_diversity,77.0,,,,5
checkerboard,quackKTA,direction_diversity,77.0,,,,5
checkerboard,quackKTA,direction_diversity,77.0,,,,5
checkerboard,quackKTA,direction_diversity,77.0,,,,5
checkerboard,quackKTA,direction_diversity,77.0,,,,5
checkerboard,quackKTA,direction_diversity,77.0,,,,5
checkerboard,quackKTA,direction_diversity,77.0,,,,5
checkerboard,quackKTA,direction_diversity,77.0,,,,5
checkerboard,quackKTA,direction_diversity,78.0,,,,5
checkerboard,quackKTA,direction_diversity,78.0,,,,5
checkerboard,quackKTA,direction_diversity,78.0,,,,5
checkerboard,quackKTA,direction_diversity,78.0,,,,5
checkerboard,quackKTA,direction_diversity,78.0,,,,5
checkerboard,quackKTA,direction_diversity,78.0,,,,5
checkerboard,quackKTA,direction_diversity,78.0,,,,5
checkerboard,quackKTA,direction_diversity,78.0,,,,5
checkerboard,quackKTA,direction_diversity,78.0,,,,5
checkerboard,quackKTA,direction_diversity,78.0,,,,5
checkerboard,quackKTA,direction_diversity,79.0,,,,5
checkerboard,quackKTA,direction_diversity,79.0,,,,5
checkerboard,quackKTA,direction_diversity,79.0,,,,5
checkerboard,quackKTA,direction_diversity,79.0,,,,5
checkerboard,quackKTA,direction_diversity,79.0,,,,5
checkerboard,quackKTA,direction_diversity,79.0,,,,5
checkerboard,quackKTA,direction_diversity,79.0,,,,5
checkerboard,quackKTA,direction_diversity,79.0,,,,5
checkerboard,quackKTA,direction_diversity,79.0,,,,5
checkerboard,quackKTA,direction_diversity,79.0,,,,5
checkerboard,quackKTA,direction_diversity,80.0,,,,5
checkerboard,quackKTA,direction_diversity,80.0,,,,5
checkerboard,quackKTA,direction_diversity,80.0,,,,5
checkerboard,quackKTA,direction_diversity,80.0,,,,5
checkerboard,quackKTA,direction_diversity,80.0,,,,5
checkerboard,quackKTA,direction_diversity,80.0,,,,5
checkerboard,quackKTA,direction_diversity,80.0,,,,5
checkerboard,quackKTA,direction_diversity,80.0,,,,5
checkerboard,quackKTA,direction_diversity,80.0,,,,5
checkerboard,quackKTA,direction_diversity,80.0,,,,5
checkerboard,quackKTA,direction_diversity,81.0,,,,5
checkerboard,quackKTA,direction_diversity,81.0,,,,5
checkerboard,quackKTA,direction_diversity,81.0,,,,5
checkerboard,quackKTA,direction_diversity,81.0,,,,5
checkerboard,quackKTA,direction_diversity,81.0,,,,5
checkerboard,quackKTA,direction_diversity,81.0,,,,5
checkerboard,quackKTA,direction_diversity,81.0,,,,5
checkerboard,quackKTA,direction_diversity,81.0,,,,5
checkerboard,quackKTA,direction_diversity,81.0,,,,5
checkerboard,quackKTA,direction_diversity,81.0,,,,5
checkerboard,quackKTA,direction_diversity,82.0,,,,5
checkerboard,quackKTA,direction_diversity,82.0,,,,5
checkerboard,quackKTA,direction_diversity,82.0,,,,5
checkerboard,quackKTA,direction_diversity,82.0,,,,5
checkerboard,quackKTA,direction_diversity,82.0,,,,5
checkerboard,quackKTA,direction_diversity,82.0,,,,5
checkerboard,quackKTA,direction_diversity,82.0,,,,5
checkerboard,quackKTA,direction_diversity,82.0,,,,5
checkerboard,quackKTA,direction_diversity,82.0,,,,5
checkerboard,quackKTA,direction_diversity,82.0,,,,5
checkerboard,quackKTA,direction_diversity,83.0,,,,5
checkerboard,quackKTA,direction_diversity,83.0,,,,5
checkerboard,quackKTA,direction_diversity,83.0,,,,5
checkerboard,quackKTA,direction_diversity,83.0,,,,5
checkerboard,quackKTA,direction_diversity,83.0,,,,5
checkerboard,quackKTA,direction_diversity,83.0,,,,5
checkerboard,quackKTA,direction_diversity,83.0,,,,5
checkerboard,quackKTA,direction_diversity,83.0,,,,5
checkerboard,quackKTA,direction_diversity,83.0,,,,5
checkerboard,quackKTA,direction_diversity,83.0,,,,5
checkerboard,quackKTA,direction_diversity,84.0,,,,5
checkerboard,quackKTA,direction_diversity,84.0,,,,5
checkerboard,quackKTA,direction_diversity,84.0,,,,5
checkerboard,quackKTA,direction_diversity,84.0,,,,5
checkerboard,quackKTA,direction_diversity,84.0,,,,5
checkerboard,quackKTA,direction_diversity,84.0,,,,5
checkerboard,quackKTA,direction_diversity,84.0,,,,5
checkerboard,quackKTA,direction_diversity,84.0,,,,5
checkerboard,quackKTA,direction_diversity,84.0,,,,5
checkerboard,quackKTA,direction_diversity,84.0,,,,5
checkerboard,quackKTA,direction_diversity,85.0,,,,5
checkerboard,quackKTA,direction_diversity,85.0,,,,5
checkerboard,quackKTA,direction_diversity,85.0,,,,5
checkerboard,quackKTA,direction_diversity,85.0,,,,5
checkerboard,quackKTA,direction_diversity,85.0,,,,5
checkerboard,quackKTA,direction_diversity,85.0,,,,5
checkerboard,quackKTA,direction_diversity,85.0,,,,5
checkerboard,quackKTA,direction_diversity,85.0,,,,5
checkerboard,quackKTA,direction_diversity,85.0,,,,5
checkerboard,quackKTA,direction_diversity,85.0,,,,5
checkerboard,quackKTA,direction_diversity,86.0,,,,5
checkerboard,quackKTA,direction_diversity,86.0,,,,5
checkerboard,quackKTA,direction_diversity,86.0,,,,5
checkerboard,quackKTA,direction_diversity,86.0,,,,5
checkerboard,quackKTA,direction_diversity,86.0,,,,5
checkerboard,quackKTA,direction_diversity,86.0,,,,5
checkerboard,quackKTA,direction_diversity,86.0,,,,5
checkerboard,quackKTA,direction_diversity,86.0,,,,5
checkerboard,quackKTA,direction_diversity,86.0,,,,5
checkerboard,quackKTA,direction_diversity,86.0,,,,5
checkerboard,quackKTA,direction_diversity,87.0,,,,5
checkerboard,quackKTA,direction_diversity,87.0,,,,5
checkerboard,quackKTA,direction_diversity,87.0,,,,5
checkerboard,quackKTA,direction_diversity,87.0,,,,5
checkerboard,quackKTA,direction_diversity,87.0,,,,5
checkerboard,quackKTA,direction_diversity,87.0,,,,5
checkerboard,quackKTA,direction_diversity,87.0,,,,5
checkerboard,quackKTA,direction_diversity,87.0,,,,5
checkerboard,quackKTA,direction_diversity,87.0,,,,5
checkerboard,quackKTA,direction_diversity,87.0,,,,5
checkerboard,quackKTA,direction_diversity,88.0,,,,5
checkerboard,quackKTA,direction_diversity,88.0,,,,5
checkerboard,quackKTA,direction_diversity,88.0,,,,5
checkerboard,quackKTA,direction_diversity,88.0,,,,5
checkerboard,quackKTA,direction_diversity,88.0,,,,5
checkerboard,quackKTA,direction_diversity,88.0,,,,5
checkerboard,quackKTA,direction_diversity,88.0,,,,5
checkerboard,quackKTA,direction_diversity,88.0,,,,5
checkerboard,quackKTA,direction_diversity,88.0,,,,5
checkerboard,quackKTA,direction_diversity,88.0,,,,5
checkerboard,quackKTA,direction_diversity,89.0,,,,5
checkerboard,quackKTA,direction_diversity,89.0,,,,5
checkerboard,quackKTA,direction_diversity,89.0,,,,5
checkerboard,quackKTA,direction_diversity,89.0,,,,5
checkerboard,quackKTA,direction_diversity,89.0,,,,5
checkerboard,quackKTA,direction_diversity,89.0,,,,5
checkerboard,quackKTA,direction_diversity,89.0,,,,5
checkerboard,quackKTA,direction_diversity,89.0,,,,5
checkerboard,quackKTA,direction_diversity,89.0,,,,5
checkerboard,quackKTA,direction_diversity,89.0,,,,5
checkerboard,quackKTA,direction_diversity,90.0,,,,5
checkerboard,quackKTA,direction_diversity,90.0,,,,5
checkerboard,quackKTA,direction_diversity,90.0,,,,5
checkerboard,quackKTA,direction_diversity,90.0,,,,5
checkerboard,quackKTA,direction_diversity,90.0,,,,5
checkerboard,quackKTA,direction_diversity,90.0,,,,5
checkerboard,quackKTA,direction_diversity,90.0,,,,5
checkerboard,quackKTA,direction_diversity,90.0,,,,5
checkerboard,quackKTA,direction_diversity,90.0,,,,5
checkerboard,quackKTA,direction_diversity,90.0,,,,5
checkerboard,quackKTA,direction_diversity,91.0,,,,5
checkerboard,quackKTA,direction_diversity,91.0,,,,5
checkerboard,quackKTA,direction_diversity,91.0,,,,5
checkerboard,quackKTA,direction_diversity,91.0,,,,5
checkerboard,quackKTA,direction_diversity,91.0,,,,5
checkerboard,quackKTA,direction_diversity,91.0,,,,5
checkerboard,quackKTA,direction_diversity,91.0,,,,5
checkerboard,quackKTA,direction_diversity,91.0,,,,5
checkerboard,quackKTA,direction_diversity,91.0,,,,5
checkerboard,quackKTA,direction_diversity,91.0,,,,5
checkerboard,quackKTA,direction_diversity,92.0,,,,5
checkerboard,quackKTA,direction_diversity,92.0,,,,5
checkerboard,quackKTA,direction_diversity,92.0,,,,5
checkerboard,quackKTA,direction_diversity,92.0,,,,5
checkerboard,quackKTA,direction_diversity,92.0,,,,5
checkerboard,quackKTA,direction_diversity,92.0,,,,5
checkerboard,quackKTA,direction_diversity,92.0,,,,5
checkerboard,quackKTA,direction_diversity,92.0,,,,5
checkerboard,quackKTA,direction_diversity,92.0,,,,5
checkerboard,quackKTA,direction_diversity,92.0,,,,5
checkerboard,quackKTA,direction_diversity,93.0,,,,5
checkerboard,quackKTA,direction_diversity,93.0,,,,5
checkerboard,quackKTA,direction_diversity,93.0,,,,5
checkerboard,quackKTA,direction_diversity,93.0,,,,5
checkerboard,quackKTA,direction_diversity,93.0,,,,5
checkerboard,quackKTA,direction_diversity,93.0,,,,5
checkerboard,quackKTA,direction_diversity,93.0,,,,5
checkerboard,quackKTA,direction_diversity,93.0,,,,5
checkerboard,quackKTA,direction_diversity,93.0,,,,5
checkerboard,quackKTA,direction_diversity,93.0,,,,5
checkerboard,quackKTA,direction_diversity,94.0,,,,5
checkerboard,quackKTA,direction_diversity,94.0,,,,5
checkerboard,quackKTA,direction_diversity,94.0,,,,5
checkerboard,quackKTA,direction_diversity,94.0,,,,5
checkerboard,quackKTA,direction_diversity,94.0,,,,5
checkerboard,quackKTA,direction_diversity,94.0,,,,5
checkerboard,quackKTA,direction_diversity,94.0,,,,5
checkerboard,quackKTA,direction_diversity,94.0,,,,5
checkerboard,quackKTA,direction_diversity,94.0,,,,5
checkerboard,quackKTA,direction_diversity,94.0,,,,5
checkerboard,quackKTA,direction_diversity,95.0,,,,5
checkerboard,quackKTA,direction_diversity,95.0,,,,5
checkerboard,quackKTA,direction_diversity,95.0,,,,5
checkerboard,quackKTA,direction_diversity,95.0,,,,5
checkerboard,quackKTA,direction_diversity,95.0,,,,5
checkerboard,quackKTA,direction_diversity,95.0,,,,5
checkerboard,quackKTA,direction_diversity,95.0,,,,5
checkerboard,quackKTA,direction_diversity,95.0,,,,5
checkerboard,quackKTA,direction_diversity,95.0,,,,5
checkerboard,quackKTA,direction_diversity,95.0,,,,5
checkerboard,quackKTA,direction_diversity,96.0,,,,5
checkerboard,quackKTA,direction_diversity,96.0,,,,5
checkerboard,quackKTA,direction_diversity,96.0,,,,5
checkerboard,quackKTA,direction_diversity,96.0,,,,5
checkerboard,quackKTA,direction_diversity,96.0,,,,5
checkerboard,quackKTA,direction_diversity,96.0,,,,5
checkerboard,quackKTA,direction_diversity,96.0,,,,5
checkerboard,quackKTA,direction_diversity,96.0,,,,5
checkerboard,quackKTA,direction_diversity,96.0,,,,5
checkerboard,quackKTA,direction_diversity,96.0,,,,5
checkerboard,quackKTA,direction_diversity,97.0,,,,5
checkerboard,quackKTA,direction_diversity,97.0,,,,5
checkerboard,quackKTA,direction_diversity,97.0,,,,5
checkerboard,quackKTA,direction_diversity,97.0,,,,5
checkerboard,quackKTA,direction_diversity,97.0,,,,5
checkerboard,quackKTA,direction_diversity,97.0,,,,5
checkerboard,quackKTA,direction_diversity,97.0,,,,5
checkerboard,quackKTA,direction_diversity,97.0,,,,5
checkerboard,quackKTA,direction_diversity,97.0,,,,5
checkerboard,quackKTA,direction_diversity,97.0,,,,5
checkerboard,quackKTA,direction_diversity,98.0,,,,5
checkerboard,quackKTA,direction_diversity,98.0,,,,5
checkerboard,quackKTA,direction_diversity,98.0,,,,5
checkerboard,quackKTA,direction_diversity,98.0,,,,5
checkerboard,quackKTA,direction_diversity,98.0,,,,5
checkerboard,quackKTA,direction_diversity,98.0,,,,5
checkerboard,quackKTA,direction_diversity,98.0,,,,5
checkerboard,quackKTA,direction_diversity,98.0,,,,5
checkerboard,quackKTA,direction_diversity,98.0,,,,5
checkerboard,quackKTA,direction_diversity,98.0,,,,5
checkerboard,quackKTA,direction_diversity,99.0,,,,5
checkerboard,quackKTA,direction_diversity,99.0,,,,5
checkerboard,quackKTA,direction_diversity,99.0,,,,5
checkerboard,quackKTA,direction_diversity,99.0,,,,5
checkerboard,quackKTA,direction_diversity,99.0,,,,5
checkerboard,quackKTA,direction_diversity,99.0,,,,5
checkerboard,quackKTA,direction_diversity,99.0,,,,5
checkerboard,quackKTA,direction_diversity,99.0,,,,5
checkerboard,quackKTA,direction_diversity,99.0,,,,5
checkerboard,quackKTA,direction_diversity,99.0,,,,5
checkerboard,quackKTA,direction_diversity,100.0,,,,5
checkerboard,quackKTA,direction_diversity,100.0,,,,5
checkerboard,quackKTA,direction_diversity,100.0,,,,5
checkerboard,quackKTA,direction_diversity,100.0,,,,5
checkerboard,quackKTA,direction_diversity,100.0,,,,5
checkerboard,quackKTA,direction_diversity,100.0,,,,5
checkerboard,quackKTA,direction_diversity,100.0,,,,5
checkerboard,quackKTA,direction_diversity,100.0,,,,5
checkerboard,quackKTA,direction_diversity,100.0,,,,5
checkerboard,quackKTA,direction_diversity,100.0,,,,5
checkerboard,centroidBasedKTA,direction_diversity,1.0,,,,5
checkerboard,centroidBasedKTA,direction_diversity,1.0,,,,5
checkerboard,centroidBasedKTA,direction_diversity,2.0,,,,5
checkerboard,centroidBasedKTA,direction_diversity,3.0,,,,5
checkerboard,centroidBasedKTA,direction_diversity,4.0,,,,5
checkerboard,centroidBasedKTA,direction_diversity,5.0,,,,5
checkerboard,centroidBasedKTA,direction_diversity,6.0,,,,5
checkerboard,centroidBasedKTA,direction_diversity,7.0,,,,5
checkerboard,centroidBasedKTA,direction_diversity,8.0,,,,5
checkerboard,centroidBasedKTA,direction_diversity,9.0,,,,5
checkerboard,centroidBasedKTA,direction_diversity,10.0,,,,5
checkerboard,centroidBasedKTA,direction_diversity,11.0,,,,5
checkerboard,centroidBasedKTA,direction_diversity,12.0,,,,5
checkerboard,centroidBasedKTA,direction_diversity,13.0,,,,5
checkerboard,centroidBasedKTA,direction_diversity,14.0,,,,5
checkerboard,centroidBasedKTA,direction_diversity,15.0,,,,5
checkerboard,centroidBasedKTA,direction_diversity,16.0,,,,5
checkerboard,centroidBasedKTA,direction_diversity,17.0,,,,5
checkerboard,centroidBasedKTA,direction_diversity,18.0,,,,5
checkerboard,centroidBasedKTA,direction_diversity,19.0,,,,5
checkerboard,centroidBasedKTA,direction_diversity,20.0,,,,5
checkerboard,centroidBasedKTA,direction_diversity,21.0,,,,5
checkerboard,centroidBasedKTA,direction_diversity,22.0,,,,5
checkerboard,centroidBasedKTA,direction_diversity,23.0,,,,5
checkerboard,centroidBasedKTA,direction_diversity,24.0,,,,5
checkerboard,centroidBasedKTA,direction_diversity,25.0,,,,5
checkerboard,centroidBasedKTA,direction_diversity,26.0,,,,5
checkerboard,centroidBasedKTA,direction_diversity,27.0,,,,5
checkerboard,centroidBasedKTA,direction_diversity,28.0,,,,5
checkerboard,centroidBasedKTA,direction_diversity,29.0,,,,5
checkerboard,centroidBasedKTA,direction_diversity,30.0,,,,5
checkerboard,centroidBasedKTA,direction_diversity,31.0,,,,5
checkerboard,centroidBasedKTA,direction_diversity,32.0,,,,5
checkerboard,centroidBasedKTA,direction_diversity,33.0,,,,5
checkerboard,centroidBasedKTA,direction_diversity,34.0,,,,5
checkerboard,centroidBasedKTA,direction_diversity,35.0,,,,5
checkerboard,centroidBasedKTA,direction_diversity,36.0,,,,5
checkerboard,centroidBasedKTA,direction_diversity,37.0,,,,5
checkerboard,centroidBasedKTA,direction_diversity,38.0,,,,5
checkerboard,centroidBasedKTA,direction_diversity,39.0,,,,5
checkerboard,centroidBasedKTA,direction_diversity,40.0,,,,5
checkerboard,centroidBasedKTA,direction_diversity,41.0,,,,5
checkerboard,centroidBasedKTA,direction_diversity,42.0,,,,5
checkerboard,centroidBasedKTA,direction_diversity,43.0,,,,5
checkerboard,centroidBasedKTA,direction_diversity,44.0,,,,5
checkerboard,centroidBasedKTA,direction_diversity,45.0,,,,5
checkerboard,centroidBasedKTA,direction_diversity,46.0,,,,5
checkerboard,centroidBasedKTA,direction_diversity,47.0,,,,5
checkerboard,centroidBasedKTA,direction_diversity,48.0,,,,5
checkerboard,centroidBasedKTA,direction_diversity,49.0,,,,5
checkerboard,centroidBasedKTA,direction_diversity,50.0,,,,5
checkerboard,centroidBasedKTA,direction_diversity,51.0,,,,5
checkerboard,centroidBasedKTA,direction_diversity,52.0,,,,5
checkerboard,centroidBasedKTA,direction_diversity,53.0,,,,5
checkerboard,centroidBasedKTA,direction_diversity,54.0,,,,5
checkerboard,centroidBasedKTA,direction_diversity,55.0,,,,5
checkerboard,centroidBasedKTA,direction_diversity,56.0,,,,5
checkerboard,centroidBasedKTA,direction_diversity,57.0,,,,5
checkerboard,centroidBasedKTA,direction_diversity,58.0,,,,5
checkerboard,centroidBasedKTA,direction_diversity,59.0,,,,5
checkerboard,centroidBasedKTA,direction_diversity,60.0,,,,5
checkerboard,centroidBasedKTA,direction_diversity,61.0,,,,5
checkerboard,centroidBasedKTA,direction_diversity,62.0,,,,5
checkerboard,centroidBasedKTA,direction_diversity,63.0,,,,5
checkerboard,centroidBasedKTA,direction_diversity,64.0,,,,5
checkerboard,centroidBasedKTA,direction_diversity,65.0,,,,5
checkerboard,centroidBasedKTA,direction_diversity,66.0,,,,5
checkerboard,centroidBasedKTA,direction_diversity,67.0,,,,5
checkerboard,centroidBasedKTA,direction_diversity,68.0,,,,5
checkerboard,centroidBasedKTA,direction_diversity,69.0,,,,5
checkerboard,centroidBasedKTA,direction_diversity,70.0,,,,5
checkerboard,centroidBasedKTA,direction_diversity,71.0,,,,5
checkerboard,centroidBasedKTA,direction_diversity,72.0,,,,5
checkerboard,centroidBasedKTA,direction_diversity,73.0,,,,5
checkerboard,centroidBasedKTA,direction_diversity,74.0,,,,5
checkerboard,centroidBasedKTA,direction_diversity,75.0,,,,5
checkerboard,centroidBasedKTA,direction_diversity,76.0,,,,5
checkerboard,centroidBasedKTA,direction_diversity,77.0,,,,5
checkerboard,centroidBasedKTA,direction_diversity,78.0,,,,5
checkerboard,centroidBasedKTA,direction_diversity,79.0,,,,5
checkerboard,centroidBasedKTA,direction_diversity,80.0,,,,5
checkerboard,centroidBasedKTA,direction_diversity,81.0,,,,5
checkerboard,centroidBasedKTA,direction_diversity,82.0,,,,5
checkerboard,centroidBasedKTA,direction_diversity,83.0,,,,5
checkerboard,centroidBasedKTA,direction_diversity,84.0,,,,5
checkerboard,centroidBasedKTA,direction_diversity,85.0,,,,5
checkerboard,centroidBasedKTA,direction_diversity,86.0,,,,5
checkerboard,centroidBasedKTA,direction_diversity,87.0,,,,5
checkerboard,centroidBasedKTA,direction_diversity,88.0,,,,5
checkerboard,centroidBasedKTA,direction_diversity,89.0,,,,5
checkerboard,centroidBasedKTA,direction_diversity,90.0,,,,5
checkerboard,centroidBasedKTA,direction_diversity,91.0,,,,5
checkerboard,centroidBasedKTA,direction_diversity,92.0,,,,5
checkerboard,centroidBasedKTA,direction_diversity,93.0,,,,5
checkerboard,centroidBasedKTA,direction_diversity,94.0,,,,5
checkerboard,centroidBasedKTA,direction_diversity,95.0,,,,5
checkerboard,centroidBasedKTA,direction_diversity,96.0,,,,5
checkerboard,centroidBasedKTA,direction_diversity,97.0,,,,5
checkerboard,centroidBasedKTA,direction_diversity,98.0,,,,5
checkerboard,centroidBasedKTA,direction_diversity,99.0,,,,5
checkerboard,centroidBasedKTA,direction_diversity,100.0,,,,5
checkerboard,greedyKTA,direction_diversity,1.0,,,,5
checkerboard,greedyKTA,direction_diversity,2.0,,,,5
checkerboard,greedyKTA,direction_diversity,3.0,,,,5
checkerboard,greedyKTA,direction_diversity,4.0,,,,5
checkerboard,greedyKTA,direction_diversity,5.0,,,,5
checkerboard,greedyKTA,direction_diversity,6.0,,,,5
checkerboard,greedyKTA,direction_diversity,7.0,,,,5
checkerboard,greedyKTA,direction_diversity,8.0,,,,5
checkerboard,greedyKTA,direction_diversity,9.0,,,,5
checkerboard,greedyKTA,direction_diversity,10.0,,,,5
checkerboard,greedyKTA,direction_diversity,11.0,,,,5
checkerboard,greedyKTA,direction_diversity,12.0,,,,5
checkerboard,greedyKTA,direction_diversity,13.0,,,,5
checkerboard,greedyKTA,direction_diversity,14.0,,,,5
checkerboard,greedyKTA,direction_diversity,15.0,,,,5
checkerboard,greedyKTA,direction_diversity,16.0,,,,5
checkerboard,greedyKTA,direction_diversity,17.0,,,,5
checkerboard,greedyKTA,direction_diversity,18.0,,,,5
checkerboard,greedyKTA,direction_diversity,19.0,,,,5
checkerboard,greedyKTA,direction_diversity,20.0,,,,5
checkerboard,greedyKTA,direction_diversity,21.0,,,,5
checkerboard,greedyKTA,direction_diversity,22.0,,,,5
checkerboard,greedyKTA,direction_diversity,23.0,,,,5
checkerboard,greedyKTA,direction_diversity,24.0,,,,5
checkerboard,greedyKTA,direction_diversity,25.0,,,,5
checkerboard,greedyKTA,direction_diversity,26.0,,,,5
checkerboard,greedyKTA,direction_diversity,27.0,,,,5
checkerboard,greedyKTA,direction_diversity,28.0,,,,5
checkerboard,greedyKTA,direction_diversity,29.0,,,,5
checkerboard,greedyKTA,direction_diversity,30.0,,,,5
checkerboard,greedyKTA,direction_diversity,31.0,,,,5
checkerboard,greedyKTA,direction_diversity,32.0,,,,5
checkerboard,greedyKTA,direction_diversity,33.0,,,,5
checkerboard,greedyKTA,direction_diversity,34.0,,,,5
checkerboard,greedyKTA,direction_diversity,35.0,,,,5
checkerboard,greedyKTA,direction_diversity,36.0,,,,5
checkerboard,greedyKTA,direction_diversity,37.0,,,,5
checkerboard,greedyKTA,direction_diversity,38.0,,,,5
checkerboard,greedyKTA,direction_diversity,39.0,,,,5
checkerboard,greedyKTA,direction_diversity,40.0,,,,5
checkerboard,greedyKTA,direction_diversity,41.0,,,,5
checkerboard,greedyKTA,direction_diversity,42.0,,,,5
checkerboard,greedyKTA,direction_diversity,43.0,,,,5
checkerboard,greedyKTA,direction_diversity,44.0,,,,5
checkerboard,greedyKTA,direction_diversity,45.0,,,,5
checkerboard,greedyKTA,direction_diversity,46.0,,,,5
checkerboard,greedyKTA,direction_diversity,47.0,,,,5
checkerboard,greedyKTA,direction_diversity,48.0,,,,5
checkerboard,greedyKTA,direction_diversity,49.0,,,,5
checkerboard,greedyKTA,direction_diversity,50.0,,,,5
checkerboard,greedyKTA,direction_diversity,51.0,,,,5
checkerboard,greedyKTA,direction_diversity,52.0,,,,5
checkerboard,greedyKTA,direction_diversity,53.0,,,,5
checkerboard,greedyKTA,direction_diversity,54.0,,,,5
checkerboard,greedyKTA,direction_diversity,55.0,,,,5
checkerboard,greedyKTA,direction_diversity,56.0,,,,5
checkerboard,greedyKTA,direction_diversity,57.0,,,,5
checkerboard,greedyKTA,direction_diversity,58.0,,,,5
checkerboard,greedyKTA,direction_diversity,59.0,,,,5
checkerboard,greedyKTA,direction_diversity,60.0,,,,5
checkerboard,greedyKTA,direction_diversity,61.0,,,,5
checkerboard,greedyKTA,direction_diversity,62.0,,,,5
checkerboard,greedyKTA,direction_diversity,63.0,,,,5
checkerboard,greedyKTA,direction_diversity,64.0,,,,5
checkerboard,greedyKTA,direction_diversity,65.0,,,,5
checkerboard,greedyKTA,direction_diversity,66.0,,,,5
checkerboard,greedyKTA,direction_diversity,67.0,,,,5
checkerboard,greedyKTA,direction_diversity,68.0,,,,5
checkerboard,greedyKTA,direction_diversity,69.0,,,,5
checkerboard,greedyKTA,direction_diversity,70.0,,,,5
checkerboard,greedyKTA,direction_diversity,71.0,,,,5
checkerboard,greedyKTA,direction_diversity,72.0,,,,5
checkerboard,greedyKTA,direction_diversity,73.0,,,,5
checkerboard,greedyKTA,direction_diversity,74.0,,,,5
checkerboard,greedyKTA,direction_diversity,75.0,,,,5
checkerboard,greedyKTA,direction_diversity,76.0,,,,5
checkerboard,greedyKTA,direction_diversity,77.0,,,,5
checkerboard,greedyKTA,direction_diversity,78.0,,,,5
checkerboard,greedyKTA,direction_diversity,79.0,,,,5
checkerboard,greedyKTA,direction_diversity,80.0,,,,5
checkerboard,greedyKTA,direction_diversity,81.0,,,,5
checkerboard,greedyKTA,direction_diversity,82.0,,,,5
checkerboard,greedyKTA,direction_diversity,83.0,,,,5
checkerboard,greedyKTA,direction_diversity,84.0,,,,5
checkerboard,greedyKTA,direction_diversity,85.0,,,,5
checkerboard,greedyKTA,direction_diversity,86.0,,,,5
checkerboard,greedyKTA,direction_diversity,87.0,,,,5
checkerboard,greedyKTA,direction_diversity,88.0,,,,5
checkerboard,greedyKTA,direction_diversity,89.0,,,,5
checkerboard,greedyKTA,direction_diversity,90.0,,,,5
checkerboard,greedyKTA,direction_diversity,91.0,,,,5
checkerboard,greedyKTA,direction_diversity,92.0,,,,5
checkerboard,greedyKTA,direction_diversity,93.0,,,,5
checkerboard,greedyKTA,direction_diversity,94.0,,,,5
checkerboard,greedyKTA,direction_diversity,95.0,,,,5
checkerboard,greedyKTA,direction_diversity,96.0,,,,5
checkerboard,greedyKTA,direction_diversity,97.0,,,,5
checkerboard,greedyKTA,direction_diversity,98.0,,,,5
checkerboard,greedyKTA,direction_diversity,99.0,,,,5
checkerboard,greedyKTA,direction_diversity,100.0,,,,5
