eff_rank,participation_ratio,top1_label_energy,top2_label_energy,top3_label_energy,top1_alignment,top2_alignment,max_alignment,argmax_alignment_rank,kta_spectral,kta_top1_frac,kta_top2_frac,lambda1,lambda2,spectral_decay,method,dataset,epoch,centroids,test_accuracy,n_sv
5.196892249982257,3.802327858101138,0.3003210615823723,0.6336713961594258,0.8792116646245542,0.32293997565281135,0.42450445051358954,0.42450445051358954,1,0.002256817650094937,0.3003210614566927,0.6336713958942443,17.705717086791992,11.373856544494629,1.5567030424135835,fullKTA,corners,1,4,0.85,55
4.6047460564899225,3.3763396658192573,0.32903313679947666,0.7246439181684363,0.8985602411190683,0.34825180675830936,0.46439201233438226,0.46439201233438226,1,0.002408524418881996,0.32903313666325185,0.7246439178684226,18.766855239868164,12.689288139343262,1.478952564855066,fullKTA,corners,2,4,0.83,54
4.213472465397461,3.0000283038510958,0.314513467918634,0.7817185589810011,0.9042569233927077,0.34775980766859155,0.5077978633460082,0.5077978633460082,1,0.002498504209032309,0.3145134677959772,0.7817185586761395,19.02973747253418,13.258004188537598,1.435339527874428,fullKTA,corners,3,4,0.82,51
3.8283066763636953,2.5330358180769528,0.25024370611104524,0.8189814052805646,0.9076395958028709,0.3167659498750846,0.5593724442412518,0.5593724442412518,1,0.0025932617858560316,0.2502437060148946,0.8189814049658891,19.12367057800293,13.937823295593262,1.3720700982088008,fullKTA,corners,4,4,0.82,51
3.392439617992128,2.0570661671721884,0.15612991926601183,0.8313349783482886,0.9012531453137873,0.25433241315183475,0.6060971707221446,0.6060971707221446,1,0.0026728517869107756,0.15612991920829283,0.831334978040956,19.15254783630371,14.584616661071777,1.3132020046452793,fullKTA,corners,5,4,0.81,51
2.974335588217261,1.7329347446839898,0.08158798787551462,0.8338972474147988,0.8881688182231304,0.18639168664811176,0.6406272702995279,0.6406272702995279,1,0.0027386924896927365,0.08158798784582963,0.8338972471113936,18.934083938598633,14.779397010803223,1.281113425991412,fullKTA,corners,6,4,0.85,49
2.6693942505081316,1.5769385391960051,0.04088303743109507,0.8335612425945788,0.876624469745756,0.13438741322605455,0.6647046182071126,0.6647046182071126,1,0.0028174234459496,0.04088303741693661,0.8335612423059028,18.305139541625977,14.50730037689209,1.2617881388036882,fullKTA,corners,7,4,0.89,51
2.521013723872302,1.5065865674810641,0.02067607713618306,0.832771404879136,0.8697927204325074,0.09792322404681658,0.6847969323395998,0.6847969323395998,1,0.0029165245881459492,0.020676077129430488,0.8327714046071625,17.37318992614746,13.952956199645996,1.2451260992697013,fullKTA,corners,8,4,0.89,48
2.41652518271298,1.4663917430029387,0.01082553976834282,0.8340961101984486,0.8706182798992298,0.07269876450299491,0.7039887816644501,0.7039887816644501,1,0.003024393530050514,0.010825539764790571,0.8340961099247516,16.41856575012207,13.315296173095703,1.233060499494969,fullKTA,corners,9,4,0.91,47
2.2971126106595006,1.427830600740795,0.004757820834945082,0.839163438624355,0.8783005994981455,0.04922958500682818,0.723362638399631,0.723362638399631,1,0.003130079495762888,0.004757820833444683,0.8391634383597214,15.749736785888672,12.793301582336426,1.231092434155772,fullKTA,corners,10,4,0.91,46
2.2138763345445347,1.3833424865706436,0.0009052958385197587,0.8493450406868607,0.8868606916714591,0.02180425152182361,0.7421801240415502,0.7421801240415502,1,0.003229764208352015,0.0009052958382397273,0.8493450404241364,15.48704719543457,12.527454376220703,1.2362485410308461,fullKTA,corners,11,4,0.92,47
2.066875690631989,1.3379025187445086,0.00015558177600360785,0.8632266685598666,0.8932673200371576,0.009144234098493131,0.7584018734981479,0.7584018734981479,1,0.0033210469133315057,0.0001555817759570857,0.8632266683017441,15.523682594299316,12.519254684448242,1.2399845666197697,fullKTA,corners,12,4,0.92,46
1.9790074674432927,1.3085710594981563,0.004372049597582335,0.8772945492005029,0.8997534693626106,0.04903151616453634,0.7701623883563256,0.7701623883563256,1,0.0034092632911171873,0.004372049596312547,0.8772945489457076,15.653820037841797,12.66767692565918,1.2357293393023594,fullKTA,corners,13,4,0.95,44
2.0305699453225303,1.3250532924111182,0.02118491904390047,0.888632296353662,0.9062563439962782,0.10934574473648172,0.7740408515265834,0.7740408515265834,1,0.0035004200032688264,0.021184919037850747,0.8886322960998977,15.733168601989746,12.8560791015625,1.2237921435997035,fullKTA,corners,14,4,0.95,43
2.2557194902932296,1.4319861323616536,0.06333006206220512,0.8957298441311031,0.9122650306280509,0.1911829372867751,0.7642389054729537,0.7642389054729537,1,0.0035853941671702364,0.06333006204454872,0.8957298438813739,15.805105209350586,13.000480651855469,1.2157323742559947,fullKTA,corners,15,4,0.94,42
2.555051786552807,1.6364480739273022,0.12901120411926847,0.8991320509408005,0.9181017968704238,0.27424813229587913,0.7410638769971397,0.7410638769971397,1,0.0036507781243668765,0.12901120408394431,0.899132050694612,15.989228248596191,13.071788787841797,1.2231859394382743,fullKTA,corners,16,4,0.94,42
2.756661647134233,1.8505349222458516,0.1923805921902517,0.9008371355841251,0.9229269044161691,0.3348023880272768,0.7164199462858244,0.7164199462858244,1,0.0036952953733236952,0.19238059213821104,0.9008371353404407,16.272916793823242,13.087573051452637,1.2433868930355891,fullKTA,corners,17,4,0.93,42
2.874634301141543,2.0056403417561492,0.23981365527809556,0.9028458070106349,0.9256984179497469,0.37335718348618585,0.698645539849461,0.698645539849461,1,0.0037334054278543873,0.23981365521388592,0.9028458067688998,16.550691604614258,13.06808853149414,1.266496746232302,fullKTA,corners,18,4,0.94,44
2.9581750832642077,2.1247497581956307,0.28186847776774815,0.9063150541159127,0.9274615150486748,0.4050123932770979,0.6851544909644186,0.6851544909644186,1,0.003784792150673872,0.281868477693303,0.9063150538765431,16.812795639038086,13.015124320983887,1.2917890927810838,fullKTA,corners,19,4,0.94,43
2.9900977724597997,2.2270861356086,0.32728065287754654,0.9108944316965994,0.9291955144179268,0.43727581473063026,0.6718878015962455,0.6718878015962455,1,0.00385390901603888,0.3272806527926575,0.9108944314603346,17.1131591796875,12.92566204071045,1.3239677105734975,fullKTA,corners,20,4,0.95,42
2.99797589551034,2.3008507102197777,0.3708591745997585,0.914700544681908,0.9303692440439019,0.4661448526195715,0.6590385807357302,0.6590385807357302,1,0.00392460441243727,0.37085917450529876,0.914700544448929,17.44564437866211,12.798831939697266,1.3630653532179589,fullKTA,corners,21,4,0.96,41
2.9957848014457635,2.3449252249639634,0.4074730475139411,0.9164795546049679,0.93079841418495,0.4884613528847206,0.6475252239404006,0.6475252239404006,1,0.00398394312401557,0.4074730474117013,0.9164795543750124,17.7898006439209,12.64569091796875,1.4067875578582485,fullKTA,corners,22,4,0.96,41
2.9945064357636935,2.3668412266265175,0.43765220379831876,0.9168546807076685,0.931264822486768,0.5053148652426392,0.6375435805966208,0.6375435805966208,1,0.004033594477919214,0.43765220368985824,0.9168546804804504,18.148218154907227,12.483268737792969,1.4538033696224313,fullKTA,corners,23,4,0.96,42
2.979935579667939,2.3699757203461647,0.4617911993713271,0.9171721868579141,0.9322486513889475,0.5180040353908617,0.6300156546075693,0.6300156546075693,1,0.004077960040438094,0.4617911992581293,0.9171721866330897,18.488616943359375,12.32529354095459,1.5000548978345822,fullKTA,corners,24,4,0.96,39
2.9846665670334938,2.3583949383799547,0.48168700367018613,0.9184020703054756,0.9336148884273638,0.528593762125767,0.6247095720550817,0.6247095720550817,1,0.0041216091001885745,0.48168700355336164,0.9184020700827338,18.770811080932617,12.184396743774414,1.540561381549068,fullKTA,corners,25,4,0.96,40
2.96778222794745,2.3349906162582394,0.5005543495327747,0.9206991873790079,0.9350785853818936,0.5395123481749948,0.6198387747164196,0.6198387747164196,1,0.004168529604906364,0.5005543494127406,0.9206991871582221,18.979232788085938,12.069012641906738,1.5725588622041502,fullKTA,corners,26,4,0.95,39
2.951626266540728,2.3051774745275693,0.5192012472974356,0.9233718663093129,0.9361763073131579,0.5512018790468023,0.6141790981127383,0.6141790981127383,1,0.004215450694430921,0.5192012471743156,0.9233718660903506,19.105030059814453,11.978654861450195,1.5949228257086545,fullKTA,corners,27,4,0.95,40
2.9019361225400373,2.272328393033887,0.5359008829383433,0.9256965742391455,0.9364146865031615,0.5621340039185617,0.6082285462703414,0.6082285462703414,1,0.004254480907427782,0.5359008828124291,0.9256965740216458,19.172595977783203,11.911860466003418,1.6095383279967386,fullKTA,corners,28,4,0.95,40
2.8528526819208553,2.2455669828705873,0.5477914383394256,0.9275771452299084,0.9359094518862221,0.570029805228057,0.6041262723068336,0.6041262723068336,1,0.004280518552140548,0.5477914382115003,0.9275771450132921,19.244129180908203,11.87849235534668,1.620081791966177,fullKTA,corners,29,4,0.95,39
2.8248368441957616,2.2269489210819455,0.5544685112522085,0.9294396818664665,0.9357978211250224,0.5744653957895359,0.6031161284539246,0.6031161284539246,1,0.0042997336721897865,0.5544685111233024,0.9294396816503848,19.3950252532959,11.89973258972168,1.6298706804593746,fullKTA,corners,30,4,0.95,37
2.7818754174323566,2.2116576214200245,0.55835381340239,0.9316845696918091,0.9371001569055328,0.5770590362138469,0.6043865000595665,0.6043865000595665,1,0.004324750976069759,0.558353813273331,0.9316845694764578,19.67731285095215,11.993917465209961,1.640607658675934,fullKTA,corners,31,4,0.95,37
2.7331751473250283,2.1996697818252544,0.5599994881562638,0.9341744155441047,0.9397752279259075,0.5781096349469739,0.6074417291848778,0.6074417291848778,1,0.004355860632209121,0.5599994880277481,0.9341744153297189,20.085935592651367,12.155988693237305,1.65234898612764,fullKTA,corners,32,4,0.95,35
2.6957220026981488,2.192268205610877,0.5596634578737426,0.9363891101681413,0.9429606612986943,0.5771987250074166,0.611477294040317,0.611477294040317,1,0.004383137506179285,0.5596634577461026,0.9363891099545832,20.599258422851562,12.354918479919434,1.6672921360290693,fullKTA,corners,33,4,0.95,35
2.6648162401609072,2.1832356382593843,0.5612397774905218,0.9381149033464901,0.9456390056164573,0.5761397727764567,0.6137772719549799,0.6137772719549799,1,0.004404990211059077,0.5612397773631564,0.9381149031335982,21.22540855407715,12.558541297912598,1.6901173512566634,fullKTA,corners,34,4,0.96,33
2.634700954744819,2.1668234412162892,0.5674277640071754,0.9396149472913062,0.9473937190314465,0.5768795442301203,0.6128448075410531,0.6128448075410531,1,0.004426518381503895,0.5674277638790312,0.9396149470791094,21.94365692138672,12.753491401672363,1.720599969864529,fullKTA,corners,35,4,0.96,35
2.6109820819917258,2.1450537165822023,0.5763641684313922,0.9410684794627462,0.9483912587745909,0.5791955107822435,0.6098231255250839,0.6098231255250839,1,0.0044485232783704675,0.5763641683018726,0.941068479251271,22.657405853271484,12.932923316955566,1.7519168171023631,fullKTA,corners,36,4,0.96,35
2.583270468471523,2.1219192490495153,0.5856133499373992,0.9424979859440026,0.9489768338864664,0.5822889628353878,0.6061528920216308,0.6061528920216308,1,0.0044704861281646595,0.5856133498064472,0.9424979857332456,23.272287368774414,13.087862014770508,1.7781580629829639,fullKTA,corners,37,4,0.96,35
2.5515034579275517,2.099298544736232,0.5942445304993995,0.9439105202114199,0.9494516237200055,0.5857323146424602,0.6025821759816006,0.6025821759816006,1,0.004493804231984501,0.5942445303672064,0.9439105200014415,23.769638061523438,13.215286254882812,1.7986472334444652,fullKTA,corners,38,4,0.96,33
2.5297099895043322,2.0808115726181673,0.600979839280437,0.9451378653369638,0.9498796965131706,0.5887519888579257,0.5999551065905817,0.5999551065905817,1,0.004517708505102012,0.6009798391474525,0.945137865127824,24.1551513671875,13.320944786071777,1.8133211836777545,fullKTA,corners,39,4,0.96,32
2.5182048050144603,2.071529578517172,0.6040376472769713,0.9459207428244968,0.9500951206979558,0.590372259588853,0.5992361728305097,0.5992361728305097,1,0.004539039535186575,0.6040376471439379,0.945920742616167,24.42239761352539,13.417072296142578,1.8202478957011385,fullKTA,corners,40,4,0.96,31
2.502074667108415,2.0719124606662622,0.6033066779281516,0.946241937175301,0.9499751727670247,0.5904357514809226,0.600515354250032,0.600515354250032,1,0.00455688741332112,0.6033066777957995,0.9462419369677166,24.60587501525879,13.52103328704834,1.8198220870313726,fullKTA,corners,41,4,0.96,29
2.504013119898319,2.077057053199543,0.6006951047169335,0.9464072087020172,0.9496478642060802,0.5897043571341192,0.6028889002015911,0.6028889002015911,1,0.0045732392974099844,0.6006951045856253,0.9464072084951385,24.78443717956543,13.646888732910156,1.8161236355503287,fullKTA,corners,42,4,0.96,28
2.505039602563738,2.0818072349680863,0.5981377523608367,0.9467594495898924,0.9493941743417165,0.5890007577835924,0.6054366210940619,0.6054366210940619,1,0.004589610860757227,0.5981377522305535,0.9467594493836744,25.0013484954834,13.791482925415039,1.8128107492638756,fullKTA,corners,43,4,0.96,29
2.5084616924628893,2.0850343635450894,0.5960441411212962,0.9473623322312708,0.9493662753936687,0.5885402528102853,0.6079638573747917,0.6079638573747917,1,0.004605627236104561,0.5960441409919203,0.9473623320256385,25.224489212036133,13.932896614074707,1.8104267842304302,fullKTA,corners,44,4,0.96,29
2.5150602147318564,2.087662156919871,0.594096639768287,0.9480738697206398,0.9495472263279893,0.588170872256101,0.6106279304075842,0.6106279304075842,1,0.004620340461862224,0.5940966396397442,0.9480738695155081,25.404836654663086,14.043919563293457,1.8089562917365183,fullKTA,corners,45,4,0.96,28
2.5197181439880634,2.0894111412598755,0.5923584708390034,0.9488057785937783,0.9499016197577671,0.5878201384096751,0.6134126176416728,0.6134126176416728,1,0.0046330658155790475,0.5923584707111887,0.9488057783890521,25.532846450805664,14.10891056060791,1.809696527674616,fullKTA,corners,46,4,0.96,29
2.511737785123065,2.089713433390059,0.5909971315395137,0.9495659810302126,0.9504111090482026,0.5874911599791953,0.6161822902445531,0.6161822902445531,1,0.004643120285337601,0.5909971314122686,0.9495659808257656,25.621170043945312,14.130918502807617,1.8131284274870687,fullKTA,corners,47,4,0.96,30
2.4894460778166985,2.0894721349675653,0.5897392399203337,0.9503419162382829,0.951010807863311,0.5871271531097003,0.6188619460153241,0.6188619460153241,1,0.004649945229230946,0.5897392397935459,0.9503419160339692,25.66688346862793,14.125988006591797,1.8169973991659085,fullKTA,corners,48,4,0.96,28
2.4834510735683573,2.09006812764748,0.5881631093743864,0.9510510587163488,0.9515827588359632,0.5866636697202334,0.6213906807868004,0.6213906807868004,1,0.004653676643607773,0.5881631092480387,0.9510510585120463,25.66023063659668,14.111859321594238,1.818345127443914,fullKTA,corners,49,4,0.96,27
2.475525866867411,2.091187917672866,0.5864801278904805,0.9516144113335951,0.9520435867135683,0.5862491107545207,0.6235594885947024,0.6235594885947024,1,0.004655889427323203,0.5864801277645544,0.951614411129269,25.62291145324707,14.100561141967773,1.8171554447562577,fullKTA,corners,50,4,0.96,27
2.4645235956477305,2.091290339115202,0.5856034948580993,0.9520079180295883,0.9523799827688639,0.5862722428049306,0.6250322861363486,0.6250322861363486,1,0.004659228775100141,0.5856034947324514,0.9520079178253243,25.605865478515625,14.095817565917969,1.8165576674619983,fullKTA,corners,51,4,0.96,26
2.454034975627663,2.0890335202016166,0.5863059386280401,0.9522231185329832,0.9525873965278112,0.5870193903333851,0.6255893922322968,0.6255893922322968,1,0.004665222895818449,0.5863059385024031,0.9522231183289354,25.644865036010742,14.092403411865234,1.8197651803252368,fullKTA,corners,52,4,0.96,27
2.4437746358771983,2.084377562307982,0.5885865695256222,0.9522446800110977,0.9526458128036056,0.5883629762101331,0.6253298475202711,0.6253298475202711,1,0.0046728135638045235,0.5885865693997012,0.9522446798073766,25.739145278930664,14.07827377319336,1.828288445983989,fullKTA,corners,53,4,0.96,28
2.4449118031358803,2.0780993287420126,0.5919305217869679,0.9521039656341765,0.9525843279245126,0.5898983582853681,0.6245882267801164,0.6245882267801164,1,0.004679745103530158,0.5919305216605191,0.952103965430787,25.873458862304688,14.043075561523438,1.8424353517824417,fullKTA,corners,54,4,0.96,28
2.4399439378184677,2.0706726535651887,0.5958278482094499,0.9519076186982336,0.9525104266846135,0.5913291606585835,0.6236449267685489,0.6236449267685489,1,0.0046848223990534794,0.5958278480823063,0.9519076184951062,26.034992218017578,13.988390922546387,1.8611856332991599,fullKTA,corners,55,4,0.96,28
2.43248760812833,2.062386990185112,0.5999220959130993,0.9517972542239335,0.9525456145445672,0.5926600466016086,0.6225979267735343,0.6225979267735343,1,0.004688736646369759,0.5999220957851888,0.951797254020999,26.206514358520508,13.928327560424805,1.8815262812299445,fullKTA,corners,56,4,0.96,29
2.4245371556378377,2.0538899332853373,0.6037879395432141,0.951872687802009,0.9527312286978316,0.5939903595484199,0.6215569079279424,0.6215569079279424,1,0.004692922281910004,0.6037879394145939,0.9518726875992392,26.361515045166016,13.879311561584473,1.899338805688909,fullKTA,corners,57,4,0.96,29
2.4175100793089013,2.046852046936845,0.6067351379916718,0.9520962091120819,0.9529760448939368,0.5951885557732881,0.6207934244622555,0.6207934244622555,1,0.00469760528923206,0.6067351378625525,0.9520962089094664,26.471837997436523,13.850749015808105,1.9112206832440495,fullKTA,corners,58,4,0.96,29
2.413915030384897,2.0432627926413747,0.608108120327065,0.9522987354169798,0.9531258968406917,0.5959500362630339,0.6205931038595116,0.6205931038595116,1,0.004701937037653118,0.6081081201977727,0.9522987352145079,26.522302627563477,13.843160629272461,1.915913810281017,fullKTA,corners,59,4,0.96,30
2.4119780967097864,2.0438508154412838,0.6077934668834348,0.952317067811403,0.9530906641174876,0.5961246053687632,0.621035598812097,0.621035598812097,1,0.00470581227716184,0.6077934667543159,0.952317067609094,26.52237319946289,13.852126121520996,1.914678870722609,fullKTA,corners,60,4,0.96,29
2.4145827615766855,2.04803325120014,0.6061318109386652,0.9520866792090383,0.9528692465872918,0.5957581149879247,0.6219958619781497,0.6219958619781497,1,0.004709732728685901,0.6061318108100064,0.9520866790069464,26.494285583496094,13.87297248840332,1.9097771300016098,fullKTA,corners,61,4,0.96,29
2.4191666701430146,2.0548883355015817,0.6034763821534439,0.9516505220657479,0.9525134810917685,0.5949373051989229,0.6232936622246883,0.6232936622246883,1,0.0047135556849449665,0.6034763820254528,0.9516505218639126,26.449085235595703,13.902851104736328,1.9024216713781326,fullKTA,corners,62,4,0.96,28
2.4250539744357,2.0631344122877064,0.6002008729496778,0.9511695788849672,0.9521366388455126,0.5938475156667979,0.6247538684226414,0.6247538684226414,1,0.00471705580087319,0.6002008728224759,0.9511695786833839,26.38443374633789,13.9396390914917,1.8927630459557734,fullKTA,corners,63,4,0.96,28
2.4304023833134405,2.070932296210066,0.5968677036057549,0.9508642940290446,0.951894014272162,0.5928188698831353,0.6262017156811737,0.6262017156811737,1,0.004720696849537031,0.596867703479357,0.9508642938276813,26.29907989501953,13.979031562805176,1.881323450545254,fullKTA,corners,64,4,0.96,28
2.4333690244752275,2.0767035551225663,0.5940653981873049,0.9508576628076307,0.9518852658692749,0.5921143822837028,0.6274876206297733,0.6274876206297733,1,0.004724843434496408,0.594065398061611,0.9508576626064458,26.20696258544922,14.015182495117188,1.8698980619465861,fullKTA,corners,65,4,0.96,28
2.4340583909270297,2.079852722089655,0.5921690839372438,0.95110011694082,0.9520920545796758,0.5917742014862004,0.6285101235232387,0.6285101235232387,1,0.004729258115384464,0.5921690838120681,0.9511001167397717,26.1378173828125,14.045011520385742,1.8610036271506576,fullKTA,corners,66,4,0.96,29
2.4323309762289096,2.080773509604105,0.5912231343653908,0.9514381733623964,0.9524067216279275,0.5916943002025936,0.6292124282146058,0.6292124282146058,1,0.004733590198993139,0.5912231342405294,0.9514381731614608,26.115432739257812,14.07044506072998,1.856048804891256,fullKTA,corners,67,4,0.96,29
2.429302613706234,2.080542781934668,0.5909312145195387,0.9517150607667674,0.9526926871933314,0.5917469589039092,0.6295745526898198,0.6295745526898198,1,0.004737564526316144,0.5909312143948436,0.9517150605659417,26.1328182220459,14.095293998718262,1.854010155759816,fullKTA,corners,68,4,0.96,28
2.4294296877501025,2.08027819888791,0.5908610598178664,0.9518487164867995,0.9528533590783016,0.5918579399585132,0.629620134831867,0.629620134831867,1,0.004741014234288176,0.5908610596932768,0.9518487162860918,26.15530014038086,14.120316505432129,1.8523168464614077,fullKTA,corners,69,4,0.96,27
2.4289161466574116,2.0805280777107686,0.5906982723231468,0.9518627111628245,0.9528842564310742,0.5920195694546555,0.6294540133253856,0.6294540133253856,1,0.004744102971011918,0.5906982721986727,0.9518627109622445,26.147953033447266,14.142333984375,1.848913557149385,fullKTA,corners,70,4,0.96,27
2.42795157675972,2.0813457239844797,0.5903014752876062,0.9518366871488382,0.9528528925401105,0.5922134370076809,0.6292796924243984,0.6292796924243984,1,0.004747133319183563,0.5903014751632951,0.9518366869483917,26.098642349243164,14.156755447387695,1.8435468809385436,fullKTA,corners,71,4,0.96,27
2.4264582143583513,2.082530769604668,0.5896818368691048,0.9518303428100694,0.9528323609545511,0.5923671435564164,0.6293210627656034,0.6293210627656034,1,0.004750242350599439,0.5896818367450057,0.9518303426097557,26.02400016784668,14.160558700561523,1.837780607259012,fullKTA,corners,72,4,0.96,27
2.425789019038562,2.08377454319259,0.5889834123641802,0.9518513577193577,0.95285568843923,0.5924151358659718,0.629686169433199,0.629686169433199,1,0.004753469092215176,0.5889834122403121,0.9518513575191756,25.956228256225586,14.154388427734375,1.8337936950610052,fullKTA,corners,73,4,0.96,27
2.4254333107782795,2.0848628863590712,0.5883676857542257,0.9518655797702542,0.952905379684044,0.592357855895475,0.6302872681276592,0.6302872681276592,1,0.004756738464186416,0.5883676856305724,0.9518655795702069,25.917192459106445,14.142698287963867,1.8325493432297442,fullKTA,corners,74,4,0.96,27
2.422953182548935,2.0857813435172536,0.5879051899800378,0.9518343862996447,0.9529363141869669,0.5922658527735029,0.6308867426151943,0.6308867426151943,1,0.00475984831112123,0.5879051898565625,0.9518343860997348,25.903676986694336,14.13193416595459,1.8329887956241233,fullKTA,corners,75,4,0.96,27
2.4229161396012824,2.086651850968981,0.5875431029084939,0.9517562868040188,0.9529193194704068,0.5922376947942529,0.6312725282520939,0.6312725282520939,1,0.004762787378436715,0.5875431027851706,0.9517562866042485,25.894058227539062,14.12779426574707,1.8328450811544972,fullKTA,corners,76,4,0.96,27
2.422925205306856,2.087803117038197,0.5870690072445748,0.9516589576157723,0.9528537065208847,0.5923007808159444,0.6314375176865092,0.6314375176865092,1,0.004765786550144151,0.5870690071214286,0.9516589574161481,25.864425659179688,14.133255958557129,1.8300401361880076,fullKTA,corners,77,4,0.96,27
2.422961615277835,2.0897191304078597,0.5862088377684195,0.9515559729647598,0.952745114092005,0.5923572850413028,0.6315765568540251,0.6315765568540251,1,0.004768940365497542,0.5862088376455351,0.9515559727652891,25.805395126342773,14.14748764038086,1.8240266952193818,fullKTA,corners,78,4,0.96,27
2.423114227281199,2.0925281056357754,0.5848981962909199,0.9514410516729916,0.9526025060056146,0.5922810367773627,0.6318997796202261,0.6318997796202261,1,0.0047721611772190385,0.584898196168393,0.9514410514736797,25.731718063354492,14.166824340820312,1.8163363534627346,fullKTA,corners,79,4,0.96,27
2.423406778292878,2.0957032895748635,0.5834018577855142,0.9513161399354952,0.952451925588963,0.5920583055354063,0.6324455225149272,0.6324455225149272,1,0.004775369355018871,0.5834018576633831,0.9513161397363439,25.67054557800293,14.187198638916016,1.8094160962535517,fullKTA,corners,80,4,0.96,27
2.4237552296337475,2.098355091051399,0.5821563942239447,0.9512028154740746,0.9523306115410636,0.5918225874192421,0.6330355569181214,0.6330355569181214,1,0.004778501560067656,0.5821563941021543,0.9512028152750774,25.639148712158203,14.205999374389648,1.8048113361442386,fullKTA,corners,81,4,0.96,27
2.423498424914674,2.0996499351474665,0.5815634444567356,0.9511334265422922,0.952272694161282,0.5917768921702509,0.6333913125300845,0.6333913125300845,1,0.004781584293322473,0.5815634443351476,0.9511334263434378,25.639192581176758,14.222493171691895,1.8027213844761467,fullKTA,corners,82,4,0.96,27
2.4222353809641533,2.0991831855369067,0.5818062928971134,0.9511328926560894,0.9522997587640809,0.592047378932998,0.6333417682958773,0.6333417682958773,1,0.004784799141127319,0.5818062927755562,0.9511328924573687,25.66581916809082,14.23717975616455,1.802731974145089,fullKTA,corners,83,4,0.96,27
2.4199427124609882,2.097242294609904,0.5827340890304483,0.9511968036742866,0.9524096601294242,0.5925720487720672,0.6329558213488149,0.6329558213488149,1,0.0047882988293949935,0.5827340889087862,0.9511968034756976,25.715402603149414,14.25121784210205,1.8044354446100161,fullKTA,corners,84,4,0.96,27
2.4165082457661455,2.094608371916235,0.5839735189260672,0.9512925132084562,0.9525771919739331,0.5931553321424279,0.6324699157017043,0.6324699157017043,1,0.004792132466594526,0.5839735188042439,0.9512925130100061,25.787446975708008,14.266443252563477,1.8075596362164454,fullKTA,corners,85,4,0.96,27
2.413786171094273,2.0921212821069157,0.5851342581186132,0.9513844450090744,0.9527675225054354,0.5936152675188485,0.6321126680907859,0.6321126680907859,1,0.004796322428707186,0.5851342579966543,0.9513844448107783,25.88007354736328,14.285944938659668,1.8115758991431183,fullKTA,corners,86,4,0.96,27
2.4126088259725376,2.0904788781404977,0.5858818482762613,0.9514541460032002,0.952945495913773,0.5938547170720401,0.6320060011057017,0.6320060011057017,1,0.004800766231690035,0.5858818481542595,0.9514541458050729,25.981422424316406,14.313445091247559,1.815176029158893,fullKTA,corners,87,4,0.96,27
2.4121100185404143,2.0901149065277234,0.5859865326601127,0.951505942726664,0.9530842463479331,0.5938600941094907,0.6321678384497595,0.6321678384497595,1,0.004805271695281264,0.5859865325382034,0.9515059425287117,26.07219123840332,14.351716041564941,1.816660193310133,fullKTA,corners,88,4,0.96,27
2.411752169284084,2.091041542726329,0.585412866437482,0.9515577474821717,0.9531746272580994,0.5936804731375875,0.6325542000121736,0.6325542000121736,1,0.004809802908537258,0.5854128663158068,0.951557747284395,26.13915252685547,14.400986671447754,1.8150945572832644,fullKTA,corners,89,4,0.96,27
2.4116497222940807,2.0929518207766,0.5843024215832798,0.9516169420000568,0.9532211330144582,0.5933772887568327,0.6331094036693052,0.6331094036693052,1,0.004814462690019044,0.5843024214619528,0.951616941802459,26.183156967163086,14.458616256713867,1.8109033743117091,fullKTA,corners,90,4,0.96,27
2.4120569146370885,2.0954737464672752,0.5828706296366426,0.9516656958882749,0.9532282025746427,0.5929897094144825,0.633783983730182,0.633783983730182,1,0.00481928561921033,0.582870629515734,0.9516656956908647,26.2142391204834,14.519845008850098,1.8054076406809825,fullKTA,corners,91,4,0.96,27
2.4131886545649643,2.0982662774219305,0.5813421124308406,0.951674154392509,0.9531931066677168,0.5925617940257643,0.6345061932224145,0.6345061932224145,1,0.00482423838734682,0.5813421123103728,0.9516741541952998,26.2413330078125,14.57944393157959,1.7998857247889302,fullKTA,corners,92,4,0.96,27
2.4149422542116263,2.101033692427208,0.5799071375022805,0.9516239189475107,0.9531096612511448,0.592169786756799,0.6351668076705483,0.6351668076705483,1,0.004829268044467371,0.5799071373822352,0.9516239187505172,26.265270233154297,14.633644104003906,1.7948550645676882,fullKTA,corners,93,4,0.96,28
2.417061463125062,2.1035526864494845,0.578682393268118,0.9515211452421475,0.9529791605045357,0.5918975095264022,0.6356604601023084,0.6356604601023084,1,0.004834297151244147,0.5786823931484509,0.9515211450453801,26.279836654663086,14.680676460266113,1.7900971202375322,fullKTA,corners,94,4,0.96,28
2.4176046855457485,2.1056526859509876,0.5777190503694047,0.9513941644566115,0.9528184313305966,0.5917957892175172,0.6359451253082897,0.6359451253082897,1,0.004839265293469161,0.5777190502500594,0.9513941642600723,26.281410217285156,14.720772743225098,1.7853281669183294,fullKTA,corners,95,4,0.96,28
2.4179806863962763,2.1072767565032975,0.5770011214548819,0.9512752088168537,0.9526528481116044,0.5918533499817703,0.6360728396218565,0.6360728396218565,1,0.004844170171383609,0.5770011213358055,0.9512752086205378,26.27418327331543,14.755599021911621,1.7806246452141508,fullKTA,corners,96,4,0.96,29
2.4179142265902125,2.1085694799009067,0.5764237450115072,0.9511799221544424,0.9524991836082337,0.5919971635564569,0.6361690640274265,0.6361690640274265,1,0.004849021224477396,0.5764237448926689,0.9511799219583426,26.2652587890625,14.787092208862305,1.7762287823781366,fullKTA,corners,97,4,0.96,30
2.4189846466783846,2.1098113346025227,0.5758371999337444,0.9511045880526108,0.952356975496938,0.5921415390911852,0.636358964274341,0.636358964274341,1,0.00485382109867285,0.5758371998151445,0.9511045878567205,26.257707595825195,14.816466331481934,1.7721977027701412,fullKTA,corners,98,4,0.96,30
2.4191864111043735,2.1111902236410995,0.5751466741380475,0.951040553428894,0.9522148120933154,0.5922490067313764,0.636694303346967,0.636694303346967,1,0.0048585762193003,0.5751466740197058,0.9510405532332086,26.248085021972656,14.843318939208984,1.768343396074037,fullKTA,corners,99,4,0.96,29
2.4186864335752323,2.112712382108841,0.574346351375555,0.950987367498508,0.9520629725715298,0.5923382093663666,0.6371477914682417,0.6371477914682417,1,0.004863265068748039,0.5743463512574918,0.9509873673030221,26.228897094726562,14.865958213806152,1.7643596677384563,fullKTA,corners,100,4,0.96,30
5.779164472471671,3.451874153324567,0.24445893668117719,0.7129626510835552,0.7808582121206176,0.2926735768094366,0.5091615859243976,0.5091615859243976,1,0.0021213236630878997,0.24445893657267923,0.7129626507671216,14.85578441619873,9.407158851623535,1.5791999104632175,randomKTA,corners,1,4,0.83,58
5.806543318161374,3.2778831678629508,0.20745621949394485,0.7101243175487683,0.7661349183616906,0.26430873805654387,0.5198465283726753,0.5198465283726753,1,0.0020989236428089896,0.2074562193975214,0.7101243172187098,15.484806060791016,9.699143409729004,1.5965127441312952,randomKTA,corners,2,4,0.83,56
6.28189821600761,3.269777106381597,0.14937794835143953,0.6708929767308076,0.7123890509161159,0.2254362793639077,0.533742945361829,0.533742945361829,1,0.0020958185253353526,0.1493779482801949,0.6708929764108305,14.803897857666016,9.220187187194824,1.6055962375931316,randomKTA,corners,3,4,0.84,57
6.740962545880955,3.8419282054865005,0.1619361957365689,0.6258836574881179,0.7061009847281147,0.23192654475567412,0.5107889784732323,0.5107889784732323,1,0.002104443668325284,0.16193619566022102,0.6258836571930333,15.347375869750977,9.065189361572266,1.6930011340753102,randomKTA,corners,4,4,0.86,58
6.15702969132632,3.918084420204701,0.19893550634431847,0.6384396118840021,0.7398683501090353,0.2626891052350139,0.5080569812096147,0.5080569812096147,1,0.0022082361064882576,0.1989355062592016,0.6384396116108383,15.374772071838379,9.080684661865234,1.69312916859714,randomKTA,corners,5,4,0.87,57
6.467359682079746,3.7076067916638564,0.20883459591169548,0.6686411357939661,0.762338087358938,0.27349671404806025,0.5275328252973323,0.5275328252973323,1,0.0022831131956505537,0.20883459582470637,0.6686411355154467,15.344417572021484,9.080888748168945,1.6897484373557397,randomKTA,corners,6,4,0.88,56
5.947254768874785,3.3598351707627176,0.22219749759450436,0.7109367143278682,0.7707420469811425,0.28800495956090194,0.5500326432054312,0.5500326432054312,1,0.0023396790031496337,0.22219749749981446,0.7109367140249011,14.7992525100708,8.924847602844238,1.6582078673649066,randomKTA,corners,7,4,0.89,56
5.573902456009606,3.190829419916166,0.2289919765910781,0.7309406639489322,0.7718068514584243,0.29403704181310575,0.5580120922997036,0.5580120922997036,1,0.0023321923258408975,0.22899197649431716,0.7309406636400722,14.375208854675293,8.749235153198242,1.6430246304922846,randomKTA,corners,8,4,0.9,56
5.508148400574687,3.129642635144446,0.2414102954742406,0.7461384544052769,0.7656182877614641,0.3038227702490681,0.5572475984692016,0.5572475984692016,1,0.0023139820557418933,0.24141029537088643,0.7461384540858352,13.85376262664795,8.610209465026855,1.6089925202073037,randomKTA,corners,9,4,0.9,56
5.450337029389977,3.1888824368010713,0.24322244735101176,0.7375674863348058,0.75070881623792,0.30370875159275473,0.5484825287013697,0.5484825287013697,1,0.0022488034967160214,0.24322244724293327,0.7375674860070599,13.344500541687012,8.316064834594727,1.6046652842546933,randomKTA,corners,10,4,0.9,58
5.831257077150192,3.1027730104499387,0.2218072714483624,0.7389588264601875,0.7416818455253223,0.28811485776674844,0.5547515901270699,0.5547515901270699,1,0.00218874529434198,0.22180727134715308,0.738958826123005,13.07871150970459,8.22510051727295,1.5900974683819762,randomKTA,corners,11,4,0.91,58
5.442272770489389,2.867569592609103,0.1930573476439631,0.7463872925626187,0.746387297629053,0.26794035844502156,0.5686384344938573,0.5686384344938573,1,0.002164712353043542,0.19305734755527093,0.7463872922197222,13.013487815856934,8.281240463256836,1.5714418478240195,randomKTA,corners,12,4,0.91,57
5.223490339684016,2.6611014367722436,0.17023154214917566,0.7553749790194701,0.7702694301684453,0.2513296488672244,0.579834741866158,0.579834741866158,1,0.0021693431085166503,0.170231542070739,0.7553749786714202,13.168108940124512,8.5040283203125,1.5484554430128086,randomKTA,corners,13,4,0.91,56
4.468229707613853,2.410103509998001,0.15002753579397124,0.7717869503168671,0.8019092903470174,0.23587466198948642,0.5894406369421041,0.5894406369421041,1,0.002200270479920696,0.15002753572584918,0.7717869499664267,13.626246452331543,9.042948722839355,1.506836638132743,randomKTA,corners,14,4,0.91,53
4.0236039482382715,2.155487872270757,0.11769591755391194,0.7845761499582172,0.8153970831973358,0.2083514533936769,0.5983629723078903,0.5983629723078903,1,0.0021993844932188373,0.11769591750043243,0.784576149601716,13.84397029876709,9.510662078857422,1.455626346933441,randomKTA,corners,15,4,0.91,55
3.8783184597799356,1.9609567386756117,0.08029333853794195,0.7870337228087312,0.818634037611707,0.17154732700435596,0.6071345733594474,0.6071345733594474,1,0.0021901453020950158,0.08029333850129912,0.7870337224495588,13.847796440124512,9.731035232543945,1.4230548044684157,randomKTA,corners,16,4,0.91,56
3.609908018078999,1.7995921334073035,0.05056581703708238,0.7919384778838825,0.8202056778522321,0.13555149361489846,0.6145967495859916,0.6145967495859916,1,0.0021773221643526415,0.050565817013919094,0.7919384775211098,13.913288116455078,9.922872543334961,1.4021431854225535,randomKTA,corners,17,4,0.9,57
3.3806719149234485,1.6990983406364666,0.034876080522017905,0.7992806806207771,0.8216569216673257,0.11299608368425429,0.6219367037177396,0.6219367037177396,1,0.0021842388836597415,0.034876080506057665,0.7992806802550048,13.775359153747559,9.966277122497559,1.382197081661528,randomKTA,corners,18,4,0.91,57
3.2836341728608898,1.6790727903978981,0.03383206094655908,0.8027599667694422,0.8211391976943423,0.11189399044959616,0.6261008270549893,0.6261008270549893,1,0.002196699939494462,0.0338320609311645,0.802759966404163,13.575963020324707,9.854912757873535,1.37758327789121,randomKTA,corners,19,4,0.92,57
3.1889935880291462,1.6556631327414764,0.03432005261666507,0.8083241916046131,0.8209981885052321,0.11285206805913514,0.6311869263415525,0.6311869263415525,1,0.002207154028634559,0.03432005260112962,0.8083241912387138,13.600523948669434,9.805145263671875,1.387080311707168,randomKTA,corners,20,4,0.91,59
3.005866052022371,1.605456984732714,0.03164628922450375,0.8181099076364062,0.8241886296957924,0.10856086015700207,0.640664895903255,0.640664895903255,1,0.0022336527837857724,0.03164628921034516,0.8181099072703829,13.80306339263916,9.849541664123535,1.4013914416865436,randomKTA,corners,21,4,0.91,60
2.997445639188626,1.5891652398257554,0.02999932358977928,0.8208606274684102,0.8249741528482752,0.10577277299015654,0.6466393205103749,0.6466393205103749,1,0.0022601433216822946,0.029999323576511864,0.8208606271053789,14.051976203918457,9.911738395690918,1.4177105612498884,randomKTA,corners,22,4,0.91,59
3.0827186314920363,1.6276678513621485,0.03964464833894449,0.8205655080581598,0.8235654110667172,0.1218662941828248,0.6470990876317309,0.6470990876317309,1,0.0022780428384541226,0.03964464832154904,0.8205655076981085,14.1142578125,9.860663414001465,1.43137000219045,randomKTA,corners,23,4,0.9,59
3.276059875043013,1.7232243414998205,0.05624985086227466,0.8137293717199147,0.8154106454568975,0.14641329199074238,0.6400650652532291,0.6400650652532291,1,0.002312936309183152,0.05624985083796555,0.8137293713682509,14.120122909545898,9.949488639831543,1.419180766036188,randomKTA,corners,24,4,0.9,58
3.631836440285518,1.8745170557463313,0.0805801169006845,0.8037384162579138,0.8039182644866376,0.1760858830064359,0.6277086135930685,0.6277086135930685,1,0.0023194171024522713,0.08058011686595794,0.803738415911537,13.990991592407227,9.880681037902832,1.415994660563943,randomKTA,corners,25,4,0.9,58
4.031713144894018,2.052416570778189,0.10761714872690874,0.7944059373298261,0.7945705413770124,0.2027202129363811,0.6141636018873511,0.6141636018873511,1,0.002295352747139798,0.10761714868004416,0.7944059369838821,13.940585136413574,9.692787170410156,1.4382431896337853,randomKTA,corners,26,4,0.91,57
4.26309031614975,2.3095762798528017,0.14604365554123352,0.7827698016377139,0.7849030735137208,0.23517723549155026,0.5965645964955315,0.5965645964955315,1,0.0022706984321143138,0.14604365547694462,0.7827698012931362,13.901713371276855,9.419198036193848,1.4758913994436884,randomKTA,corners,27,4,0.91,56
4.368527170626946,2.3445591836325765,0.1477521011396992,0.7789349626000478,0.7806397950438966,0.23642105907199404,0.5941382687538268,0.5941382687538268,1,0.002264008038281313,0.14775210107446593,0.7789349622561444,13.933720588684082,9.425098419189453,1.4783634047060579,randomKTA,corners,28,4,0.9,56
4.365960563085045,2.4017123044991258,0.1617810512759708,0.7812581944387775,0.7823408869979699,0.24826451353726287,0.5901331142288975,0.5901331142288975,1,0.0022688596015665026,0.16178105120469652,0.7812581940945863,13.829652786254883,9.3721284866333,1.4756149369887008,randomKTA,corners,29,4,0.9,54
4.513428100609595,2.4577697046369256,0.16195813945384205,0.7739882126564687,0.7769254053413833,0.24837211742994686,0.5851770373526375,0.5851770373526375,1,0.002250601453492347,0.16195813938191925,0.7739882123127539,13.68901538848877,9.319086074829102,1.4689225186428312,randomKTA,corners,30,4,0.91,56
4.750904328460588,2.586283140307206,0.16434049158564273,0.7584978213361444,0.7647883398044819,0.2496794247999537,0.5742591874848011,0.5742591874848011,1,0.0022272030001568993,0.16434049151188684,0.7584978209957313,13.560297012329102,9.267779350280762,1.4631657163824079,randomKTA,corners,31,4,0.91,57
4.7680360063508935,2.6273682953119897,0.1595829347072426,0.7482275793780506,0.7591033623695838,0.24611967504022048,0.5678564915127369,0.5678564915127369,1,0.0022177270550279254,0.1595829346353159,0.7482275790408119,13.488666534423828,9.346548080444336,1.4431709352295048,randomKTA,corners,32,4,0.91,56
4.992177712709612,2.844686920164999,0.1817574654173824,0.7370459310280306,0.7477428700884322,0.26179154850539926,0.5541792978066397,0.5541792978066397,1,0.002199156650975271,0.18175746533476975,0.7370459306930275,13.374777793884277,9.118504524230957,1.4667731707914924,randomKTA,corners,33,4,0.91,56
5.097752432329518,2.995603079308396,0.19380316188843075,0.7274116000484642,0.737912893526873,0.2691039545461266,0.5453253585844686,0.5453253585844686,1,0.0021753718550556558,0.19380316179938017,0.7274115997142261,13.272012710571289,8.898716926574707,1.4914523992706057,randomKTA,corners,34,4,0.91,56
5.3169956816275565,3.1870721222837872,0.21729021372700097,0.7227091640704207,0.7297902073517913,0.28229761160907313,0.534674290475906,0.534674290475906,1,0.0021444191922724157,0.21729021362576556,0.7227091637337109,13.280767440795898,8.611331939697266,1.5422431203205071,randomKTA,corners,35,4,0.91,56
5.464664425177461,3.3106918745927914,0.23380378487069062,0.7199071192911232,0.7206247465508481,0.2923741826787299,0.5287620113638166,0.5287620113638166,1,0.002133846728013881,0.2338037847611701,0.7199071189538978,13.14481258392334,8.355818748474121,1.5731328047681954,randomKTA,corners,36,4,0.91,55
5.735574418208754,3.479852236257943,0.24661212638914176,0.7100710118656188,0.7136313661985544,0.30090709775683255,0.5199288390256178,0.5199288390256178,1,0.0021425967205476624,0.24661212627409343,0.7100710115343597,13.095405578613281,8.243142127990723,1.5886424588197312,randomKTA,corners,37,4,0.91,55
6.0769542175371605,3.6920881095029605,0.2529750069034237,0.6929642230583023,0.7069499471959492,0.3055724987759881,0.5054985830385198,0.5054985830385198,1,0.002149248239791738,0.2529750067857723,0.6929642227360244,13.051011085510254,8.294633865356445,1.573428230511515,randomKTA,corners,38,4,0.9,55
6.473071410067789,3.9218764401952724,0.2532935145929665,0.6738407666865354,0.7036885183989701,0.30697380304333477,0.4932085999403587,0.4932085999403587,1,0.0021555262257827224,0.25329351447551046,0.6738407663740651,12.89089584350586,8.291157722473145,1.5547763382384574,randomKTA,corners,39,4,0.9,55
6.355861920146579,4.149817484813678,0.24566995138691,0.6438126469079655,0.6944459698961813,0.3043593345209652,0.4792306835762677,0.4792306835762677,1,0.0021542656903403537,0.24566995127292315,0.6438126466092469,12.54418659210205,8.19998836517334,1.5297810232728726,randomKTA,corners,40,4,0.9,57
6.957903273945441,4.326425667648521,0.23053974020246132,0.628966192490988,0.6836786818952998,0.2948348566889468,0.4774783432948857,0.4774783432948857,1,0.002145838832621967,0.23053974009507464,0.6289661921980119,12.470922470092773,8.217718124389648,1.517565129555658,randomKTA,corners,41,4,0.91,57
7.233430510280154,4.2871896442306605,0.2113390167314486,0.6243042056915202,0.6803705609809878,0.2812355279922204,0.48562604514877106,0.48562604514877106,1,0.0021375794125691175,0.211339016632649,0.6243042053996622,12.533599853515625,8.213835716247559,1.5259131405223672,randomKTA,corners,42,4,0.91,55
7.406020859172804,4.292585393192496,0.205277057202911,0.6228266616030527,0.6806236630024839,0.2768554760142884,0.49114009588951923,0.49114009588951923,1,0.002139664568617332,0.20527705710701594,0.6228266613120995,12.544060707092285,8.107767105102539,1.5471658897548084,randomKTA,corners,43,4,0.91,56
7.509544549245929,4.331193648975564,0.21032699766184174,0.6230471655929519,0.6887625136205487,0.27905288971957753,0.49367555472994873,0.49367555472994873,1,0.0021499598237645127,0.21032699756405815,0.6230471653032897,12.685736656188965,7.953644275665283,1.5949590170885874,randomKTA,corners,44,4,0.91,57
7.1972301264650325,4.187759078690125,0.22391546592617909,0.6413346600947814,0.7061806423352247,0.2862296951934409,0.502427195725563,0.502427195725563,1,0.002174088043563726,0.22391546582323316,0.6413346597999254,13.048141479492188,7.8944172859191895,1.6528314892555453,randomKTA,corners,45,4,0.91,58
6.759262645827572,4.01964068227194,0.2424319927612898,0.6630561405627482,0.7260278560507968,0.29574921596792364,0.5092707926639777,0.5092707926639777,1,0.0022065803063406504,0.24243199265147125,0.6630561402623923,13.659502029418945,7.992613315582275,1.7090157486772044,randomKTA,corners,46,4,0.91,58
6.396624930540685,3.8895022035298683,0.2628121796913916,0.6810148647477663,0.7477690188956239,0.306368505302786,0.5138340814853504,0.5138340814853504,1,0.0022451089368988493,0.2628121795743833,0.6810148644445672,14.274332046508789,8.074944496154785,1.7677312894601724,randomKTA,corners,47,4,0.91,56
6.077293078935301,3.75790725146682,0.2863092420121038,0.7016671322485151,0.7663555248142152,0.3178109424188415,0.5182301611173379,0.5182301611173379,1,0.002285953343353751,0.28630924188691054,0.7016671319416998,15.056482315063477,8.214912414550781,1.832823231126924,randomKTA,corners,48,4,0.91,58
5.76534580689141,3.711074306898919,0.30879809082514276,0.7107566690604595,0.7780663198092375,0.32914975509044214,0.5152896990169605,0.5152896990169605,1,0.0023268471600757373,0.3087980906924881,0.71075666875513,15.636774063110352,8.30496883392334,1.8828215223682567,randomKTA,corners,49,4,0.92,57
5.452379770102613,3.621382674280293,0.32695900614030476,0.7215560936038067,0.7877811810700597,0.33868831861760806,0.5147784522268406,0.5147784522268406,1,0.002371898748435953,0.32695900600251543,0.7215560932997235,16.171838760375977,8.448501586914062,1.9141665056230475,randomKTA,corners,50,4,0.92,57
5.252460335055356,3.579716786806898,0.3485415210447584,0.7275703784121108,0.792027567064236,0.3511704607866354,0.507217602018449,0.507217602018449,1,0.002418868850499328,0.3485415209007254,0.7275703781114462,16.468408584594727,8.58453369140625,1.918381262930903,randomKTA,corners,51,4,0.92,56
5.35064476889168,3.6215420805567313,0.3646151386713256,0.7237852171504204,0.7905983165308746,0.3610385117120679,0.49519644768438004,0.49519644768438004,1,0.0024544657503362778,0.3646151385228356,0.723785216855658,16.539100646972656,8.660228729248047,1.9097764232385128,randomKTA,corners,52,4,0.92,55
5.469598344980816,3.6314023324518634,0.3745989150001084,0.7232740957736159,0.7867001762489306,0.36899431543421035,0.489036005968179,0.489036005968179,1,0.0024859444923420165,0.37459891484948465,0.7232740954827922,16.34960174560547,8.664018630981445,1.8870690890644504,randomKTA,corners,53,4,0.92,55
5.564914291103702,3.596550666243192,0.3877210349260487,0.7285634382443056,0.7820060969511066,0.37876993818204785,0.48332120345434926,0.48332120345434926,1,0.002526210863396027,0.3877210347726338,0.7285634379560249,16.270112991333008,8.784238815307617,1.8521938364173889,randomKTA,corners,54,4,0.92,55
5.660541363083187,3.565809598228635,0.4000331147054898,0.7330968020723745,0.7766670585376033,0.3881731080822258,0.47641641785153077,0.47641641785153077,1,0.0025540524745277095,0.4000331145489293,0.7330968017854632,16.020620346069336,8.85499095916748,1.8092192775738007,randomKTA,corners,55,4,0.92,55
5.922826189619681,3.5584204577910636,0.4068348025007332,0.7351410517363726,0.7733323977031354,0.3945194385945402,0.471126931416755,0.471126931416755,1,0.0025704967632206948,0.40683480234252994,0.7351410514505029,15.725873947143555,8.898909568786621,1.767168643032523,randomKTA,corners,56,4,0.92,55
5.746351062361975,3.507292271204599,0.41036926978624566,0.7408228333271166,0.7694985328356344,0.39928202209990205,0.4742821121355044,0.4742821121355044,1,0.0025889023320347856,0.4103692696278032,0.7408228330410869,15.429418563842773,8.805848121643066,1.7521785920788826,randomKTA,corners,57,4,0.92,55
5.686384944916014,3.5058200193385245,0.4062813125986623,0.7418421758309226,0.7645420893815746,0.40011356631289896,0.480187650960531,0.480187650960531,1,0.002598572931465523,0.4062813124423832,0.7418421755455675,15.00025749206543,8.601768493652344,1.743857382715321,randomKTA,corners,58,4,0.92,55
5.5828520362832945,3.4671057511031638,0.4154453966528399,0.7432292838832375,0.7662243608389235,0.40690388195212585,0.47957022341429123,0.47957022341429123,1,0.002626636051935694,0.4154453964947439,0.7432292836004047,14.83486270904541,8.426290512084961,1.7605448907520496,randomKTA,corners,59,4,0.92,57
5.458382777241424,3.4413422944233725,0.4258807190427665,0.7423200269207544,0.7749173687767301,0.4148463031276646,0.4752756465225937,0.4752756465225937,1,0.0026629268439276794,0.4258807188829083,0.7423200266421178,14.772841453552246,8.362763404846191,1.7665023794634285,randomKTA,corners,60,4,0.92,52
5.486725056083405,3.4347842889948383,0.4325369713827479,0.7391165588639004,0.7838767198481056,0.4205646284855481,0.4697277971310071,0.4697277971310071,1,0.0026867602066685124,0.4325369712218316,0.7391165585889277,14.684332847595215,8.34347915649414,1.7599771716531365,randomKTA,corners,61,4,0.91,53
5.625723852218618,3.4928190613130394,0.4317346855762326,0.7304644375043343,0.7908456080126425,0.4210347334853883,0.4635463703306859,0.4635463703306859,1,0.0026881628404939483,0.4317346854156989,0.7304644372327226,14.566882133483887,8.31529426574707,1.751817995604441,randomKTA,corners,62,4,0.9,55
5.669203573750549,3.511445735662256,0.4316938682965273,0.7277577711144942,0.7961762778529218,0.42227155435826136,0.46157815673500335,0.46157815673500335,1,0.00268722078011827,0.43169386813595295,0.7277577708437951,14.391011238098145,8.260266304016113,1.7421970077525881,randomKTA,corners,63,4,0.9,53
5.790583662609367,3.5080575551579183,0.436644196712578,0.7255260491786899,0.8052172322744722,0.4225867748260076,0.4586080739739824,0.4586080739739824,1,0.0026847172892328257,0.4366441965500104,0.7255260489085684,14.612756729125977,8.2086763381958,1.7801599340845689,randomKTA,corners,64,4,0.9,54
5.7089834994519295,3.4612161778962003,0.441601891757615,0.7294499116793077,0.8168902616370244,0.42266474030907697,0.46243195803831366,0.46243195803831366,1,0.0026860339670319844,0.44160189159328167,0.7294499114078575,14.890084266662598,8.10822582244873,1.8364170649312122,randomKTA,corners,65,4,0.9,57
5.523485186002763,3.4113252497942304,0.44317451698134686,0.7357266712334315,0.8237073321104902,0.4215962790883656,0.46849697888824127,0.46849697888824127,1,0.0026710115618236124,0.4431745168155007,0.7357266709581055,14.950217247009277,7.992009162902832,1.8706456589668419,randomKTA,corners,66,4,0.9,55
5.448564879246449,3.3853073856128724,0.43917250091455184,0.7412927374613157,0.8319898441474041,0.4124544195830409,0.48106327607524435,0.48106327607524435,1,0.0026476199991124034,0.43917250074874975,0.7412927371814533,15.677082061767578,7.927886486053467,1.9774604605331216,randomKTA,corners,67,4,0.9,57
5.330237864953068,3.386522535813282,0.42993094949206384,0.7458041903240367,0.8308038464761331,0.4000226728617745,0.4938246899895109,0.4938246899895109,1,0.0025966428281816987,0.42993094932656306,0.7458041900369413,16.270112991333008,7.843832492828369,2.074255538501967,randomKTA,corners,68,4,0.88,57
5.369661872912688,3.3884831191780873,0.4251597755222565,0.7478017415131768,0.8312940803938044,0.39170770803462523,0.5023738322779033,0.5023738322779033,1,0.0025656594528214657,0.4251597753566146,0.7478017412218338,16.861328125,7.779123783111572,2.167509940078813,randomKTA,corners,69,4,0.89,55
5.2976452966547285,3.4077423079430447,0.43086742264652605,0.7403728394158231,0.8340632401312968,0.3879269445314616,0.49519577550231175,0.49519577550231175,1,0.002550067906384529,0.4308674224776322,0.7403728391256077,17.816579818725586,7.854073524475098,2.2684508571511026,randomKTA,corners,70,4,0.9,53
5.330445415372558,3.5128519658737174,0.4316400099653885,0.715245452208087,0.8351219734705297,0.3828658079728101,0.47507869430696503,0.47507869430696503,1,0.002529908822475336,0.4316400097948417,0.7152454519254839,18.668264389038086,7.9663405418396,2.3433927147589446,randomKTA,corners,71,4,0.92,52
5.382391649742279,3.604981355215489,0.42781723364406826,0.6958914164538251,0.8321486580820282,0.37535671461369813,0.4627904137828856,0.4627904137828856,1,0.002491345356934073,0.42781723347241424,0.6958914161746111,19.29420280456543,7.953224182128906,2.425959882775285,randomKTA,corners,72,4,0.92,51
5.495671609359389,3.749385772018754,0.4180457083540718,0.6673862151714777,0.8261892746829489,0.36634037708859957,0.44483262216522335,0.44483262216522335,1,0.0024501008541694654,0.41804570818351416,0.667386214899192,19.674272537231445,7.958735466003418,2.472034988632266,randomKTA,corners,73,4,0.92,51
5.5979843624334,3.836116997331791,0.4152851139493705,0.6358996395731944,0.8207025997141376,0.36217195186760376,0.41695371090313904,0.41695371090313904,1,0.002425596005367949,0.41528511377822697,0.6358996393111332,19.933542251586914,7.989620685577393,2.4949297389759457,randomKTA,corners,74,4,0.92,51
5.6008750635720865,3.8216006337993895,0.4171764912488969,0.6472509419217441,0.8158991560215282,0.3627692432142431,0.4247418453043368,0.4247418453043368,1,0.0024250360774439577,0.41717649107693416,0.6472509416549433,19.965219497680664,8.032180786132812,2.485653651141319,randomKTA,corners,75,4,0.92,51
5.52698855576594,3.7529899063605856,0.4260292047507052,0.6536670778326471,0.8175344106959538,0.3666561284102133,0.42223999672419593,0.42223999672419593,1,0.0024371561271407847,0.42602920457596605,0.6536670775645405,20.238035202026367,8.154036521911621,2.4819652386446887,randomKTA,corners,76,4,0.92,51
5.438282884244519,3.666281125513488,0.4391920188165074,0.6490328754590697,0.8230371126187687,0.37312044966962177,0.40645004876637836,0.40645004876637836,1,0.0024602860877731224,0.4391920186380622,0.6490328751953655,20.576040267944336,8.284783363342285,2.4835942432707103,randomKTA,corners,77,4,0.91,50
5.378710282242188,3.616295829265559,0.4464853040637231,0.6429380912477157,0.8256071255034892,0.37692995201792523,0.3940159326709879,0.4082968702888639,2,0.002474244624490079,0.44648530388333757,0.6429380909879608,20.730682373046875,8.34753704071045,2.4834489828487216,randomKTA,corners,78,4,0.91,51
5.360253812070644,3.571961630969828,0.45278551887458407,0.6466198566367715,0.8268539930936633,0.38059364659707917,0.391543149598835,0.4066977937705408,2,0.002484218525699548,0.4527855186923877,0.6466198563765782,20.67795753479004,8.36391544342041,2.472281992168413,randomKTA,corners,79,4,0.91,52
5.279937825930277,3.482815695789008,0.46510550584914995,0.652568319317129,0.8290102946777256,0.3876954647712022,0.3866291708472613,0.40442043451471865,2,0.002506993119573831,0.4651055056636964,0.6525683190569277,20.641559600830078,8.36562442779541,2.4674260455973247,randomKTA,corners,80,4,0.91,52
5.2066442518521585,3.4207933699586546,0.47374481545901775,0.6540287307816627,0.8271662385712556,0.39349934589113833,0.38106742101368407,0.40204479274394167,2,0.002524918670087405,0.47374481527146106,0.6540287305227311,20.384632110595703,8.271795272827148,2.4643540414445173,randomKTA,corners,81,4,0.91,52
5.1896269744408645,3.347838257568716,0.484367906185215,0.6715603590664712,0.8283632347510045,0.40366642614822523,0.3894801713608624,0.40366642614822523,0,0.0025706803407339446,0.4843679059968675,0.6715603588053334,19.840559005737305,8.236475944519043,2.4088650460926533,randomKTA,corners,82,4,0.91,51
5.086999679737757,3.2252182857508847,0.49696706307369726,0.7030314971836218,0.8303150004496105,0.41719616306941504,0.41098574371131213,0.41719616306941504,0,0.0026403502293063075,0.4969670628855511,0.7030314969174618,19.199636459350586,8.203431129455566,2.3404397692094063,randomKTA,corners,83,4,0.91,50
4.835025799262083,3.0807089316456575,0.5111228196570621,0.7302072052322724,0.8334009626719747,0.4325835932045743,0.4252228412951384,0.4325835932045743,0,0.0027184773294402307,0.5111228194691192,0.730207204963771,18.55807113647461,8.232389450073242,2.2542751711421096,randomKTA,corners,84,4,0.91,48
4.822911053414945,3.0260271395729124,0.5183686949612747,0.7369244026314525,0.8356210624725814,0.4429778011515294,0.42217529952754707,0.4429778011515294,0,0.002769194456878822,0.5183686947741596,0.7369244023654457,18.036964416503906,8.372692108154297,2.154261040954231,randomKTA,corners,85,4,0.92,48
4.785524053937727,3.0154997812498294,0.5186418876513509,0.7381877456139712,0.8392717957679889,0.4486302063799946,0.422428044863003,0.4486302063799946,0,0.002808805208579295,0.5186418874667782,0.7381877453512672,17.60475730895996,8.405416488647461,2.0944538956201915,randomKTA,corners,86,4,0.93,50
4.722599596227567,3.039600236938369,0.511893873059157,0.7375335487273165,0.8425734412913153,0.4486082605085818,0.42632910546322195,0.4486082605085818,0,0.002822610379747303,0.5118938728778776,0.7375335484661302,17.290603637695312,8.438985824584961,2.0488959215124214,randomKTA,corners,87,4,0.93,52
4.6549518324112835,3.06566084454886,0.5047130880777844,0.7364613282215318,0.8451277804323531,0.4476807653903514,0.43047933289776913,0.4476807653903514,0,0.002835822967398572,0.504713087899881,0.736461327961941,17.088768005371094,8.486231803894043,2.0137050696078824,randomKTA,corners,88,4,0.93,50
4.886193771842464,3.159183120038301,0.4926028278001578,0.7326429671957826,0.8443735204128004,0.443327291263223,0.43651779912793426,0.443327291263223,0,0.0028340773941011605,0.4926028276264168,0.7326429669373794,16.872098922729492,8.4801025390625,1.989610248815784,randomKTA,corners,89,4,0.93,50
4.884825950412201,3.2290209334030093,0.47847856938648264,0.726727827261562,0.8412318670090322,0.4358403754885804,0.4425477581462032,0.4425477581462032,1,0.0028138996499299266,0.47847856921651344,0.7267278270034077,16.766923904418945,8.437494277954102,1.9871923289152797,randomKTA,corners,90,4,0.93,51
5.0614111787972496,3.3447900733435643,0.4622614884932423,0.7179533196363547,0.8360583577203101,0.42761874254788657,0.4468044231528901,0.4468044231528901,1,0.0027874625412382813,0.46226148832747693,0.7179533193788992,16.540512084960938,8.380243301391602,1.9737508196465237,randomKTA,corners,91,4,0.93,50
5.358350523429137,3.514167648218648,0.4394141998432325,0.7052480608861162,0.8289356169073334,0.4172431951853961,0.45232501635323413,0.45232501635323413,1,0.0027499846710373524,0.4394141996835138,0.7052480606297721,16.031618118286133,8.252601623535156,1.9426138385941798,randomKTA,corners,92,4,0.92,50
5.522528400769866,3.571091708530716,0.436617879716631,0.6979851516360849,0.8257786702404533,0.41211295118551305,0.44876900414815346,0.44876900414815346,1,0.00272837333458598,0.43661787955667136,0.6979851513803704,16.281293869018555,8.219121932983398,1.9809042865856046,randomKTA,corners,93,4,0.92,48
5.692005962894849,3.6885561218827503,0.4245186137632229,0.686061443016283,0.8200163920647798,0.40149022168475845,0.449653984334464,0.449653984334464,1,0.002686128987758779,0.42451861360524984,0.6860614427609839,16.458765029907227,8.084187507629395,2.0359207421119745,randomKTA,corners,94,4,0.92,50
5.905234387707788,3.86972152392344,0.40361910144298874,0.6684309887885724,0.8102955056295993,0.3875789856072129,0.45351144537557975,0.45351144537557975,1,0.00263027775643476,0.40361910128960404,0.6684309885345532,16.317338943481445,7.819140911102295,2.0868454896765685,randomKTA,corners,95,4,0.92,51
6.124145991494285,4.014386552423515,0.3875271188857991,0.6546036819837582,0.8022528009829886,0.3763845236505936,0.4587036220356363,0.4587036220356363,1,0.0025852243202982915,0.38752711873596357,0.6546036817306589,16.2327823638916,7.53226900100708,2.1550985980079957,randomKTA,corners,96,4,0.92,51
6.090184409115181,4.091049298284633,0.3734540834377311,0.6476124933772474,0.801455814366435,0.36861153901550964,0.4694668965733839,0.4694668965733839,1,0.002561508068293633,0.37345408329200075,0.6476124931245341,15.987890243530273,7.235747814178467,2.209569854300305,randomKTA,corners,97,4,0.92,54
6.017469253235207,4.08049438161518,0.36307207011808396,0.6547627336950298,0.8036172155037989,0.36332734078165235,0.48846386777872464,0.48846386777872464,1,0.002546242404500595,0.36307206997555613,0.6547627334379957,15.734071731567383,6.993620872497559,2.2497747616602197,randomKTA,corners,98,4,0.92,53
5.939309787472531,3.9466846800620545,0.35334348126984955,0.6802773744209797,0.8088672821986302,0.35841459669169184,0.5215682600740754,0.5215682600740754,1,0.002535237841122677,0.3533434811305393,0.6802773741527716,15.504950523376465,6.774579048156738,2.288695786580694,randomKTA,corners,99,4,0.93,55
5.749586568357745,3.7444608284543346,0.34644138294666776,0.709130158420634,0.8135517197950313,0.3544945218599978,0.5531644492642401,0.5531644492642401,1,0.0025230205202939706,0.3464413828094179,0.7091301581396975,15.334717750549316,6.593115329742432,2.3258682707050506,randomKTA,corners,100,4,0.93,55
5.625241980355274,3.937354179145572,0.3198566798969576,0.5004156842354559,0.840428854396057,0.3225112142041003,0.3169161682948153,0.45061853757647474,2,0.002053079088445272,0.31985667974216303,0.50041568399328,16.741863250732422,9.787423133850098,1.7105486318281748,quackKTA,corners,1,4,0.82,58
5.625241980355274,3.937354179145572,0.3198566798969576,0.5004156842354559,0.840428854396057,0.3225112142041003,0.3169161682948153,0.45061853757647474,2,0.002053079088445272,0.31985667974216303,0.50041568399328,16.741863250732422,9.787423133850098,1.7105486318281748,quackKTA,corners,2,4,0.82,58
5.054999465398682,3.8204914962348737,0.354496175552125,0.5640681888905782,0.8607591153743637,0.342191203497316,0.34202672690149705,0.42206958628044383,2,0.0021130714481291473,0.35449617538929074,0.5640681886314791,17.621410369873047,10.427495002746582,1.6898987115534374,quackKTA,corners,3,4,0.79,58
5.054999465398682,3.8204914962348737,0.354496175552125,0.5640681888905782,0.8607591153743637,0.342191203497316,0.34202672690149705,0.42206958628044383,2,0.0021130714481291473,0.35449617538929074,0.5640681886314791,17.621410369873047,10.427495002746582,1.6898987115534374,quackKTA,corners,4,4,0.79,58
4.575903476621968,3.4494204174503933,0.3821910575679805,0.5315728817297732,0.8736291664563911,0.3569144871085525,0.28797825300131835,0.4576550284400125,2,0.0021713135230607404,0.3821910573927323,0.5315728814860281,18.580415725708008,11.155309677124023,1.665611826429959,quackKTA,corners,5,4,0.79,57
4.575903476621968,3.4494204174503933,0.3821910575679805,0.5315728817297732,0.8736291664563911,0.3569144871085525,0.28797825300131835,0.4576550284400125,2,0.0021713135230607404,0.3821910573927323,0.5315728814860281,18.580415725708008,11.155309677124023,1.665611826429959,quackKTA,corners,6,4,0.79,57
4.439838577430103,3.194425636626111,0.4157977962378327,0.5283673632609649,0.8812300688770027,0.37521998612206403,0.2506601789820455,0.4720910653937136,2,0.00222391256121535,0.4157977960523415,0.5283673630252553,19.008867263793945,11.531778335571289,1.6483899283042012,quackKTA,corners,7,4,0.79,53
4.439838577430103,3.194425636626111,0.4157977962378327,0.5283673632609649,0.8812300688770027,0.37521998612206403,0.2506601789820455,0.4720910653937136,2,0.00222391256121535,0.4157977960523415,0.5283673630252553,19.008867263793945,11.531778335571289,1.6483899283042012,quackKTA,corners,8,4,0.79,53
4.4160250918694,3.110845111751137,0.4414650574937156,0.5454372529707883,0.8822562179238398,0.3889620157889632,0.24198204101701173,0.46883343430231295,2,0.00225653131323677,0.4414650572985686,0.545437252729681,19.01467514038086,11.570653915405273,1.6433535459100461,quackKTA,corners,9,4,0.79,53
4.4160250918694,3.110845111751137,0.4414650574937156,0.5454372529707883,0.8822562179238398,0.3889620157889632,0.24198204101701173,0.46883343430231295,2,0.00225653131323677,0.4414650572985686,0.545437252729681,19.01467514038086,11.570653915405273,1.6433535459100461,quackKTA,corners,10,4,0.79,53
4.479606079455758,3.080415384445562,0.4639630263714884,0.5736062197294377,0.8824169249463483,0.4005925700068073,0.25059806994538336,0.4588513925612911,2,0.0022953525282524093,0.46396302616976287,0.5736062194800406,19.09552764892578,11.531353950500488,1.6559657895242503,quackKTA,corners,11,4,0.8,55
4.479606079455758,3.080415384445562,0.4639630263714884,0.5736062197294377,0.8824169249463483,0.4005925700068073,0.25059806994538336,0.4588513925612911,2,0.0022953525282524093,0.46396302616976287,0.5736062194800406,19.09552764892578,11.531353950500488,1.6559657895242503,quackKTA,corners,12,4,0.8,55
4.475101296389181,3.0877395547014186,0.4772124848746878,0.6026269554214377,0.8824377164504356,0.40967388055283205,0.27178794372591264,0.44855032603950407,2,0.0023517022411384254,0.477212484673629,0.6026269551675394,19.02716827392578,11.361251831054688,1.6747422341185598,quackKTA,corners,13,4,0.81,53
4.475101296389181,3.0877395547014186,0.4772124848746878,0.6026269554214377,0.8824377164504356,0.40967388055283205,0.27178794372591264,0.44855032603950407,2,0.0023517022411384254,0.477212484673629,0.6026269551675394,19.02716827392578,11.361251831054688,1.6747422341185598,quackKTA,corners,14,4,0.81,53
4.559763259234158,3.1166626774058312,0.4805875828139187,0.6208002168566861,0.8823380882541032,0.41494015716012145,0.292054298520059,0.4475370514788218,2,0.0024188651299590666,0.480587582615313,0.6208002166001366,18.928884506225586,11.147650718688965,1.6980155715221446,quackKTA,corners,15,4,0.81,53
4.559763259234158,3.1166626774058312,0.4805875828139187,0.6208002168566861,0.8823380882541032,0.41494015716012145,0.292054298520059,0.4475370514788218,2,0.0024188651299590666,0.480587582615313,0.6208002166001366,18.928884506225586,11.147650718688965,1.6980155715221446,quackKTA,corners,16,4,0.81,53
4.567802140451532,3.1363533284752543,0.4794696222101453,0.6298968013520803,0.8840682011344416,0.4181119449436247,0.308416743023523,0.4580716254887644,2,0.002492254711326277,0.4794696220178313,0.6298968010994302,18.824464797973633,10.854182243347168,1.7343052084379678,quackKTA,corners,17,4,0.8,53
4.567802140451532,3.1363533284752543,0.4794696222101453,0.6298968013520803,0.8840682011344416,0.4181119449436247,0.308416743023523,0.4580716254887644,2,0.002492254711326277,0.4794696220178313,0.6298968010994302,18.824464797973633,10.854182243347168,1.7343052084379678,quackKTA,corners,18,4,0.8,53
4.606599592731863,3.1673489837995703,0.4741244133028133,0.6364571210839516,0.8876828283439562,0.41955376928668,0.3276679590053064,0.47221575935832155,2,0.0025661448694240052,0.47412441311812037,0.6364571208360228,18.649303436279297,10.468480110168457,1.78147192715805,quackKTA,corners,19,4,0.82,53
4.606599592731863,3.1673489837995703,0.4741244133028133,0.6364571210839516,0.8876828283439562,0.41955376928668,0.3276679590053064,0.47221575935832155,2,0.0025661448694240052,0.47412441311812037,0.6364571208360228,18.649303436279297,10.468480110168457,1.78147192715805,quackKTA,corners,20,4,0.82,53
4.5686276855974,3.217213692058434,0.4618262162475958,0.641978851743885,0.8943730582079303,0.41760822879146325,0.3514650792581609,0.4855928065487629,2,0.0026295527888207273,0.4618262160720327,0.641978851499837,18.486465454101562,10.180981636047363,1.81578418613835,quackKTA,corners,21,4,0.83,53
4.5686276855974,3.217213692058434,0.4618262162475958,0.641978851743885,0.8943730582079303,0.41760822879146325,0.3514650792581609,0.4855928065487629,2,0.0026295527888207273,0.4618262160720327,0.641978851499837,18.486465454101562,10.180981636047363,1.81578418613835,quackKTA,corners,22,4,0.83,53
4.5845524605507535,3.334836295503508,0.4377966480753291,0.6447611823658128,0.8977416235590723,0.40999091276894883,0.3799967186697888,0.4905409061582269,2,0.0026796549059146697,0.43779664791201295,0.6447611821252904,18.425153732299805,10.139659881591797,1.817137255831255,quackKTA,corners,23,4,0.85,52
4.5845524605507535,3.334836295503508,0.4377966480753291,0.6447611823658128,0.8977416235590723,0.40999091276894883,0.3799967186697888,0.4905409061582269,2,0.0026796549059146697,0.43779664791201295,0.6447611821252904,18.425153732299805,10.139659881591797,1.817137255831255,quackKTA,corners,24,4,0.85,52
4.691664573731055,3.50112913226051,0.40574182003644904,0.6466340688541505,0.8944206402471073,0.39780939156185585,0.41067897453718144,0.48473147503095493,2,0.0027210973667294368,0.4057418198873956,0.6466340686166029,18.52010726928711,10.317195892333984,1.795071787194267,quackKTA,corners,25,4,0.85,48
4.691664573731055,3.50112913226051,0.40574182003644904,0.6466340688541505,0.8944206402471073,0.39780939156185585,0.41067897453718144,0.48473147503095493,2,0.0027210973667294368,0.4057418198873956,0.6466340686166029,18.52010726928711,10.317195892333984,1.795071787194267,quackKTA,corners,26,4,0.85,48
4.697423382451137,3.5895899168509198,0.38144519339599825,0.6476199901857327,0.8933108844916566,0.38765806537117653,0.43066195188726186,0.48359825820657243,2,0.0027535043242224565,0.38144519325751897,0.6476199899506218,18.775619506835938,10.615823745727539,1.7686446154864461,quackKTA,corners,27,4,0.86,47
4.697423382451137,3.5895899168509198,0.38144519339599825,0.6476199901857327,0.8933108844916566,0.38765806537117653,0.43066195188726186,0.48359825820657243,2,0.0027535043242224565,0.38144519325751897,0.6476199899506218,18.775619506835938,10.615823745727539,1.7686446154864461,quackKTA,corners,28,4,0.86,47
4.702221805745389,3.585275307528464,0.383010500014505,0.6479834220493206,0.8929845588061099,0.3901185929774848,0.42936962877279505,0.486883259378325,2,0.0027881381696003415,0.3830104998771844,0.6479834218169994,18.962366104125977,10.829639434814453,1.7509692929540375,quackKTA,corners,29,4,0.86,48
4.702221805745389,3.585275307528464,0.383010500014505,0.6479834220493206,0.8929845588061099,0.3901185929774848,0.42936962877279505,0.486883259378325,2,0.0027881381696003415,0.3830104998771844,0.6479834218169994,18.962366104125977,10.829639434814453,1.7509692929540375,quackKTA,corners,30,4,0.86,48
4.5762669885312794,3.5543602931953204,0.39300948982556694,0.6577453672418161,0.8910293828938849,0.39793663891028364,0.43099674177206226,0.479772147922765,2,0.002835192566961779,0.3930094896870001,0.657745367009909,18.969484329223633,10.89294147491455,1.7414473742383434,quackKTA,corners,31,4,0.86,47
4.5762669885312794,3.5543602931953204,0.39300948982556694,0.6577453672418161,0.8910293828938849,0.39793663891028364,0.43099674177206226,0.479772147922765,2,0.002835192566961779,0.3930094896870001,0.657745367009909,18.969484329223633,10.89294147491455,1.7414473742383434,quackKTA,corners,32,4,0.86,47
4.595874969833485,3.5509400558594137,0.3968243970253532,0.6683568502697921,0.8869674009985725,0.40236956877629904,0.43878248562682687,0.46845122052468335,2,0.0028740171633216344,0.3968243968873317,0.6683568500373275,18.8771915435791,10.862066268920898,1.7379006053010146,quackKTA,corners,33,4,0.87,47
4.595874969833485,3.5509400558594137,0.3968243970253532,0.6683568502697921,0.8869674009985725,0.40236956877629904,0.43878248562682687,0.46845122052468335,2,0.0028740171633216344,0.3968243968873317,0.6683568500373275,18.8771915435791,10.862066268920898,1.7379006053010146,quackKTA,corners,34,4,0.87,47
4.646181135762088,3.571316472451622,0.3953666282049427,0.6693883962207792,0.8827630205161084,0.4029358343220844,0.44266419410701147,0.4665754608227405,2,0.002897455448190173,0.3953666280685409,0.6693883959898395,18.80967140197754,10.801629066467285,1.7413735730260151,quackKTA,corners,35,4,0.9,48
4.646181135762088,3.571316472451622,0.3953666282049427,0.6693883962207792,0.8827630205161084,0.4029358343220844,0.44266419410701147,0.4665754608227405,2,0.002897455448190173,0.3953666280685409,0.6693883959898395,18.80967140197754,10.801629066467285,1.7413735730260151,quackKTA,corners,36,4,0.9,48
4.627888044286684,3.582677238494231,0.3920638031119373,0.6658959543578109,0.8826886007112789,0.40207314630966334,0.44433918314166576,0.4758483343175136,2,0.0029203540967477418,0.39206380297773563,0.6658959541298777,18.844499588012695,10.776884078979492,1.7486037197678952,quackKTA,corners,37,4,0.88,47
4.627888044286684,3.582677238494231,0.3920638031119373,0.6658959543578109,0.8826886007112789,0.40207314630966334,0.44433918314166576,0.4758483343175136,2,0.0029203540967477418,0.39206380297773563,0.6658959541298777,18.844499588012695,10.776884078979492,1.7486037197678952,quackKTA,corners,38,4,0.88,47
4.592423166448769,3.5920115233505068,0.3848400636116767,0.669560764923475,0.8821492508617197,0.398770399298479,0.4536773680243188,0.4786261384152999,2,0.0029369597351747542,0.3848400634806924,0.6695607646955832,18.916309356689453,10.812516212463379,1.7494826352152184,quackKTA,corners,39,4,0.89,46
4.592423166448769,3.5920115233505068,0.3848400636116767,0.669560764923475,0.8821492508617197,0.398770399298479,0.4536773680243188,0.4786261384152999,2,0.0029369597351747542,0.3848400634806924,0.6695607646955832,18.916309356689453,10.812516212463379,1.7494826352152184,quackKTA,corners,40,4,0.89,46
4.553420330033984,3.589568463019759,0.3796478482302863,0.677924685027572,0.8793426621729772,0.39539329223330844,0.4642479405825261,0.47305883583608,2,0.0029380669430435088,0.37964784810111796,0.6779246847969203,19.01019287109375,10.83387279510498,1.75469965640369,quackKTA,corners,41,4,0.9,44
4.553420330033984,3.589568463019759,0.3796478482302863,0.677924685027572,0.8793426621729772,0.39539329223330844,0.4642479405825261,0.47305883583608,2,0.0029380669430435088,0.37964784810111796,0.6779246847969203,19.01019287109375,10.83387279510498,1.75469965640369,quackKTA,corners,42,4,0.9,44
4.5661527351675835,3.5873692794024548,0.37653781955098803,0.6869683659126822,0.8748004593589028,0.39283492378886586,0.47318387598493056,0.47318387598493056,1,0.002929412472457084,0.37653781942249936,0.6869683656782631,19.02450942993164,10.810097694396973,1.7598832099168311,quackKTA,corners,43,4,0.89,45
4.5661527351675835,3.5873692794024548,0.37653781955098803,0.6869683659126822,0.8748004593589028,0.39283492378886586,0.47318387598493056,0.47318387598493056,1,0.002929412472457084,0.37653781942249936,0.6869683656782631,19.02450942993164,10.810097694396973,1.7598832099168311,quackKTA,corners,44,4,0.89,45
4.649149952859476,3.5838491162680604,0.3737661415303917,0.6958085702129515,0.8702837004242565,0.39033936075862313,0.48183576123551297,0.48183576123551297,1,0.0029170478283158806,0.3737661414023084,0.6958085699745097,18.972726821899414,10.728265762329102,1.7684803156646145,quackKTA,corners,45,4,0.87,46
4.649149952859476,3.5838491162680604,0.3737661415303917,0.6958085702129515,0.8702837004242565,0.39033936075862313,0.48183576123551297,0.48183576123551297,1,0.0029170478283158806,0.3737661414023084,0.6958085699745097,18.972726821899414,10.728265762329102,1.7684803156646145,quackKTA,corners,46,4,0.87,46
4.699567563593005,3.561270752881519,0.37352881043486497,0.7043689337553085,0.8698123853890314,0.38944630669426006,0.4896081452141026,0.4896081452141026,1,0.0029118955657337817,0.37352881030663687,0.7043689335135067,18.8978328704834,10.590195655822754,1.7844649414093794,quackKTA,corners,47,4,0.87,43
4.699567563593005,3.561270752881519,0.37352881043486497,0.7043689337553085,0.8698123853890314,0.38944630669426006,0.4896081452141026,0.4896081452141026,1,0.0029118955657337817,0.37352881030663687,0.7043689335135067,18.8978328704834,10.590195655822754,1.7844649414093794,quackKTA,corners,48,4,0.87,43
4.687578033884655,3.5249388086429945,0.3773732886362472,0.7086238741650511,0.875361523883472,0.3915109420660492,0.4924886031657896,0.4924886031657896,1,0.0029198390948328022,0.37737328850705215,0.7086238739224513,18.785694122314453,10.420970916748047,1.8026817532060522,quackKTA,corners,49,4,0.89,43
4.687578033884655,3.5249388086429945,0.3773732886362472,0.7086238741650511,0.875361523883472,0.3915109420660492,0.4924886031657896,0.4924886031657896,1,0.0029198390948328022,0.37737328850705215,0.7086238739224513,18.785694122314453,10.420970916748047,1.8026817532060522,quackKTA,corners,50,4,0.89,43
4.559782820150581,3.4910067884450666,0.38565790506447656,0.7047961042192289,0.8831111660062663,0.39685619669031114,0.48668035240839025,0.48668035240839025,1,0.002937539726986009,0.3856579049332413,0.7047961039793944,18.592975616455078,10.230671882629395,1.8173758116534047,quackKTA,corners,51,4,0.89,45
4.559782820150581,3.4910067884450666,0.38565790506447656,0.7047961042192289,0.8831111660062663,0.39685619669031114,0.48668035240839025,0.48668035240839025,1,0.002937539726986009,0.3856579049332413,0.7047961039793944,18.592975616455078,10.230671882629395,1.8173758116534047,quackKTA,corners,52,4,0.89,45
4.415637587178768,3.4697029486606907,0.39696111890881297,0.694472063344997,0.8884753677258406,0.40452443682584593,0.47352565998148555,0.48539260111278665,2,0.0029610848526399475,0.3969611187748061,0.6944720631105559,18.334613800048828,10.02834415435791,1.8282792770010314,quackKTA,corners,53,4,0.89,45
4.415637587178768,3.4697029486606907,0.39696111890881297,0.694472063344997,0.8884753677258406,0.40452443682584593,0.47352565998148555,0.48539260111278665,2,0.0029610848526399475,0.3969611187748061,0.6944720631105559,18.334613800048828,10.02834415435791,1.8282792770010314,quackKTA,corners,54,4,0.89,45
4.364840311466922,3.451808007474102,0.40695925581420833,0.6814908281085619,0.8921300350302195,0.411489968607161,0.45809453529650423,0.5049061555764134,2,0.0029821176687512777,0.4069592556777959,0.6814908278801267,18.071531295776367,9.836590766906738,1.8371742531541129,quackKTA,corners,55,4,0.9,45
4.364840311466922,3.451808007474102,0.40695925581420833,0.6814908281085619,0.8921300350302195,0.411489968607161,0.45809453529650423,0.5049061555764134,2,0.0029821176687512777,0.4069592556777959,0.6814908278801267,18.071531295776367,9.836590766906738,1.8371742531541129,quackKTA,corners,56,4,0.9,45
4.423592581432652,3.4373601712233057,0.4137190151037098,0.6671363850497322,0.8949946840347875,0.4162785836029381,0.44242495389185144,0.5243650390649622,2,0.0029943819648953047,0.41371901496560015,0.6671363848270256,17.81488037109375,9.660569190979004,1.844081856763405,quackKTA,corners,57,4,0.9,45
4.423592581432652,3.4373601712233057,0.4137190151037098,0.6671363850497322,0.8949946840347875,0.4162785836029381,0.44242495389185144,0.5243650390649622,2,0.0029943819648953047,0.41371901496560015,0.6671363848270256,17.81488037109375,9.660569190979004,1.844081856763405,quackKTA,corners,58,4,0.9,45
4.468884621146819,3.4162211756854433,0.4187191445936047,0.6518009134402716,0.8973858744490336,0.4197224992326972,0.4260152018395758,0.5439478766871073,2,0.002999837312526852,0.41871914445408076,0.651800913223081,17.557838439941406,9.487042427062988,1.850717815897355,quackKTA,corners,59,4,0.92,46
4.468884621146819,3.4162211756854433,0.4187191445936047,0.6518009134402716,0.8973858744490336,0.4197224992326972,0.4260152018395758,0.5439478766871073,2,0.002999837312526852,0.41871914445408076,0.651800913223081,17.557838439941406,9.487042427062988,1.850717815897355,quackKTA,corners,60,4,0.92,46
4.472146225615848,3.3802470299962746,0.4234366016079176,0.6382163714055503,0.8994262205614081,0.4227173195685769,0.41057523931687445,0.5616821599394264,2,0.003002214009734329,0.4234366014669341,0.6382163711930559,17.30350112915039,9.303653717041016,1.8598608305309787,quackKTA,corners,61,4,0.92,46
4.472146225615848,3.3802470299962746,0.4234366016079176,0.6382163714055503,0.8994262205614081,0.4227173195685769,0.41057523931687445,0.5616821599394264,2,0.003002214009734329,0.4234366014669341,0.6382163711930559,17.30350112915039,9.303653717041016,1.8598608305309787,quackKTA,corners,62,4,0.92,46
4.433474001200966,3.336250645648921,0.4282309435770271,0.6299264857689859,0.9015483957763686,0.4256451702676287,0.39968361107744943,0.5750959813899832,2,0.003004674383547265,0.4282309434345649,0.6299264855594245,17.050899505615234,9.108110427856445,1.8720567389548237,quackKTA,corners,63,4,0.91,45
4.433474001200966,3.336250645648921,0.4282309435770271,0.6299264857689859,0.9015483957763686,0.4256451702676287,0.39968361107744943,0.5750959813899832,2,0.003004674383547265,0.4282309434345649,0.6299264855594245,17.050899505615234,9.108110427856445,1.8720567389548237,quackKTA,corners,64,4,0.91,45
4.364138729828342,3.2898693637747365,0.4326211167105385,0.6275140677879959,0.9053119397746965,0.42851097984235176,0.39511627188763354,0.585458720766415,2,0.0030102123819846383,0.43262111656688135,0.6275140675796222,16.799543380737305,8.901433944702148,1.8872850694728767,quackKTA,corners,65,4,0.91,44
4.364138729828342,3.2898693637747365,0.4326211167105385,0.6275140677879959,0.9053119397746965,0.42851097984235176,0.39511627188763354,0.585458720766415,2,0.0030102123819846383,0.43262111656688135,0.6275140675796222,16.799543380737305,8.901433944702148,1.8872850694728767,quackKTA,corners,66,4,0.91,44
4.249313977669834,3.2385837039365692,0.4356806704334071,0.6291773863697425,0.9123382850608848,0.43112552273082894,0.39645175688743295,0.5959876514970661,2,0.0030207258933937996,0.43568067028923835,0.6291773861615448,16.542863845825195,8.688459396362305,1.9040042763794787,quackKTA,corners,67,4,0.92,46
4.249313977669834,3.2385837039365692,0.4356806704334071,0.6291773863697425,0.9123382850608848,0.43112552273082894,0.39645175688743295,0.5959876514970661,2,0.0030207258933937996,0.43568067028923835,0.6291773861615448,16.542863845825195,8.688459396362305,1.9040042763794787,quackKTA,corners,68,4,0.92,46
4.07047267424575,3.183662555603369,0.4364145510540385,0.632946770565735,0.9223421534444186,0.43311023660931125,0.4027379677630558,0.6075925073818628,2,0.003035994313253851,0.43641455091035397,0.6329467703573445,16.285158157348633,8.481609344482422,1.9200552036673049,quackKTA,corners,69,4,0.92,48
4.07047267424575,3.183662555603369,0.4364145510540385,0.632946770565735,0.9223421534444186,0.43311023660931125,0.4027379677630558,0.6075925073818628,2,0.003035994313253851,0.43641455091035397,0.6329467703573445,16.285158157348633,8.481609344482422,1.9200552036673049,quackKTA,corners,70,4,0.92,48
4.016476311673998,3.14423388063885,0.4341684517780467,0.6378378683284698,0.9335142277718571,0.4338574064429415,0.41339523270285516,0.6185711813158669,2,0.0030534761982323484,0.43416845163592077,0.6378378681196722,16.061492919921875,8.298824310302734,1.9353937761979239,quackKTA,corners,71,4,0.92,47
4.016476311673998,3.14423388063885,0.4341684517780467,0.6378378683284698,0.9335142277718571,0.4338574064429415,0.41339523270285516,0.6185711813158669,2,0.0030534761982323484,0.43416845163592077,0.6378378681196722,16.061492919921875,8.298824310302734,1.9353937761979239,quackKTA,corners,72,4,0.92,47
3.938358150688722,3.120456619525875,0.4294700985411885,0.6435742931614359,0.943357652107003,0.4331571994814588,0.42720297771152493,0.626264403248143,2,0.0030703803464089212,0.42947009840137507,0.6435742929519211,15.911283493041992,8.154925346374512,1.9511255857313057,quackKTA,corners,73,4,0.92,47
3.938358150688722,3.120456619525875,0.4294700985411885,0.6435742931614359,0.943357652107003,0.4331571994814588,0.42720297771152493,0.626264403248143,2,0.0030703803464089212,0.42947009840137507,0.6435742929519211,15.911283493041992,8.154925346374512,1.9511255857313057,quackKTA,corners,74,4,0.92,47
3.87616262671293,3.1171212364613727,0.42411243404075444,0.6498896520190045,0.9494702785058016,0.4317642619832918,0.44189295469837037,0.628303417679791,2,0.0030864028901650595,0.42411243390340214,0.6498896518085324,15.834354400634766,8.047457695007324,1.967621949781295,quackKTA,corners,75,4,0.93,46
3.87616262671293,3.1171212364613727,0.42411243404075444,0.6498896520190045,0.9494702785058016,0.4317642619832918,0.44189295469837037,0.628303417679791,2,0.0030864028901650595,0.42411243390340214,0.6498896518085324,15.834354400634766,8.047457695007324,1.967621949781295,quackKTA,corners,76,4,0.93,46
3.853335132742267,3.1343658851086817,0.4196484708404885,0.657394419889689,0.950966117632394,0.43082564463834616,0.4566718747838875,0.6228721326914924,2,0.0031051237545279987,0.4196484707054015,0.6573944196780704,15.798680305480957,7.9660468101501465,1.9832522557297394,quackKTA,corners,77,4,0.93,46
3.853335132742267,3.1343658851086817,0.4196484708404885,0.657394419889689,0.950966117632394,0.43082564463834616,0.4566718747838875,0.6228721326914924,2,0.0031051237545279987,0.4196484707054015,0.6573944196780704,15.798680305480957,7.9660468101501465,1.9832522557297394,quackKTA,corners,78,4,0.93,46
3.8637885796690865,3.1563280241058047,0.4163599636283747,0.6672184448237919,0.95057199396711,0.4307970304507332,0.47245944928140315,0.611749235098189,2,0.0031294364599434377,0.41635996349538756,0.6672184446106795,15.778717994689941,7.904016971588135,1.9962910063840065,quackKTA,corners,79,4,0.93,46
3.8637885796690865,3.1563280241058047,0.4163599636283747,0.6672184448237919,0.95057199396711,0.4307970304507332,0.47245944928140315,0.611749235098189,2,0.0031294364599434377,0.41635996349538756,0.6672184446106795,15.778717994689941,7.904016971588135,1.9962910063840065,quackKTA,corners,80,4,0.93,46
3.8576849606293404,3.16791492063479,0.4137115965043949,0.678786246075594,0.9507848019864537,0.4311848572920577,0.4889151163224108,0.5988852418754815,2,0.0031562886118342713,0.41371159637337795,0.6787862458606315,15.768681526184082,7.858252048492432,2.006639826372994,quackKTA,corners,81,4,0.93,47
3.8576849606293404,3.16791492063479,0.4137115965043949,0.678786246075594,0.9507848019864537,0.4311848572920577,0.4889151163224108,0.5988852418754815,2,0.0031562886118342713,0.41371159637337795,0.6787862458606315,15.768681526184082,7.858252048492432,2.006639826372994,quackKTA,corners,82,4,0.93,47
3.8543006412116156,3.1715303071516416,0.410886331993188,0.6898886070338219,0.9513882389513207,0.43118892428460875,0.5042224448522981,0.5870259985036095,2,0.0031801199093377404,0.41088633186404094,0.6898886068169807,15.768787384033203,7.830242156982422,2.013831381954103,quackKTA,corners,83,4,0.92,46
3.8543006412116156,3.1715303071516416,0.410886331993188,0.6898886070338219,0.9513882389513207,0.43118892428460875,0.5042224448522981,0.5870259985036095,2,0.0031801199093377404,0.41088633186404094,0.6898886068169807,15.768787384033203,7.830242156982422,2.013831381954103,quackKTA,corners,84,4,0.92,46
3.8378588588515394,3.169711782069897,0.40781850727597624,0.6987882465916068,0.9522707673335276,0.430786352045791,0.5167211310821068,0.5781467491760272,2,0.0031998926782006226,0.40781850714858553,0.6987882463733255,15.775459289550781,7.8230180740356445,2.0165438888486054,quackKTA,corners,85,4,0.92,47
3.8378588588515394,3.169711782069897,0.40781850727597624,0.6987882465916068,0.9522707673335276,0.430786352045791,0.5167211310821068,0.5781467491760272,2,0.0031998926782006226,0.40781850714858553,0.6987882463733255,15.775459289550781,7.8230180740356445,2.0165438888486054,quackKTA,corners,86,4,0.92,47
3.8124176814493906,3.1637829698293185,0.4053274330120731,0.7052271430078095,0.9534139641518796,0.43064669668670164,0.5258065702684164,0.5725353745160984,2,0.00321841670859939,0.40532743288618917,0.7052271427887848,15.787591934204102,7.835670471191406,2.014836125669996,quackKTA,corners,87,4,0.92,46
3.8124176814493906,3.1637829698293185,0.4053274330120731,0.7052271430078095,0.9534139641518796,0.43064669668670164,0.5258065702684164,0.5725353745160984,2,0.00321841670859939,0.40532743288618917,0.7052271427887848,15.787591934204102,7.835670471191406,2.014836125669996,quackKTA,corners,88,4,0.92,46
3.781119626266826,3.154033884155071,0.40414559267086336,0.7102413991400818,0.9547462186977126,0.4312998711131082,0.5321930367193467,0.5690842328592565,2,0.0032379697057596606,0.4041455925461044,0.7102413989208315,15.804948806762695,7.861997604370117,2.0102968230333027,quackKTA,corners,89,4,0.92,46
3.781119626266826,3.154033884155071,0.40414559267086336,0.7102413991400818,0.9547462186977126,0.4312998711131082,0.5321930367193467,0.5690842328592565,2,0.0032379697057596606,0.4041455925461044,0.7102413989208315,15.804948806762695,7.861997604370117,2.0102968230333027,quackKTA,corners,90,4,0.92,46
3.7442132106080988,3.1407762927566116,0.40448465967599834,0.7147208387644577,0.9561800418275066,0.4328443271107538,0.536738727713183,0.5667788908015952,2,0.0032584186356105884,0.40448465955191826,0.7147208385452092,15.821699142456055,7.8918914794921875,2.0048044481564657,quackKTA,corners,91,4,0.92,46
3.7442132106080988,3.1407762927566116,0.40448465967599834,0.7147208387644577,0.9561800418275066,0.4328443271107538,0.536738727713183,0.5667788908015952,2,0.0032584186356105884,0.40448465955191826,0.7147208385452092,15.821699142456055,7.8918914794921875,2.0048044481564657,quackKTA,corners,92,4,0.92,46
3.7098678706310535,3.125937721995634,0.406108185965062,0.7185320919372694,0.9575727222335317,0.4350620286538761,0.5396007428061609,0.5654432452050404,2,0.003277999567765023,0.40610818584122804,0.7185320917181685,15.828635215759277,7.915954113006592,1.9995865299104592,quackKTA,corners,93,4,0.92,44
3.7098678706310535,3.125937721995634,0.406108185965062,0.7185320919372694,0.9575727222335317,0.4350620286538761,0.5396007428061609,0.5654432452050404,2,0.003277999567765023,0.40610818584122804,0.7185320917181685,15.828635215759277,7.915954113006592,1.9995865299104592,quackKTA,corners,94,4,0.92,44
3.6765144510635235,3.1121863733361024,0.408467335714638,0.7212001248693931,0.9587630401893616,0.4375645558349351,0.5407944080884959,0.5651616480200917,2,0.0032948071419988552,0.40846733559072,0.7212001246506005,15.819184303283691,7.929029941558838,1.9950970572538491,quackKTA,corners,95,4,0.92,44
3.6765144510635235,3.1121863733361024,0.408467335714638,0.7212001248693931,0.9587630401893616,0.4375645558349351,0.5407944080884959,0.5651616480200917,2,0.0032948071419988552,0.40846733559072,0.7212001246506005,15.819184303283691,7.929029941558838,1.9950970572538491,quackKTA,corners,96,4,0.92,44
3.6590145334564115,3.101214667529421,0.410994085217534,0.7226843056914067,0.9596732116168856,0.4399904704652287,0.5407289622816647,0.5657408753118376,2,0.0033078593860388934,0.4109940850933415,0.722684305473029,15.79233169555664,7.929780006408691,1.9915220450998135,quackKTA,corners,97,4,0.92,43
3.6590145334564115,3.101214667529421,0.410994085217534,0.7226843056914067,0.9596732116168856,0.4399904704652287,0.5407289622816647,0.5657408753118376,2,0.0033078593860388934,0.4109940850933415,0.722684305473029,15.79233169555664,7.929780006408691,1.9915220450998135,quackKTA,corners,98,4,0.92,43
3.6501653657531574,3.092815805585496,0.4132842593409849,0.7233360903632211,0.9603669778313058,0.44211640041317096,0.5400400517624262,0.566853798652244,2,0.0033172598458211192,0.41328425921645434,0.7233360901452659,15.751644134521484,7.920135974884033,1.9888098114060637,quackKTA,corners,99,4,0.93,44
3.6501653657531574,3.092815805585496,0.4132842593409849,0.7233360903632211,0.9603669778313058,0.44211640041317096,0.5400400517624262,0.566853798652244,2,0.0033172598458211192,0.41328425921645434,0.7233360901452659,15.751644134521484,7.920135974884033,1.9888098114060637,quackKTA,corners,100,4,0.93,44
9.3713279243418,5.229854978418386,0.09191611816515498,0.4779705806002229,0.5563119166861863,0.1485784200951308,0.3966278131235926,0.3966278131235926,1,0.0015034627431688087,0.09191611810404453,0.47797058028244405,14.816883087158203,8.732908248901367,1.6966722499369584,centroidBasedKTA,corners,1,4,0.83,64
7.16119614562956,4.073085348426225,0.3464233631071734,0.6822580233057829,0.6826755448183203,0.2914272766560025,0.42470314712259394,0.42470314712259394,1,0.0016753510181429238,0.3464233629004926,0.6822580228987386,14.758574485778809,6.736777305603027,2.1907469723693853,centroidBasedKTA,corners,2,4,0.86,68
8.120708863060612,4.245868802924191,0.10942210375315997,0.11259330526006049,0.5496406166089676,0.19024952147154095,0.04471318959258048,0.5484533339039805,2,0.0016984508287724847,0.10942210368877692,0.11259330519381153,7.953196048736572,4.172883987426758,1.905923115211997,centroidBasedKTA,corners,3,4,0.85,80
10.167514387101722,5.304222355683867,0.08074226247546838,0.4549788258401053,0.45540829624470713,0.1686934400349687,0.47190531229712007,0.47190531229712007,1,0.001669853154185956,0.08074226242714849,0.45497882556782493,6.938626289367676,4.109655857086182,1.6883716132585358,centroidBasedKTA,corners,4,4,0.85,83
12.341171321559761,6.6258226003967655,0.09634637121706786,0.3430537016514133,0.6031506048854899,0.1903673022985268,0.4042935911099953,0.42701207628192883,2,0.0017227505991182545,0.09634637116118011,0.3430537014524177,6.716588973999023,3.8131725788116455,1.7614175165631896,centroidBasedKTA,corners,5,4,0.87,82
10.146327499977174,4.0734324548018455,0.10106217540643153,0.5739864057483428,0.583672084070411,0.19157896302638527,0.5223687917226403,0.5223687917226403,1,0.0017267574825554969,0.10106217534794358,0.5739864054161583,7.103826522827148,4.471327304840088,1.5887511780083432,centroidBasedKTA,corners,6,4,0.91,80
11.29626811787651,5.808234370829454,0.11640735327826818,0.4669833878046097,0.48294975984906413,0.20778474099932026,0.4429423496141237,0.4429423496141237,1,0.0017375266236184098,0.11640735321131711,0.46698338753602664,6.984460353851318,4.628790855407715,1.5089168147854461,centroidBasedKTA,corners,7,4,0.89,80
10.95810425838212,5.771745347744395,0.10635160807919682,0.433673781125526,0.43369055924261185,0.19111755266783714,0.4205984555126212,0.42232442583768126,4,0.001676622712817364,0.10635160801580651,0.4336737808670372,7.41925048828125,4.714734077453613,1.5736307427728244,centroidBasedKTA,corners,8,4,0.83,81
11.128823051553745,5.445833808836959,0.03884902285344489,0.3912773052489384,0.39212326771954215,0.12090761438010916,0.4425605542026017,0.4425605542026017,1,0.0016437084613379403,0.03884902282982607,0.3912773050110558,6.386606216430664,4.324368476867676,1.4768876081196665,centroidBasedKTA,corners,9,4,0.89,82
15.051818126962052,8.81473834855514,0.05265323480022254,0.28836847352929346,0.44568966814645283,0.14353944733737467,0.3798637326166119,0.3798637326166119,1,0.0016257137033173874,0.05265323476785738,0.2883684733520377,5.951706886291504,3.8044424057006836,1.564409774576094,centroidBasedKTA,corners,10,4,0.85,85
12.680796129053448,5.583265769083055,0.03151849531475196,0.1042527891328103,0.4814367516021587,0.10662330240010146,0.20489376798502917,0.4925490395281903,2,0.0015518126446465456,0.03151849529445539,0.10425278906567595,6.157437324523926,3.8478710651397705,1.6002192433905427,centroidBasedKTA,corners,11,4,0.85,83
16.512269565968914,8.955209642802155,0.02217838084816585,0.28337933023931605,0.3334597437960542,0.08763406537472326,0.3852766657131339,0.3852766657131339,1,0.001457097808681408,0.022178380832955823,0.2833793300449733,5.87569522857666,3.5801784992218018,1.6411738213198526,centroidBasedKTA,corners,12,4,0.86,89
12.98476039934065,6.208557271589593,0.0040763826317199705,0.35644179161977396,0.3879819414322571,0.039319349080320226,0.45079635354336506,0.45079635354336506,1,0.0015992122165642796,0.004076382629172803,0.35644179139704796,5.880743026733398,3.86725115776062,1.520651953243501,centroidBasedKTA,corners,13,4,0.87,83
9.97310332407113,3.8293553349023752,0.001820801825621405,0.49683180932323007,0.4996090550403411,0.025561374798414513,0.5378926407370644,0.5378926407370644,1,0.0015932284087320215,0.001820801824479375,0.49683180901161084,6.280858993530273,3.8561012744903564,1.628810694127518,centroidBasedKTA,corners,14,4,0.89,83
18.282578735668498,9.898780728103512,0.002358016988858243,0.2563319225196829,0.36602391683658114,0.02873779945075223,0.3835247960436007,0.3835247960436007,1,0.0013935621072366903,0.0023580169871674187,0.2563319223358792,5.365054607391357,3.244415283203125,1.6536275843494757,centroidBasedKTA,corners,15,4,0.88,90
19.206368475183577,11.547083965351916,0.002612972941660191,0.19953083432733582,0.19976450742375643,0.029000495374199818,0.3175662609981055,0.3203623962821118,17,0.0013243966071845841,0.002612972939688683,0.19953083417678827,5.616265773773193,3.5297176837921143,1.5911373874348578,centroidBasedKTA,corners,16,4,0.87,90
16.320114194225763,5.882525748730337,0.016721461875497015,0.044828171233184055,0.43672917799846467,0.07657274492084214,0.12806069378128626,0.4870569832797141,2,0.001414399301042141,0.01672146186368349,0.04482817120151346,5.430667400360107,3.2636659145355225,1.6639777301260088,centroidBasedKTA,corners,17,4,0.83,89
11.545013596265266,4.259724357653623,0.05177742912486328,0.5214956622629352,0.5389004892306368,0.1364309523254497,0.5398359765065294,0.5398359765065294,1,0.0015107469072063433,0.051777429090615654,0.5214956619179975,5.737113952636719,3.3242416381835938,1.7258414330463119,centroidBasedKTA,corners,18,4,0.82,88
14.805096360097753,6.907130233242227,0.04662500131149966,0.24146129873406383,0.27381698163480245,0.13055266812442426,0.3451929433503774,0.4619784149806484,3,0.0015330568473195937,0.04662500128110845,0.24146129857667398,5.829040050506592,3.4841411113739014,1.6730206567914676,centroidBasedKTA,corners,19,4,0.88,81
16.948782671108138,7.628778634948029,0.017744974389919052,0.34339246308808197,0.390719160631176,0.08053503371774345,0.45277046935038945,0.45277046935038945,1,0.0014878395518388191,0.017744974378001082,0.3433924628574509,5.581052780151367,3.2404251098632812,1.722321174207022,centroidBasedKTA,corners,20,4,0.88,86
18.671141005690135,11.764176998933134,0.012405800392224524,0.1455253343820006,0.22997593268137023,0.06556036621331512,0.2759243875741682,0.36622073232425445,5,0.0014442044817842231,0.012405800383640645,0.14552533428130804,5.795263767242432,3.5106923580169678,1.6507466836297398,centroidBasedKTA,corners,21,4,0.89,83
17.868903821798597,11.947974383433701,0.02590941498644361,0.1552948006127126,0.28430853832226377,0.09048252105711986,0.2635449477762186,0.35441683462700985,10,0.0014141559740350092,0.02590941496813514,0.15529480050297606,6.307506561279297,3.71283221244812,1.698839645952822,centroidBasedKTA,corners,22,4,0.84,84
15.317400627730187,8.81828322542252,0.03812817505127886,0.10680888812985631,0.18582002233670192,0.11481325663625044,0.2040910401264933,0.4425939285661582,6,0.0015365478599173954,0.03812817502648217,0.10680888806039307,6.306539535522461,3.595142364501953,1.7541835332560947,centroidBasedKTA,corners,23,4,0.84,85
17.033141251275673,10.46858004820206,0.03842316186425632,0.18781217520943905,0.24347509893644811,0.11358639001845176,0.2995440167956686,0.3564831736380809,3,0.0014971722957438228,0.03842316183861046,0.18781217508408224,6.369840621948242,3.561110258102417,1.7887232240151711,centroidBasedKTA,corners,24,4,0.83,86
15.419174105018175,7.329902528733205,0.06253308617342253,0.06293836148405155,0.3908820244541982,0.1440691009163712,0.015330352284944011,0.4391459912410498,2,0.0014875543019072877,0.06253308613141408,0.06293836144177083,6.4848856925964355,3.711761236190796,1.747118222305112,centroidBasedKTA,corners,25,4,0.81,83
17.548456349937126,11.33097646515456,0.030208123944413412,0.20375829469439527,0.2946396866449474,0.10544605553149124,0.32923457690045665,0.32923457690045665,1,0.0015770428226130483,0.03020812392527193,0.20375829456528313,6.110186576843262,3.6008543968200684,1.6968713264933732,centroidBasedKTA,corners,26,4,0.84,84
13.761818091244832,6.335105967769022,0.00209782553086104,0.3547290065064134,0.3640272257349106,0.026674536988136467,0.438244252256074,0.438244252256074,1,0.0014174883318294593,0.002097825529382133,0.3547290062563397,5.876377582550049,3.6595051288604736,1.6057847647772738,centroidBasedKTA,corners,27,4,0.83,86
15.403570847230283,7.376278356295208,0.002521517437643121,0.1574930063901817,0.19735736091730138,0.0278538577258559,0.2806264593556708,0.487263586255673,9,0.0013094514912452455,0.00252151743571887,0.15749300626999374,5.94893741607666,3.601991653442383,1.6515689064381023,centroidBasedKTA,corners,28,4,0.81,86
14.255289210817267,7.142676850878026,0.011610109537988252,0.10805996917978608,0.19888445769033983,0.0639994677156146,0.23894911682289027,0.47422135527008136,5,0.001478597172948972,0.011610109530141795,0.10805996910675597,5.818376541137695,3.467440128326416,1.6780034624402576,centroidBasedKTA,corners,29,4,0.83,85
12.805355963450879,5.403719295973252,0.0578722533499532,0.12373873432430568,0.12395914542761077,0.13920478858052293,0.19353219517504722,0.5208013660099302,3,0.0014993251685669125,0.05787225331138145,0.12373873424183403,6.3750810623168945,3.7538912296295166,1.698259398673193,centroidBasedKTA,corners,30,4,0.87,83
14.926717106189612,8.880542654944385,0.1667636994797208,0.4013298164536183,0.49118949286217317,0.24637363478538915,0.38233200358223074,0.38233200358223074,1,0.0017128240150253431,0.16676369938242436,0.40132981621946684,7.0066399574279785,4.0924248695373535,1.7120998383089103,centroidBasedKTA,corners,31,4,0.88,79
13.660192866225792,6.817886506197265,0.13702151568655865,0.460520668149465,0.47152377823060854,0.22521003764120476,0.43656616815128657,0.43656616815128657,1,0.001702948796953739,0.13702151560615067,0.4605206678792189,6.940884113311768,4.360883712768555,1.5916232971283886,centroidBasedKTA,corners,32,4,0.86,81
10.285025484329234,5.051949755494272,0.1452122073968329,0.5422176370440993,0.5436363922517878,0.22772963605818847,0.4997135277371354,0.4997135277371354,1,0.0017080735111298323,0.14521220731187456,0.5422176367268676,7.150781631469727,4.0601654052734375,1.7612045120576525,centroidBasedKTA,corners,33,4,0.92,79
11.890375127411616,6.15181854941276,0.09734051220460024,0.3817192490428274,0.3898248221290438,0.17893564105032086,0.4009426380827389,0.4417244992160262,5,0.0015785661958572744,0.09734051214297716,0.38171924880117347,7.2530035972595215,4.220370769500732,1.7185702378741072,centroidBasedKTA,corners,34,4,0.92,78
14.003571063869765,8.52102052188041,0.12579925878415524,0.17041401040400384,0.22779375385163364,0.2120933298021343,0.16820313768692496,0.4389452053712846,6,0.0016655332160860927,0.1257992587086749,0.17041401030175438,6.958800792694092,3.923924446105957,1.7734288435645407,centroidBasedKTA,corners,35,4,0.87,80
9.324335806867847,4.901697834148388,0.16652460201443006,0.21334981500575542,0.6110142154940309,0.2611726140603162,0.17631542515007878,0.5276901872595245,2,0.0018896758777067824,0.16652460192636398,0.21334981489292598,7.093969345092773,4.37688684463501,1.6207796995681119,centroidBasedKTA,corners,36,4,0.85,72
16.446899916286714,10.374722382298359,0.14371782704628608,0.2736076597274393,0.40181857371944146,0.21788201667366236,0.2767646170104577,0.3387861957773227,3,0.0016097708896463789,0.1437178269570641,0.27360765955757993,7.710550308227539,4.318883895874023,1.785310856722012,centroidBasedKTA,corners,37,4,0.87,78
12.235024146417825,6.331917703429899,0.2591782569070774,0.5338832732989299,0.6119128707098836,0.3030506417154963,0.41551606760763604,0.41551606760763604,1,0.0017836606126158075,0.2591782567618635,0.5338832729998026,7.866607666015625,4.4351701736450195,1.7736878987776752,centroidBasedKTA,corners,38,4,0.88,73
12.725409636868063,6.844677726274038,0.11242764584925151,0.37344344996458023,0.4210577527017793,0.19816507697103425,0.386354855820498,0.4353919653920021,5,0.0016065411759808045,0.1124276457793172,0.37344344973228405,6.868041515350342,4.194769382476807,1.6372870327601803,centroidBasedKTA,corners,39,4,0.85,79
13.541079241207195,7.303035968190791,0.0899841950873534,0.4019941311897808,0.4361280180929353,0.1826470382511433,0.42256948352437895,0.42256948352437895,1,0.001619712097169488,0.08998419503183559,0.4019941309417613,6.411130428314209,4.153037071228027,1.5437209729546029,centroidBasedKTA,corners,40,4,0.88,78
13.555152985886169,8.416310789680523,0.11644175895329668,0.2890846807378959,0.3168886732597063,0.19871902838347355,0.3072230295044994,0.36918494605921237,7,0.0015537148354961405,0.11644175887840347,0.2890846805519619,6.749083518981934,4.186549186706543,1.6120874777753804,centroidBasedKTA,corners,41,4,0.85,76
12.191327281981538,5.900102975622946,0.17127032148797525,0.5208540074592041,0.5334311539352633,0.23677207697180525,0.4762371431570024,0.4762371431570024,1,0.0017013573269083653,0.1712703213873738,0.5208540071532628,7.994379997253418,4.033371925354004,1.9820587203967754,centroidBasedKTA,corners,42,4,0.88,74
9.964335435436785,6.022912889210066,0.21394031227215765,0.48564387664233954,0.5206703811788365,0.29161535948512024,0.416301713092211,0.416301713092211,1,0.0018773119113811418,0.21394031215827194,0.48564387638381934,7.1492156982421875,4.4551825523376465,1.6046964662512806,centroidBasedKTA,corners,43,4,0.88,79
12.896598840594239,7.3501611926892165,0.10874613311941288,0.41764029393537294,0.41764532217264444,0.19415278173981157,0.4292456054128277,0.4292456054128277,1,0.0016601824297068012,0.10874613305395314,0.4176402936839744,7.332484245300293,4.261107921600342,1.7207928971075475,centroidBasedKTA,corners,44,4,0.87,82
8.848729343954426,4.426430655819974,0.15417415161452455,0.5821455643306519,0.5822005006446084,0.2499637015163649,0.5193836940044484,0.5193836940044484,1,0.001878536219361239,0.15417415153250633,0.5821455640209596,7.151139736175537,4.597859859466553,1.5553192038792722,centroidBasedKTA,corners,45,4,0.91,78
11.272453632010079,4.430339725345288,0.038204596639666924,0.49502114517348517,0.557726379228278,0.11739794760941288,0.5136896650597405,0.5136896650597405,1,0.0016108674539287696,0.038204596615966153,0.49502114486639165,6.615748882293701,4.131659984588623,1.601232653937957,centroidBasedKTA,corners,46,4,0.88,82
18.68838329627698,10.433184880741267,0.0052293697889197735,0.24300377213843427,0.3269378981196966,0.04427173621952093,0.3675851206935109,0.3675851206935109,1,0.0014929365813338466,0.005229369785419621,0.24300377197578557,5.391198635101318,3.5558083057403564,1.5161668379019375,centroidBasedKTA,corners,47,4,0.87,89
18.177303889359806,7.845197131174549,0.01406913588223677,0.3218381194781406,0.36995258897522365,0.06847154274582178,0.3952894945512131,0.3952894945512131,1,0.0013623203670365515,0.014069135871917078,0.3218381192420728,5.525894641876221,3.6270179748535156,1.5235366022959596,centroidBasedKTA,corners,48,4,0.83,87
16.503541650317512,7.510127040640634,0.05058597059139783,0.3731687972883251,0.4186493259307333,0.13011615276335367,0.42706804055483466,0.42706804055483466,1,0.0014230175393283554,0.050585970555875825,0.373168797026282,5.731362342834473,3.392636299133301,1.689353599234007,centroidBasedKTA,corners,49,4,0.85,85
22.832745290626487,14.506810088280487,0.015529873610062401,0.15553477451074513,0.2708894144930777,0.0705151934176613,0.27460854029047344,0.2940917753963437,16,0.0013653258458738281,0.015529873598696219,0.15553477439691057,5.8453755378723145,3.474761962890625,1.682237690033856,centroidBasedKTA,corners,50,4,0.81,89
11.506911989923697,5.186915632667713,0.05614309039078446,0.46113188047679265,0.4639291477059856,0.14036950133739498,0.49553145616368555,0.49553145616368555,1,0.0015422843875114633,0.056143090354408044,0.46113188017801465,6.120534420013428,3.542738437652588,1.7276280842418485,centroidBasedKTA,corners,51,4,0.81,86
12.15809287000136,6.585171578770472,0.2252719543000654,0.5028895261195052,0.5171427657838968,0.28296119309958967,0.403892856975977,0.403892856975977,1,0.0017528945433953258,0.22527195417163762,0.5028895258328073,7.329675674438477,4.433492660522461,1.6532508872075282,centroidBasedKTA,corners,52,4,0.81,82
8.794801819728539,4.472884528347634,0.35124336959287034,0.6558171390078951,0.6907316699293324,0.35563355740156194,0.46282110265451504,0.46282110265451504,1,0.0020276226914265594,0.35124336941974943,0.6558171386846557,9.012475967407227,4.614319324493408,1.9531539396430317,centroidBasedKTA,corners,53,4,0.82,75
10.906307238411042,5.2882381923913595,0.19780023953781886,0.5673217768297326,0.5677976535489712,0.25864428579804694,0.48140682453517647,0.48140682453517647,1,0.0017583363353717415,0.19780023942540195,0.5673217765073034,7.704615116119385,4.154752731323242,1.8544100249411706,centroidBasedKTA,corners,54,4,0.87,80
10.257599895226173,4.513486714656656,0.022887170100594427,0.46531104094103637,0.48445717308650904,0.09497645050286295,0.5229997714864499,0.5229997714864499,1,0.0017163936149326784,0.022887170087269555,0.465311040670133,6.062851905822754,3.8650248050689697,1.5686450182337177,centroidBasedKTA,corners,55,4,0.89,85
12.902070857401059,6.546426532761291,0.06168314258717154,0.37654278298238225,0.447757330089281,0.15868563018737636,0.4396348991198026,0.4396348991198026,1,0.001709931656890204,0.06168314255112376,0.37654278276232966,5.88508939743042,3.913762331008911,1.5036910521625428,centroidBasedKTA,corners,56,4,0.89,82
17.159036278055563,7.189067113323814,0.03711950202960841,0.38150774994022374,0.41921403213614133,0.11687309518455288,0.43714041705168427,0.43714041705168427,1,0.0015557944180183223,0.03711950200576644,0.38150774969518014,5.968718528747559,3.9583523273468018,1.5078795506681826,centroidBasedKTA,corners,57,4,0.86,82
11.028092179561078,5.140515351020219,0.19724277010229688,0.5762432434695506,0.5765193869262724,0.27377519942817335,0.4806255802890038,0.4806255802890038,1,0.0018297405799333336,0.19724276999457174,0.5762432431548324,7.101670265197754,4.4276533126831055,1.6039354853852867,centroidBasedKTA,corners,58,4,0.89,76
14.490141292054199,6.956118802616587,0.055765295711797246,0.3901560616733405,0.3901823128009993,0.14109566174446125,0.4409048474044098,0.4409048474044098,1,0.0015705294463298192,0.055765295676315434,0.3901560614250958,6.123539447784424,3.7603681087493896,1.6284414904846487,centroidBasedKTA,corners,59,4,0.86,83
14.729355981805787,7.935196236054986,0.22741964814484752,0.45822328727819767,0.511211605085951,0.27694979906079387,0.37078661601986757,0.37078661601986757,1,0.001654388526237707,0.22741964800747816,0.4582232870014149,7.0887064933776855,4.013614654541016,1.7661651911091503,centroidBasedKTA,corners,60,4,0.86,83
15.3494499518204,9.342346773055638,0.11284670386685945,0.36316972856098934,0.460576945704473,0.20456005297599178,0.3957448417364108,0.3957448417364108,1,0.0016593873831433226,0.11284670379890262,0.3631697283422867,6.314104080200195,3.74226713180542,1.6872403433028926,centroidBasedKTA,corners,61,4,0.84,84
16.170417353034125,9.968352589932197,0.09074796772548295,0.30071563026486675,0.43865480346573243,0.18077603280542473,0.3547632294211881,0.3547632294211881,1,0.0016404338791294066,0.09074796767020193,0.3007156300816796,6.548442363739014,3.9342143535614014,1.6644854029901672,centroidBasedKTA,corners,62,4,0.88,84
10.258603568728486,4.676626307014263,0.11368596515028996,0.16424410091759625,0.5943083092760975,0.21130122281608854,0.18783730171851798,0.5537908748490183,2,0.0017927715227922874,0.11368596508692042,0.16424410082604515,6.58175802230835,3.7039613723754883,1.7769510425767334,centroidBasedKTA,corners,63,4,0.81,83
17.36367443574309,11.550595221017053,0.10449672604009128,0.2548595607862201,0.35521321152161406,0.1820658754557189,0.2973132818733278,0.3391031434177082,5,0.0015507408449725608,0.1044967259727518,0.2548595606219842,7.233622074127197,3.903211832046509,1.8532486540277406,centroidBasedKTA,corners,64,4,0.81,85
12.59396651414419,6.802248210642753,0.07389493342535837,0.29562527475436845,0.40432812326495093,0.16186830736695101,0.3664445679176058,0.46717759557063676,4,0.0016140115536357217,0.07389493337960677,0.2956252745713338,6.552497863769531,3.836404800415039,1.7079787469400896,centroidBasedKTA,corners,65,4,0.79,83
10.770680031299731,5.726457534396611,0.13487867792183209,0.4747599944725831,0.5048775553223789,0.22013599611816587,0.45573851098301915,0.45573851098301915,1,0.001685128375330445,0.13487867784184807,0.474759994191047,6.63692569732666,3.9021289348602295,1.7008473600226353,centroidBasedKTA,corners,66,4,0.79,82
13.151231371948567,5.481535569963246,0.0396603702635027,0.4413173996606886,0.4456298193527508,0.1155987169593457,0.47142642801622797,0.47142642801622797,1,0.0015203136423264688,0.03966037023743426,0.44131739937061415,6.3546905517578125,3.869645595550537,1.6421892896504606,centroidBasedKTA,corners,67,4,0.79,87
14.820046673571447,7.122711992606805,0.07207073799928969,0.38296347033118,0.5408266080999541,0.15479643233118895,0.4451743071898373,0.4451743071898373,1,0.0015160922029479242,0.0720707379517873,0.3829634700787658,6.231078624725342,3.2499489784240723,1.9172850608088399,centroidBasedKTA,corners,68,4,0.83,85
12.372414965503038,5.248490805022104,0.07673038805449608,0.4787409461861525,0.4961232172279846,0.17145017199216558,0.5149825910105786,0.5149825910105786,1,0.0016251440015773583,0.07673038800731674,0.4787409458917882,5.694859027862549,3.3070731163024902,1.7220239249587643,centroidBasedKTA,corners,69,4,0.84,89
16.73068308147451,8.64121944171027,0.038413110382002624,0.29114184096504503,0.4770965657647452,0.11670462638138555,0.3795830089482099,0.3795830089482099,1,0.0014959599368198995,0.03841311035634395,0.291141840770572,5.636105060577393,3.505232572555542,1.6079118700151467,centroidBasedKTA,corners,70,4,0.82,88
15.972114328362501,9.367355844493888,0.0006854631220146359,0.20909997145803422,0.22038524731121306,0.015542343258856138,0.3605945490882372,0.3853779048774938,10,0.001447699259030039,0.0006854631215415072,0.20909997131370672,5.4660539627075195,3.087538957595825,1.770359512147501,centroidBasedKTA,corners,71,4,0.84,91
10.521903679756255,4.383410727677265,0.047496701466173075,0.4962526142872807,0.5038118864584129,0.13478478603063665,0.5258114025956658,0.5258114025956658,1,0.0016085067753221264,0.04749670143666637,0.4962526139789903,5.712636470794678,3.546541690826416,1.6107625311636775,centroidBasedKTA,corners,72,4,0.84,86
14.181811936738033,7.514955450839718,0.0015850634383359566,0.3069602203707215,0.3076227431236726,0.023330276459453146,0.4232206957879984,0.4232206957879984,1,0.0014403266757779028,0.001585063437236288,0.3069602201577618,5.627843379974365,3.2948453426361084,1.7080751278814155,centroidBasedKTA,corners,73,4,0.84,90
15.419019545865066,7.7335192378581485,0.03749080166077218,0.34597836533332277,0.3640133092585274,0.1139650195836907,0.4054126500850138,0.4054126500850138,1,0.0015172387393525323,0.03749080163608005,0.3459783651054551,6.093676567077637,3.9622409343719482,1.5379369069190647,centroidBasedKTA,corners,74,4,0.86,87
13.714335655847329,6.562140859297225,0.012431955476039654,0.3074965107509979,0.32537861874818746,0.06830991655587468,0.4118531886138541,0.4331450864672228,5,0.001597649874008088,0.012431955468263896,0.30749651055866944,5.86833381652832,3.831554889678955,1.5315802554034388,centroidBasedKTA,corners,75,4,0.83,83
10.174450298254808,4.698771372658124,0.0927099419127324,0.518124764241372,0.6036094902635893,0.19132335968313688,0.5147981128538444,0.5147981128538444,1,0.0018285422301948567,0.09270994186206626,0.518124763958216,6.6304707527160645,4.20235538482666,1.5777986737283005,centroidBasedKTA,corners,76,4,0.88,82
10.29202633897686,4.097768089258426,0.008938926558397012,0.4789616129568888,0.4953876670189682,0.05935255438088776,0.5319869937374655,0.5319869937374655,1,0.0017015626726704074,0.00893892655314738,0.47896161267560533,6.0799560546875,3.979336738586426,1.527881768770779,centroidBasedKTA,corners,77,4,0.83,83
14.703379656304454,6.277356451380023,0.05789056181513838,0.4236221639912572,0.4964063352788124,0.1451334133744095,0.4451364200445379,0.4451364200445379,1,0.001561077153808392,0.05789056177808144,0.42362216372008793,5.939270973205566,3.988746404647827,1.4890069136216408,centroidBasedKTA,corners,78,4,0.8,87
5.7459166019273535,2.2817357933560785,0.006850514879516334,0.6632256751649971,0.6645338472364073,0.05241182968019915,0.6291449639974698,0.6291449639974698,1,0.001794788174953354,0.006850514875702136,0.6632256747957294,6.339848518371582,4.215654373168945,1.5038824242140982,centroidBasedKTA,corners,79,4,0.81,86
16.43242089567031,9.50558582756328,0.022025596275261232,0.2502891986407078,0.2512065692114252,0.08763795420526578,0.3787028209706098,0.3787028209706098,1,0.0015242101179901084,0.022025596260821366,0.25028919847661957,5.941143989562988,3.29736065864563,1.801787734072582,centroidBasedKTA,corners,80,4,0.81,89
14.031447566952698,7.420798028032366,0.0016244961535161369,0.2775498115408971,0.34203801114385324,0.024195794761178502,0.3990933151507817,0.3990933151507817,1,0.0014993039227626961,0.0016244961524334335,0.2775498113559141,5.657448768615723,3.532029867172241,1.6017556423279906,centroidBasedKTA,corners,81,4,0.8,85
19.143825065821936,9.375608278260184,0.022037672829377984,0.2981481485421965,0.3374568854388748,0.08186879009007592,0.38994554392407466,0.38994554392407466,1,0.0013530034602905337,0.022037672813101775,0.29814814832199527,6.165796279907227,3.4051413536071777,1.810731373419722,centroidBasedKTA,corners,82,4,0.82,84
15.932390500789989,9.237738622546138,0.0006646191933633652,0.15118590118613207,0.15224918965785703,0.014717321842907347,0.287724975042482,0.36993460376976084,4,0.0014109999369281319,0.000664619192892673,0.15118590107906021,6.08850622177124,3.607764959335327,1.6876116627318378,centroidBasedKTA,corners,83,4,0.89,81
21.572035408511447,11.53482133220912,0.023680431769955986,0.2580658662044184,0.25989121840485285,0.08998751901089244,0.3564995695661862,0.3564995695661862,1,0.001426853884975224,0.023680431753371863,0.2580658660236871,5.709572792053223,3.6007349491119385,1.5856687239530942,centroidBasedKTA,corners,84,4,0.84,88
15.13070280220945,8.868099559258738,0.0004829251804939678,0.26612530583923344,0.2840944973522083,0.012971105799077662,0.39498944398943114,0.39498944398943114,1,0.001493796303651822,0.00048292518017091485,0.26612530566120884,5.9181694984436035,3.510653257369995,1.6857744313021426,centroidBasedKTA,corners,85,4,0.81,86
10.24975943644327,4.682920605033167,0.07666971753231631,0.5098556038004571,0.5172921634070777,0.17320061251519378,0.5378808211069017,0.5378808211069017,1,0.0017203160759711696,0.07666971748778068,0.509855603504294,6.203466415405273,3.634223222732544,1.7069580031848535,centroidBasedKTA,corners,86,4,0.77,80
19.450593282931152,11.03178966490644,0.0005109157987865669,0.04890264914237979,0.14840129604737384,0.012764373421667717,0.16408479230593184,0.3821759211772205,4,0.0013263258368469506,0.0005109157984016425,0.04890264910553649,5.584105014801025,3.2006468772888184,1.7446801315143599,centroidBasedKTA,corners,87,4,0.82,88
18.923075272576117,10.030503251403418,0.005321899101527604,0.25706926660713425,0.3649436358073404,0.043757441639895846,0.38412234266284745,0.38412234266284745,1,0.0014367592198678667,0.005321899097826322,0.2570692664283473,5.250068664550781,3.2227602005004883,1.6290596687069137,centroidBasedKTA,corners,88,4,0.79,91
19.944045782031136,11.047180961535425,0.006338819407832239,0.13008067829420214,0.13037919246282245,0.045245632156725175,0.2465995837817653,0.3669336461578129,3,0.0012990489796083646,0.006338819402956365,0.13008067819414296,5.289280414581299,3.475949764251709,1.5216791879379867,centroidBasedKTA,corners,89,4,0.84,94
8.860411660746768,3.7692981827770957,0.017115729024617693,0.5041995080692385,0.5054615870801511,0.08496600314973934,0.5412828758009167,0.5412828758009167,1,0.0017133124876229531,0.01711572901463532,0.5041995077751753,5.428869247436523,3.8067946434020996,1.4260998440891373,centroidBasedKTA,corners,90,4,0.8,87
15.45857572100647,7.68859791844222,0.013101619631331272,0.3123386982476263,0.4039727204414537,0.0672708589583568,0.39009104854190546,0.39009104854190546,1,0.0014349228356291583,0.013101619622207503,0.3123386980301183,5.603267669677734,3.80586838722229,1.4722704780040494,centroidBasedKTA,corners,91,4,0.77,89
13.451314440119805,5.57856386973797,0.008198258018973212,0.39848323623441473,0.4229511969548689,0.055221170932049014,0.4650458443676587,0.4650458443676587,1,0.0016041135479711516,0.008198258013866162,0.3984832359861823,5.9226298332214355,3.975525379180908,1.489772864798113,centroidBasedKTA,corners,92,4,0.81,90
20.063031291252496,12.009494412304965,0.0487992459368962,0.24120016475365938,0.24130899056503927,0.12042414285241354,0.28874304441557636,0.37066968710856535,12,0.001364479417701869,0.04879924590115768,0.2412001645770145,6.445979595184326,4.420659065246582,1.4581489999666633,centroidBasedKTA,corners,93,4,0.82,91
18.842555430718768,9.471622218164082,0.01629750428585998,0.2571065832910518,0.2593750345565293,0.07185871452092407,0.34649956898061823,0.34649956898061823,1,0.0013887948737174576,0.016297504274133602,0.25710658310605844,5.968024730682373,3.7925896644592285,1.573601485709833,centroidBasedKTA,corners,94,4,0.8,89
12.642307462331532,4.8876769102885165,0.005979031829623826,0.43289979380087795,0.4438249584523048,0.047340842336411525,0.491520482499569,0.491520482499569,1,0.0015254908352458723,0.0059790318257073385,0.4328997935173125,5.449655055999756,3.6097252368927,1.5097146453976042,centroidBasedKTA,corners,95,4,0.77,87
13.149121373822881,5.520468692509553,2.6281585099953762e-05,0.3849279539430406,0.4045712079623375,0.0030847549438473426,0.4626349412835672,0.4626349412835672,1,0.0014704954516283218,2.628158508209467e-05,0.3849279536814709,5.371506690979004,3.497509002685547,1.535809253629649,centroidBasedKTA,corners,96,4,0.81,86
13.631630891131794,6.3241280493090875,2.219791351352753e-05,0.35545344435628706,0.3966111280850795,0.0027760751545426524,0.4371312053349829,0.4371312053349829,1,0.0014630341816560075,2.2197913498366368e-05,0.35545344411351254,5.630910396575928,3.636309862136841,1.5485232584842017,centroidBasedKTA,corners,97,4,0.77,89
15.828972701003623,7.646779956444355,0.004201348352216407,0.31748554801974477,0.3798368197663186,0.03782311603426553,0.4131317906197679,0.4131317906197679,1,0.0014526357669891476,0.004201348349326353,0.31748554780135047,5.684765338897705,3.55303692817688,1.599973615194889,centroidBasedKTA,corners,98,4,0.79,87
15.895391991573819,7.39952671344131,0.011640660132147786,0.3331074003267131,0.3641993301998313,0.0644247870892222,0.4202610157895413,0.4202610157895413,1,0.0015182493412885586,0.011640660124486363,0.33310740010747497,5.692406177520752,3.694214344024658,1.5408976435616415,centroidBasedKTA,corners,99,4,0.77,87
16.086590783711653,8.055758431492903,0.013021936613148825,0.3129834335003379,0.35492254541134,0.06818143613635813,0.40469857227286,0.40469857227286,1,0.0015128947769944261,0.013021936604547943,0.31298343329361494,5.686184883117676,3.717747211456299,1.5294705529181958,centroidBasedKTA,corners,100,4,0.75,84
7.960041827923646,5.499739021545588,0.2040444465884804,0.36743455998468955,0.6765317038625072,0.26160593144593003,0.2953123253304216,0.41654162025074964,2,0.001898225736266065,0.20404444648115996,0.36743455979143147,13.354574203491211,8.391953468322754,1.5913546534664846,greedyKTA,corners,1,4,0.83,61
8.00403884917167,5.030988923277615,0.13482167435039538,0.31208468926033717,0.67895527983607,0.21571830250320667,0.3019028330454301,0.4525010024604401,2,0.0018691861692558234,0.1348216742783367,0.3120846890935359,12.463455200195312,8.366358757019043,1.4897108242863095,greedyKTA,corners,2,4,0.86,61
9.064684890881272,4.9791884419726555,0.1255255898451805,0.23885891149711785,0.6389890455757017,0.2094661289825826,0.24309978981034258,0.4755262635150907,2,0.0018607012683081064,0.12552558977774883,0.23885891136880416,12.055051803588867,8.080772399902344,1.491819247839855,greedyKTA,corners,3,4,0.87,61
8.186395701897666,4.626188179362868,0.13099864854517926,0.16393571535664264,0.5816064380978239,0.21518981959668626,0.132128794188598,0.4925567414858468,2,0.001851666894881144,0.13099864847446488,0.1639357152681485,11.598219871520996,7.734957695007324,1.499454855325943,greedyKTA,corners,4,4,0.88,59
9.795989858409044,5.186741652347786,0.12964055448769318,0.160153272774685,0.5560538112875795,0.21229260936377306,0.12920671963364458,0.48508343845601,2,0.001836742160724862,0.12964055441714367,0.16015327268753066,11.560483932495117,7.345402240753174,1.573839464958718,greedyKTA,corners,5,4,0.87,58
10.29268355567162,6.518182396553013,0.12848622515329472,0.2195166391938687,0.5415181650590366,0.2067834224551709,0.22542195153362188,0.4372908948687399,2,0.001816248962828531,0.12848622508258417,0.21951663907306088,12.035795211791992,7.175361156463623,1.6773783157867077,greedyKTA,corners,6,4,0.9,60
11.03174654685877,8.389046815275984,0.12935856656316566,0.33038188306097666,0.5145680771627363,0.20189329311249624,0.33524935567980996,0.33524935567980996,1,0.0018019492666527211,0.1293585664914093,0.3303818828777109,12.917789459228516,7.280267238616943,1.7743564948696549,greedyKTA,corners,7,4,0.89,57
10.366830307989018,7.523321926207791,0.12795982846541235,0.38231999140584316,0.5026831644239527,0.19718373250214274,0.37565234658009894,0.38434901214200884,8,0.0017813719804600186,0.1279598283937224,0.38231999119164706,13.49139404296875,7.389281749725342,1.8258058766629648,greedyKTA,corners,8,4,0.89,57
8.822033998929367,5.7937470072084585,0.11843259821946894,0.4562049686737488,0.4749861949036056,0.1856162123381906,0.4273407100990453,0.4273407100990453,1,0.0017554002750372513,0.11843259815202997,0.45620496841397246,14.235267639160156,7.659523963928223,1.8585055293511574,greedyKTA,corners,9,4,0.9,54
10.003043664737858,7.642559256868394,0.10127892154295558,0.3365743039396923,0.4592339338055602,0.16885663494466047,0.35249102043450076,0.3667839477769664,8,0.001739488257153151,0.10127892148476873,0.33657430374632336,14.838661193847656,7.9109601974487305,1.8757092468536525,greedyKTA,corners,10,4,0.9,55
8.44267990189609,6.203747443895766,0.08587203708037527,0.3516106153196152,0.4379953492135773,0.15430550966410286,0.37673827143877003,0.4582906320865273,6,0.0017508775054756963,0.08587203703135105,0.35161061511888114,15.300655364990234,7.943213939666748,1.926254974523604,greedyKTA,corners,11,4,0.9,55
8.671909698267068,5.746217539489654,0.07610312211412852,0.3758111836348484,0.4053865984241861,0.1437757143750643,0.405921709001955,0.467381243570661,5,0.0017584047724930453,0.07610312207090356,0.3758111834213955,15.783570289611816,7.7980804443359375,2.024032760661509,greedyKTA,corners,12,4,0.91,56
8.252485395918205,5.778296144669415,0.07531755279917375,0.3644123217949802,0.3687817395051923,0.1416084561496831,0.40113556691499597,0.44592781005189946,5,0.0017533924874068205,0.07531755275625641,0.3644123215873313,16.094778060913086,7.698835849761963,2.0905469833349706,greedyKTA,corners,13,4,0.91,57
8.591509177279775,5.863165923494416,0.08326778887574787,0.31734061659728774,0.33371887916190246,0.14832931086419535,0.3604680302901764,0.4530617747222551,4,0.0017533962499582812,0.083267788828278,0.317340616416376,16.121042251586914,7.673394680023193,2.100900960243073,greedyKTA,corners,14,4,0.91,56
7.851808253481571,4.935075257527125,0.09411758726035314,0.3067644875291448,0.3261668040803438,0.15884203389285403,0.3422435528198206,0.5318096703616371,4,0.0017779906965546015,0.09411758720744028,0.30676448735668194,16.00743865966797,7.790591716766357,2.054714101525285,greedyKTA,corners,15,4,0.93,55
8.052875046813034,5.605988372037376,0.10615796466809953,0.33503684768510056,0.39049071563326987,0.17261156234888497,0.3538580380845461,0.4939130165148032,4,0.0018341091491044547,0.10615796461024402,0.33503684750250734,15.534689903259277,7.969615459442139,1.9492395815474808,greedyKTA,corners,16,4,0.94,57
10.149059296620669,7.609804963167333,0.11862315738356695,0.3482044279582065,0.3909824055664167,0.18409212771801303,0.35344039343759615,0.3632607658160487,4,0.0018582198172115677,0.11862315731975699,0.34820442777089977,15.367142677307129,8.068599700927734,1.9045612927777662,greedyKTA,corners,17,4,0.93,54
9.744163204516939,7.229323201780831,0.127762428411438,0.3498909962828719,0.36274877595701244,0.1908345689996886,0.34746609873833384,0.3940661104803045,5,0.001867590138308972,0.1277624283430565,0.34989099609560187,15.557260513305664,8.1587495803833,1.9068192202772416,greedyKTA,corners,18,4,0.93,53
9.40717102274626,6.9551042258446305,0.13199574758551422,0.34007131955085157,0.5067621408487035,0.19317956659940935,0.33673743261020983,0.41676973683638985,5,0.0018766433498168924,0.13199574751520737,0.3400713193697144,15.951170921325684,8.275482177734375,1.9275216330283726,greedyKTA,corners,19,4,0.93,53
9.383236308022399,7.231156952237156,0.1310083213097785,0.3430487530181936,0.5171714161249841,0.1932277252897427,0.341465918580036,0.3706260110251235,5,0.0019051254385795164,0.13100832124104053,0.34304875283820135,16.24982261657715,8.421948432922363,1.9294611865649518,greedyKTA,corners,20,4,0.93,52
8.62091393097876,6.419036148607472,0.12636006671508765,0.37011286408976407,0.5858617958788612,0.19387174556029885,0.3721940349146818,0.4000354558229047,2,0.001974621458811623,0.126360066651122,0.37011286390240655,16.087665557861328,8.420211791992188,1.9106010579400334,greedyKTA,corners,21,4,0.93,52
7.740682171391611,5.594613582935145,0.11968354201558382,0.4229383779059479,0.6399769708260342,0.19536931365726426,0.4237808608740611,0.4237808608740611,1,0.0020780669789222327,0.11968354195801416,0.42293837770250786,15.63119125366211,8.41773796081543,1.8569348827943384,greedyKTA,corners,22,4,0.94,51
7.324439145976651,4.90959544755974,0.11750967582793254,0.4730633826030054,0.6770057468521871,0.1999751073308089,0.46466040951195187,0.46466040951195187,1,0.0021673610433252197,0.11750967577373757,0.47306338238483053,15.080425262451172,8.451342582702637,1.7843821990265185,greedyKTA,corners,23,4,0.94,52
7.38747164603966,4.821465871630332,0.11468664605651434,0.48351862561138453,0.6883870846842989,0.19929577531291043,0.4746277969213659,0.4746277969213659,1,0.0021920338947922983,0.1146866460042168,0.4835186253908981,14.92570972442627,8.463315963745117,1.7635770410041152,greedyKTA,corners,24,4,0.95,53
7.242472003614121,4.888851878328826,0.11523387627037904,0.47358318273795297,0.6884049044037328,0.1970010245218676,0.4641614491119517,0.4641614491119517,1,0.002155154629967062,0.11523387621693262,0.4735831825183013,15.161195755004883,8.492952346801758,1.7851502205487402,greedyKTA,corners,25,4,0.95,55
8.00066019987036,5.475726357760873,0.11887411519162205,0.4390935363181914,0.6562790169247662,0.193517178110759,0.43239697440290237,0.43239697440290237,1,0.0020670055342821257,0.11887411513413568,0.43909353610585,15.773366928100586,8.510567665100098,1.8533859959520353,greedyKTA,corners,26,4,0.95,56
8.775387510260483,5.93207486773298,0.11998760811075944,0.42581476224718734,0.6297934735070171,0.1876180589198879,0.4164343774085448,0.4164343774085448,1,0.001980141841718117,0.11998760805018871,0.4258147620322325,16.554019927978516,8.564445495605469,1.9328770247263143,greedyKTA,corners,27,4,0.95,55
8.98582530540421,6.332612621969602,0.12112322794873295,0.40882261389644203,0.5955950472573021,0.181673148088139,0.3996888990979242,0.3996888990979242,1,0.0018913998978724966,0.12112322788471952,0.40882261368038,17.4285831451416,8.552850723266602,2.0377513543791914,greedyKTA,corners,28,4,0.95,55
9.048047154855032,6.3572513143526885,0.11773854062569257,0.41218240243002907,0.5875115273300182,0.173813351616246,0.4021028074202657,0.4021028074202657,1,0.0018258897689998467,0.1177385405612348,0.4121824022043735,18.30974769592285,8.555753707885742,2.140050815049155,greedyKTA,corners,29,4,0.95,54
9.003682725459448,5.937640077092549,0.12329802701966544,0.45298301035041877,0.5998029392584225,0.17680846154688018,0.4271917851175686,0.4271917851175686,1,0.0018188239860817753,0.12329802695190162,0.45298301010146214,18.600643157958984,8.519837379455566,2.183215750433187,greedyKTA,corners,30,4,0.95,54
8.564212115797792,5.371884242876356,0.14199730373227967,0.5096603451025148,0.6043588681576315,0.19213279429821234,0.45403109668982333,0.45403109668982333,1,0.001846488745830597,0.1419973036554085,0.5096603448266067,18.167695999145508,8.423673629760742,2.1567426277007087,greedyKTA,corners,31,4,0.95,54
8.513847881704715,5.236692412750488,0.1577643719284092,0.5283558550181742,0.6387629605703466,0.20805583260951346,0.4555105849939991,0.4555105849939991,1,0.0018993514912322596,0.15776437184538036,0.528355854740109,17.21668243408203,8.437209129333496,2.0405660414677946,greedyKTA,corners,32,4,0.94,56
8.332199683641836,5.218456321878633,0.16238499719026178,0.5214034457788297,0.6800774621686624,0.21499070581046575,0.4457991038943428,0.4457991038943428,1,0.0019268218509309921,0.16238499710602033,0.5214034455083381,16.48980140686035,8.47905158996582,1.9447695572901778,greedyKTA,corners,33,4,0.93,57
8.049593073895538,4.930571249564903,0.15568940621465663,0.5260145919688509,0.7056943522662519,0.2113916561007288,0.45254186051893186,0.45254186051893186,1,0.0019312423180752457,0.1556894061340737,0.5260145916965921,16.31618309020996,8.468391418457031,1.9267157461152045,greedyKTA,corners,34,4,0.93,58
8.013139930274173,4.719885591708479,0.1532521792411918,0.5382253593229755,0.7208673381388199,0.2118885027244475,0.46309611542378576,0.46309611542378576,1,0.0019463537334934824,0.1532521791624865,0.5382253590465608,15.9514799118042,8.388751029968262,1.9015321654936097,greedyKTA,corners,35,4,0.93,59
7.741456548937307,4.417693581427073,0.15531248895843255,0.5685047225470546,0.7253044255237416,0.21450090706346275,0.4835834013734227,0.4835834013734227,1,0.001950809591520916,0.15531248887885157,0.5685047222557571,15.695649147033691,8.21562385559082,1.9104634563266578,greedyKTA,corners,36,4,0.92,58
6.896474630483734,3.6830470564826276,0.16079135156823465,0.6404715625290374,0.7314394816716188,0.2183998735621354,0.5265586516935783,0.5265586516935783,1,0.0019529389858693328,0.16079135148593623,0.6404715622012224,15.682035446166992,8.048274993896484,1.9484964738478396,greedyKTA,corners,37,4,0.92,60
5.225332021384847,2.8660894108417394,0.1686629066531903,0.726744633085649,0.7319726340176622,0.22302317265418925,0.5738779509439491,0.5738779509439491,1,0.0019457152905161712,0.16866290656654248,0.7267446327122956,15.707900047302246,7.849775791168213,2.0010635290976353,greedyKTA,corners,38,4,0.93,61
5.432980573268889,3.1404484365221665,0.177028317994234,0.6988500611742476,0.728808229850602,0.22715557739136336,0.5581251733237319,0.5581251733237319,1,0.0019343123129210021,0.1770283179027523,0.6988500608131079,15.832457542419434,7.73056697845459,2.0480331632263327,greedyKTA,corners,39,4,0.93,60
6.279655425767725,3.682440755652401,0.18575157637977177,0.6558105933402658,0.7156284835482046,0.23091628346589882,0.5303526611532486,0.5303526611532486,1,0.0019198654458130113,0.1857515762830598,0.6558105929988166,16.003496170043945,7.677403450012207,2.0844933152518403,greedyKTA,corners,40,4,0.93,60
6.873879103613062,3.9540607878169736,0.18440397890001461,0.6345192990520606,0.6953932698634264,0.22659163456407908,0.5183190318871702,0.5183190318871702,1,0.001889259497126674,0.1844039788024487,0.634519298716344,16.340009689331055,7.622531890869141,2.1436459595403257,greedyKTA,corners,41,4,0.93,60
7.515077862895835,4.330454210989677,0.18116421958022172,0.6059206475370724,0.6794597547595027,0.22284307368097458,0.5025481262010951,0.5025481262010951,1,0.0018677746791635507,0.18116421948326755,0.6059206472128,16.32303810119629,7.525086402893066,2.1691495920789197,greedyKTA,corners,42,4,0.93,60
7.476766016952722,4.51959490029932,0.1715206964927269,0.5784423684838524,0.6668612920114099,0.21504138931629893,0.49132113307491265,0.49132113307491265,1,0.001843241855113724,0.17152069639971215,0.5784423681701664,16.28223419189453,7.3998260498046875,2.2003536410591824,greedyKTA,corners,43,4,0.93,60
7.4372969551951265,4.765401584955999,0.1717261433609315,0.5531130769405328,0.6656701184141628,0.21402998808769233,0.4760774181384001,0.4760774181384001,1,0.0018219513424689955,0.17172614326671756,0.553113076637079,16.08249855041504,7.21899938583374,2.2278016233070232,greedyKTA,corners,44,4,0.93,61
7.773861637248142,5.255624426304739,0.1835569546278492,0.5245208205841152,0.6691374049264258,0.22083815839139403,0.4521042067382498,0.4521042067382498,1,0.001807411964758873,0.18355695452633503,0.5245208202940347,15.807639122009277,7.006089210510254,2.256271458589627,greedyKTA,corners,45,4,0.93,61
8.372050031825273,5.694513610746217,0.19472886993094274,0.4980515567642571,0.6703495451765993,0.22659872751680735,0.4296885811723339,0.4296885811723339,1,0.0017995013729834805,0.1947288698227768,0.4980515564876047,15.801228523254395,6.8449883460998535,2.3084376078237345,greedyKTA,corners,46,4,0.93,61
8.408190292320223,5.366052026455893,0.20362491986476877,0.5427922733310375,0.6564225673743211,0.23149371426550225,0.4598606994840788,0.4598606994840788,1,0.00180474847729113,0.20362491975199024,0.5427922730304097,15.86742877960205,6.697542667388916,2.369141873012615,greedyKTA,corners,47,4,0.93,60
7.653243805642817,4.599094830603192,0.21437625703494867,0.6005963525227236,0.6387126681603815,0.2391466278582572,0.49395470634330707,0.49395470634330707,1,0.001831141150532697,0.214376256917927,0.6005963521948758,15.812765121459961,6.677597999572754,2.3680319064533872,greedyKTA,corners,48,4,0.94,60
8.336460368827549,5.383532589489469,0.22482225332440903,0.5509539057624985,0.6417460069320068,0.24752920158204944,0.45391939472460774,0.45391939472460774,1,0.00186618199451519,0.22482225320398996,0.5509539054673971,15.659513473510742,6.755030632019043,2.3182002164848625,greedyKTA,corners,49,4,0.94,58
8.403494403759762,5.656334038145829,0.23186037929702394,0.523509612324566,0.6527167250384545,0.2539282996207222,0.4282678406368658,0.4282678406368658,1,0.0019002781459992867,0.23186037917506372,0.5235096120491963,15.5350980758667,6.8697285652160645,2.261384555209982,greedyKTA,corners,50,4,0.94,57
8.080780858987538,5.830800629862361,0.23830486101691994,0.4935353885083796,0.6577796392228016,0.26153650078919893,0.3988749682553645,0.4179280473501003,8,0.0019369502614207876,0.2383048608939437,0.4935353882536927,15.167576789855957,6.984044075012207,2.1717470031612414,greedyKTA,corners,51,4,0.94,56
8.79858950815092,6.090316485738022,0.23769987887707777,0.478456991856138,0.6498270107572464,0.26761506088075343,0.3846068216778419,0.4012868958408543,8,0.0019780157095197507,0.23769987875696127,0.47845699161436017,14.502510070800781,7.111815452575684,2.0392134986498243,greedyKTA,corners,52,4,0.95,58
8.803154913452685,6.116683727532024,0.2318236535061341,0.45609758472357775,0.6557721142006653,0.2711102370172468,0.36975453919727386,0.3939833165146016,8,0.002023455232698696,0.23182365339161853,0.456097584498276,13.889171600341797,7.22374153137207,1.9227115948183404,greedyKTA,corners,53,4,0.95,60
8.41369425392555,5.878205080860005,0.22386201215246354,0.42021104442740864,0.6701274687412307,0.27310722861436265,0.3455839118221429,0.4069833121320292,2,0.0020646735276407505,0.22386201204408906,0.4202110442239791,13.325337409973145,7.299379348754883,1.8255438953510938,greedyKTA,corners,54,4,0.95,58
7.563311730759817,4.799920085496971,0.20755506020860223,0.3261010368688391,0.6874335799239445,0.2689576052128999,0.2679799134726368,0.48173329361593187,2,0.0020915819623504935,0.20755506010941535,0.3261010367130012,12.773700714111328,7.349087238311768,1.7381343151729907,greedyKTA,corners,55,4,0.95,58
5.65002285335111,3.229494105590429,0.1928449670456235,0.20281194908094402,0.7092155190908068,0.26349383313206187,0.07744323443329587,0.5643270318977902,2,0.002104821031669847,0.19284496695404632,0.20281194898463378,12.338035583496094,7.382021903991699,1.671362635326623,greedyKTA,corners,56,4,0.96,59
5.037450272205436,2.9387900543199517,0.1882253439844703,0.19290046541947453,0.7308167044822849,0.2629825241863464,0.05307172948959683,0.578946836047486,2,0.0021131022116557385,0.18822534389543738,0.19290046532823021,12.074688911437988,7.364072322845459,1.6396754923192713,greedyKTA,corners,57,4,0.96,59
5.296145082613656,3.0564079541531375,0.17618851027853594,0.21055823656208178,0.7364685106424478,0.256359995901559,0.14365727044640533,0.5677959637715846,2,0.002104756961940284,0.1761885101948664,0.21055823646209051,11.763697624206543,7.307816505432129,1.6097417902407112,greedyKTA,corners,58,4,0.96,61
6.997683530917957,4.774114902940931,0.16363041070998055,0.4684668975920039,0.7380700590387531,0.24887362513688696,0.4297321926248995,0.4297321926248995,1,0.002096041866774845,0.16363041063195213,0.46846689736861175,11.38693904876709,7.114950656890869,1.6004241769037675,greedyKTA,corners,59,4,0.95,63
6.183941371505319,3.225398386594231,0.1381141751228524,0.6639957770915073,0.7324779616356698,0.23005570359525765,0.5607759060832342,0.5607759060832342,1,0.0020641203921059432,0.1381141750559738,0.6639957767699826,10.837209701538086,6.944716453552246,1.5604970734252592,greedyKTA,corners,60,4,0.95,63
6.744301963491048,3.1948998228827867,0.11952091576709974,0.6567866441041037,0.7109625385705081,0.2120337732136037,0.5582589671364427,0.5582589671364427,1,0.0020018567116154946,0.11952091570742474,0.6567866437761799,10.575926780700684,6.858076572418213,1.5421126709540347,greedyKTA,corners,61,4,0.95,63
7.30751731548916,3.5007852230460075,0.11406268278271811,0.6241560202323767,0.6938904806637851,0.2047205246984754,0.5364972857525037,0.5364972857525037,1,0.0019548652790706113,0.11406268272439944,0.6241560199132543,10.544759750366211,6.866421699523926,1.5356994096496843,greedyKTA,corners,62,4,0.94,66
7.8620455321101135,4.101163333392684,0.12027118617942431,0.575649575840025,0.6920871575893648,0.20752584915606093,0.49903087988490835,0.49903087988490835,1,0.001930251472433208,0.12027118611714684,0.5756495755419486,10.804773330688477,7.074830532073975,1.527213023930843,greedyKTA,corners,63,4,0.94,64
8.056614266171263,4.563126929837414,0.14048426642258105,0.5511633232105826,0.6995363482765241,0.22186455018816162,0.4666944055119062,0.4666944055119062,1,0.0019356597150609527,0.1404842663500396,0.55116332292598,11.296926498413086,7.463556289672852,1.513611750211205,greedyKTA,corners,64,4,0.96,63
8.778714452197248,4.989143892210992,0.1668613227972353,0.5447553978207187,0.6966156492954969,0.24029463212934715,0.44418021776068706,0.44418021776068706,1,0.0019549506990704196,0.16686132271192303,0.5447553975421979,11.786949157714844,7.8124189376831055,1.5087451468915898,greedyKTA,corners,65,4,0.96,62
8.263257487580836,5.1191054756745205,0.19165202971109543,0.5480353433917707,0.6953274773133813,0.2561744026839477,0.430079465865813,0.430079465865813,1,0.0019813540293062578,0.1916520296144131,0.5480353431153043,12.310211181640625,8.121635437011719,1.5157305787870403,greedyKTA,corners,66,4,0.96,63
7.93733440998847,5.096152423098506,0.2200318414185776,0.5602816427825601,0.7073975797017535,0.2721997034735706,0.420321140094851,0.420321140094851,1,0.0020098624868062596,0.22003184130915193,0.5602816425039221,12.967671394348145,8.409829139709473,1.5419660945447682,greedyKTA,corners,67,4,0.94,65
7.517188701037756,4.957028497253834,0.24135079451997446,0.5742016301911279,0.7195312429869591,0.2833875885233,0.41820285723656886,0.46261280447938513,17,0.00203753945029763,0.241350794401576,0.5742016299094442,13.525404930114746,8.565226554870605,1.579106500390461,greedyKTA,corners,68,4,0.94,66
8.081018913388826,4.933231357228092,0.25438461600489803,0.5876213815660918,0.7287578264262362,0.28948672553521476,0.42251598884827535,0.42251598884827535,1,0.0020621747231477786,0.2543846158815957,0.5876213812812668,14.001103401184082,8.609845161437988,1.6261736580224442,greedyKTA,corners,69,4,0.93,64
8.308999063228681,4.808616245727682,0.25889634391258304,0.6020926036599856,0.7395712627982386,0.2910856773145206,0.4344365452299392,0.4344365452299392,1,0.0020892216012852642,0.25889634378871795,0.6020926033719234,14.408028602600098,8.5745267868042,1.680329301060871,greedyKTA,corners,70,4,0.93,63
7.681806911376814,4.515213438452934,0.25351171844134796,0.6213805957912761,0.7532438445782801,0.2877482150681029,0.4572846676164315,0.4572846676164315,1,0.0021242022980579403,0.25351171832205605,0.6213805954988807,14.793490409851074,8.499975204467773,1.7404157134568523,greedyKTA,corners,71,4,0.93,63
6.83316012629585,4.073688917677664,0.24696119583706902,0.6542632385066219,0.7711244305063147,0.2848900177515758,0.49091739112040705,0.49091739112040705,1,0.002181711766689778,0.24696119572392247,0.6542632382068678,15.191132545471191,8.437536239624023,1.8004227909717763,greedyKTA,corners,72,4,0.92,61
6.139355962436417,3.5250356634727047,0.2510373519318408,0.7098115458653877,0.7896343969456763,0.2884653569198857,0.5341494080522727,0.5341494080522727,1,0.002236956443796081,0.25103735181966735,0.7098115455482158,15.365004539489746,8.189457893371582,1.876193117974764,greedyKTA,corners,73,4,0.9,61
5.58835062389849,3.0526243961437345,0.25383739902121977,0.7621498575780741,0.803198940526022,0.29065890768539976,0.5724861360154473,0.5724861360154473,1,0.0022573394300542545,0.25383739890881996,0.7621498572405923,15.257913589477539,7.876034736633301,1.9372582904576887,greedyKTA,corners,74,4,0.91,61
5.125284870956961,2.840328960147093,0.2550057168120889,0.7876246755452108,0.8019052411023806,0.29028684049841835,0.5916940238326196,0.5916940238326196,1,0.0022395057121643498,0.25500571669827315,0.7876246751936733,15.068244934082031,7.575123310089111,1.9891748711220365,greedyKTA,corners,75,4,0.91,60
4.83722874734591,2.8556755554859907,0.24850732459341107,0.7800712181720726,0.7830734560881643,0.2836933748796298,0.5917146362363701,0.5917146362363701,1,0.0022083537308530228,0.2485073244809311,0.7800712178189949,15.165834426879883,7.456866264343262,2.033808021929642,greedyKTA,corners,76,4,0.92,59
4.857817234589142,2.8285184613391414,0.23878640420273442,0.7777257514505583,0.7785599881146597,0.2759347982704364,0.5947741452138278,0.5947741452138278,1,0.002198331731424431,0.23878640409416113,0.7777257510969359,15.49539566040039,7.52734375,2.058547633140619,greedyKTA,corners,77,4,0.92,61
4.626196851150361,2.7185962782352764,0.23258597711588588,0.7872243676596291,0.7884014295960075,0.2701368914916842,0.6051192601676425,0.6051192601676425,1,0.0021985226843547665,0.23258597701014022,0.787224367301716,16.017620086669922,7.612200736999512,2.1042035858057857,greedyKTA,corners,78,4,0.93,60
4.527218835728096,2.6869099332361985,0.2349551948802803,0.7927597310608165,0.8010583004105277,0.27186458390203383,0.6094417022773386,0.6094417022773386,1,0.002228966620486325,0.23495519477491564,0.7927597307053069,16.49517822265625,7.792825222015381,2.1167134835840895,greedyKTA,corners,79,4,0.92,61
4.91777535411622,2.9638194017785398,0.24499085758435035,0.764287906504454,0.8091505301637096,0.2801170815713424,0.5872869184240112,0.5872869184240112,1,0.0022776488167775126,0.2449908574768327,0.7642879061690356,16.850162506103516,8.125472068786621,2.0737456683692326,greedyKTA,corners,80,4,0.92,60
5.461065060488186,3.459750933604702,0.25702051078885435,0.7122912414470894,0.8152635648094483,0.29201469346877995,0.5450037885340316,0.5450037885340316,1,0.0023358884711796504,0.25702051067886916,0.7122912411422831,16.84114646911621,8.564144134521484,1.966471629223138,greedyKTA,corners,81,4,0.89,57
5.8877230194727685,3.748052063103997,0.26808790178839187,0.6841267238341944,0.8200254583718247,0.3072332261129907,0.5140796028077088,0.5140796028077088,1,0.0023921816675783786,0.26808790167637103,0.6841267235483313,16.03029441833496,8.885334014892578,1.8041296355843253,greedyKTA,corners,82,4,0.87,59
5.741965965162763,3.814952479232758,0.27516378362954663,0.677092079971302,0.8199069004681266,0.31986720059063817,0.5015964608478907,0.5015964608478907,1,0.0024248552182148586,0.27516378351611936,0.677092079692193,15.076086044311523,8.955223083496094,1.6834964247952804,greedyKTA,corners,83,4,0.87,57
6.033114414130874,3.784041216895702,0.27267875717795076,0.6846565591993955,0.8112758366673207,0.3258812907151552,0.5048917000661681,0.5048917000661681,1,0.002428122927678812,0.2726787570657004,0.6846565589175512,14.04204273223877,8.838431358337402,1.5887482928733894,greedyKTA,corners,84,4,0.87,57
5.665342860946897,3.657714574664183,0.2653251897331968,0.6873329412884233,0.6916212200891201,0.32677396843206596,0.5088489291534133,0.5088489291534133,1,0.0024021969710801287,0.26532518962279605,0.6873329410024269,13.102323532104492,8.594239234924316,1.524547219823623,greedyKTA,corners,85,4,0.89,58
6.047982948797603,3.735972599259067,0.24431192391703033,0.6749021961820005,0.6862145270543941,0.3166531721129696,0.5108895542798053,0.5108895542798053,1,0.002350683746023065,0.2443119238131464,0.6749021958950252,12.311138153076172,8.335494995117188,1.4769534575074883,greedyKTA,corners,86,4,0.91,58
6.793450529644246,3.9281986369042627,0.20788531043640268,0.6502607605410786,0.6683529126445685,0.2930187230929439,0.5139481365214519,0.5139481365214519,1,0.0022854560279584974,0.2078853103454855,0.6502607602566917,11.729730606079102,8.113484382629395,1.4457081634606312,greedyKTA,corners,87,4,0.92,57
7.248319423434965,3.969662975630022,0.163152199525768,0.6146041355629308,0.6543558351784807,0.2597865482791999,0.5180251590805192,0.5180251590805192,1,0.002218252273492009,0.1631521994522535,0.6146041352859972,11.14603328704834,7.756584644317627,1.436976942579018,greedyKTA,corners,88,4,0.93,58
7.142764492246069,3.5119944758647312,0.11921982803207937,0.6241780214859898,0.6492212917255895,0.22145878132430483,0.5520416517042934,0.5520416517042934,1,0.0021499398654705308,0.11921982797665413,0.6241780211958098,10.579485893249512,7.211300849914551,1.4670703820897175,greedyKTA,corners,89,4,0.93,59
9.375336242713951,5.294069750837117,0.09386953198213198,0.2725615386879221,0.6387483619390197,0.19469741843638855,0.32459843909597497,0.4769456528825208,2,0.002079755141694399,0.09386953193701983,0.27256153855693355,10.222782135009766,7.001274585723877,1.4601315817341778,greedyKTA,corners,90,4,0.94,61
9.077295485221134,4.889109457132076,0.08137610023927745,0.21618941147396148,0.6184316851197875,0.17831438817082051,0.2749776170821585,0.5051224891328678,2,0.001999263360492193,0.08137610019859516,0.21618941136588207,10.036126136779785,6.99165678024292,1.435443193541553,greedyKTA,corners,91,4,0.93,61
9.12775268542347,5.0173175828527,0.08042156091119387,0.18952511274672085,0.5870327831398843,0.17392490915952374,0.24162143286082347,0.5033188024637135,2,0.0019227448523858515,0.0804215608693889,0.18952511264820138,9.961026191711426,7.002016544342041,1.4225939239973635,greedyKTA,corners,92,4,0.93,61
9.815775425871818,5.8852002811204365,0.08443174835143395,0.16159551334538574,0.5189745630368705,0.1736725257709449,0.1973868443514023,0.46919036108297263,2,0.0018331680094645013,0.08443174830539975,0.16159551325728,10.00203800201416,7.076556205749512,1.4134047284025468,greedyKTA,corners,93,4,0.93,63
11.690002065682437,6.86118360846753,0.09144726971250902,0.14616099528596443,0.46301539536192377,0.1764896728098216,0.16200472731432652,0.43088182192291485,2,0.0017551555178875245,0.09144726966043362,0.14616099520273185,10.059636116027832,7.1431708335876465,1.408287208913634,greedyKTA,corners,94,4,0.93,63
11.155876581671828,6.863533358728987,0.09647220560522488,0.13794291031588105,0.4452305264880466,0.17856117300687435,0.13846804105122357,0.414139668300008,2,0.001700284299000682,0.09647220554851506,0.13794291023479327,10.048471450805664,7.1831374168396,1.3988972878685844,greedyKTA,corners,95,4,0.92,63
10.335723639961513,6.447827714458355,0.11182059854182547,0.13716012177540973,0.44999118117304426,0.1899311475455571,0.10726448471249406,0.4109797800425029,2,0.0016637058402777212,0.1118205984746481,0.1371601216930094,10.081144332885742,7.162538051605225,1.4074821327650762,greedyKTA,corners,96,4,0.92,64
10.944624608088537,6.454736565427175,0.13597577807551114,0.1517642373493865,0.46662415567606935,0.2077190762385518,0.08438154436734359,0.4112254101957249,2,0.0016491991778199678,0.13597577799310365,0.15176423725741045,10.18532657623291,7.166563987731934,1.4212287218347897,greedyKTA,corners,97,4,0.93,64
10.50946561383121,6.186879682874409,0.16031448066819773,0.16781240836381373,0.48109082763468675,0.2241573678329363,0.058105078473448535,0.41245051779547304,2,0.001646877372508264,0.16031448057090272,0.16781240826196822,10.327733039855957,7.188716411590576,1.4366588481919826,greedyKTA,corners,98,4,0.93,63
10.039520267071365,6.038717996623025,0.17868257419257175,0.1791564533480889,0.49762876931703137,0.2358746420591834,0.01462613407056633,0.421496567968237,2,0.0016563800401013606,0.17868257408475116,0.1791564532399824,10.481695175170898,7.229701042175293,1.449810319129833,greedyKTA,corners,99,4,0.93,67
10.465977926224564,6.167894706846953,0.1877397264259994,0.1896044435899089,0.5090982834189668,0.24074712470171428,0.02893595913628525,0.4299454199848266,2,0.0016648726872531825,0.18773972631329122,0.18960444347608124,10.663487434387207,7.331663131713867,1.4544431792371548,greedyKTA,corners,100,4,0.94,66
