{"num_layers": 5, "accuracy_train_init": 0.8333333333333334, "accuracy_test_init": 0.6, "alignment_train_init": 0.13618053495883942, "accuracy_train_final": 0.9, "accuracy_test_final": 0.5, "alignment_train_epochs": [0.13490882515907288, 0.13459864258766174, 0.1336822658777237, 0.13437090814113617, 0.13398674130439758, 0.13428260385990143, 0.13548117876052856, 0.13611702620983124, 0.13618497550487518, 0.13664761185646057, 0.13601277768611908, 0.1368461698293686, 0.1385403871536255, 0.14044059813022614, 0.14127255976200104, 0.14316116273403168, 0.14499184489250183, 0.14482226967811584, 0.14638106524944305, 0.1453065723180771, 0.1477753072977066, 0.14978456497192383, 0.14908532798290253, 0.14928723871707916, 0.14957812428474426, 0.14932726323604584, 0.1515021175146103, 0.15153509378433228, 0.15101397037506104, 0.15114478766918182, 0.15102288126945496, 0.15261246263980865, 0.15310165286064148, 0.15168264508247375, 0.1526355743408203, 0.15181884169578552, 0.1513933390378952, 0.15016642212867737, 0.15036436915397644, 0.15054260194301605, 0.14948977530002594, 0.14935030043125153, 0.14913171529769897, 0.14927156269550323, 0.14920733869075775, 0.1484517604112625, 0.14798979461193085, 0.14854946732521057, 0.1473662108182907, 0.146952286362648, 0.14886853098869324, 0.1487901657819748, 0.14872083067893982, 0.1490987241268158, 0.14857308566570282, 0.14898420870304108, 0.14816470444202423, 0.14706231653690338, 0.14890830218791962, 0.14955578744411469, 0.14876021444797516, 0.1473514437675476, 0.14825886487960815, 0.14811575412750244, 0.14924000203609467, 0.14924483001232147, 0.1496162861585617, 0.15096503496170044, 0.1528530716896057, 0.1535518318414688, 0.15302489697933197, 0.1537187397480011, 0.15575027465820312, 0.15543612837791443, 0.15795046091079712, 0.1575845181941986, 0.157939150929451, 0.16142606735229492, 0.1621166467666626, 0.1621629297733307, 0.1621800810098648, 0.16679400205612183, 0.16654576361179352, 0.16865098476409912, 0.16697411239147186, 0.1679091602563858, 0.16773714125156403, 0.16957968473434448, 0.1707899123430252, 0.17191341519355774, 0.17238156497478485, 0.17322100698947906, 0.17504537105560303, 0.17699921131134033, 0.1769283413887024, 0.1775580644607544, 0.17898207902908325, 0.17891599237918854, 0.17815464735031128, 0.17841431498527527, 0.18029281497001648, 0.18187199532985687, 0.17968299984931946, 0.18215931951999664, 0.1833437979221344, 0.18356762826442719, 0.18456479907035828, 0.18421363830566406, 0.1844164878129959, 0.18659141659736633, 0.18582263588905334, 0.1854373961687088, 0.18526491522789001, 0.18547871708869934, 0.18720106780529022, 0.1872674524784088, 0.1883673220872879, 0.18933610618114471, 0.18919679522514343, 0.1898767352104187, 0.188926562666893, 0.1889747679233551, 0.18870463967323303, 0.18970370292663574, 0.19045399129390717, 0.19015967845916748, 0.19025784730911255, 0.18987132608890533, 0.18908052146434784, 0.19024378061294556, 0.18967828154563904, 0.19035010039806366, 0.18969807028770447, 0.18944545090198517, 0.18929101526737213, 0.18990807235240936, 0.19249512255191803, 0.19312052428722382, 0.19271822273731232, 0.1931161880493164, 0.19234208762645721, 0.19333156943321228, 0.19319382309913635, 0.1934746503829956, 0.19381867349147797, 0.19314391911029816, 0.19300827383995056, 0.1924133151769638, 0.19388598203659058, 0.19468745589256287, 0.19556847214698792, 0.19667942821979523, 0.198107048869133, 0.19867244362831116, 0.19864283502101898, 0.19783499836921692, 0.19790925085544586, 0.19773328304290771, 0.1977628469467163, 0.19800640642642975, 0.1983610838651657, 0.19745475053787231, 0.19762864708900452, 0.19795086979866028, 0.1982254981994629, 0.1981205940246582, 0.19857682287693024, 0.19894547760486603, 0.19938044250011444, 0.19930079579353333, 0.19897128641605377, 0.19973623752593994, 0.19998984038829803, 0.19969455897808075, 0.19952717423439026, 0.20020915567874908, 0.20051556825637817, 0.2008877545595169, 0.20042645931243896, 0.20086532831192017, 0.2005224972963333, 0.20031777024269104, 0.20068886876106262, 0.20123356580734253, 0.2009306699037552, 0.20129412412643433, 0.2011605054140091, 0.20109383761882782, 0.2012040764093399, 0.20057742297649384, 0.1997614949941635, 0.2000761479139328, 0.2003077268600464, 0.20112501084804535, 0.20112834870815277, 0.20149783790111542, 0.20187221467494965, 0.20234094560146332, 0.20249199867248535, 0.20263423025608063, 0.20223554968833923, 0.20209990441799164, 0.20299255847930908, 0.20401827991008759, 0.20453138649463654, 0.2046564221382141, 0.2050926238298416, 0.2054203748703003, 0.20491722226142883, 0.20549702644348145, 0.20565752685070038, 0.20560245215892792, 0.20561492443084717, 0.20536813139915466, 0.2067185789346695, 0.20671451091766357, 0.20681461691856384, 0.20751535892486572, 0.20781466364860535, 0.20865418016910553, 0.2089240998029709, 0.20865924656391144, 0.2083166390657425, 0.20923477411270142, 0.20930254459381104, 0.20932796597480774, 0.20898732542991638, 0.21077166497707367, 0.21096199750900269, 0.21157635748386383, 0.2115578055381775, 0.21181276440620422, 0.21178831160068512, 0.21147286891937256, 0.21166782081127167, 0.21196994185447693, 0.21185363829135895, 0.2121201604604721, 0.2119208574295044, 0.211931973695755, 0.21233631670475006, 0.21262167394161224, 0.21246953308582306, 0.21285544335842133, 0.2140813022851944, 0.2140924483537674, 0.21477296948432922, 0.21498006582260132, 0.21464736759662628, 0.21467328071594238, 0.21542441844940186, 0.21587251126766205, 0.21592004597187042, 0.2161760777235031, 0.21638111770153046, 0.21648839116096497, 0.21749497950077057, 0.2176208794116974, 0.2176736742258072, 0.2176668643951416, 0.21768531203269958, 0.21758869290351868, 0.217707097530365, 0.21776551008224487, 0.21784475445747375, 0.21759033203125, 0.21737895905971527, 0.21753928065299988, 0.2179337590932846, 0.21803171932697296, 0.21872545778751373, 0.21858645975589752, 0.21864549815654755, 0.2186763882637024, 0.2188255935907364, 0.218413308262825, 0.21835950016975403, 0.2183963507413864, 0.2180928736925125, 0.21813543140888214, 0.2178831845521927, 0.2174842208623886, 0.21763232350349426, 0.21767322719097137, 0.21811512112617493, 0.21874502301216125, 0.21864482760429382, 0.2184542566537857, 0.21794426441192627, 0.21815967559814453, 0.21878692507743835, 0.21862617135047913, 0.218553826212883, 0.21872618794441223, 0.21895194053649902, 0.21879935264587402, 0.21836425364017487, 0.21824564039707184, 0.21818630397319794, 0.2184573858976364, 0.21881429851055145, 0.2187959998846054, 0.21888355910778046, 0.2189623862504959, 0.2189287692308426, 0.2191276103258133, 0.21907395124435425, 0.21891160309314728, 0.21907229721546173, 0.21884897351264954, 0.21933633089065552, 0.2190386950969696, 0.21895113587379456, 0.21889393031597137, 0.2199728935956955, 0.21979989111423492, 0.21967338025569916, 0.2195158749818802, 0.22008351981639862, 0.22014649212360382, 0.22024594247341156, 0.22019129991531372, 0.2199356108903885, 0.2200750857591629, 0.2203812152147293, 0.22069844603538513, 0.22057229280471802, 0.22058285772800446, 0.22059960663318634, 0.22050628066062927, 0.22038909792900085, 0.22052665054798126, 0.22104158997535706, 0.22109931707382202, 0.22113218903541565, 0.22109545767307281, 0.2213011085987091, 0.22139064967632294, 0.22151705622673035, 0.22191867232322693, 0.22173860669136047, 0.22121520340442657, 0.22108124196529388, 0.2210625559091568, 0.22116528451442719, 0.22119292616844177, 0.2212718278169632, 0.22101448476314545, 0.22119049727916718, 0.22118231654167175, 0.2211412787437439, 0.22093193233013153, 0.22068417072296143, 0.22077499330043793, 0.22074945271015167, 0.22100336849689484, 0.2209998369216919, 0.22092120349407196, 0.22153352200984955, 0.22162964940071106, 0.22160382568836212, 0.22161629796028137, 0.22157737612724304, 0.2214963734149933, 0.22145390510559082, 0.22122478485107422, 0.22115063667297363, 0.22135767340660095, 0.22132109105587006, 0.22149445116519928, 0.22155648469924927, 0.22141297161579132, 0.22151385247707367, 0.22156348824501038, 0.22167544066905975, 