{"kfold_1": [{"num_layers": 5, "accuracy_train_init": 0.96875, "accuracy_test_init": 1.0, "alignment_train_init": 0.21812905371189117, "accuracy_train_final": 1.0, "accuracy_test_final": 0.75, "alignment_train_epochs": [0.23322859406471252, 0.21954135596752167, 0.21239164471626282, 0.2251625806093216, 0.22995799779891968], "circuit_executions": 8000, "train_index": [0, 1, 2, 3, 5, 6, 7, 8, 9, 10, 11, 13, 14, 17, 18, 20, 21, 22, 23, 24, 25, 28, 29, 30, 31, 32, 33, 34, 35, 36, 38, 39], "test_index": [4, 12, 15, 16, 19, 26, 27, 37]}], "kfold_2": [{"num_layers": 5, "accuracy_train_init": 1.0, "accuracy_test_init": 0.75, "alignment_train_init": 0.24110133945941925, "accuracy_train_final": 1.0, "accuracy_test_final": 0.75, "alignment_train_epochs": [0.23727932572364807, 0.23732030391693115, 0.2380722314119339, 0.25716787576675415, 0.25191453099250793], "circuit_executions": 8000, "train_index": [0, 1, 2, 3, 4, 5, 7, 10, 11, 12, 14, 15, 16, 17, 18, 19, 20, 21, 22, 23, 24, 26, 27, 28, 29, 30, 32, 33, 35, 36, 37, 38], "test_index": [6, 8, 9, 13, 25, 31, 34, 39]}], "kfold_3": [{"num_layers": 5, "accuracy_train_init": 0.96875, "accuracy_test_init": 1.0, "alignment_train_init": 0.23346246778964996, "accuracy_train_final": 1.0, "accuracy_test_final": 0.625, "alignment_train_epochs": [0.20733974874019623, 0.23180241882801056, 0.23403911292552948, 0.23710492253303528, 0.24964435398578644], "circuit_executions": 8000, "train_index": [2, 3, 4, 6, 7, 8, 9, 10, 12, 13, 14, 15, 16, 18, 19, 20, 21, 22, 23, 25, 26, 27, 28, 30, 31, 32, 34, 35, 36, 37, 38, 39], "test_index": [0, 1, 5, 11, 17, 24, 29, 33]}], "kfold_4": [{"num_layers": 5, "accuracy_train_init": 0.96875, "accuracy_test_init": 0.625, "alignment_train_init": 0.24167072772979736, "accuracy_train_final": 1.0, "accuracy_test_final": 0.625, "alignment_train_epochs": [0.22944018244743347, 0.22559790313243866, 0.21638891100883484, 0.20966783165931702, 0.217369943857193], "circuit_executions": 8000, "train_index": [0, 1, 4, 5, 6, 7, 8, 9, 10, 11, 12, 13, 14, 15, 16, 17, 18, 19, 20, 22, 24, 25, 26, 27, 28, 29, 31, 33, 34, 37, 38, 39], "test_index": [2, 3, 21, 23, 30, 32, 35, 36]}], "kfold_5": [{"num_layers": 5, "accuracy_train_init": 1.0, "accuracy_test_init": 0.875, "alignment_train_init": 0.23635558784008026, "accuracy_train_final": 1.0, "accuracy_test_final": 1.0, "alignment_train_epochs": [0.2158508151769638, 0.2033451348543167, 0.22363215684890747, 0.2180677205324173, 0.22208842635154724], "circuit_executions": 8000, "train_index": [0, 1, 2, 3, 4, 5, 6, 8, 9, 11, 12, 13, 15, 16, 17, 19, 21, 23, 24, 25, 26, 27, 29, 30, 31, 32, 33, 34, 35, 36, 37, 39], "test_index": [7, 10, 14, 18, 20, 22, 28, 38]}], "timestamp": 1739027982, "checkpoint_dir_name": null, "done": false, "training_iteration": 1, "trial_id": "4ee51_00007", "date": "2025-02-08_16-19-42", "time_this_iter_s": 1228.139867067337, "time_total_s": 1228.139867067337, "pid": 342233, "hostname": "digvijay-system", "node_ip": "192.168.0.125", "config": {"name": "double_cake", "file": null, "n_samples": 40, "noise": 0.5, "num_sectors": 2, "points_per_sector": 10, "grid_size": 4, "sampling_radius": 0.1, "training_size": 0.5, "testing_size": 0.5, "validation_size": 0.0, "device": "lightning.qubit", "n_qubits": 5, "trainable": true, "input_scaling": true, "data_reuploading": true, "ansatz": "he", "ansatz_layers": 5, "optimizer": "gd", "lr": 0.1, "mclr": 0.01, "cclr": 0.01, "epochs": 500, "train_method": "ccka", "target_accuracy": 0.95, "get_alignment_every": 100, "validate_every_epoch": 1, "base_path": "results/", "lambda_kao": 0.01, "lambda_co": 0.01, "clusters": 8, "ray_logging_path": "logs/checkerboard"}, "time_since_restore": 1228.139867067337, "iterations_since_restore": 1}
