{"num_layers": 5, "accuracy_train_init": 0.8333333333333334, "accuracy_test_init": 0.6, "alignment_train_init": 0.13618053495883942, "accuracy_train_final": 0.9, "accuracy_test_final": 0.5333333333333333, "alignment_train_epochs": [0.13535504043102264, 0.1364436000585556, 0.13602599501609802, 0.13599175214767456, 0.136316180229187, 0.1367848515510559, 0.1378055065870285, 0.1382390409708023, 0.1391148865222931, 0.14110906422138214, 0.1410631537437439, 0.14129085838794708, 0.14262519776821136, 0.14455236494541168, 0.1469319611787796, 0.1477053016424179, 0.1492469608783722, 0.1488407552242279, 0.15151193737983704, 0.15103760361671448, 0.15127117931842804, 0.15311552584171295, 0.15270648896694183, 0.15353941917419434, 0.15363137423992157, 0.15350930392742157, 0.156478151679039, 0.1555510014295578, 0.15526024997234344, 0.15522433817386627, 0.1556781381368637, 0.15715175867080688, 0.15788042545318604, 0.15735290944576263, 0.15716353058815002, 0.15672634541988373, 0.15612304210662842, 0.15575137734413147, 0.15732336044311523, 0.15748941898345947, 0.15907610952854156, 0.15864303708076477, 0.1592845320701599, 0.15937408804893494, 0.159765362739563, 0.158852681517601, 0.1596168577671051, 0.16006655991077423, 0.15969283878803253, 0.16022510826587677, 0.1613960862159729, 0.15979857742786407, 0.1597103327512741, 0.15979306399822235, 0.15975573658943176, 0.16137255728244781, 0.160866379737854, 0.15972107648849487, 0.1631547063589096, 0.16399258375167847, 0.16352501511573792, 0.1618860512971878, 0.1645565629005432, 0.16511918604373932, 0.16677337884902954, 0.16703569889068604, 0.16712087392807007, 0.16774579882621765, 0.16860173642635345, 0.16968826949596405, 0.16945719718933105, 0.17012515664100647, 0.1713840216398239, 0.17090275883674622, 0.17193077504634857, 0.17183834314346313, 0.17263728380203247, 0.17509432137012482, 0.17623962461948395, 0.17658890783786774, 0.17692658305168152, 0.1785593032836914, 0.17828060686588287, 0.1800205260515213, 0.17979511618614197, 0.18066810071468353, 0.1789957880973816, 0.1798684149980545, 0.18084487318992615, 0.1830783188343048, 0.18403005599975586, 0.18443018198013306, 0.18578992784023285, 0.18681015074253082, 0.18744008243083954, 0.18887540698051453, 0.1892741173505783, 0.18881890177726746, 0.18936125934123993, 0.18977771699428558, 0.19081595540046692, 0.19209833443164825, 0.19152028858661652, 0.19192048907279968, 0.19282785058021545, 0.19373635947704315, 0.19374464452266693, 0.19435453414916992, 0.19426605105400085, 0.19529174268245697, 0.19510069489479065, 0.19504135847091675, 0.19528116285800934, 0.1962168961763382, 0.1968616396188736, 0.19747893512248993, 0.19859443604946136, 0.19859816133975983, 0.1981251984834671, 0.19844774901866913, 0.19767682254314423, 0.19790378212928772, 0.19821599125862122, 0.1985280066728592, 0.19958198070526123, 0.1998850405216217, 0.20011723041534424, 0.2001316100358963, 0.20037733018398285, 0.20063172280788422, 0.2004602551460266, 0.20025040209293365, 0.19996726512908936, 0.20007668435573578, 0.2001546025276184, 0.20112770795822144, 0.20178988575935364, 0.20194022357463837, 0.20180241763591766, 0.2017434984445572, 0.20125728845596313, 0.20129843056201935, 0.20100806653499603, 0.20105299353599548, 0.20149220526218414, 0.20093244314193726, 0.20090985298156738, 0.2003166377544403, 0.2010290026664734, 0.2013164758682251, 0.20202717185020447, 0.20311719179153442, 0.20410163700580597, 0.20444168150424957, 0.20469842851161957, 0.20469576120376587, 0.20488868653774261, 0.20502686500549316, 0.20573696494102478, 0.2060256153345108, 0.20624768733978271, 0.20573019981384277, 0.2056712657213211, 0.20597554743289948, 0.20648930966854095, 0.2066982090473175, 0.2068607211112976, 0.20777761936187744, 0.20831288397312164, 0.20861095190048218, 0.2086428850889206, 0.20889657735824585, 0.2087666094303131, 0.20883411169052124, 0.20961837470531464, 0.20976008474826813, 0.21007835865020752, 0.21054428815841675, 0.2106904834508896, 0.2113008052110672, 0.21150441467761993, 0.21165454387664795, 0.21191394329071045, 0.21246466040611267, 0.21243496239185333, 0.2125236988067627, 0.2132408618927002, 0.21356044709682465, 0.2139316350221634, 0.21381770074367523, 0.21346904337406158, 0.21360047161579132, 0.21310752630233765, 0.21348778903484344, 0.2134101390838623, 0.2137557417154312, 0.21458327770233154, 0.21477948129177094, 0.2149316519498825, 0.21490013599395752, 0.21461132168769836, 0.21455270051956177, 0.21528756618499756, 0.21542483568191528, 0.21571573615074158, 0.21599674224853516, 0.2163916975259781, 0.21686214208602905, 0.21668288111686707, 0.21668840944766998, 0.21672563254833221, 0.21688345074653625, 0.21711945533752441, 0.21715007722377777, 0.21750272810459137, 0.2175176441669464, 0.21779628098011017, 0.21783031523227692, 0.21803174912929535, 0.21833769977092743, 0.21845099329948425, 0.21860423684120178, 0.2185852825641632, 0.21881680190563202, 0.21929629147052765, 0.2192603051662445, 0.2195577323436737, 0.21995775401592255, 0.22010649740695953, 0.22025486826896667, 0.2202966809272766, 0.2203260064125061, 0.2204703837633133, 0.22029735147953033, 0.2208644151687622, 0.2208763211965561, 0.2210039347410202, 0.22116009891033173, 0.22102929651737213, 0.22111323475837708, 0.221145361661911, 0.22108551859855652, 0.22107939422130585, 0.22129496932029724, 0.2216852307319641, 0.22175458073616028, 0.22182568907737732, 0.22206933796405792, 0.22206154465675354, 0.2220129519701004, 0.22246363759040833, 0.22250816226005554, 0.22238709032535553, 0.22252187132835388, 0.2227398157119751, 0.22278955578804016, 0.22309428453445435, 0.223130464553833, 0.22305892407894135, 0.2230907529592514, 0.223054438829422, 0.2231951206922531, 0.22327761352062225, 0.22320029139518738, 0.2234119176864624, 0.2233697772026062, 0.2231716811656952, 0.22319714725017548, 0.22336521744728088, 0.22334563732147217, 0.22356559336185455, 0.2237134873867035, 0.2235344499349594, 0.22353951632976532, 0.22394326329231262, 0.22378070652484894, 0.2236253172159195, 0.22378116846084595, 0.22358860075473785, 0.22354093194007874, 0.22353015840053558, 0.22349688410758972, 0.2235078513622284, 0.22409385442733765, 0.22440949082374573, 0.2245330661535263, 0.22460466623306274, 0.22458401322364807, 0.22434934973716736, 0.22429883480072021, 0.22467872500419617, 0.22477145493030548, 0.22488482296466827, 0.22493289411067963, 0.2249704897403717, 0.22484523057937622, 0.22469279170036316, 0.22508929669857025, 0.2251051366329193, 0.22511428594589233, 0.22517073154449463, 0.22519786655902863, 0.2255280613899231, 0.2256290316581726, 0.22568023204803467, 0.2257574498653412, 0.22586455941200256, 0.2260083109140396, 0.22607070207595825, 0.22604112327098846, 0.22608940303325653, 0.22603096067905426, 0.22605520486831665, 0.2259969860315323, 0.22617371380329132, 0.22625377774238586, 0.22630642354488373, 0.22639203071594238, 0.22652080655097961, 0.2265191674232483, 0.2265874743461609, 0.22653037309646606, 0.22645416855812073, 0.22641728818416595, 0.2264707237482071, 0.22652330994606018, 0.22644847631454468, 0.22632302343845367, 0.22640173137187958, 0.22609007358551025, 0.22589841485023499, 0.22597156465053558, 0.22635604441165924, 0.22618435323238373, 0.22634749114513397, 0.2262350469827652, 0.2263784408569336, 0.2262507975101471, 0.22635267674922943, 0.22663988173007965, 0.22672192752361298, 0.22662493586540222, 0.22645869851112366, 0.2263731062412262, 0.22618350386619568, 0.2262204885482788, 0.22628730535507202, 0.22645092010498047, 0.22677385807037354, 0.22671566903591156, 0.22687675058841705, 0.226893350481987, 0.22706164419651031, 0.22715318202972412, 0.22718916833400726, 0.22727370262145996, 0.22722503542900085, 0.22720731794834137, 0.22736799716949463, 0.22744792699813843, 0.22737959027290344, 0.22739939391613007, 0.22738027572631836, 0.2273949682712555, 0.22725775837898254, 0.22717079520225525, 0.2270423322916031, 0.2271980345249176, 0.22728855907917023, 0.22744281589984894, 0.22752007842063904, 0.22761783003807068, 0.22753098607063293, 0.22765661776065826, 0.22759883105754852, 