{"kfold_1": [{"num_layers": 5, "accuracy_train_init": 0.9583333333333334, "accuracy_test_init": 1.0, "alignment_train_init": 0.17349262535572052, "accuracy_train_final": 1.0, "accuracy_test_final": 0.8333333333333334, "alignment_train_epochs": [0.20083042979240417, 0.1854255050420761, 0.18545527756214142, 0.1589939445257187, 0.12680356204509735], "circuit_executions": 6000, "train_index": [1, 2, 3, 4, 6, 7, 8, 9, 10, 11, 14, 15, 16, 17, 18, 19, 20, 21, 22, 23, 24, 25, 26, 27, 28, 29, 30, 31, 32, 34, 35, 37, 38, 39, 40, 41, 42, 43, 44, 47, 49, 51, 52, 53, 55, 56, 58, 59], "test_index": [0, 5, 12, 13, 33, 36, 45, 46, 48, 50, 54, 57]}], "kfold_2": [{"num_layers": 5, "accuracy_train_init": 0.9791666666666666, "accuracy_test_init": 0.75, "alignment_train_init": 0.17908430099487305, "accuracy_train_final": 1.0, "accuracy_test_final": 0.8333333333333334, "alignment_train_epochs": [0.22997011244297028, 0.21673822402954102, 0.2091401219367981, 0.16825515031814575, 0.14393821358680725], "circuit_executions": 6000, "train_index": [0, 1, 2, 5, 7, 9, 10, 11, 12, 13, 14, 15, 16, 18, 20, 21, 22, 23, 24, 25, 26, 27, 28, 29, 30, 32, 33, 35, 36, 37, 38, 39, 41, 42, 44, 45, 46, 47, 48, 49, 50, 51, 53, 54, 55, 56, 57, 59], "test_index": [3, 4, 6, 8, 17, 19, 31, 34, 40, 43, 52, 58]}], "kfold_3": [{"num_layers": 5, "accuracy_train_init": 0.9375, "accuracy_test_init": 0.9166666666666666, "alignment_train_init": 0.17807066440582275, "accuracy_train_final": 0.875, "accuracy_test_final": 0.6666666666666666, "alignment_train_epochs": [0.1649475395679474, 0.11744854599237442, 0.09816990792751312, 0.08478819578886032, 0.07421322911977768], "circuit_executions": 6000, "train_index": [0, 1, 2, 3, 4, 5, 6, 7, 8, 10, 12, 13, 14, 17, 18, 19, 20, 21, 22, 23, 28, 29, 31, 33, 34, 35, 36, 37, 38, 39, 40, 41, 42, 43, 44, 45, 46, 47, 48, 49, 50, 51, 52, 53, 54, 57, 58, 59], "test_index": [9, 11, 15, 16, 24, 25, 26, 27, 30, 32, 55, 56]}], "kfold_4": [{"num_layers": 5, "accuracy_train_init": 0.9375, "accuracy_test_init": 0.6666666666666666, "alignment_train_init": 0.1878042221069336, "accuracy_train_final": 1.0, "accuracy_test_final": 0.9166666666666666, "alignment_train_epochs": [0.2288728803396225, 0.21528445184230804, 0.20923708379268646, 0.20851001143455505, 0.17269964516162872], "circuit_executions": 6000, "train_index": [0, 3, 4, 5, 6, 7, 8, 9, 10, 11, 12, 13, 14, 15, 16, 17, 18, 19, 20, 22, 24, 25, 26, 27, 28, 30, 31, 32, 33, 34, 36, 38, 40, 42, 43, 45, 46, 48, 49, 50, 51, 52, 54, 55, 56, 57, 58, 59], "test_index": [1, 2, 21, 23, 29, 35, 37, 39, 41, 44, 47, 53]}], "kfold_5": [{"num_layers": 5, "accuracy_train_init": 0.9791666666666666, "accuracy_test_init": 0.8333333333333334, "alignment_train_init": 0.18503861129283905, "accuracy_train_final": 1.0, "accuracy_test_final": 1.0, "alignment_train_epochs": [0.23416264355182648, 0.2136349380016327, 0.22784145176410675, 0.201368510723114, 0.1536756008863449], "circuit_executions": 6000, "train_index": [0, 1, 2, 3, 4, 5, 6, 8, 9, 11, 12, 13, 15, 16, 17, 19, 21, 23, 24, 25, 26, 27, 29, 30, 31, 32, 33, 34, 35, 36, 37, 39, 40, 41, 43, 44, 45, 46, 47, 48, 50, 52, 53, 54, 55, 56, 57, 58], "test_index": [7, 10, 14, 18, 20, 22, 28, 38, 42, 49, 51, 59]}], "timestamp": 1738749543, "checkpoint_dir_name": null, "done": false, "training_iteration": 1, "trial_id": "bafad_00004", "date": "2025-02-05_10-59-03", "time_this_iter_s": 1598.0274205207825, "time_total_s": 1598.0274205207825, "pid": 211868, "hostname": "digvijay-system", "node_ip": "192.168.0.125", "config": {"name": "checkerboard", "file": "/home/digvijay/Developer/greedy_kernel_alignment/data/checkerboard_dataset.npy", "n_samples": 200, "noise": 0.5, "num_sectors": 3, "points_per_sector": 15, "grid_size": 4, "sampling_radius": 0.1, "training_size": 0.5, "testing_size": 0.5, "validation_size": 0.0, "device": "lightning.qubit", "n_qubits": 5, "trainable": true, "input_scaling": true, "data_reuploading": true, "ansatz": "embedding_paper", "ansatz_layers": 5, "optimizer": "gd", "lr": 0.1, "mclr": 0.01, "cclr": 0.01, "epochs": 500, "train_method": "ccka", "target_accuracy": 0.95, "get_alignment_every": 100, "validate_every_epoch": 1, "base_path": "results/", "lambda_kao": 0.01, "lambda_co": 0.01, "clusters": 6, "ray_logging_path": "logs/checkerboard"}, "time_since_restore": 1598.0274205207825, "iterations_since_restore": 1}
