{"kfold_1": [{"num_layers": 5, "accuracy_train_init": 1.0, "accuracy_test_init": 1.0, "alignment_train_init": 0.20132379233837128, "accuracy_train_final": 0.96875, "accuracy_test_final": 0.75, "alignment_train_epochs": [0.22426065802574158, 0.23139727115631104, 0.21410109102725983, 0.19406507909297943, 0.19279645383358002], "circuit_executions": 2000, "train_index": [0, 1, 2, 3, 5, 6, 7, 8, 9, 10, 11, 13, 14, 17, 18, 20, 21, 22, 23, 24, 25, 28, 29, 30, 31, 32, 33, 34, 35, 36, 38, 39], "test_index": [4, 12, 15, 16, 19, 26, 27, 37]}], "kfold_2": [{"num_layers": 5, "accuracy_train_init": 1.0, "accuracy_test_init": 0.75, "alignment_train_init": 0.24666081368923187, "accuracy_train_final": 0.96875, "accuracy_test_final": 0.5, "alignment_train_epochs": [0.26268696784973145, 0.2336549609899521, 0.19267341494560242, 0.15374524891376495, 0.1454484611749649], "circuit_executions": 2000, "train_index": [0, 1, 2, 3, 4, 5, 7, 10, 11, 12, 14, 15, 16, 17, 18, 19, 20, 21, 22, 23, 24, 26, 27, 28, 29, 30, 32, 33, 35, 36, 37, 38], "test_index": [6, 8, 9, 13, 25, 31, 34, 39]}], "kfold_3": [{"num_layers": 5, "accuracy_train_init": 0.96875, "accuracy_test_init": 1.0, "alignment_train_init": 0.22911827266216278, "accuracy_train_final": 0.9375, "accuracy_test_final": 0.875, "alignment_train_epochs": [0.2251882553100586, 0.21046872437000275, 0.18126186728477478, 0.17076566815376282, 0.18077701330184937], "circuit_executions": 2000, "train_index": [2, 3, 4, 6, 7, 8, 9, 10, 12, 13, 14, 15, 16, 18, 19, 20, 21, 22, 23, 25, 26, 27, 28, 30, 31, 32, 34, 35, 36, 37, 38, 39], "test_index": [0, 1, 5, 11, 17, 24, 29, 33]}], "kfold_4": [{"num_layers": 5, "accuracy_train_init": 0.96875, "accuracy_test_init": 0.75, "alignment_train_init": 0.2276451587677002, "accuracy_train_final": 1.0, "accuracy_test_final": 0.875, "alignment_train_epochs": [0.21715772151947021, 0.23353327810764313, 0.2309557944536209, 0.2127676010131836, 0.19932404160499573], "circuit_executions": 2000, "train_index": [0, 1, 4, 5, 6, 7, 8, 9, 10, 11, 12, 13, 14, 15, 16, 17, 18, 19, 20, 22, 24, 25, 26, 27, 28, 29, 31, 33, 34, 37, 38, 39], "test_index": [2, 3, 21, 23, 30, 32, 35, 36]}], "kfold_5": [{"num_layers": 5, "accuracy_train_init": 1.0, "accuracy_test_init": 0.75, "alignment_train_init": 0.2336280792951584, "accuracy_train_final": 1.0, "accuracy_test_final": 0.625, "alignment_train_epochs": [0.19899819791316986, 0.20792369544506073, 0.1901310533285141, 0.1935001164674759, 0.1868073046207428], "circuit_executions": 2000, "train_index": [0, 1, 2, 3, 4, 5, 6, 8, 9, 11, 12, 13, 15, 16, 17, 19, 21, 23, 24, 25, 26, 27, 29, 30, 31, 32, 33, 34, 35, 36, 37, 39], "test_index": [7, 10, 14, 18, 20, 22, 28, 38]}], "timestamp": 1739024836, "checkpoint_dir_name": null, "done": false, "training_iteration": 1, "trial_id": "4ee51_00000", "date": "2025-02-08_15-27-16", "time_this_iter_s": 637.5748476982117, "time_total_s": 637.5748476982117, "pid": 341057, "hostname": "digvijay-system", "node_ip": "192.168.0.125", "config": {"name": "double_cake", "file": null, "n_samples": 40, "noise": 0.5, "num_sectors": 2, "points_per_sector": 10, "grid_size": 4, "sampling_radius": 0.1, "training_size": 0.5, "testing_size": 0.5, "validation_size": 0.0, "device": "lightning.qubit", "n_qubits": 5, "trainable": true, "input_scaling": true, "data_reuploading": true, "ansatz": "embedding_paper", "ansatz_layers": 5, "optimizer": "gd", "lr": 0.1, "mclr": 0.01, "cclr": 0.01, "epochs": 500, "train_method": "ccka", "target_accuracy": 0.95, "get_alignment_every": 100, "validate_every_epoch": 1, "base_path": "results/", "lambda_kao": 0.01, "lambda_co": 0.01, "clusters": 2, "ray_logging_path": "logs/checkerboard"}, "time_since_restore": 637.5748476982117, "iterations_since_restore": 1}
