{"kfold_1": [{"num_layers": 5, "accuracy_train_init": 0.975, "accuracy_test_init": 0.6, "alignment_train_init": 0.16388651728630066, "accuracy_train_final": 0.925, "accuracy_test_final": 0.7, "alignment_train_epochs": [0.1473655253648758, 0.13993589580059052, 0.15073642134666443, 0.15503685176372528, 0.16142897307872772], "circuit_executions": 6000, "train_index": [0, 1, 2, 3, 4, 5, 6, 7, 8, 9, 10, 11, 12, 14, 15, 16, 18, 20, 21, 22, 23, 24, 27, 28, 29, 31, 33, 34, 35, 36, 37, 38, 40, 41, 42, 43, 44, 46, 47, 49], "test_index": [13, 17, 19, 25, 26, 30, 32, 39, 45, 48]}], "kfold_2": [{"num_layers": 5, "accuracy_train_init": 0.85, "accuracy_test_init": 0.9, "alignment_train_init": 0.11926664412021637, "accuracy_train_final": 0.875, "accuracy_test_final": 0.9, "alignment_train_epochs": [0.12361706048250198, 0.12985685467720032, 0.13421769440174103, 0.13411594927310944, 0.12734821438789368], "circuit_executions": 6000, "train_index": [0, 1, 2, 5, 7, 9, 10, 11, 13, 14, 16, 17, 18, 19, 20, 21, 22, 23, 24, 25, 26, 27, 28, 29, 30, 31, 32, 33, 34, 35, 36, 38, 39, 40, 42, 43, 44, 45, 48, 49], "test_index": [3, 4, 6, 8, 12, 15, 37, 41, 46, 47]}], "kfold_3": [{"num_layers": 5, "accuracy_train_init": 0.975, "accuracy_test_init": 0.2, "alignment_train_init": 0.18649926781654358, "accuracy_train_final": 0.95, "accuracy_test_final": 0.3, "alignment_train_epochs": [0.18954308331012726, 0.17518144845962524, 0.1796603947877884, 0.18164122104644775, 0.18108662962913513], "circuit_executions": 6000, "train_index": [1, 2, 3, 4, 6, 7, 8, 10, 11, 12, 13, 14, 15, 17, 18, 19, 20, 21, 22, 23, 25, 26, 28, 29, 30, 32, 35, 36, 37, 38, 39, 40, 41, 42, 43, 45, 46, 47, 48, 49], "test_index": [0, 5, 9, 16, 24, 27, 31, 33, 34, 44]}], "kfold_4": [{"num_layers": 5, "accuracy_train_init": 0.875, "accuracy_test_init": 0.8, "alignment_train_init": 0.12234538793563843, "accuracy_train_final": 0.875, "accuracy_test_final": 0.8, "alignment_train_epochs": [0.11808650940656662, 0.12127183377742767, 0.1325698047876358, 0.13340818881988525, 0.13104793429374695], "circuit_executions": 6000, "train_index": [0, 3, 4, 5, 6, 7, 8, 9, 10, 12, 13, 14, 15, 16, 17, 18, 19, 20, 22, 24, 25, 26, 27, 28, 30, 31, 32, 33, 34, 37, 38, 39, 41, 42, 44, 45, 46, 47, 48, 49], "test_index": [1, 2, 11, 21, 23, 29, 35, 36, 40, 43]}], "kfold_5": [{"num_layers": 5, "accuracy_train_init": 0.9, "accuracy_test_init": 0.7, "alignment_train_init": 0.1341996043920517, "accuracy_train_final": 0.9, "accuracy_test_final": 0.7, "alignment_train_epochs": [0.13046252727508545, 0.13087694346904755, 0.12511177361011505, 0.1320982724428177, 0.13624532520771027], "circuit_executions": 6000, "train_index": [0, 1, 2, 3, 4, 5, 6, 8, 9, 11, 12, 13, 15, 16, 17, 19, 21, 23, 24, 25, 26, 27, 29, 30, 31, 32, 33, 34, 35, 36, 37, 39, 40, 41, 43, 44, 45, 46, 47, 48], "test_index": [7, 10, 14, 18, 20, 22, 28, 38, 42, 49]}], "timestamp": 1739312576, "checkpoint_dir_name": null, "done": false, "training_iteration": 1, "trial_id": "9cfa1_00005", "date": "2025-02-11_23-22-56", "time_this_iter_s": 1196.1441729068756, "time_total_s": 1196.1441729068756, "pid": 405762, "hostname": "digvijay-system", "node_ip": "192.168.0.125", "config": {"name": "moons", "file": null, "n_samples": 50, "noise": 0.5, "num_sectors": 3, "points_per_sector": 15, "grid_size": 4, "sampling_radius": 0.1, "training_size": 0.5, "testing_size": 0.5, "validation_size": 0.0, "device": "lightning.qubit", "n_qubits": 5, "trainable": true, "input_scaling": true, "data_reuploading": true, "ansatz": "he", "ansatz_layers": 5, "optimizer": "gd", "lr": 0.1, "mclr": 0.01, "cclr": 0.01, "epochs": 500, "train_method": "ccka", "target_accuracy": 0.95, "get_alignment_every": 100, "validate_every_epoch": 1, "base_path": "results/", "lambda_kao": 0.01, "lambda_co": 0.01, "clusters": 6, "ray_logging_path": "logs/checkerboard"}, "time_since_restore": 1196.1441729068756, "iterations_since_restore": 1}
